-- phpMyAdmin SQL Dump
-- version 4.8.0.1
-- https://www.phpmyadmin.net/
--
-- Host: 127.0.0.1
-- Generation Time: Jul 02, 2018 at 05:29 AM
-- Server version: 10.1.32-MariaDB
-- PHP Version: 7.2.5

SET SQL_MODE = "NO_AUTO_VALUE_ON_ZERO";
SET AUTOCOMMIT = 0;
START TRANSACTION;
SET time_zone = "+00:00";


/*!40101 SET @OLD_CHARACTER_SET_CLIENT=@@CHARACTER_SET_CLIENT */;
/*!40101 SET @OLD_CHARACTER_SET_RESULTS=@@CHARACTER_SET_RESULTS */;
/*!40101 SET @OLD_COLLATION_CONNECTION=@@COLLATION_CONNECTION */;
/*!40101 SET NAMES utf8mb4 */;

--
-- Database: `ceo_training_demo`
--

-- --------------------------------------------------------

--
-- Table structure for table `actionlogs`
--

CREATE TABLE `actionlogs` (
  `ActionLogId` int(11) NOT NULL,
  `ItemId` int(11) NOT NULL,
  `ItemTypeId` tinyint(4) NOT NULL,
  `ActionTypeId` tinyint(4) NOT NULL,
  `Comment` varchar(650) NOT NULL,
  `CrUserId` int(11) NOT NULL,
  `CrDateTime` datetime NOT NULL
) ENGINE=InnoDB DEFAULT CHARSET=utf8;

-- --------------------------------------------------------

--
-- Table structure for table `actions`
--

CREATE TABLE `actions` (
  `ActionId` smallint(6) NOT NULL,
  `ActionName` varchar(250) NOT NULL,
  `ActionUrl` varchar(250) NOT NULL,
  `ParentActionId` smallint(6) DEFAULT NULL,
  `StatusId` tinyint(4) NOT NULL,
  `DisplayOrder` smallint(6) NOT NULL,
  `FontAwesome` varchar(20) DEFAULT NULL,
  `ActionLevel` tinyint(4) NOT NULL
) ENGINE=InnoDB DEFAULT CHARSET=utf8;

--
-- Dumping data for table `actions`
--

INSERT INTO `actions` (`ActionId`, `ActionName`, `ActionUrl`, `ParentActionId`, `StatusId`, `DisplayOrder`, `FontAwesome`, `ActionLevel`) VALUES
(1, 'Quản lý bán hàng', '', 0, 2, 1, 'fa-shopping-cart', 1),
(2, 'Đơn hàng Khách lẻ', 'order', 1, 2, 1, '', 2),
(3, 'Cấu hình bán hàng', '', 1, 2, 11, '', 2),
(4, 'Bảo hành - Đổi trả', '', 1, 2, 7, '', 2),
(5, 'Cấu hình Bảo hành - Đổi trả', '', 1, 2, 12, '', 2),
(6, 'Mã khuyến mại', 'promotion', 1, 2, 10, '', 2),
(7, 'Bảo hành - Đổi trả', 'guarantee', 4, 2, 1, '', 3),
(8, 'Hình thức/ tình trạng sử dụng', 'usagestatus', 5, 2, 3, '', 3),
(9, 'Phương thức nhận hàng', 'receipttype', 5, 2, 1, '', 3),
(10, 'Phương thức thanh toán', 'paymenttype', 5, 2, 2, '', 3),
(11, 'Cấu hình', '', 22, 2, 9, '', 2),
(22, 'Quản lý vận chuyển', 'transport', 0, 2, 2, 'fa-car', 1),
(23, 'Tổng quan', 'transport/dashboard', 22, 2, 4, 'fa-car', 2),
(24, 'Giao hàng', 'transport', 22, 2, 1, '', 2),
(25, 'Cập nhật mã đơn vận', '', 22, 0, 6, '', 2),
(26, 'Cập nhật phí ship', '', 22, 0, 7, '', 2),
(27, 'Nhà vận chuyển', 'transporter', 22, 2, 8, '', 2),
(28, 'Quản lý khách hàng', '', 0, 2, 4, 'fa-male', 1),
(29, 'Danh sách khách lẻ', 'customer/1', 30, 2, 0, '', 3),
(30, 'Danh sách khách hàng', 'customer', 28, 2, 1, '', 2),
(31, 'Nhóm khách hàng', 'customergroup', 28, 2, 2, '', 2),
(32, 'Chăm sóc khách hàng', '', 28, 0, 4, '', 2),
(33, 'Khách hàng vừa nhận hàng', '', 32, 0, 1, '', 3),
(34, 'Khách hàng xử lý bảo hành', '', 32, 0, 2, '', 3),
(35, 'Khách hàng khiếu nại/Không hài lòng', '', 32, 0, 3, '', 3),
(36, 'Chăm sóc định kì', '', 32, 0, 4, '', 3),
(37, 'Tư vấn lại', '', 28, 0, 6, '', 2),
(38, 'Khách chờ hàng về', '', 37, 0, 1, '', 3),
(39, 'Khách đặt lịch mua', '', 37, 0, 2, '', 3),
(40, 'Khách có nhu cầu', 'customerconsult', 28, 2, 5, '', 2),
(41, 'Đơn hàng dang dở', '', 37, 0, 9, '', 3),
(42, 'Quản lý hàng hóa', '', 0, 2, 5, 'fa-product-hunt', 1),
(43, 'Sản phẩm', '', 42, 2, 1, '', 2),
(44, 'Danh sách sản phẩm', 'product', 43, 2, 1, '', 3),
(45, 'Mảng kinh doanh', 'producttype', 43, 2, 2, '', 3),
(46, 'Nhóm sản phẩm', 'category/1', 43, 2, 5, '', 3),
(47, 'Kho', '', 42, 2, 2, '', 2),
(48, 'Nhập kho', 'import', 47, 2, 2, '', 3),
(49, 'Xuất kho', '', 47, 0, 4, '', 3),
(50, 'Tồn kho', 'product/quantity', 47, 2, 5, '', 3),
(51, 'Lưu chuyển kho', 'storecirculation', 47, 2, 14, '', 3),
(52, 'Quản lý nhập hàng', '', 42, 2, 3, '', 2),
(53, 'Hàng đang đặt', '', 52, 2, 2, '', 3),
(54, 'Nhà cung cấp', '', 42, 2, 4, '', 2),
(55, 'Danh sách nhà cung cấp', 'supplier', 54, 2, 1, '', 3),
(56, 'Cổ đông', 'contributor', 42, 2, 5, '', 2),
(57, 'Công nợ', '', 54, 2, 5, '', 3),
(58, 'Tài chính', '', 0, 2, 7, 'fa-money', 1),
(59, 'Tổng quan', '', 58, 2, 4, '', 2),
(60, 'Quản lý sổ quỹ', '', 58, 0, 5, '', 2),
(61, 'Quản lý hóa đơn', '', 60, 0, 1, '', 3),
(62, 'Quản lý công nợ', '', 58, 2, 6, '', 2),
(63, 'Công nợ nhà cung cấp', '', 62, 0, 1, '', 3),
(64, 'Công nợ khách hàng', '', 62, 0, 2, '', 3),
(65, 'Công nợ khách buôn', '', 62, 0, 3, '', 3),
(66, 'Công nợ CTV', '', 62, 0, 4, '', 3),
(67, 'Công nợ VC', '', 62, 0, 5, '', 3),
(68, 'Công nợ bưu điện', '', 62, 0, 6, '', 3),
(69, 'Web', '', 0, 2, 8, 'fa-wikipedia-w', 1),
(70, 'Quản lý comment trên web', 'comment', 69, 2, 1, '', 2),
(71, 'Giao diện', '', 69, 0, 3, '', 2),
(72, 'Menu', '', 69, 2, 4, '', 2),
(73, 'Quản lý page', '', 0, 2, 9, 'fa-facebook', 1),
(74, 'Comment và inbox', '', 73, 2, 1, '', 2),
(75, 'Cấu hình', '', 73, 2, 2, '', 2),
(76, 'Tổng quan', '', 73, 2, 3, '', 2),
(77, 'Báo cáo', '', 0, 2, 10, 'fa-file-excel-o', 1),
(78, 'Báo cáo bán hàng', '', 77, 2, 1, '', 2),
(79, 'Báo cáo hàng hóa', 'product/price', 77, 2, 2, '', 2),
(80, 'Báo cáo nhân viên', '', 77, 0, 4, '', 2),
(81, 'Báo cáo tài chính', '', 77, 2, 5, '', 2),
(82, 'Báo cáo hóa đơn-chứng từ', '', 77, 0, 6, '', 2),
(83, 'Làm việc chung', '', 0, 0, 11, 'fa-users', 1),
(84, 'Chấm công', '', 83, 0, 1, '', 2),
(85, 'Đăng ký lịch', '', 83, 0, 2, '', 2),
(86, 'Nhiệm vụ', '', 83, 0, 3, '', 2),
(87, 'Thưởng/Phạt', '', 83, 0, 4, '', 2),
(88, 'Lương thưởng', '', 83, 0, 5, '', 2),
(89, 'Xử lý kỹ thuật', '', 0, 0, 12, 'fa-wrench', 1),
(90, 'Tư vấn KH', '', 89, 0, 1, '', 2),
(91, 'Xử lý bảo hành', '', 89, 0, 2, '', 2),
(92, 'Quản lý bài viết', '', 0, 2, 13, 'fa-file-text-o', 1),
(93, 'Danh sách bài viết', 'article/1', 92, 2, 1, '', 2),
(94, 'Bài viết up facebook', '', 92, 0, 5, '', 2),
(95, 'Bài viết Review', '', 92, 0, 6, '', 2),
(96, 'Quản lý cấu hình', '', 0, 2, 14, 'fa-cog', 1),
(97, 'Tài khoản nhân viên', 'user/staff', 105, 2, 1, '', 3),
(98, 'Phân nhóm quyền', 'groupaction', 105, 2, 5, '', 3),
(99, 'Quản lý file trên host', '', 96, 0, 10, '', 2),
(100, 'Danh sách cơ sở', 'store', 96, 2, 12, '', 2),
(101, 'Cài đặt bản in', '', 96, 0, 13, '', 2),
(102, 'Mẫu in đơn bán hàng', '', 101, 0, 1, '', 3),
(103, 'Mẫu phiếu xuất kho', '', 101, 0, 2, '', 3),
(104, 'Mẫu phiếu nhập kho', '', 101, 0, 3, '', 3),
(105, 'Quản lý nhân viên', '', 96, 2, 4, 'fa-user', 2),
(106, 'Danh sách phòng ban', 'part', 105, 2, 2, '', 3),
(107, 'Danh sách chức vụ', 'role', 105, 2, 7, '', 3),
(108, 'Công nợ nhân viên', '', 105, 0, 4, '', 3),
(109, 'Cấu hình lương/Thưởng', '', 96, 0, 15, '', 2),
(110, 'Cấu hình lương', '', 109, 0, 1, '', 3),
(111, 'Cấu hình thưởng', '', 109, 0, 2, '', 3),
(112, 'Cấu hình vận chuyển', '', 96, 0, 16, '', 2),
(113, 'Cấu hình thanh toán', '', 96, 0, 17, '', 2),
(114, 'Loại đơn hàng', 'ordertype', 3, 2, 4, '', 3),
(115, 'Lý do mua hàng', 'orderreason', 3, 2, 3, '', 3),
(116, 'Lý do hủy đơn hàng', 'cancelreason', 3, 2, 2, '', 3),
(117, 'Chuyên mục  bài viết', 'category/4', 69, 2, 5, '', 2),
(118, 'Phiếu thu khách hàng', 'transaction/1', 58, 2, 7, '', 2),
(119, 'Cấu hình tham sô', '', 1, 2, 0, '', 2),
(120, 'Cấu hình', '', 58, 2, 19, '', 2),
(121, 'Lý do thu chi', 'transactionreason', 120, 2, 3, '', 3),
(122, 'Máy nạp tiền', 'moneyphone', 120, 2, 6, '', 3),
(123, 'Loại sản phẩm', 'category/2', 43, 2, 6, '', 3),
(124, 'Hoàn đơn hàng', 'returngood', 47, 2, 15, '', 3),
(125, 'Dịch vụ đơn hàng', 'otherservice', 3, 2, 1, '', 3),
(126, 'Cấu hình cửa hàng', 'config', 96, 2, 1, '', 2),
(127, 'Thuộc tính sản phẩm', 'variant', 43, 2, 8, '', 3),
(128, 'Loại ngân hàng', 'banktype', 120, 2, 7, '', 3),
(129, 'Danh sách trang tĩnh', 'article/2', 92, 2, 2, '', 2),
(130, 'Phiếu chi khách hàng', 'transaction/2', 58, 2, 10, '', 2),
(131, 'Trạng thái chờ xử lý', 'pendingstatus', 3, 2, 5, '', 3),
(132, 'Duyệt cập nhật tồn kho', 'inventory/active', 47, 2, 8, '', 3),
(133, 'Duyệt tài chính bán hàng cấp 1', 'transaction/editLevel_1', 58, 2, 0, '', 2),
(134, 'Duyệt tài chính bán hàng cấp 2', 'transaction/editLevel_2', 58, 2, 0, '', 2),
(135, 'Cấu hình chung', '', 96, 2, 19, '', 2),
(136, 'Danh sách menu', 'action', 135, 2, 1, '', 3),
(137, 'Danh sách Ngân hàng', 'bank', 120, 2, 1, '', 3),
(138, 'Danh sách nhóm quyền lẻ', 'group', 135, 2, 5, '', 3),
(139, 'Cấp quyền cho nhóm quyền lẻ', 'groupaction', 135, 2, 6, '', 3),
(140, 'Dịch vụ đơn hàng', 'ortherservice', 3, 2, 6, '', 3),
(141, 'Slider', 'slider', 69, 2, 6, '', 2),
(142, 'Lý do miễn phí ship', 'transportreason', 11, 2, 1, '', 3),
(143, 'Phương thức vận chuyển', 'transporttype', 11, 2, 2, '', 3),
(144, 'Level (Thâm niên)', 'userlevel', 105, 2, 6, '', 3),
(145, 'Chế độ chăm sóc đặc biệt', 'transportcaretype', 11, 2, 3, '', 3),
(146, 'Hãng sản xuất', 'manufacturer', 43, 2, 7, '', 3),
(147, 'Cập nhật tồn kho', 'inventory', 47, 2, 6, '', 3),
(148, 'Lịch sử thay đổi tồn kho', 'inventory/log', 47, 2, 10, '', 3),
(149, 'Quỹ tài chính', 'fund', 120, 2, 4, '', 3),
(150, 'Loại thu chi kinh doanh', 'transactionkind/1', 120, 2, 8, '', 3),
(151, 'Phiếu thu kinh doanh', 'transactioninternal/1', 58, 2, 12, '', 2),
(152, 'Phiếu chi kinh doanh', 'transactioninternal/2', 58, 2, 15, '', 2),
(153, 'Duyệt tài chính kinh doanh cấp 1', 'transactioninternal/editLevel_1', 58, 2, 0, '', 2),
(154, 'Duyệt tài chính kinh doanh cấp 2', 'transactioninternal/editLevel_2', 58, 2, 0, '', 2),
(155, 'Phiếu in barcode', 'productprint', 52, 2, 1, '', 3),
(156, 'Nhắc nhở', '', 0, 2, 6, 'fa fa-clock-o', 1),
(157, 'Danh sách nhắc nhở', 'remind', 156, 2, 3, '', 2),
(158, 'Phiếu chờ thanh toán', 'remind/2', 156, 2, 1, '', 2),
(159, 'Xem tất cả các cơ sở', 'store/viewAll', 100, 2, 0, '', 3),
(160, 'Xem tất cả đơn hàng', 'order/viewAll', 1, 2, 0, '', 2),
(161, 'Đơn hàng Khách CTV', 'order/3', 1, 2, 5, '', 2),
(162, 'Duyệt nhập kho', 'import/active', 47, 2, 0, '', 3),
(163, 'Nhắc nhở tư vấn lại', 'remind/3', 156, 0, 4, '', 2),
(164, 'Duyệt lưu chuyển kho', 'storecirculation/active', 47, 2, 0, '', 3),
(165, 'Đơn vị sản phẩm', 'productunit', 43, 2, 9, '', 3),
(166, 'Đơn hàng Khách buôn', 'order/2', 1, 2, 4, '', 2),
(167, 'Cấu hình chức năng', 'config/store', 96, 2, 3, '', 2),
(168, 'Loại khuyến mại', 'promotiontype', 135, 0, 12, '', 3),
(169, 'Giao hàng LCK', 'storecirculationtransport', 22, 2, 2, '', 2),
(170, 'Báo cáo doanh thu', 'report/order/1', 78, 2, 1, '', 3),
(171, 'Báo cáo doanh sô', 'report/order/2', 78, 2, 2, '', 3),
(172, 'Sản phẩm bán được', 'report/product', 78, 2, 3, '', 3),
(173, 'Sổ quỹ', 'report/fundBalance', 81, 2, 1, '', 3),
(174, 'Danh sách Khách buôn', 'customer/2', 30, 2, 0, '', 3),
(175, 'Danh sách khách CTV', 'customer/3', 30, 2, 0, '', 3),
(176, 'Xem tất cả Khách hàng', 'customer/viewAll', 30, 2, 0, '', 3),
(177, 'Hướng xử lý Bảo hành đổi trả', 'guaranteesolution', 5, 2, 4, '', 3),
(178, 'Loại thu chi gia đình', 'transactionkind/2', 120, 2, 10, '', 3),
(179, 'Phiều thu gia đình', 'familytransaction/1', 58, 2, 17, '', 2),
(180, 'Phiếu chi gia đình', 'familytransaction/2', 58, 2, 18, '', 2),
(181, 'Duyệt tài chính gia đình cấp 1', 'familytransaction/editLevel_1', 58, 2, 0, '', 2),
(182, 'Duyệt tài chình gia đình cấp 2', 'familytransaction/editLevel_2', 58, 2, 0, '', 2),
(183, 'Thêm sửa xóa bộ lọc', 'filter/update', 135, 2, 7, '', 3),
(184, 'Chat CSKH', 'chatstaff/care', 135, 2, 0, '', 3),
(185, 'Chat kỹ thuật', 'chatstaff/tech', 135, 2, 0, '', 3);

-- --------------------------------------------------------

--
-- Table structure for table `articles`
--

CREATE TABLE `articles` (
  `ArticleId` int(11) NOT NULL,
  `ArticleTitle` varchar(250) COLLATE utf8_unicode_ci NOT NULL,
  `ArticleSlug` varchar(250) COLLATE utf8_unicode_ci NOT NULL,
  `ArticleLead` text COLLATE utf8_unicode_ci NOT NULL,
  `ArticleContent` text COLLATE utf8_unicode_ci NOT NULL,
  `ArticleTypeId` tinyint(4) NOT NULL,
  `ArticleStatusId` tinyint(4) NOT NULL,
  `ArticleImage` varchar(250) COLLATE utf8_unicode_ci NOT NULL,
  `PublishDateTime` datetime NOT NULL,
  `CrUserId` int(11) NOT NULL,
  `CrDateTime` datetime NOT NULL,
  `UpdateUserId` int(11) DEFAULT NULL,
  `UpdateDateTime` datetime DEFAULT NULL
) ENGINE=MyISAM DEFAULT CHARSET=utf8 COLLATE=utf8_unicode_ci;

--
-- Dumping data for table `articles`
--

INSERT INTO `articles` (`ArticleId`, `ArticleTitle`, `ArticleSlug`, `ArticleLead`, `ArticleContent`, `ArticleTypeId`, `ArticleStatusId`, `ArticleImage`, `PublishDateTime`, `CrUserId`, `CrDateTime`, `UpdateUserId`, `UpdateDateTime`) VALUES
(1, 'Quang Tiệp', 'quang-tiep', '<p>x&oacute;a tan mọi nghi ngờ khi đặt h&agrave;ng online... T&ocirc;i rất h&agrave;i l&ograve;ng với c&aacute;ch l&agrave;m việc của RICKY, mong RICKY ng&agrave;y c&agrave;ng ph&aacute;t triển hơn để nhiều người biết đến v&agrave; sử dụng sản phẩm của cửa h&agrave;ng nhiều hơn !</p>', '<p>x&oacute;a tan mọi nghi ngờ khi đặt h&agrave;ng online... T&ocirc;i rất h&agrave;i l&ograve;ng với c&aacute;ch l&agrave;m việc của RICKY, mong RICKY ng&agrave;y c&agrave;ng ph&aacute;t triển hơn để nhiều người biết đến v&agrave; sử dụng sản phẩm của cửa h&agrave;ng nhiều hơn !</p>', 1, 2, '/nguyen_quang_tiep_2_medium-59f6a9aa601b5.jpg', '2017-10-06 20:00:00', 3, '2017-10-06 20:29:51', 3, '2017-10-30 11:25:40'),
(2, 'Hướng dẫn', 'huong-dan', '<p></p>', '<p>Hướng dẫn</p>', 2, 1, '', '2017-10-30 14:15:00', 3, '2017-10-30 14:22:40', 20, '2018-02-08 10:12:46'),
(3, 'Liên hệ', 'lien-he', '<p></p>', '<p><img alt=\"\" src=\"/assets/uploads/images/banner_footerc466-59f6d27b7fb19.jpg\" style=\"width: 100%;\" /></p>', 2, 2, '', '2017-10-30 14:15:00', 3, '2017-10-30 14:23:29', NULL, NULL),
(4, 'wwww', 'wwww', '<p>ư</p>', '<p>sdasdsa</p>', 1, 2, '', '2018-02-08 10:15:00', 20, '2018-02-08 10:22:03', NULL, NULL);

-- --------------------------------------------------------

--
-- Table structure for table `banks`
--

CREATE TABLE `banks` (
  `BankId` smallint(6) NOT NULL,
  `BankNumber` varchar(45) NOT NULL,
  `BankCode` varchar(45) NOT NULL,
  `BankName` varchar(250) NOT NULL,
  `BankHolder` varchar(250) NOT NULL,
  `BankTypeId` tinyint(4) NOT NULL,
  `BranchName` varchar(250) NOT NULL,
  `StatusId` tinyint(4) NOT NULL,
  `TaxCode` varchar(15) NOT NULL,
  `Address` varchar(250) NOT NULL,
  `Balance` int(11) NOT NULL,
  `DisplayOrder` smallint(6) NOT NULL,
  `CrUserId` int(11) NOT NULL,
  `CrDateTime` datetime NOT NULL,
  `UpdateUserId` int(11) DEFAULT NULL,
  `UpdateDateTime` datetime DEFAULT NULL
) ENGINE=InnoDB DEFAULT CHARSET=utf8;

--
-- Dumping data for table `banks`
--

INSERT INTO `banks` (`BankId`, `BankNumber`, `BankCode`, `BankName`, `BankHolder`, `BankTypeId`, `BranchName`, `StatusId`, `TaxCode`, `Address`, `Balance`, `DisplayOrder`, `CrUserId`, `CrDateTime`, `UpdateUserId`, `UpdateDateTime`) VALUES
(1, '0021000363098', 'Vietcombank', 'Vietcombank', 'Hoàng Đình Thái', 1, 'Hai Bà Trưng, Hà Nội', 2, '', '', 0, 3, 19, '2018-02-03 16:58:29', 3, '2018-04-19 10:52:31'),
(2, '101006093550', 'Vietinbank', 'Vietinbank', 'Hoàng Đình Thái', 1, 'Hai Bà Trưng, Hà Nội', 2, '', '', 0, 2, 3, '2018-02-26 23:21:15', 3, '2018-04-19 10:52:30'),
(3, '19032501846015', 'Techcombank', 'Ngân hàng TMCP Kỹ thương Việt Nam', 'Hoàng Đình Thái', 1, 'Hội Sở ( Hà Nội )', 2, '', '', 0, 1, 3, '2018-03-25 11:07:02', NULL, NULL);

-- --------------------------------------------------------

--
-- Table structure for table `banktypes`
--

CREATE TABLE `banktypes` (
  `BankTypeId` smallint(6) NOT NULL,
  `BankTypeName` varchar(250) COLLATE utf8_unicode_ci NOT NULL,
  `StatusId` tinyint(4) NOT NULL
) ENGINE=MyISAM DEFAULT CHARSET=utf8 COLLATE=utf8_unicode_ci;

-- --------------------------------------------------------

--
-- Table structure for table `cancelreasons`
--

CREATE TABLE `cancelreasons` (
  `CancelReasonId` smallint(6) NOT NULL,
  `CancelReasonName` varchar(250) COLLATE utf8_unicode_ci NOT NULL,
  `StatusId` tinyint(4) NOT NULL
) ENGINE=MyISAM DEFAULT CHARSET=utf8 COLLATE=utf8_unicode_ci;

--
-- Dumping data for table `cancelreasons`
--

INSERT INTO `cancelreasons` (`CancelReasonId`, `CancelReasonName`, `StatusId`) VALUES
(1, 'Khách đổi ý-không lấy nữa', 2),
(2, 'Tạo lại đơn khác', 2),
(3, 'Khác', 2);

-- --------------------------------------------------------

--
-- Table structure for table `categories`
--

CREATE TABLE `categories` (
  `CategoryId` smallint(6) NOT NULL,
  `CategoryName` varchar(250) COLLATE utf8_unicode_ci NOT NULL,
  `CategoryDesc` varchar(650) COLLATE utf8_unicode_ci NOT NULL,
  `CategorySlug` varchar(250) COLLATE utf8_unicode_ci NOT NULL,
  `ItemTypeId` tinyint(4) NOT NULL,
  `ProductTypeId` tinyint(4) NOT NULL,
  `CategoryTypeId` tinyint(4) NOT NULL,
  `StatusId` tinyint(4) NOT NULL,
  `ParentCategoryId` smallint(6) NOT NULL,
  `DisplayOrder` smallint(6) NOT NULL,
  `CrUserId` int(11) NOT NULL,
  `CrDateTime` datetime NOT NULL,
  `UpdateUserId` int(11) DEFAULT NULL,
  `UpdateDateTime` datetime DEFAULT NULL
) ENGINE=MyISAM DEFAULT CHARSET=utf8 COLLATE=utf8_unicode_ci;

--
-- Dumping data for table `categories`
--

INSERT INTO `categories` (`CategoryId`, `CategoryName`, `CategoryDesc`, `CategorySlug`, `ItemTypeId`, `ProductTypeId`, `CategoryTypeId`, `StatusId`, `ParentCategoryId`, `DisplayOrder`, `CrUserId`, `CrDateTime`, `UpdateUserId`, `UpdateDateTime`) VALUES
(1, 'Combo', '<p></p>', 'combo', 1, 1, 1, 2, 0, 12, 3, '2017-10-15 10:02:32', 20, '2018-02-27 10:34:18'),
(2, 'Micro', '<p></p>', 'micro', 1, 1, 1, 2, 0, 1, 3, '2017-10-15 10:02:52', 20, '2018-02-27 10:33:40'),
(3, 'Sound Card', '<p></p>', 'sound-card', 1, 1, 1, 2, 0, 4, 3, '2017-10-15 10:03:22', 20, '2018-02-27 10:33:51'),
(4, 'Phụ kiện', '<p></p>', 'phu-kien', 1, 1, 1, 2, 0, 7, 3, '2017-10-15 10:03:55', 3, '2017-11-25 17:59:41'),
(5, 'Soundcard LIVE', '<p></p>', 'soundcard-live', 1, 1, 1, 2, 3, 5, 3, '2017-10-15 10:04:23', 20, '2018-02-27 10:33:57'),
(6, 'Soundcard THU ÂM', '<p></p>', 'soundcard-thu-am', 1, 1, 1, 2, 3, 6, 3, '2017-10-15 10:04:53', 20, '2018-02-27 10:33:59'),
(7, 'Combo', '<p></p>', 'combo', 2, 1, 1, 0, 0, 4, 3, '2017-10-15 10:17:52', 3, '2017-11-09 14:52:14'),
(8, 'Micro', '<p></p>', 'micro', 2, 1, 1, 2, 0, 3, 3, '2017-10-17 10:31:29', NULL, NULL),
(9, 'Soundcard', '<p></p>', 'soundcard', 2, 1, 1, 2, 0, 2, 3, '2017-10-17 11:26:45', NULL, NULL),
(10, 'Phụ kiện', '<p></p>', 'phu-kien', 2, 1, 1, 2, 0, 1, 3, '2017-10-17 12:35:31', NULL, NULL),
(11, 'Micro chuyên nghiệp', '<p></p>', 'micro-chuyen-nghiep', 1, 1, 1, 2, 2, 3, 3, '2017-10-29 22:41:53', 20, '2018-02-27 10:33:46'),
(12, 'Micro giá rẻ', '<p></p>', 'micro-gia-re', 1, 1, 1, 2, 2, 2, 3, '2017-10-29 22:42:18', 20, '2018-02-27 10:33:41'),
(13, 'Tai nghe / Loa kiểm âm', '<p></p>', 'tai-nghe-loa-kiem-am', 1, 1, 1, 2, 4, 3, 3, '2017-10-29 22:46:34', 3, '2017-10-29 22:46:42'),
(14, 'Cable / Jack kết nối', '<p></p>', 'cable-jack-ket-noi', 1, 1, 1, 2, 4, 10, 3, '2017-10-29 22:47:10', 20, '2018-02-27 10:34:08'),
(15, 'Phụ kiện khác', '<p></p>', 'phu-kien-khac', 1, 1, 1, 2, 4, 8, 3, '2017-10-29 22:47:37', 20, '2018-02-27 10:34:04'),
(16, 'Feedback khách hàng', '<p></p>', 'feedback-khach-hang', 4, 1, 1, 2, 0, 1, 3, '2017-10-30 11:22:43', NULL, NULL),
(17, 'Quà tặng', '<p></p>', 'qua-tang', 1, 1, 1, 2, 0, 11, 3, '2017-11-25 17:29:50', 20, '2018-02-27 10:34:13');

-- --------------------------------------------------------

--
-- Table structure for table `categoryitems`
--

CREATE TABLE `categoryitems` (
  `CategoryItemId` int(11) NOT NULL,
  `CategoryId` smallint(6) NOT NULL,
  `ItemId` int(11) NOT NULL,
  `ItemTypeId` tinyint(4) NOT NULL
) ENGINE=MyISAM DEFAULT CHARSET=utf8 COLLATE=utf8_unicode_ci;

-- --------------------------------------------------------

--
-- Table structure for table `changestatusreasons`
--

CREATE TABLE `changestatusreasons` (
  `ChangeStatusReasonId` smallint(6) NOT NULL,
  `ChangeStatusReasonName` varchar(250) COLLATE utf8_unicode_ci NOT NULL,
  `StatusId` tinyint(4) NOT NULL
) ENGINE=MyISAM DEFAULT CHARSET=utf8 COLLATE=utf8_unicode_ci;

--
-- Dumping data for table `changestatusreasons`
--

INSERT INTO `changestatusreasons` (`ChangeStatusReasonId`, `ChangeStatusReasonName`, `StatusId`) VALUES
(1, 'Lý do thay đổi trạng thái 1', 2),
(2, 'Lý do thay đổi trạng thái 2', 2),
(3, 'Lý do thay đổi trạng thái 3', 0);

-- --------------------------------------------------------

--
-- Table structure for table `chatstaffs`
--

CREATE TABLE `chatstaffs` (
  `ChatStaffId` int(11) NOT NULL,
  `CustomerId` int(11) NOT NULL,
  `CustomerName` varchar(250) NOT NULL,
  `PhoneNumber` varchar(15) NOT NULL,
  `StaffId` int(11) NOT NULL,
  `StaffRoleId` tinyint(4) NOT NULL,
  `Message` varchar(650) NOT NULL,
  `FileUrl` varchar(250) NOT NULL,
  `IsCustomerSend` tinyint(4) NOT NULL,
  `IsRead` tinyint(4) NOT NULL,
  `IpAddress` varchar(15) NOT NULL,
  `CrDateTime` datetime NOT NULL
) ENGINE=InnoDB DEFAULT CHARSET=utf8;

--
-- Dumping data for table `chatstaffs`
--

INSERT INTO `chatstaffs` (`ChatStaffId`, `CustomerId`, `CustomerName`, `PhoneNumber`, `StaffId`, `StaffRoleId`, `Message`, `FileUrl`, `IsCustomerSend`, `IsRead`, `IpAddress`, `CrDateTime`) VALUES
(1, 0, 'Hoàn', '01669136318', 11, 2, 'tôi cần hỗ trợ', '', 1, 0, '172.68.146.36', '2018-05-09 09:25:20'),
(2, 0, 'thái', '0972010155', 11, 2, '232323', '', 1, 0, '172.68.146.36', '2018-05-09 09:53:35'),
(3, 0, 'THÁI', '0972010155', 11, 2, '2323', '', 1, 0, '172.68.146.36', '2018-05-09 12:29:46'),
(4, 0, 'THÁI', '0972010155', 11, 2, '34343', '', 0, 0, '172.68.146.36', '2018-05-09 12:41:56'),
(5, 0, 'Hoàn', '01669136318', 11, 2, '3434', '', 0, 0, '172.68.146.36', '2018-05-09 12:42:00'),
(6, 0, 'Hoàn', '01669136318', 11, 2, '121', '', 0, 0, '172.68.146.36', '2018-05-09 12:42:28'),
(7, 0, 'THÁI', '0972010155', 11, 2, 'em chào anh ạ', '', 0, 0, '172.68.146.36', '2018-05-09 12:42:35'),
(8, 0, 'THÁI', '0972010155', 11, 2, 'RICKY hỗ trợ được gì cho anh ạ', '', 0, 0, '172.68.146.36', '2018-05-09 12:42:40'),
(9, 0, 'THÁI', '0972010155', 11, 2, '1111', '', 0, 0, '172.68.146.36', '2018-05-09 12:43:30'),
(10, 0, 'THÁI', '0972010155', 11, 2, '11111', '', 0, 0, '172.68.146.36', '2018-05-09 12:43:36'),
(11, 0, 'THÁI', '0972010155', 11, 2, 'ALO AD ƠI', '', 1, 0, '172.68.146.36', '2018-05-09 12:44:01'),
(12, 0, 'THÁI', '0972010155', 11, 2, 'AD CÒN ONLINE KHÔNG', '', 1, 0, '172.68.146.36', '2018-05-09 12:44:09'),
(13, 0, 'THÁI', '0972010155', 11, 2, '1', '', 0, 0, '172.68.146.36', '2018-05-09 12:54:24'),
(14, 0, 'THÁI', '0972010155', 11, 2, '121212', '', 0, 0, '172.68.146.36', '2018-05-09 12:54:30'),
(15, 0, 'THÁI', '0972010155', 11, 2, 'ffgjffjfgj', '', 1, 0, '172.68.146.36', '2018-05-09 16:37:36'),
(16, 0, 'THÁI', '0972010155', 11, 2, 'kl\'kl\'kl\'', '', 1, 0, '172.68.146.36', '2018-05-09 16:37:41'),
(17, 0, 'THÁI', '0972010155', 11, 2, ';\'\\;\'\\', '', 1, 0, '172.68.146.36', '2018-05-09 16:37:46'),
(18, 0, 'THÁI', '0972010155', 11, 2, '343434', '', 1, 0, '172.68.146.36', '2018-05-09 17:56:45'),
(19, 0, 'THÁI', '0972010155', 11, 2, '323232', '', 1, 0, '172.68.146.36', '2018-05-09 17:56:59'),
(20, 0, 'tôi là khách đây', '08232323223', 11, 2, 'chào ad', '', 1, 0, '172.68.146.36', '2018-05-09 18:45:18'),
(21, 0, 'tôi là khách đây', '08232323223', 11, 2, 'hỗ trợ mình với', '', 1, 0, '172.68.146.36', '2018-05-09 18:45:21'),
(22, 0, 'tôi là khách đây', '08232323223', 11, 2, 'chào bạn', '', 0, 0, '172.68.146.36', '2018-05-09 18:46:31'),
(23, 0, 'THÁI', '0972010155', 11, 2, 'chào ad', '', 1, 0, '172.68.146.36', '2018-05-09 18:47:01'),
(24, 0, 'tôi là khách đây', '08232323223', 11, 2, 'chào ad, hỗ trợ với', '', 1, 0, '172.68.146.36', '2018-05-09 18:48:48'),
(25, 0, 'tôi là khách đây', '08232323223', 11, 2, 'chào bạn', '', 0, 0, '172.68.146.36', '2018-05-09 18:48:56'),
(26, 0, 'Tư', 'Udid8d', 11, 2, 'Sksjje', '', 1, 0, '172.68.146.36', '2018-05-09 18:54:35'),
(27, 0, '454545', '0978787878', 11, 2, '867878678', '', 1, 0, '172.68.146.36', '2018-05-09 19:18:08'),
(28, 381, 'Tùng', '0961540962', 23, 1, 'Chào ad ạ', '', 1, 0, '172.68.146.36', '2018-05-09 19:56:48'),
(29, 381, 'Tùng', '0961540962', 23, 1, 'Chào bạn!', '', 0, 0, '172.68.146.36', '2018-05-09 19:57:04'),
(30, 381, 'Tùng', '0961540962', 23, 1, 'mình có thể hỏi ad chút chuyện được không ạ', '', 1, 0, '172.68.146.36', '2018-05-09 19:57:28'),
(31, 381, 'Tùng', '0961540962', 23, 1, 'ohhh!', '', 0, 0, '172.68.146.36', '2018-05-09 19:57:39'),
(32, 381, 'Tùng', '0961540962', 23, 1, 'AD rất sẵn lòng ạ', '', 0, 0, '172.68.146.36', '2018-05-09 19:57:56'),
(33, 381, 'Tùng', '0961540962', 23, 1, 'Ad cho mình hỏi là ad có ny chưa ạ', '', 1, 0, '172.68.146.36', '2018-05-09 19:58:15'),
(34, 381, 'Tùng', '0961540962', 23, 1, '&lt;3', '', 0, 0, '172.68.146.36', '2018-05-09 19:58:23'),
(35, 381, 'Tùng', '0961540962', 27, 1, 'Chào gái', '', 1, 0, '172.68.146.36', '2018-05-09 20:52:52'),
(36, 381, 'Tùng', '0961540962', 27, 1, 'cho anh hỏi cái', '', 1, 0, '172.68.146.36', '2018-05-09 20:52:56'),
(37, 381, 'Tùng', '0961540962', 27, 1, 'Chào anh', '', 0, 0, '172.68.146.36', '2018-05-09 20:52:59'),
(38, 381, 'Tùng', '0961540962', 27, 1, 'Gái có ny chưua', '', 1, 0, '172.68.146.36', '2018-05-09 20:53:03'),
(39, 381, 'Tùng', '0961540962', 27, 1, 'dạ em chưa có anh nhé', '', 0, 0, '172.68.146.36', '2018-05-09 20:53:11'),
(40, 0, 'Shin', '0947092395', 23, 1, 'Chào gái', '', 1, 0, '172.68.146.36', '2018-05-09 20:54:30'),
(41, 0, 'Shin', '0947092395', 28, 1, 'x', '', 1, 0, '172.68.146.36', '2018-05-09 20:54:48'),
(42, 0, 'Shin', '0947092395', 23, 1, 'dcm m', '', 0, 0, '172.68.146.36', '2018-05-09 20:54:52'),
(43, 0, 'Shin', '0947092395', 23, 1, 'Chào bạn!', '', 0, 0, '172.68.146.36', '2018-05-09 20:55:18'),
(44, 0, 'Shin', '0947092395', 23, 1, 'mình cần hỗ trợ', '', 1, 0, '172.68.146.36', '2018-05-09 20:57:37'),
(45, 0, 'Shin', '0947092395', 23, 1, 'Dạ!', '', 0, 0, '172.68.146.36', '2018-05-09 20:57:41'),
(46, 0, '23', '323232323', 23, 1, 'helo tùng đ', '', 1, 0, '172.68.146.36', '2018-05-09 20:59:28'),
(47, 0, '23', '323232323', 23, 1, 'z', '', 1, 0, '172.68.146.36', '2018-05-09 20:59:29'),
(48, 0, 'Shin', '0947092395', 27, 1, 'chào bạn', '', 1, 0, '172.68.146.36', '2018-05-09 20:59:34'),
(49, 0, '23', '323232323', 27, 1, 'chào A kiệt đ', '', 1, 0, '172.68.146.36', '2018-05-09 20:59:35'),
(50, 0, '23', '323232323', 27, 1, 'đz', '', 1, 0, '172.68.146.36', '2018-05-09 20:59:36'),
(51, 0, '23', '323232323', 23, 1, 'Dạ! Chào bạn!', '', 0, 0, '172.68.146.36', '2018-05-09 20:59:49'),
(52, 0, 'Shin', '0947092395', 27, 1, 'chào bạn', '', 0, 0, '172.68.146.36', '2018-05-09 20:59:57'),
(53, 0, 'Hoàn', '01669136318', 27, 1, 'test', '', 1, 0, '172.68.146.36', '2018-05-09 21:32:18'),
(54, 0, 'Hoàn', '01669136318', 11, 2, '123', '', 0, 0, '172.68.146.36', '2018-05-09 21:34:33'),
(55, 0, 'Hoàn', '01669136318', 11, 2, '456', '', 1, 0, '172.68.146.36', '2018-05-09 21:34:44'),
(56, 0, 'Hoàn', '01669136318', 23, 1, 'a Hoàn test', '', 1, 0, '172.68.146.36', '2018-05-09 21:37:00'),
(57, 0, 'Shin', '0947092395', 23, 1, 'chào admin', '', 1, 0, '172.68.146.36', '2018-05-09 21:50:24'),
(58, 0, 'l', 'l', 23, 1, 'l', '', 1, 0, '172.68.146.36', '2018-05-09 21:57:36'),
(59, 0, 'l', 'l', 27, 1, '00', '', 1, 0, '172.68.146.36', '2018-05-09 21:57:40'),
(60, 0, 'l', 'l', 28, 1, '01010', '', 1, 0, '172.68.146.36', '2018-05-09 21:57:47'),
(61, 0, 'long', '0235698655', 21, 2, 'chào ad', '', 1, 0, '172.68.146.36', '2018-05-09 22:42:09'),
(62, 0, 'long', '0235698655', 24, 2, 'chào ad', '', 1, 0, '172.68.146.36', '2018-05-09 22:42:43'),
(63, 0, '1', '1', 27, 1, 'alo chưa sáng em ơi', '', 1, 0, '172.68.146.36', '2018-05-10 11:24:50'),
(64, 0, 'long', '0235698655', 21, 2, 'Chào bạn ạ', '', 0, 0, '172.68.146.36', '2018-05-10 13:44:48'),
(65, 0, 'long', '0235698655', 21, 2, 'Mình có thế hỗ trợ bạn vấn đề gì ạ', '', 0, 0, '172.68.146.36', '2018-05-10 13:45:00'),
(66, 526, 'Quân', '01229133992', 21, 1, 'lần trước sau khi cài cubase cho e xong, bên a có gửi cho e cái clip để tập mix nhạc, mà hiệu ứng ở trong cubase của e chưa đủ giống trong clip nên khó tập mix qua :(((((( có thể giúp e cài cho giống ko ạ', '', 1, 0, '172.68.146.36', '2018-05-10 17:36:56'),
(67, 526, 'Quân', '01229133992', 11, 2, 'lần trước sau khi cài cubase cho e xong, bên a có gửi cho e cái clip để tập mix nhạc, mà hiệu ứng ở trong cubase của e chưa đủ giống trong clip nên khó tập mix qua :(((((( có thể giúp e cài cho giống ko ạ', '', 1, 0, '172.68.146.36', '2018-05-10 18:16:53'),
(68, 526, 'Quân', '01229133992', 24, 2, 'lần trước sau khi cài cubase cho e xong, bên a có gửi cho e cái clip để tập mix nhạc, mà hiệu ứng ở trong cubase của e chưa đủ giống trong clip nên khó tập mix qua :(((((( có thể giúp e cài cho giống ko ạ', '', 1, 0, '172.68.146.36', '2018-05-10 18:16:57');

-- --------------------------------------------------------

--
-- Table structure for table `comments`
--

CREATE TABLE `comments` (
  `CommentId` int(11) NOT NULL,
  `ItemId` int(11) NOT NULL,
  `ItemTypeId` tinyint(4) NOT NULL,
  `Comment` varchar(650) NOT NULL,
  `CustomerId` int(11) NOT NULL,
  `CustomerName` varchar(250) NOT NULL,
  `CustomerEmail` varchar(250) NOT NULL,
  `CustomerWeb` varchar(250) NOT NULL,
  `CommentStarId` tinyint(4) NOT NULL,
  `StatusId` tinyint(4) NOT NULL,
  `ParentCommentId` int(11) NOT NULL,
  `IpAddress` varchar(15) NOT NULL,
  `UserAgent` varchar(250) NOT NULL,
  `CrDateTime` datetime NOT NULL
) ENGINE=InnoDB DEFAULT CHARSET=utf8;

-- --------------------------------------------------------

--
-- Table structure for table `configs`
--

CREATE TABLE `configs` (
  `ConfigId` tinyint(4) NOT NULL,
  `ConfigCode` varchar(45) NOT NULL,
  `ConfigName` varchar(100) NOT NULL,
  `ConfigValue` text NOT NULL,
  `AutoLoad` tinyint(4) NOT NULL,
  `CrUserId` int(11) NOT NULL,
  `CrDateTime` datetime NOT NULL,
  `UpdateUserId` int(11) DEFAULT NULL,
  `UpdateDateTime` datetime DEFAULT NULL
) ENGINE=InnoDB DEFAULT CHARSET=utf8;

--
-- Dumping data for table `configs`
--

INSERT INTO `configs` (`ConfigId`, `ConfigCode`, `ConfigName`, `ConfigValue`, `AutoLoad`, `CrUserId`, `CrDateTime`, `UpdateUserId`, `UpdateDateTime`) VALUES
(1, 'EMAIL_COMPANY', 'Email khách hang', 'rickystudiovip@gmail.com', 1, 1, '2016-10-06 10:26:46', 3, '2017-10-14 11:32:52'),
(2, 'COMPANY_NAME', 'Tên công ty - cửa hàng', 'THIẾT BỊ STUDIO - UY TÍN SỐ 1 VIỆT NAM', 1, 1, '2016-09-05 00:00:00', 3, '2017-10-14 11:32:52'),
(3, 'SITE_NAME', 'Tên trang web', '', 1, 1, '2016-09-05 11:19:29', 3, '2017-10-14 11:32:52'),
(4, 'COMPANY_NAME_REG', 'Tên công ty đăng ký', 'CÔNG TY RICKY VIỆT NAM', 1, 1, '2016-09-05 11:19:29', 3, '2018-02-23 15:42:22'),
(5, 'PHONE_NUMBER', 'Điện thoại', '0242.2121.999', 1, 1, '2016-09-05 11:19:29', 3, '2018-02-23 15:42:22'),
(6, 'ADDRESS', 'Địa chỉ', 'Nguyễn An Ninh', 1, 1, '2016-09-05 11:19:29', 3, '2018-02-23 15:42:22'),
(7, 'ProvinceId', 'Tỉnh/ Thành phố', '1', 1, 1, '2016-09-05 11:19:29', 3, '2017-10-14 11:35:19'),
(8, 'META_DESC', 'Mô tả trang web', 'RICKY VIỆT NAM Là 1 Thương hiệu đầu tiên ở Việt Nam, đi đầu về cung cấp các thiết bị Studio  CHÍNH HÃNG  !Thời gian bảo hành lên đến : 2 năm 1 đổi 1 và chế độ HẬU MÃI chuyên nghiệp thay đổi hoàn toàn sự trải nghiệm của khách hàng tại Việt Nam !', 1, 1, '2016-09-05 11:19:29', 3, '2017-10-30 14:28:54'),
(9, 'EMAIL_CONTACT', 'Email liên hệ', 'rickystudiovip@gmail.com', 1, 1, '2016-09-05 11:19:29', 3, '2017-10-14 11:32:52'),
(10, 'FAX', 'Fax', '', 1, 1, '2016-09-05 11:19:29', NULL, NULL),
(11, 'DistrictId', 'Quận huyện', '688', 1, 1, '2016-09-05 11:19:29', 3, '2017-10-14 11:35:19'),
(12, 'LOGO_IMAGE', 'Logo đầu trang', '/logoc466-59f6d27b972c1.png', 1, 1, '2016-09-05 11:19:29', 3, '2017-10-30 14:19:53'),
(13, 'ADDRESS_IMAGE', 'Ảnh địa chỉ', '/banner_footerc466-59f6d27b7fb19.jpg', 1, 1, '2016-09-05 11:19:29', 3, '2017-10-30 14:19:53'),
(14, 'WardId', 'Phường xã', '313', 1, 1, '2016-09-05 11:19:29', 3, '2018-02-23 15:42:22'),
(15, 'PHONE_TECH', 'Điện thoại Kỹ thuật', '0984.19.4004', 1, 1, '2016-09-05 11:19:29', 3, '2018-02-23 15:43:28'),
(16, 'PHONE_CONSULTANT', 'Điện thoại Tư vấn', '0973.01.7007', 1, 1, '2016-09-05 11:19:29', 3, '2018-02-23 15:43:28'),
(17, 'ORDER_PRINT_TEXT', 'Tiêu đề in đơn hàng', 'Phiếu bán hàng kiêm bảo hành', 1, 1, '2016-09-05 11:19:29', NULL, NULL),
(18, 'TRANSPORT_PRINT_TEXT', 'Tiêu đề in giao hàng', 'Phiếu giao hàng', 1, 1, '2016-09-05 11:19:29', NULL, NULL),
(19, 'ALLOW_ORDER_DISCOUNT_REASON', 'Bắt buộc điền Lý do giảm giá', 'ON', 2, 1, '2016-09-05 11:19:29', 3, '2018-04-25 22:52:33'),
(20, 'ALLOW_VERIFY_ORDER', 'Xác thực đơn hàng', 'ON', 2, 1, '2016-09-05 11:19:29', NULL, NULL),
(21, 'ALLOW_WAIT_PAYMENT_TICKET', 'Tạo phiếu chờ thanh toán', 'OFF', 2, 1, '2016-09-05 11:19:29', 3, '2018-04-26 09:13:55'),
(22, 'TEXT_LOGO_HEADER', 'Chữ đầu trang', 'Ricky', 1, 1, '2016-09-05 11:19:29', NULL, NULL),
(23, 'TEXT_LOGO_MENU', 'Chữ ở menu', 'RICKY VIỆT NAM', 1, 1, '2016-09-05 11:19:29', NULL, NULL);

-- --------------------------------------------------------

--
-- Table structure for table `consultcomments`
--

CREATE TABLE `consultcomments` (
  `ConsultCommentId` int(11) NOT NULL,
  `CustomerConsultId` int(11) NOT NULL,
  `UserId` int(11) NOT NULL,
  `Comment` varchar(250) NOT NULL,
  `CommentTypeId` tinyint(4) NOT NULL,
  `CrDateTime` datetime NOT NULL
) ENGINE=InnoDB DEFAULT CHARSET=utf8;

--
-- Dumping data for table `consultcomments`
--

INSERT INTO `consultcomments` (`ConsultCommentId`, `CustomerConsultId`, `UserId`, `Comment`, `CommentTypeId`, `CrDateTime`) VALUES
(1, 8, 0, 'xxxxxx', 1, '2018-05-11 18:10:22'),
(2, 8, 1, 'fb', 2, '2018-05-12 09:06:47'),
(3, 8, 1, 'gfd  bv', 1, '2018-05-12 09:16:40'),
(4, 8, 1, 'hh', 2, '2018-05-12 09:16:44'),
(5, 8, 1, ',hh bggg', 1, '2018-05-12 09:17:01'),
(6, 8, 1, 'g1', 1, '2018-05-12 09:21:02'),
(7, 8, 1, 'f1', 1, '2018-05-12 09:21:18'),
(8, 8, 1, 'f2', 1, '2018-05-12 09:21:28'),
(9, 12, 1, 'khách khó tính', 1, '2018-05-23 21:27:53'),
(16, 14, 1, 'abc', 1, '2018-06-04 14:05:47'),
(18, 14, 11, 'vgfes', 1, '2018-06-04 14:11:52'),
(19, 15, 11, 'fmvjkdfjj', 1, '2018-06-04 14:30:06');

-- --------------------------------------------------------

--
-- Table structure for table `consultproducts`
--

CREATE TABLE `consultproducts` (
  `ConsultProductId` int(11) NOT NULL,
  `CustomerConsultId` int(11) NOT NULL,
  `ProductId` int(11) NOT NULL,
  `ProductChildId` int(11) NOT NULL,
  `Comment` varchar(650) NOT NULL,
  `Quantity` int(11) NOT NULL,
  `Price` int(11) NOT NULL
) ENGINE=InnoDB DEFAULT CHARSET=utf8;

--
-- Dumping data for table `consultproducts`
--

INSERT INTO `consultproducts` (`ConsultProductId`, `CustomerConsultId`, `ProductId`, `ProductChildId`, `Comment`, `Quantity`, `Price`) VALUES
(1, 1, 61, 0, '', 0, 0),
(2, 2, 61, 0, '', 0, 0),
(3, 3, 126, 0, '', 0, 0),
(4, 4, 131, 0, '', 0, 0),
(5, 5, 131, 0, '', 2, 5600000),
(6, 6, 131, 0, '', 2, 5600000),
(9, 8, 61, 0, '', 1, 4200000),
(10, 8, 216, 0, '', 1, 380000),
(13, 11, 50, 0, '', 0, 0),
(14, 12, 221, 0, '', 1, 1000000);

-- --------------------------------------------------------

--
-- Table structure for table `consultsells`
--

CREATE TABLE `consultsells` (
  `ConsultSellId` int(11) NOT NULL,
  `CustomerConsultId` int(11) NOT NULL,
  `OrderId` int(11) NOT NULL,
  `StatusId` tinyint(4) NOT NULL
) ENGINE=InnoDB DEFAULT CHARSET=utf8;

--
-- Dumping data for table `consultsells`
--

INSERT INTO `consultsells` (`ConsultSellId`, `CustomerConsultId`, `OrderId`, `StatusId`) VALUES
(1, 13, 890, 1),
(2, 12, 887, 1),
(4, 0, 893, 1),
(5, 9, 894, 1),
(6, 14, 895, 1),
(7, 0, 896, 1),
(8, 0, 897, 1),
(9, 0, 898, 1);

-- --------------------------------------------------------

--
-- Table structure for table `contacts`
--

CREATE TABLE `contacts` (
  `ContactId` int(11) NOT NULL,
  `CustomerId` int(11) NOT NULL,
  `GenderId` tinyint(4) NOT NULL,
  `CustomerName` varchar(250) NOT NULL,
  `CustomerEmail` varchar(250) NOT NULL,
  `CustomerPhone` varchar(45) NOT NULL,
  `ContactTitle` varchar(250) NOT NULL,
  `ContactContent` varchar(650) NOT NULL,
  `CrDateTime` datetime NOT NULL
) ENGINE=InnoDB DEFAULT CHARSET=utf8;

-- --------------------------------------------------------

--
-- Table structure for table `contributorproducttypes`
--

CREATE TABLE `contributorproducttypes` (
  `ContributorProductTypeId` int(11) NOT NULL,
  `ContributorId` smallint(6) NOT NULL,
  `ProductTypeId` smallint(6) NOT NULL,
  `PaidVN` int(11) NOT NULL,
  `StatusId` tinyint(4) NOT NULL,
  `PaidDateTime` datetime NOT NULL,
  `CrUserId` int(11) NOT NULL,
  `CrDateTime` datetime NOT NULL,
  `UpdateUserId` int(11) DEFAULT NULL,
  `UpdateDateTime` datetime DEFAULT NULL
) ENGINE=MyISAM DEFAULT CHARSET=utf8 COLLATE=utf8_unicode_ci;

-- --------------------------------------------------------

--
-- Table structure for table `contributors`
--

CREATE TABLE `contributors` (
  `ContributorId` smallint(6) NOT NULL,
  `ContributorName` varchar(250) COLLATE utf8_unicode_ci NOT NULL,
  `ContributorPhone` varchar(15) COLLATE utf8_unicode_ci NOT NULL,
  `BirthDay` datetime NOT NULL,
  `ItemStatusId` tinyint(4) NOT NULL,
  `Address` varchar(250) COLLATE utf8_unicode_ci NOT NULL,
  `ProvinceId` tinyint(4) NOT NULL,
  `DistrictId` smallint(6) NOT NULL,
  `WardId` smallint(6) NOT NULL,
  `CrUserId` int(11) NOT NULL,
  `CrDateTime` datetime NOT NULL,
  `UpdateUserId` int(11) DEFAULT NULL,
  `UpdateDateTime` datetime DEFAULT NULL
) ENGINE=MyISAM DEFAULT CHARSET=utf8 COLLATE=utf8_unicode_ci;

-- --------------------------------------------------------

--
-- Table structure for table `countries`
--

CREATE TABLE `countries` (
  `CountryId` smallint(6) NOT NULL,
  `CountryName` varchar(80) NOT NULL,
  `ISO2` char(2) NOT NULL,
  `ISO3` char(3) DEFAULT NULL,
  `NumCode` smallint(6) DEFAULT NULL,
  `PhoneCode` int(5) NOT NULL,
  `DisplayOrder` smallint(6) NOT NULL
) ENGINE=InnoDB DEFAULT CHARSET=utf8;

--
-- Dumping data for table `countries`
--

INSERT INTO `countries` (`CountryId`, `CountryName`, `ISO2`, `ISO3`, `NumCode`, `PhoneCode`, `DisplayOrder`) VALUES
(1, 'Afghanistan', 'AF', 'AFG', 4, 93, 2),
(2, 'Albania', 'AL', 'ALB', 8, 355, 2),
(3, 'Algeria', 'DZ', 'DZA', 12, 213, 2),
(4, 'American Samoa', 'AS', 'ASM', 16, 1684, 2),
(5, 'Andorra', 'AD', 'AND', 20, 376, 2),
(6, 'Angola', 'AO', 'AGO', 24, 244, 2),
(7, 'Anguilla', 'AI', 'AIA', 660, 1264, 2),
(8, 'Antarctica', 'AQ', NULL, NULL, 0, 2),
(9, 'Antigua and Barbuda', 'AG', 'ATG', 28, 1268, 2),
(10, 'Argentina', 'AR', 'ARG', 32, 54, 2),
(11, 'Armenia', 'AM', 'ARM', 51, 374, 2),
(12, 'Aruba', 'AW', 'ABW', 533, 297, 2),
(13, 'Australia', 'AU', 'AUS', 36, 61, 2),
(14, 'Austria', 'AT', 'AUT', 40, 43, 2),
(15, 'Azerbaijan', 'AZ', 'AZE', 31, 994, 2),
(16, 'Bahamas', 'BS', 'BHS', 44, 1242, 2),
(17, 'Bahrain', 'BH', 'BHR', 48, 973, 2),
(18, 'Bangladesh', 'BD', 'BGD', 50, 880, 2),
(19, 'Barbados', 'BB', 'BRB', 52, 1246, 2),
(20, 'Belarus', 'BY', 'BLR', 112, 375, 2),
(21, 'Belgium', 'BE', 'BEL', 56, 32, 2),
(22, 'Belize', 'BZ', 'BLZ', 84, 501, 2),
(23, 'Benin', 'BJ', 'BEN', 204, 229, 2),
(24, 'Bermuda', 'BM', 'BMU', 60, 1441, 2),
(25, 'Bhutan', 'BT', 'BTN', 64, 975, 2),
(26, 'Bolivia', 'BO', 'BOL', 68, 591, 2),
(27, 'Bosnia and Herzegovina', 'BA', 'BIH', 70, 387, 2),
(28, 'Botswana', 'BW', 'BWA', 72, 267, 2),
(29, 'Bouvet Island', 'BV', NULL, NULL, 0, 2),
(30, 'Brazil', 'BR', 'BRA', 76, 55, 2),
(31, 'British Indian Ocean Territory', 'IO', NULL, NULL, 246, 2),
(32, 'Brunei Darussalam', 'BN', 'BRN', 96, 673, 2),
(33, 'Bulgaria', 'BG', 'BGR', 100, 359, 2),
(34, 'Burkina Faso', 'BF', 'BFA', 854, 226, 2),
(35, 'Burundi', 'BI', 'BDI', 108, 257, 2),
(36, 'Cambodia', 'KH', 'KHM', 116, 855, 2),
(37, 'Cameroon', 'CM', 'CMR', 120, 237, 2),
(38, 'Canada', 'CA', 'CAN', 124, 1, 2),
(39, 'Cape Verde', 'CV', 'CPV', 132, 238, 2),
(40, 'Cayman Islands', 'KY', 'CYM', 136, 1345, 2),
(41, 'Central African Republic', 'CF', 'CAF', 140, 236, 2),
(42, 'Chad', 'TD', 'TCD', 148, 235, 2),
(43, 'Chile', 'CL', 'CHL', 152, 56, 2),
(44, 'China', 'CN', 'CHN', 156, 86, 2),
(45, 'Christmas Island', 'CX', NULL, NULL, 61, 2),
(46, 'Cocos (Keeling) Islands', 'CC', NULL, NULL, 672, 2),
(47, 'Colombia', 'CO', 'COL', 170, 57, 2),
(48, 'Comoros', 'KM', 'COM', 174, 269, 2),
(49, 'Congo', 'CG', 'COG', 178, 242, 2),
(50, 'Congo, the Democratic Republic of the', 'CD', 'COD', 180, 242, 2),
(51, 'Cook Islands', 'CK', 'COK', 184, 682, 2),
(52, 'Costa Rica', 'CR', 'CRI', 188, 506, 2),
(53, 'Cote D\'Ivoire', 'CI', 'CIV', 384, 225, 2),
(54, 'Croatia', 'HR', 'HRV', 191, 385, 2),
(55, 'Cuba', 'CU', 'CUB', 192, 53, 2),
(56, 'Cyprus', 'CY', 'CYP', 196, 357, 2),
(57, 'Czech Republic', 'CZ', 'CZE', 203, 420, 2),
(58, 'Denmark', 'DK', 'DNK', 208, 45, 2),
(59, 'Djibouti', 'DJ', 'DJI', 262, 253, 2),
(60, 'Dominica', 'DM', 'DMA', 212, 1767, 2),
(61, 'Dominican Republic', 'DO', 'DOM', 214, 1809, 2),
(62, 'Ecuador', 'EC', 'ECU', 218, 593, 2),
(63, 'Egypt', 'EG', 'EGY', 818, 20, 2),
(64, 'El Salvador', 'SV', 'SLV', 222, 503, 2),
(65, 'Equatorial Guinea', 'GQ', 'GNQ', 226, 240, 2),
(66, 'Eritrea', 'ER', 'ERI', 232, 291, 2),
(67, 'Estonia', 'EE', 'EST', 233, 372, 2),
(68, 'Ethiopia', 'ET', 'ETH', 231, 251, 2),
(69, 'Falkland Islands (Malvinas)', 'FK', 'FLK', 238, 500, 2),
(70, 'Faroe Islands', 'FO', 'FRO', 234, 298, 2),
(71, 'Fiji', 'FJ', 'FJI', 242, 679, 2),
(72, 'Finland', 'FI', 'FIN', 246, 358, 2),
(73, 'France', 'FR', 'FRA', 250, 33, 2),
(74, 'French Guiana', 'GF', 'GUF', 254, 594, 2),
(75, 'French Polynesia', 'PF', 'PYF', 258, 689, 2),
(76, 'French Southern Territories', 'TF', NULL, NULL, 0, 2),
(77, 'Gabon', 'GA', 'GAB', 266, 241, 2),
(78, 'Gambia', 'GM', 'GMB', 270, 220, 2),
(79, 'Georgia', 'GE', 'GEO', 268, 995, 2),
(80, 'Germany', 'DE', 'DEU', 276, 49, 2),
(81, 'Ghana', 'GH', 'GHA', 288, 233, 2),
(82, 'Gibraltar', 'GI', 'GIB', 292, 350, 2),
(83, 'Greece', 'GR', 'GRC', 300, 30, 2),
(84, 'Greenland', 'GL', 'GRL', 304, 299, 2),
(85, 'Grenada', 'GD', 'GRD', 308, 1473, 2),
(86, 'Guadeloupe', 'GP', 'GLP', 312, 590, 2),
(87, 'Guam', 'GU', 'GUM', 316, 1671, 2),
(88, 'Guatemala', 'GT', 'GTM', 320, 502, 2),
(89, 'Guinea', 'GN', 'GIN', 324, 224, 2),
(90, 'Guinea-Bissau', 'GW', 'GNB', 624, 245, 2),
(91, 'Guyana', 'GY', 'GUY', 328, 592, 2),
(92, 'Haiti', 'HT', 'HTI', 332, 509, 2),
(93, 'Heard Island and Mcdonald Islands', 'HM', NULL, NULL, 0, 2),
(94, 'Holy See (Vatican City State)', 'VA', 'VAT', 336, 39, 2),
(95, 'Honduras', 'HN', 'HND', 340, 504, 2),
(96, 'Hong Kong', 'HK', 'HKG', 344, 852, 2),
(97, 'Hungary', 'HU', 'HUN', 348, 36, 2),
(98, 'Iceland', 'IS', 'ISL', 352, 354, 2),
(99, 'India', 'IN', 'IND', 356, 91, 2),
(100, 'Indonesia', 'ID', 'IDN', 360, 62, 2),
(101, 'Iran, Islamic Republic of', 'IR', 'IRN', 364, 98, 2),
(102, 'Iraq', 'IQ', 'IRQ', 368, 964, 2),
(103, 'Ireland', 'IE', 'IRL', 372, 353, 2),
(104, 'Israel', 'IL', 'ISR', 376, 972, 2),
(105, 'Italy', 'IT', 'ITA', 380, 39, 2),
(106, 'Jamaica', 'JM', 'JAM', 388, 1876, 2),
(107, 'Japan', 'JP', 'JPN', 392, 81, 2),
(108, 'Jordan', 'JO', 'JOR', 400, 962, 2),
(109, 'Kazakhstan', 'KZ', 'KAZ', 398, 7, 2),
(110, 'Kenya', 'KE', 'KEN', 404, 254, 2),
(111, 'Kiribati', 'KI', 'KIR', 296, 686, 2),
(112, 'Korea, Democratic People\'s Republic of', 'KP', 'PRK', 408, 850, 2),
(113, 'Korea, Republic of', 'KR', 'KOR', 410, 82, 2),
(114, 'Kuwait', 'KW', 'KWT', 414, 965, 2),
(115, 'Kyrgyzstan', 'KG', 'KGZ', 417, 996, 2),
(116, 'Lao People\'s Democratic Republic', 'LA', 'LAO', 418, 856, 2),
(117, 'Latvia', 'LV', 'LVA', 428, 371, 2),
(118, 'Lebanon', 'LB', 'LBN', 422, 961, 2),
(119, 'Lesotho', 'LS', 'LSO', 426, 266, 2),
(120, 'Liberia', 'LR', 'LBR', 430, 231, 2),
(121, 'Libyan Arab Jamahiriya', 'LY', 'LBY', 434, 218, 2),
(122, 'Liechtenstein', 'LI', 'LIE', 438, 423, 2),
(123, 'Lithuania', 'LT', 'LTU', 440, 370, 2),
(124, 'Luxembourg', 'LU', 'LUX', 442, 352, 2),
(125, 'Macao', 'MO', 'MAC', 446, 853, 2),
(126, 'Macedonia, the Former Yugoslav Republic of', 'MK', 'MKD', 807, 389, 2),
(127, 'Madagascar', 'MG', 'MDG', 450, 261, 2),
(128, 'Malawi', 'MW', 'MWI', 454, 265, 2),
(129, 'Malaysia', 'MY', 'MYS', 458, 60, 2),
(130, 'Maldives', 'MV', 'MDV', 462, 960, 2),
(131, 'Mali', 'ML', 'MLI', 466, 223, 2),
(132, 'Malta', 'MT', 'MLT', 470, 356, 2),
(133, 'Marshall Islands', 'MH', 'MHL', 584, 692, 2),
(134, 'Martinique', 'MQ', 'MTQ', 474, 596, 2),
(135, 'Mauritania', 'MR', 'MRT', 478, 222, 2),
(136, 'Mauritius', 'MU', 'MUS', 480, 230, 2),
(137, 'Mayotte', 'YT', NULL, NULL, 269, 2),
(138, 'Mexico', 'MX', 'MEX', 484, 52, 2),
(139, 'Micronesia, Federated States of', 'FM', 'FSM', 583, 691, 2),
(140, 'Moldova, Republic of', 'MD', 'MDA', 498, 373, 2),
(141, 'Monaco', 'MC', 'MCO', 492, 377, 2),
(142, 'Mongolia', 'MN', 'MNG', 496, 976, 2),
(143, 'Montserrat', 'MS', 'MSR', 500, 1664, 2),
(144, 'Morocco', 'MA', 'MAR', 504, 212, 2),
(145, 'Mozambique', 'MZ', 'MOZ', 508, 258, 2),
(146, 'Myanmar', 'MM', 'MMR', 104, 95, 2),
(147, 'Namibia', 'NA', 'NAM', 516, 264, 2),
(148, 'Nauru', 'NR', 'NRU', 520, 674, 2),
(149, 'Nepal', 'NP', 'NPL', 524, 977, 2),
(150, 'Netherlands', 'NL', 'NLD', 528, 31, 2),
(151, 'Netherlands Antilles', 'AN', 'ANT', 530, 599, 2),
(152, 'New Caledonia', 'NC', 'NCL', 540, 687, 2),
(153, 'New Zealand', 'NZ', 'NZL', 554, 64, 2),
(154, 'Nicaragua', 'NI', 'NIC', 558, 505, 2),
(155, 'Niger', 'NE', 'NER', 562, 227, 2),
(156, 'Nigeria', 'NG', 'NGA', 566, 234, 2),
(157, 'Niue', 'NU', 'NIU', 570, 683, 2),
(158, 'Norfolk Island', 'NF', 'NFK', 574, 672, 2),
(159, 'Northern Mariana Islands', 'MP', 'MNP', 580, 1670, 2),
(160, 'Norway', 'NO', 'NOR', 578, 47, 2),
(161, 'Oman', 'OM', 'OMN', 512, 968, 2),
(162, 'Pakistan', 'PK', 'PAK', 586, 92, 2),
(163, 'Palau', 'PW', 'PLW', 585, 680, 2),
(164, 'Palestinian Territory, Occupied', 'PS', NULL, NULL, 970, 2),
(165, 'Panama', 'PA', 'PAN', 591, 507, 2),
(166, 'Papua New Guinea', 'PG', 'PNG', 598, 675, 2),
(167, 'Paraguay', 'PY', 'PRY', 600, 595, 2),
(168, 'Peru', 'PE', 'PER', 604, 51, 2),
(169, 'Philippines', 'PH', 'PHL', 608, 63, 2),
(170, 'Pitcairn', 'PN', 'PCN', 612, 0, 2),
(171, 'Poland', 'PL', 'POL', 616, 48, 2),
(172, 'Portugal', 'PT', 'PRT', 620, 351, 2),
(173, 'Puerto Rico', 'PR', 'PRI', 630, 1787, 2),
(174, 'Qatar', 'QA', 'QAT', 634, 974, 2),
(175, 'Reunion', 'RE', 'REU', 638, 262, 2),
(176, 'Romania', 'RO', 'ROM', 642, 40, 2),
(177, 'Russian Federation', 'RU', 'RUS', 643, 70, 2),
(178, 'Rwanda', 'RW', 'RWA', 646, 250, 2),
(179, 'Saint Helena', 'SH', 'SHN', 654, 290, 2),
(180, 'Saint Kitts and Nevis', 'KN', 'KNA', 659, 1869, 2),
(181, 'Saint Lucia', 'LC', 'LCA', 662, 1758, 2),
(182, 'Saint Pierre and Miquelon', 'PM', 'SPM', 666, 508, 2),
(183, 'Saint Vincent and the Grenadines', 'VC', 'VCT', 670, 1784, 2),
(184, 'Samoa', 'WS', 'WSM', 882, 684, 2),
(185, 'San Marino', 'SM', 'SMR', 674, 378, 2),
(186, 'Sao Tome and Principe', 'ST', 'STP', 678, 239, 2),
(187, 'Saudi Arabia', 'SA', 'SAU', 682, 966, 2),
(188, 'Senegal', 'SN', 'SEN', 686, 221, 2),
(189, 'Serbia and Montenegro', 'CS', NULL, NULL, 381, 2),
(190, 'Seychelles', 'SC', 'SYC', 690, 248, 2),
(191, 'Sierra Leone', 'SL', 'SLE', 694, 232, 2),
(192, 'Singapore', 'SG', 'SGP', 702, 65, 2),
(193, 'Slovakia', 'SK', 'SVK', 703, 421, 2),
(194, 'Slovenia', 'SI', 'SVN', 705, 386, 2),
(195, 'Solomon Islands', 'SB', 'SLB', 90, 677, 2),
(196, 'Somalia', 'SO', 'SOM', 706, 252, 2),
(197, 'South Africa', 'ZA', 'ZAF', 710, 27, 2),
(198, 'South Georgia and the South Sandwich Islands', 'GS', NULL, NULL, 0, 2),
(199, 'Spain', 'ES', 'ESP', 724, 34, 2),
(200, 'Sri Lanka', 'LK', 'LKA', 144, 94, 2),
(201, 'Sudan', 'SD', 'SDN', 736, 249, 2),
(202, 'Suriname', 'SR', 'SUR', 740, 597, 2),
(203, 'Svalbard and Jan Mayen', 'SJ', 'SJM', 744, 47, 2),
(204, 'Swaziland', 'SZ', 'SWZ', 748, 268, 2),
(205, 'Sweden', 'SE', 'SWE', 752, 46, 2),
(206, 'Switzerland', 'CH', 'CHE', 756, 41, 2),
(207, 'Syrian Arab Republic', 'SY', 'SYR', 760, 963, 2),
(208, 'Taiwan, Province of China', 'TW', 'TWN', 158, 886, 2),
(209, 'Tajikistan', 'TJ', 'TJK', 762, 992, 2),
(210, 'Tanzania, United Republic of', 'TZ', 'TZA', 834, 255, 2),
(211, 'Thailand', 'TH', 'THA', 764, 66, 2),
(212, 'Timor-Leste', 'TL', NULL, NULL, 670, 2),
(213, 'Togo', 'TG', 'TGO', 768, 228, 2),
(214, 'Tokelau', 'TK', 'TKL', 772, 690, 2),
(215, 'Tonga', 'TO', 'TON', 776, 676, 2),
(216, 'Trinidad and Tobago', 'TT', 'TTO', 780, 1868, 2),
(217, 'Tunisia', 'TN', 'TUN', 788, 216, 2),
(218, 'Turkey', 'TR', 'TUR', 792, 90, 2),
(219, 'Turkmenistan', 'TM', 'TKM', 795, 7370, 2),
(220, 'Turks and Caicos Islands', 'TC', 'TCA', 796, 1649, 2),
(221, 'Tuvalu', 'TV', 'TUV', 798, 688, 2),
(222, 'Uganda', 'UG', 'UGA', 800, 256, 2),
(223, 'Ukraine', 'UA', 'UKR', 804, 380, 2),
(224, 'United Arab Emirates', 'AE', 'ARE', 784, 971, 2),
(225, 'United Kingdom', 'GB', 'GBR', 826, 44, 2),
(226, 'United States', 'US', 'USA', 840, 1, 2),
(227, 'United States Minor Outlying Islands', 'UM', NULL, NULL, 1, 2),
(228, 'Uruguay', 'UY', 'URY', 858, 598, 2),
(229, 'Uzbekistan', 'UZ', 'UZB', 860, 998, 2),
(230, 'Vanuatu', 'VU', 'VUT', 548, 678, 2),
(231, 'Venezuela', 'VE', 'VEN', 862, 58, 2),
(232, 'Viet Nam', 'VN', 'VNM', 704, 84, 1),
(233, 'Virgin Islands, British', 'VG', 'VGB', 92, 1284, 2),
(234, 'Virgin Islands, U.s.', 'VI', 'VIR', 850, 1340, 2),
(235, 'Wallis and Futuna', 'WF', 'WLF', 876, 681, 2),
(236, 'Western Sahara', 'EH', 'ESH', 732, 212, 2),
(237, 'Yemen', 'YE', 'YEM', 887, 967, 2),
(238, 'Zambia', 'ZM', 'ZMB', 894, 260, 2),
(239, 'Zimbabwe', 'ZW', 'ZWE', 716, 263, 2);

-- --------------------------------------------------------

--
-- Table structure for table `customeraddress`
--

CREATE TABLE `customeraddress` (
  `CustomerAddressId` int(11) NOT NULL,
  `CustomerId` int(11) NOT NULL,
  `CustomerName` varchar(250) NOT NULL,
  `Email` varchar(100) NOT NULL,
  `PhoneNumber` varchar(15) NOT NULL,
  `Address` varchar(250) NOT NULL,
  `ProvinceId` tinyint(4) NOT NULL,
  `DistrictId` smallint(6) NOT NULL,
  `WardId` smallint(6) NOT NULL,
  `CountryId` smallint(6) NOT NULL,
  `ZipCode` varchar(45) NOT NULL,
  `CrUserId` int(11) NOT NULL,
  `CrDateTime` datetime NOT NULL
) ENGINE=InnoDB DEFAULT CHARSET=utf8;

--
-- Dumping data for table `customeraddress`
--

INSERT INTO `customeraddress` (`CustomerAddressId`, `CustomerId`, `CustomerName`, `Email`, `PhoneNumber`, `Address`, `ProvinceId`, `DistrictId`, `WardId`, `CountryId`, `ZipCode`, `CrUserId`, `CrDateTime`) VALUES
(1, 67, 'Huyền Trang', '', '0933401896', 'Phòng 4 tầng 10 khu B2 Chung Cư The Park Residence, huyện Nhà Bè, TP HCM', 50, 486, 0, 232, '0', 14, '2018-03-01 10:13:43'),
(2, 15, 'Dân giang Hồ', '', '01667214198', 'kcn mỹ phước 3,p, thới hoà, thị xã Bến cát, bình dương', 47, 523, 0, 232, '0', 14, '2018-03-03 15:54:27'),
(3, 85, 'Nguyễn Nhật Tâm', '', '01644105853', '340/11, quang trung, p10, quận gò vấp, Tp hồ chí minh,', 50, 478, 0, 232, '0', 3, '2018-03-04 08:29:20'),
(4, 98, 'a Chí', '', '0975670426', 'thái tân, nam sách, hải dương', 19, 63, 10642, 232, '0', 19, '2018-03-05 16:08:34'),
(5, 108, 'Nguyễn Tiến Đạt', '', '0869873804', '908/10/13 ấp 5, Xã Phú Xuân, Nhà Bè, Tp HCM', 50, 486, 0, 232, '0', 14, '2018-03-08 16:25:28'),
(6, 116, 'Dương Phát Tiến', '', '‭01658256177‬', 'Gửi về bưu điện tỉnh Sóc Trăng', 61, 0, 0, 232, '0', 14, '2018-03-09 13:31:04'),
(7, 128, 'Nguyễn Văn Hạnh', '', '01675514769', 'yên dũng tiến dũng', 15, 224, 0, 232, '0', 24, '2018-03-10 15:29:16'),
(8, 130, 'ĐỚI SỸ VŨ', '', '01675016537', '1351/17 PHAN VĂN TRỊ, Phường 10, Quận GÒ VẤP, TPHCM ( 0931539537)', 50, 478, 0, 232, '0', 14, '2018-03-10 15:30:39'),
(9, 134, 'Nguyễn Quang Khải', '', '0913322680', '1/31 ngõ yên thế, phường Quang Trung, TP Nam Đinhh', 24, 92, 0, 232, '0', 14, '2018-03-12 10:33:46'),
(10, 151, 'Trần Văn Cảnh', '', '0942203398', 'Xóm 6 Hải Cường Hải -Hải Hậu - Nam Định', 24, 101, 0, 232, '0', 14, '2018-03-13 08:41:01'),
(11, 170, 'Anh Thuận', '', '01684739947', '154/16 Đình Thôn, Mỹ Đình, Hà Nội', 1, 9, 0, 232, '0', 14, '2018-03-15 09:49:08'),
(12, 170, 'Anh Thuận', '', '01684739947', '154/16 Đình Thôn, Mỹ Đình, Hà Nội', 1, 811, 0, 232, '0', 14, '2018-03-15 09:49:32'),
(13, 170, 'Anh Thuận', '', '01684739947', '154/16 Đình Thôn, Mỹ Đình, Hà Nội', 1, 12, 0, 232, '0', 14, '2018-03-15 09:51:19'),
(14, 170, 'Anh Thuận', '', '01684739947', '154/16 Đình Thôn. Mỹ Đình, Hà Nội', 1, 12, 0, 232, '0', 14, '2018-03-15 09:54:58'),
(15, 232, 'Huỳnh Ngọc Đạt', '', '01284662678', '25/03 Hà Thanh, phường Vạn Thắng, thành phố Nha Trang, tỉnh Khánh Hoà', 37, 417, 0, 232, '0', 14, '2018-03-23 15:33:17'),
(16, 263, 'Hoàng Việt Anh', '', '0961987993', 'Số nhà 24 ngõ 157/23 phố pháo đài láng- đống đa hà nội', 1, 6, 0, 232, '0', 14, '2018-03-27 10:19:35'),
(17, 280, 'Bạn Hương', '', '0974641123', '124 Lạc Long Quân, Nghĩa Đô, Cầu Giấy, Hà Nội', 1, 702, 0, 232, '0', 21, '2018-03-28 16:02:12'),
(18, 280, 'Bạn Hương', '', '0974641123', '124 Lạc Long Quân, Bưởi, Tây Hồ, Hà Nội', 1, 702, 0, 232, '0', 21, '2018-03-28 16:24:34'),
(19, 290, 'Hoàng Hữu Đức', '', '01643390102', '74/2 khu phố 11,  An Bình, Biên Hoà, Đồng Nai', 48, 527, 0, 232, '0', 14, '2018-03-29 10:00:31'),
(20, 319, 'Khách VIP ALEX', '', '0932149299', 'Block C, Imperia An Phú, P.An Phú, Quận 2, TP.HCM', 50, 467, 0, 232, '0', 14, '2018-04-02 15:55:59'),
(21, 335, 'Hoàng Thuận', '', '01652355679', '351 Nguyễn Thái Học, Qui Nhơn, Bình Định', 35, 397, 0, 232, '0', 14, '2018-04-05 16:19:38'),
(22, 357, 'Trần Ngọc Hải', '', '0938250185', 'Số nhà 396 Ấp Kinh 4A, Xã Tân Hiệp A, huyện Tân Hiệp, tỉnh Kiên Giang', 58, 624, 0, 232, '0', 14, '2018-04-08 14:12:29'),
(23, 403, 'Nguyễn Văn Khánh', '', '0934777846', '100/102 Thống Nhất, Phường Vạn Thắng, Tp Nha Trang', 37, 417, 0, 232, '', 14, '2018-04-16 08:45:29'),
(24, 8, 'Nguyễn Hồng Quang', 'ricky11211rqrqr1422rqrqrrqrq3@gmail.com', '0961571650', 'Ngõ 38, tổ 38, cụm 5, Phường Xuân La, Quận Tây Hồ, Hà Nội', 1, 3, 0, 232, '', 14, '2018-04-17 15:08:20'),
(25, 71, 'Đỗ Ngọc Vương Anh', 'rnkgnqkangnn@gmail.com', '0912035323', '30 Nguyễn Bính', 26, 273, 0, 232, '0', 21, '2018-04-17 16:22:31'),
(26, 434, 'Nguyễn Tiến Đức', '', '01627316838', 'Gần Cổng trường THPT Tiên Du', 18, 55, 0, 232, '', 14, '2018-04-19 14:30:53'),
(27, 437, 'Nguyễn Dũng', '', '01669753472', 'Đến nơi gọi khách', 1, 34, 9013, 232, '', 21, '2018-04-19 21:15:02'),
(28, 389, 'Nguyễn Công Ngọc', '', '0981007879 - 09', '195 tổ 7 kp2 chợ sáng', 47, 720, 25777, 232, '', 14, '2018-04-22 10:29:04'),
(29, 476, 'Anh Phúc', '', '0995599999', '890 Trương Định', 1, 5, 298, 232, '', 21, '2018-04-26 13:37:39'),
(30, 480, 'Hải Anh', '', '01695009161', 'Gần giáo xứ Hà Nội ( Công Viên 30-4), Tân Biên, Biên Hoà, Đồng Nai', 48, 527, 25999, 232, '', 14, '2018-04-27 08:26:37'),
(31, 538, 'Phạm Văn Điển', '', '0987467008', 'Thôn sổ, Cẩm Bình, Cẩm Thuỷ, Thanh Hoá', 26, 280, 15151, 232, '', 3, '2018-05-10 10:52:56');

-- --------------------------------------------------------

--
-- Table structure for table `customercomments`
--

CREATE TABLE `customercomments` (
  `CustomerCommentId` int(11) NOT NULL,
  `CustomerId` int(11) NOT NULL,
  `UserId` int(11) NOT NULL,
  `Comment` varchar(250) NOT NULL,
  `CrDateTime` datetime NOT NULL
) ENGINE=InnoDB DEFAULT CHARSET=utf8;

--
-- Dumping data for table `customercomments`
--

INSERT INTO `customercomments` (`CustomerCommentId`, `CustomerId`, `UserId`, `Comment`, `CrDateTime`) VALUES
(1, 1, 3, '00', '2018-02-04 14:54:42'),
(2, 2, 3, 'KHÁCH KHÓ TÍNH VCL', '2018-02-04 20:07:31'),
(3, 1, 11, '250000', '2018-02-23 17:22:08'),
(4, 451, 14, 'khách muốn nhập số lượng lớn sản phẩm bên mình', '2018-04-22 11:01:02');

-- --------------------------------------------------------

--
-- Table structure for table `customerconsults`
--

CREATE TABLE `customerconsults` (
  `CustomerConsultId` int(11) NOT NULL,
  `ConsultTitle` varchar(250) NOT NULL,
  `CustomerId` int(11) NOT NULL,
  `FullName` varchar(250) NOT NULL,
  `PhoneNumber` varchar(15) NOT NULL,
  `Facebook` varchar(100) NOT NULL,
  `CustomerInfo` text NOT NULL,
  `ConsultDate` datetime NOT NULL,
  `RemindStatusId` int(11) NOT NULL,
  `UserId` int(11) NOT NULL,
  `PartId` smallint(6) NOT NULL,
  `OrderChannelId` tinyint(4) NOT NULL,
  `CTVId` int(11) NOT NULL,
  `OutOfDate` tinyint(4) NOT NULL,
  `TimeProcessed` tinyint(4) NOT NULL,
  `OrderId` int(11) NOT NULL,
  `CommentCancel` varchar(250) DEFAULT NULL,
  `CommentComplete` varchar(250) DEFAULT NULL,
  `CrUserId` int(11) NOT NULL,
  `CrDateTime` datetime NOT NULL,
  `UpdateUserId` int(11) DEFAULT NULL,
  `UpdateDateTime` datetime DEFAULT NULL
) ENGINE=InnoDB DEFAULT CHARSET=utf8;

--
-- Dumping data for table `customerconsults`
--

INSERT INTO `customerconsults` (`CustomerConsultId`, `ConsultTitle`, `CustomerId`, `FullName`, `PhoneNumber`, `Facebook`, `CustomerInfo`, `ConsultDate`, `RemindStatusId`, `UserId`, `PartId`, `OrderChannelId`, `CTVId`, `OutOfDate`, `TimeProcessed`, `OrderId`, `CommentCancel`, `CommentComplete`, `CrUserId`, `CrDateTime`, `UpdateUserId`, `UpdateDateTime`) VALUES
(1, '', 0, '32323', '098121211212', '', '', '0000-00-00 00:00:00', 0, 0, 0, 0, 0, 0, 0, 0, NULL, NULL, 3, '2018-05-09 21:13:25', NULL, NULL),
(2, '', 0, 'ghjgjg', '565454546546', '', '', '0000-00-00 00:00:00', 0, 0, 0, 0, 0, 0, 0, 0, NULL, NULL, 3, '2018-05-09 21:14:05', NULL, NULL),
(3, 'Xin tư vấn lại sản phẩm Audio Technica AT2021', 0, 'Hoàn', '01669136318', '', '', '0000-00-00 00:00:00', 1, 0, 0, 0, 0, 0, 0, 0, NULL, NULL, 1, '2018-05-10 08:40:46', NULL, NULL),
(4, 'Xin tư vấn lại sản phẩm Blue SparkSL', 0, 'rưerr', '0982111212', '', '', '0000-00-00 00:00:00', 1, 0, 0, 0, 0, 0, 0, 0, NULL, NULL, 3, '2018-05-10 13:53:57', NULL, NULL),
(5, 'Khách đặt hàng trên web', 541, 'test hệ thôngd', 'sdgsgsgsdg', '', '', '0000-00-00 00:00:00', 1, 0, 0, 1, 0, 0, 0, 0, NULL, NULL, 0, '2018-05-10 21:27:57', NULL, NULL),
(6, 'Khách đặt hàng trên web', 541, 'test hệ thôngd', 'sdgsgsgsdg', '', '', '0000-00-00 00:00:00', 1, 0, 0, 1, 0, 0, 0, 0, NULL, NULL, 0, '2018-05-10 21:27:57', NULL, NULL),
(7, 'test nháp', 3, 'Mr Ben', '0123456753', '', '', '2018-05-18 22:10:00', 4, 3, 0, 3, 0, 0, 0, 888, NULL, NULL, 3, '2018-05-10 22:14:32', 3, '2018-05-11 10:37:35'),
(8, 'Khách đặt hàng trên web', 0, '', '1649701710', '', '{\"CustomerEmail\":\"anhkiet.ptit@gmail.com\",\"CountryId\":\"232\",\"ProvinceId\":\"35\",\"DistrictId\":\"398\",\"WardId\":\"32271\",\"CustomerAddress\":\"Ha Noi\",\"ZipCode\":\"\"}', '2018-05-12 12:55:00', 1, 0, 0, 3, 0, 0, 1, 0, NULL, NULL, 0, '2018-05-11 18:10:22', 1, '2018-05-12 12:47:30'),
(9, 'nbbbbbv', 3, 'Mr Ben', '0123456753', '', '', '2018-05-12 15:15:00', 6, 1, 0, 3, 0, 0, 2, 894, 'ccccc ccccc vcrrrrr dddddddddddddddđ', NULL, 1, '2018-05-12 15:10:54', 11, '2018-06-03 22:05:22'),
(10, 'bvvv', 541, 'test hệ thôngd', 'sdgsgsgsdg', '', '', '2018-05-19 15:55:00', 5, 1, 0, 3, 0, 0, 3, 0, NULL, NULL, 1, '2018-05-12 15:51:07', 1, '2018-05-20 17:53:40'),
(11, 'Xin tư vấn lại sản phẩm Audient iD4', 0, 'Hoàn 123', '11111111111', '', '', '2018-05-19 17:50:00', 1, 0, 11, 3, 0, 0, 2, 0, NULL, NULL, 0, '2018-05-19 16:48:52', 1, '2018-05-19 17:04:03'),
(12, 'Tư vấn Thái', 2, 'Thái Nguyễn', '01666092779', 'fbdsds', '', '2018-05-24 21:05:00', 1, 0, 11, 3, 0, 0, 0, 886, NULL, NULL, 1, '2018-05-23 21:27:53', NULL, NULL),
(13, 'bbbbbbbbb', 3, 'Mr Ben', '0123456753', '', '', '2018-06-08 10:50:00', 5, 0, 11, 3, 0, 0, 0, 1, NULL, 'hoan thnah aaaaâ aaaaâ aaaaaâ as', 1, '2018-06-02 08:42:25', NULL, NULL),
(14, 'gfff', 3, 'Mr Ben', '0123456753', '', '', '2018-06-07 21:50:00', 5, 0, 11, 3, 0, 0, 2, 895, NULL, 'hoan thnahbbbbbb  ggggggg', 1, '2018-06-03 21:49:51', 11, '2018-06-04 18:07:37'),
(15, 'ggg', 5, 'nguyễn tuấn ngàn', '0973752542', '', '', '2018-06-20 14:30:00', 5, 0, 11, 3, 0, 0, 1, 0, NULL, 'uỵtt dfmnjdjsd rkrkr tklrjkrnm', 11, '2018-06-04 14:29:36', 11, '2018-06-04 16:48:08');

-- --------------------------------------------------------

--
-- Table structure for table `customerconsultusers`
--

CREATE TABLE `customerconsultusers` (
  `CustomerConsultUserId` int(11) NOT NULL,
  `ConsultSellId` int(11) NOT NULL,
  `CustomerConsultId` int(11) NOT NULL,
  `UserId` int(11) NOT NULL COMMENT 'ng tao don',
  `IsCrOrder` tinyint(4) DEFAULT NULL,
  `Percent` tinyint(4) NOT NULL,
  `Comment` varchar(650) NOT NULL,
  `ConsultCommentId` int(11) NOT NULL,
  `CrDateTime` datetime NOT NULL,
  `UpdateDateTime` datetime DEFAULT NULL
) ENGINE=InnoDB DEFAULT CHARSET=utf8;

--
-- Dumping data for table `customerconsultusers`
--

INSERT INTO `customerconsultusers` (`CustomerConsultUserId`, `ConsultSellId`, `CustomerConsultId`, `UserId`, `IsCrOrder`, `Percent`, `Comment`, `ConsultCommentId`, `CrDateTime`, `UpdateDateTime`) VALUES
(1, 1, 13, 1, 2, 65, 'a chốt chính', 0, '2018-06-03 00:00:00', '2018-06-03 21:31:26'),
(2, 1, 13, 3, 1, 25, 'a chốt thứ 2', 0, '2018-06-03 00:00:00', '2018-06-03 21:28:52'),
(3, 1, 13, 8, 1, 5, 'chốt thứ 3', 0, '2018-06-03 00:00:00', '2018-06-03 21:29:50'),
(4, 1, 13, 11, 1, 5, 'chốt thưs 4', 0, '2018-06-03 00:00:00', '2018-06-03 21:30:29'),
(5, 2, 12, 14, 2, 0, '', 0, '2018-06-03 00:00:00', NULL),
(6, 2, 12, 19, 1, 0, '', 0, '2018-06-03 00:00:00', NULL),
(7, 4, 0, 1, 2, 0, '', 0, '2018-06-03 21:47:50', NULL),
(8, 5, 9, 11, 2, 0, '', 0, '2018-06-03 21:51:00', NULL),
(15, 0, 14, 1, 1, 15, 'bnb', 16, '2018-06-04 14:05:47', '2018-06-04 14:07:50'),
(17, 0, 14, 11, 1, 35, 'ff', 18, '2018-06-04 14:11:52', '2018-06-04 14:11:59'),
(18, 0, 15, 11, 1, 70, 'uu76', 19, '2018-06-04 14:30:06', '2018-06-04 14:30:17'),
(19, 7, 0, 11, 2, 0, '', 0, '2018-06-04 16:30:36', NULL),
(20, 8, 0, 11, 2, 0, '', 0, '2018-06-07 18:31:01', NULL),
(21, 9, 0, 11, 2, 0, '', 0, '2018-06-07 19:54:39', NULL);

-- --------------------------------------------------------

--
-- Table structure for table `customergroupcustomers`
--

CREATE TABLE `customergroupcustomers` (
  `CustomerGroupCustomerId` int(11) NOT NULL,
  `CustomerId` int(11) NOT NULL,
  `CustomerGroupId` smallint(6) NOT NULL
) ENGINE=InnoDB DEFAULT CHARSET=utf8;

-- --------------------------------------------------------

--
-- Table structure for table `customergroups`
--

CREATE TABLE `customergroups` (
  `CustomerGroupId` smallint(6) NOT NULL,
  `CustomerGroupCode` varchar(45) COLLATE utf8_unicode_ci NOT NULL,
  `CustomerGroupName` varchar(250) COLLATE utf8_unicode_ci NOT NULL,
  `CustomerKindId` tinyint(4) NOT NULL,
  `StatusId` tinyint(4) NOT NULL,
  `FilterId` smallint(6) NOT NULL,
  `CrUserId` int(11) NOT NULL,
  `CrDateTime` datetime NOT NULL,
  `UpdateUserId` int(11) DEFAULT NULL,
  `UpdateDateTime` datetime DEFAULT NULL
) ENGINE=MyISAM DEFAULT CHARSET=utf8 COLLATE=utf8_unicode_ci;

--
-- Dumping data for table `customergroups`
--

INSERT INTO `customergroups` (`CustomerGroupId`, `CustomerGroupCode`, `CustomerGroupName`, `CustomerKindId`, `StatusId`, `FilterId`, `CrUserId`, `CrDateTime`, `UpdateUserId`, `UpdateDateTime`) VALUES
(1, 'NKH-10001', 'SUPREME', 1, 2, 0, 0, '0000-00-00 00:00:00', NULL, NULL),
(2, 'NKH-10002', 'Khách đã mua hàng', 1, 2, 0, 0, '0000-00-00 00:00:00', NULL, NULL),
(3, 'NKH-10003', 'vncvn', 1, 0, 0, 0, '0000-00-00 00:00:00', NULL, NULL),
(4, 'NKH-10004', 'NHÓM A', 1, 0, 0, 0, '0000-00-00 00:00:00', NULL, NULL),
(5, 'NKH-10005', 'Khách cute', 1, 0, 0, 0, '0000-00-00 00:00:00', NULL, NULL),
(6, 'NKH-10006', 'nhóm vip trên 5 tr', 1, 0, 0, 0, '0000-00-00 00:00:00', NULL, NULL);

-- --------------------------------------------------------

--
-- Table structure for table `customers`
--

CREATE TABLE `customers` (
  `CustomerId` int(11) NOT NULL,
  `FirstName` varchar(150) NOT NULL,
  `LastName` varchar(150) NOT NULL,
  `FullName` varchar(250) NOT NULL,
  `PhoneNumber` varchar(15) NOT NULL,
  `PhoneNumber2` varchar(15) DEFAULT NULL,
  `Email` varchar(100) NOT NULL,
  `GenderId` tinyint(4) NOT NULL,
  `StatusId` tinyint(4) NOT NULL,
  `BirthDay` datetime DEFAULT NULL,
  `CustomerTypeId` tinyint(4) NOT NULL,
  `CustomerKindId` tinyint(4) NOT NULL,
  `CountryId` smallint(6) NOT NULL,
  `ProvinceId` tinyint(4) NOT NULL,
  `DistrictId` smallint(6) NOT NULL,
  `WardId` smallint(6) NOT NULL,
  `ZipCode` varchar(45) DEFAULT NULL,
  `Address` varchar(250) NOT NULL,
  `CustomerGroupId` smallint(6) NOT NULL,
  `Facebook` varchar(100) DEFAULT NULL,
  `Comment` varchar(650) DEFAULT NULL,
  `CareStaffId` int(11) NOT NULL,
  `DiscountTypeId` smallint(6) NOT NULL,
  `PaymentTimeId` smallint(6) NOT NULL,
  `PositionName` varchar(250) DEFAULT NULL,
  `CompanyName` varchar(250) DEFAULT NULL,
  `TaxCode` varchar(15) DEFAULT NULL,
  `DebtCost` int(11) NOT NULL,
  `Balance` int(11) NOT NULL,
  `Password` varchar(100) NOT NULL,
  `IsReceiveAd` tinyint(2) NOT NULL DEFAULT '1',
  `CTVId` int(11) NOT NULL,
  `CrUserId` int(11) NOT NULL,
  `CrDateTime` datetime NOT NULL,
  `UpdateUserId` int(11) DEFAULT NULL,
  `UpdateDateTime` datetime DEFAULT NULL
) ENGINE=InnoDB DEFAULT CHARSET=utf8;

-- --------------------------------------------------------

--
-- Table structure for table `deliverysmsstatus`
--

CREATE TABLE `deliverysmsstatus` (
  `DeliverySMSStatusId` int(11) NOT NULL,
  `SMSLogId` int(11) NOT NULL,
  `TranId` varchar(45) NOT NULL,
  `PhoneNumber` varchar(45) NOT NULL,
  `StatusId` smallint(6) NOT NULL,
  `CrDateTime` datetime NOT NULL
) ENGINE=InnoDB DEFAULT CHARSET=utf8;

-- --------------------------------------------------------

--
-- Table structure for table `districts`
--

CREATE TABLE `districts` (
  `DistrictId` smallint(6) NOT NULL,
  `DistrictName` varchar(250) COLLATE utf8_unicode_ci NOT NULL,
  `ProvinceId` tinyint(4) NOT NULL,
  `GHNSupport` varchar(45) COLLATE utf8_unicode_ci DEFAULT NULL,
  `TTCSupport` varchar(45) COLLATE utf8_unicode_ci DEFAULT NULL,
  `VNPTSupport` varchar(45) COLLATE utf8_unicode_ci DEFAULT NULL,
  `ViettelPostSupport` varchar(45) COLLATE utf8_unicode_ci DEFAULT NULL,
  `ShipChungSupport` varchar(45) COLLATE utf8_unicode_ci DEFAULT NULL,
  `GHNDistrictCode` varchar(45) COLLATE utf8_unicode_ci DEFAULT NULL,
  `ViettelPostDistrictCode` varchar(45) COLLATE utf8_unicode_ci DEFAULT NULL,
  `ShipChungDistrictCode` varchar(45) COLLATE utf8_unicode_ci DEFAULT NULL,
  `DisplayOrder` smallint(6) NOT NULL
) ENGINE=MyISAM DEFAULT CHARSET=utf8 COLLATE=utf8_unicode_ci;

--
-- Dumping data for table `districts`
--

INSERT INTO `districts` (`DistrictId`, `DistrictName`, `ProvinceId`, `GHNSupport`, `TTCSupport`, `VNPTSupport`, `ViettelPostSupport`, `ShipChungSupport`, `GHNDistrictCode`, `ViettelPostDistrictCode`, `ShipChungDistrictCode`, `DisplayOrder`) VALUES
(485, 'Huyện Bình Chánh', 50, '1', '1', '1', '1', '1', '0220', 'HCM.7380', '52.567', 1),
(487, 'Huyện Cần Giờ', 50, '0', '1', '1', '1', '1', NULL, 'HCM.7590', '52.559', 1),
(483, 'Huyện Củ Chi', 50, '1', '1', '1', '1', '1', '0221', 'HCM.7330', '52.553', 1),
(484, 'Huyện Hóc Môn', 50, '1', '1', '1', '1', '1', '0222', 'HCM.7310', '52.563', 1),
(486, 'Huyện Nhà Bè', 50, '1', '1', '1', '1', '1', '0223', 'HCM.7580', '52.554', 1),
(466, 'Quận 1', 50, '1', '1', '1', '1', '1', '0201', 'HCM.7100', '52.560', 1),
(475, 'Quận 10', 50, '1', '1', '1', '1', '1', '0210', 'HCM.7400', '52.555', 1),
(476, 'Quận 11', 50, '1', '1', '1', '1', '1', '0211', 'HCM.7430', '52.562', 1),
(477, 'Quận 12', 50, '1', '1', '1', '1', '1', '0212', 'HCM.7290', '52.557', 1),
(467, 'Quận 2', 50, '1', '1', '1', '1', '1', '0202', 'HCM.7130', '52.571', 1),
(468, 'Quận 3', 50, '1', '1', '1', '1', '1', '0203', 'HCM.7220', '52.550', 1),
(469, 'Quận 4', 50, '1', '1', '1', '1', '1', '0204', 'HCM.7540', '52.566', 1),
(470, 'Quận 5', 50, '1', '1', '1', '1', '1', '0205', 'HCM.7480', '52.549', 1),
(471, 'Quận 6', 50, '1', '1', '1', '1', '1', '0206', 'HCM.7460', '52.548', 1),
(472, 'Quận 7', 50, '1', '1', '1', '1', '1', '0207', 'HCM.7560', '52.556', 1),
(473, 'Quận 8', 50, '1', '1', '1', '1', '1', '0208', 'HCM.7510', '52.565', 1),
(474, 'Quận 9', 50, '1', '1', '1', '1', '1', '0209', 'HCM.7150', '52.558', 1),
(480, 'Quận Bình Thạnh', 50, '1', '1', '1', '1', '1', '0216', 'HCM.7170', '52.569', 1),
(679, 'Quận Bình Tân', 50, '1', '1', '1', '1', '1', '0219', 'HCM.7620', '52.564', 1),
(478, 'Quận Gò Vấp', 50, '1', '1', '1', '1', '1', '0213', 'HCM.7270', '52.561', 1),
(481, 'Quận Phú Nhuận', 50, '1', '1', '1', '1', '1', '0217', 'HCM.7250', '52.570', 1),
(482, 'Quận Thủ Đức', 50, '1', '1', '1', '1', '1', '0218', 'HCM.7200', '52.568', 1),
(479, 'Quận Tân Bình', 50, '1', '1', '1', '1', '1', '0214', 'HCM.7360', '52.551', 1),
(680, 'Quận Tân Phú', 50, '1', '1', '1', '1', '1', '0215', 'HCM.7600', '52.552', 1),
(699, 'Huyện Ba Vì', 1, '1', '1', '1', '1', '1', '1B17', 'HNI.1547', '18.164', 1),
(700, 'Huyện Chương Mỹ', 1, '1', '1', '1', '1', '1', '1B21', 'HNI.1561', '18.169', 1),
(11, 'Huyện Gia Lâm', 1, '1', '1', '1', '1', '1', '1A12', 'HNI.1310', '18.172', 1),
(702, 'Huyện Hoài Đức', 1, '1', '1', '1', '1', '1', '1B23', 'HNI.1529', '18.166', 1),
(34, 'Huyện Mê Linh', 1, '1', '1', '1', '1', '1', '1B29', 'HNI.1420', '18.175', 1),
(703, 'Huyện Mỹ Đức', 1, '1', '1', '1', '1', '1', '1B25', 'HNI.1576', '18.182', 1),
(704, 'Huyện Phú Xuyên', 1, '1', '1', '1', '1', '1', '1B28', 'HNI.1580', '18.184', 1),
(705, 'Huyện Phúc Thọ', 1, '1', '1', '1', '1', '1', '1B18', 'HNI.1536', '18.179', 1),
(706, 'Huyện Quốc Oai', 1, '1', '1', '1', '1', '1', '1B20', 'HNI.1557', '18.187', 1),
(9, 'Huyện Sóc Sơn', 1, '1', '1', '1', '1', '1', '1A14', 'HNI.1390', '18.171', 1),
(708, 'Huyện Thanh Oai', 1, '1', '1', '1', '1', '1', '1B24', 'HNI.1567', '18.180', 1),
(13, 'Huyện Thanh Trì', 1, '1', '1', '1', '1', '1', '1A11', 'HNI.1340', '18.176', 1),
(710, 'Huyện Thường Tín', 1, '1', '1', '1', '1', '1', '1B27', 'HNI.1585', '18.181', 1),
(707, 'Huyện Thạch Thất', 1, '1', '1', '1', '1', '1', '1B19', 'HNI.1553', '18.168', 1),
(12, 'Huyện Từ Liêm', 1, '0', '1', '0', '1', '0', NULL, 'HNI.1290', NULL, 1),
(701, 'Huyện Đan Phượng', 1, '1', '1', '1', '1', '1', '1B22', 'HNI.1533', '18.185', 1),
(10, 'Huyện Đông Anh', 1, '1', '1', '1', '1', '1', '1A13', 'HNI.1360', '18.188', 1),
(711, 'Huyện Ứng Hòa', 1, '1', '1', '1', '1', '1', '1B26', 'HNI.1571', '18.177', 1),
(2, 'Quận Ba Đình', 1, '1', '1', '1', '1', '1', '1A01', 'HNI.1180', '18.189', 1),
(810, 'Quận Bắc Từ Liêm', 1, '1', '1', '1', '1', '1', '0110', 'HNI.1280', '18.717', 1),
(8, 'Quận Cầu Giấy', 1, '1', '1', '1', '1', '1', '1A06', 'HNI.1220', '18.178', 1),
(5, 'Quận Hai Bà Trưng', 1, '1', '1', '1', '1', '1', '1A03', 'HNI.1120', '18.173', 1),
(4, 'Quận Hoàn Kiếm', 1, '1', '1', '1', '1', '1', '1A02', 'HNI.1100', '18.163', 1),
(688, 'Quận Hoàng Mai', 1, '1', '1', '1', '1', '1', '1A08', 'HNI.1270', '18.167', 1),
(687, 'Quận Hà Đông', 1, '1', '1', '1', '1', '1', '1B15', 'HNI.1510', '18.170', 1),
(689, 'Quận Long Biên', 1, '1', '1', '1', '1', '1', '1A09', 'HNI.1250', '18.186', 1),
(811, 'Quận Nam Từ Liêm', 1, '1', '1', '1', '1', '1', '0130', 'HNI.1260', '18.165', 1),
(7, 'Quận Thanh Xuân', 1, '1', '1', '1', '1', '1', '1A07', 'HNI.1200', '18.190', 1),
(3, 'Quận Tây Hồ', 1, '1', '1', '1', '1', '1', '1A05', 'HNI.1240', '18.174', 1),
(6, 'Quận Đống Đa', 1, '1', '1', '1', '1', '1', '1A04', 'HNI.1150', '18.191', 1),
(698, 'Thị xã Sơn Tây', 1, '1', '1', '1', '1', '1', '1B16', 'HNI.1540', '18.183', 1),
(365, 'Huyện Hòa Vang', 32, '1', '1', '1', '1', '1', '0406', 'DNG.5564', '35.378', 1),
(366, 'Huyện Đảo Hoàng Sa', 32, '0', '1', '1', '1', '1', NULL, 'DNG.5573', '35.380', 1),
(685, 'Quận Cẩm Lệ', 32, '1', '1', '1', '1', '1', '0407', 'DNG.5574', '35.373', 1),
(360, 'Quận Hải Châu', 32, '1', '1', '1', '1', '1', '0401', 'DNG.5510', '35.376', 1),
(364, 'Quận Liên Chiểu', 32, '1', '1', '1', '1', '1', '0405', 'DNG.5557', '35.379', 1),
(363, 'Quận Ngũ Hành Sơn', 32, '1', '1', '1', '1', '1', '0404', 'DNG.5568', '35.375', 1),
(362, 'Quận Sơn Trà', 32, '1', '1', '1', '1', '1', '0403', 'DNG.5533', '35.377', 1),
(361, 'Quận Thanh Khê', 32, '1', '1', '1', '1', '1', '0402', 'DNG.5542', '35.374', 1),
(584, 'Huyện An Phú', 57, '1', '1', '1', '1', '1', '5103', 'AGG.8837', '56.598', 1),
(587, 'Huyện Châu Phú', 57, '1', '1', '1', '1', '1', '5108', 'AGG.8828', '56.600', 1),
(591, 'Huyện Châu Thành', 57, '1', '1', '1', '1', '1', '5110', 'AGG.8822', '56.603', 1),
(590, 'Huyện Chợ Mới', 57, '1', '1', '1', '1', '1', '5109', 'AGG.8816', '56.599', 1),
(586, 'Huyện Phú Tân', 57, '1', '1', '1', '1', '1', '5105', 'AGG.8825', '56.595', 1),
(592, 'Huyện Thoại Sơn', 57, '1', '1', '1', '1', '1', '5111', 'AGG.8846', '56.596', 1),
(589, 'Huyện Tri Tôn', 57, '1', '1', '1', '1', '1', '5107', 'AGG.8843', '56.604', 1),
(588, 'Huyện Tịnh Biên', 57, '1', '1', '1', '1', '1', '5106', 'AGG.8840', '56.602', 1),
(582, 'Thành Phố Long Xuyên', 57, '1', '1', '1', '1', '1', '5101', 'AGG.8810', '56.597', 1),
(583, 'Thành phố Châu Đốc', 57, '1', '1', '1', '1', '1', '5102', 'AGG.8830', '56.594', 1),
(585, 'Thị xã Tân Châu', 57, '1', '1', '1', '1', '1', '5104', 'AGG.8834', '56.601', 1),
(549, 'Huyện Châu Đức', 49, '1', '1', '1', '1', '1', '5207', 'VTU.7953', '54.591', 1),
(553, 'Huyện Côn Đảo', 49, '1', '1', '1', '1', '1', '5205', 'VTU.7943', '54.589', 1),
(692, 'Huyện Long Điền', 49, '1', '1', '1', '1', '1', '5204', 'VTU.7944', '54.590', 1),
(552, 'Huyện Long Đất', 49, '0', '1', '0', '0', '0', NULL, NULL, NULL, 1),
(551, 'Huyện Tân Thành', 49, '1', '1', '1', '1', '1', '5206', 'VTU.7956', '54.587', 1),
(550, 'Huyện Xuyên Mộc', 49, '1', '1', '1', '1', '1', '5203', 'VTU.7948', '54.588', 1),
(693, 'Huyện Đất Đỏ', 49, '1', '1', '1', '1', '1', '5208', 'VTU.7946', '54.593', 1),
(548, 'Thành phố Bà Rịa', 49, '1', '1', '1', '1', '1', '5202', 'VTU.7951', '54.586', 1),
(547, 'Thành phố Vũng Tàu', 49, '1', '1', '1', '1', '1', '5201', 'VTU.7910', '54.592', 1),
(691, 'Thị trấn Phú Mỹ', 49, '0', '1', '0', '0', '0', NULL, NULL, NULL, 1),
(719, 'Huyện Bàu Bàng', 47, '1', '1', '1', '1', '1', '4408', 'BDG.8248', '49.708', 1),
(722, 'Huyện Bắc Tân Uyên', 47, '1', '1', '1', '1', '1', '4409', 'BDG.8247', '49.710', 1),
(720, 'Huyện Dầu Tiếng', 47, '1', '1', '1', '1', '1', '4407', 'BDG.8236', '49.523', 1),
(721, 'Huyện Phú Giáo', 47, '1', '1', '1', '1', '1', '4406', 'BDG.8228', '49.526', 1),
(522, 'Thành phố Thủ Dầu Một', 47, '1', '1', '1', '1', '1', '4401', 'BDG.8210', '49.524', 1),
(523, 'Thị xã Bến Cát', 47, '1', '1', '1', '1', '1', '4402', 'BDG.8231', '49.522', 1),
(681, 'Thị xã Dĩ An', 47, '1', '1', '1', '1', '1', '4405', 'BDG.8246', '49.521', 1),
(525, 'Thị xã Thuận An', 47, '1', '1', '1', '1', '1', '4404', 'BDG.8239', '49.525', 1),
(524, 'Thị xã Tân Uyên', 47, '1', '1', '1', '1', '1', '4403', 'BDG.8223', '49.520', 1),
(724, 'Huyện Bù Gia Mập', 45, '1', '1', '1', '1', '1', '4310', 'BPC.8340', '45.487', 1),
(509, 'Huyện Bù Đăng', 45, '1', '1', '1', '1', '1', '4308', 'BPC.8317', '45.491', 1),
(723, 'Huyện Bù Đốp', 45, '1', '1', '1', '1', '1', '4306', 'BPC.8336', '45.482', 1),
(725, 'Huyện Chơn Thành', 45, '1', '1', '1', '1', '1', '4303', 'BPC.8333', '45.490', 1),
(726, 'Huyện Hớn Quản', 45, '1', '1', '1', '1', '1', '4309', 'BPC.8341', '45.488', 1),
(508, 'Huyện Lộc Ninh', 45, '1', '1', '1', '1', '1', '4305', 'BPC.8325', '45.483', 1),
(727, 'Huyện Phú Riềng', 45, '1', '1', '0', '1', '0', '4311', 'BPC.8342', NULL, 1),
(506, 'Huyện Đồng Phú', 45, '1', '1', '1', '1', '1', '4302', 'BPC.8315', '45.486', 1),
(510, 'Thị xã Bình Long', 45, '1', '1', '1', '1', '1', '4304', 'BPC.8329', '45.489', 1),
(507, 'Thị xã Phước Long', 45, '1', '1', '1', '1', '1', '4307', 'BPC.8339', '45.484', 1),
(678, 'Thị xã Đồng Xoài', 45, '1', '1', '1', '1', '1', '4301', 'BPC.8310', '45.485', 1),
(539, 'Huyện Bắc Bình', 39, '1', '1', '1', '1', '1', '4703', 'BTN.8019', '51.544', 1),
(540, 'Huyện Hàm Thuận Bắc', 39, '1', '1', '1', '1', '1', '4704', 'BTN.8028', '51.538', 1),
(541, 'Huyện Hàm Thuận Nam', 39, '1', '1', '1', '1', '1', '4705', 'BTN.8031', '51.547', 1),
(543, 'Huyện Hàm Tân', 39, '1', '1', '1', '1', '1', '4706', 'BTN.8040', '51.545', 1),
(545, 'Huyện Phú Quí', 39, '1', '1', '1', '1', '1', '4709', 'BTN.8044', '51.539', 1),
(538, 'Huyện Tuy Phong', 39, '1', '1', '1', '1', '1', '4702', 'BTN.8023', '51.540', 1),
(542, 'Huyện Tánh Linh', 39, '1', '1', '1', '1', '1', '4708', 'BTN.8034', '51.541', 1),
(544, 'Huyện Đức Linh', 39, '1', '1', '1', '1', '1', '4707', 'BTN.8037', '51.542', 1),
(537, 'Thành phố Phan Thiết', 39, '1', '1', '1', '1', '1', '4701', 'BTN.8010', '51.546', 1),
(728, 'Thị Xã La Gi', 39, '1', '1', '1', '1', '1', '4710', 'BTN.8046', '51.543', 1),
(398, 'Huyện An Lão', 35, '1', '1', '1', '1', '1', '3702', 'BDH.5938', '39.425', 1),
(399, 'Huyện Hoài Nhơn', 35, '1', '1', '1', '1', '1', '3704', 'BDH.5932', '39.426', 1),
(400, 'Huyện Hoài Ân', 35, '1', '1', '1', '1', '1', '3703', 'BDH.5936', '39.423', 1),
(403, 'Huyện Phù Cát', 35, '1', '1', '1', '1', '1', '3706', 'BDH.5924', '39.427', 1),
(401, 'Huyện Phù Mỹ', 35, '1', '1', '1', '1', '1', '3705', 'BDH.5928', '39.432', 1),
(406, 'Huyện Tuy Phước', 35, '1', '1', '1', '1', '1', '3711', 'BDH.5917', '39.431', 1),
(404, 'Huyện Tây Sơn', 35, '1', '1', '1', '1', '1', '3708', 'BDH.5942', '39.422', 1),
(407, 'Huyện Vân Canh', 35, '1', '1', '1', '1', '1', '3709', 'BDH.5945', '39.424', 1),
(402, 'Huyện Vĩnh Thạnh', 35, '1', '1', '1', '1', '1', '3707', 'BDH.5940', '39.429', 1),
(397, 'Thành phố Quy Nhơn', 35, '1', '1', '1', '1', '1', '3701', 'BDH.5910', '39.430', 1),
(405, 'Thị xã An Nhơn', 35, '1', '1', '1', '1', '1', '3710', 'BDH.5920', '39.703', 1),
(697, 'Huyện Hòa Bình', 62, '1', '1', '1', '1', '1', '6007', 'BLU.9632', '65.686', 1),
(662, 'Huyện Hồng Dân', 62, '1', '1', '1', '1', '1', '6003', 'BLU.9624', '65.691', 1),
(696, 'Huyện Phước Long', 62, '1', '1', '1', '1', '1', '6005', 'BLU.9621', '65.685', 1),
(663, 'Huyện Vĩnh Lợi', 62, '1', '1', '1', '1', '1', '6002', 'BLU.9615', '65.690', 1),
(695, 'Huyện Đông Hải', 62, '1', '1', '1', '1', '1', '6006', 'BLU.9629', '65.687', 1),
(661, 'Thành phố Bạc Liêu', 62, '1', '1', '1', '1', '1', '6001', 'BLU.9610', '65.688', 1),
(664, 'Thị xã Giá Rai', 62, '1', '1', '1', '1', '1', '6004', 'BLU.9626', '65.689', 1),
(219, 'Huyện Hiệp Hòa', 15, '1', '1', '1', '1', '1', '1807', 'BGG.2366', '19.193', 1),
(220, 'Huyện Lạng Giang', 15, '1', '1', '1', '1', '1', '1808', 'BGG.2340', '19.200', 1),
(222, 'Huyện Lục Nam', 15, '1', '1', '1', '1', '1', '1805', 'BGG.2318', '19.199', 1),
(218, 'Huyện Lục Ngạn', 15, '1', '1', '1', '1', '1', '1803', 'BGG.2330', '19.198', 1),
(221, 'Huyện Sơn Động', 15, '1', '1', '1', '1', '1', '1804', 'BGG.2325', '19.195', 1),
(217, 'Huyện Tân Yên', 15, '1', '1', '1', '1', '1', '1806', 'BGG.2353', '19.201', 1),
(223, 'Huyện Việt Yên', 15, '1', '1', '1', '1', '1', '1809', 'BGG.2361', '19.194', 1),
(224, 'Huyện Yên Dũng', 15, '1', '1', '1', '1', '1', '1810', 'BGG.2372', '19.197', 1),
(216, 'Huyện Yên Thế', 15, '1', '1', '1', '1', '1', '1802', 'BGG.2347', '19.196', 1),
(215, 'Thành phố Bắc Giang', 15, '1', '1', '1', '1', '1', '1801', 'BGG.2310', '19.192', 1),
(156, 'Huyện Ba Bể', 4, '1', '1', '1', '1', '1', '1106', 'BKN.2627', '6.56', 1),
(160, 'Huyện Bạch Thông', 4, '1', '1', '1', '1', '1', '1103', 'BKN.2619', '6.55', 1),
(161, 'Huyện Chợ Mới', 4, '1', '1', '1', '1', '1', '1107', 'BKN.2638', '6.49', 1),
(158, 'Huyện Chợ Đồn', 4, '1', '1', '1', '1', '1', '1102', 'BKN.2632', '6.50', 1),
(159, 'Huyện Na Rì', 4, '1', '1', '1', '1', '1', '1104', 'BKN.2613', '6.54', 1),
(157, 'Huyện Ngân Sơn', 4, '1', '1', '1', '1', '1', '1105', 'BKN.2623', '6.51', 1),
(718, 'Huyện Pác Nặm', 4, '1', '1', '1', '1', '1', '1108', 'BKN.2643', '6.53', 1),
(155, 'Thành phố Bắc Kạn', 4, '1', '1', '1', '1', '1', '1101', 'BKN.2610', '6.52', 1),
(59, 'Huyện Gia Bình', 18, '1', '1', '1', '1', '1', '1907', 'BNH.2232', '2.16', 1),
(58, 'Huyện Lương Tài', 18, '1', '1', '1', '1', '1', '1908', 'BNH.2235', '2.14', 1),
(54, 'Huyện Quế Võ', 18, '1', '1', '1', '1', '1', '1903', 'BNH.2228', '2.18', 1),
(57, 'Huyện Thuận Thành', 18, '1', '1', '1', '1', '1', '1906', 'BNH.2224', '2.17', 1),
(55, 'Huyện Tiên Du', 18, '1', '1', '1', '1', '1', '1904', 'BNH.2218', '2.20', 1),
(53, 'Huyện Yên Phong', 18, '1', '1', '1', '1', '1', '1902', 'BNH.2214', '2.19', 1),
(52, 'Thành phố Bắc Ninh', 18, '1', '1', '1', '1', '1', '1901', 'BNH.2210', '2.15', 1),
(56, 'Thị xã Từ Sơn', 18, '1', '1', '1', '1', '1', '1905', 'BNH.2221', '2.21', 1),
(618, 'Huyện Ba Tri', 53, '1', '1', '1', '1', '1', '5607', 'BTE.9333', '60.638', 1),
(617, 'Huyện Bình Đại', 53, '1', '1', '1', '1', '1', '5606', 'BTE.9337', '60.641', 1),
(613, 'Huyện Châu Thành', 53, '1', '1', '1', '1', '1', '5602', 'BTE.9313', '60.639', 1),
(614, 'Huyện Chợ Lách', 53, '1', '1', '1', '1', '1', '5603', 'BTE.9317', '60.640', 1),
(616, 'Huyện Giồng Trôm', 53, '1', '1', '1', '1', '1', '5605', 'BTE.9326', '60.646', 1),
(615, 'Huyện Mỏ Cày Bắc', 53, '1', '1', '1', '1', '1', '5604', 'BTE.9320', '60.643', 1),
(802, 'Huyện Mỏ Cày Nam', 53, '1', '1', '1', '1', '1', '5609', 'BTE.9321', '60.642', 1),
(619, 'Huyện Thạnh Phú', 53, '1', '1', '1', '1', '1', '5608', 'BTE.9330', '60.645', 1),
(612, 'Thành phố Bến Tre', 53, '1', '1', '1', '1', '1', '5601', 'BTE.9310', '60.644', 1),
(731, 'Huyện Bảo Lâm', 3, '1', '1', '1', '1', '1', '0612', 'CBG.2767', '1.11', 1),
(133, 'Huyện Bảo Lạc', 3, '1', '1', '1', '1', '1', '0602', 'CBG.2762', '1.5', 1),
(139, 'Huyện Hoà An', 3, '1', '1', '1', '1', '1', '0608', 'CBG.2738', '1.8', 1),
(134, 'Huyện Hà Quảng', 3, '1', '1', '1', '1', '1', '0604', 'CBG.2746', '1.13', 1),
(141, 'Huyện Hạ Lang', 3, '1', '1', '1', '1', '1', '0611', 'CBG.2722', '1.3', 1),
(138, 'Huyện Nguyên Bình', 3, '1', '1', '1', '1', '1', '0607', 'CBG.2756', '1.4', 1),
(732, 'Huyện Phục Hòa', 3, '1', '1', '1', '1', '1', '0613', 'CBG.2778', '1.6', 1),
(140, 'Huyện Quảng Hoà', 3, '0', '1', '0', '0', '0', NULL, NULL, NULL, 1),
(733, 'Huyện Quảng Uyên', 3, '1', '1', '1', '1', '1', '0609', 'CBG.2715', '1.9', 1),
(135, 'Huyện Thông Nông', 3, '1', '1', '1', '1', '1', '0603', 'CBG.2752', '1.10', 1),
(142, 'Huyện Thạch An', 3, '1', '1', '1', '1', '1', '0610', 'CBG.2771', '1.1', 1),
(136, 'Huyện Trà Lĩnh', 3, '1', '1', '1', '1', '1', '0605', 'CBG.2734', '1.2', 1),
(137, 'Huyện Trùng Khánh', 3, '1', '1', '1', '1', '1', '0606', 'CBG.2727', '1.7', 1),
(132, 'Thành phố Cao Bằng', 3, '1', '1', '1', '1', '1', '0601', 'CBG.2710', '1.12', 1),
(670, 'Huyện Cái Nước', 63, '1', '1', '1', '1', '1', '6105', 'CMU.9727', '68.692', 1),
(672, 'Huyện Ngọc Hiển', 63, '0', '1', '1', '1', '1', NULL, 'CMU.9734', '68.695', 1),
(729, 'Huyện Năm Căn', 63, '1', '1', '1', '1', '1', '6108', 'CMU.9739', '68.693', 1),
(730, 'Huyện Phú Tân', 63, '1', '1', '1', '1', '1', '6109', 'CMU.9736', '68.697', 1),
(667, 'Huyện Thới Bình', 63, '1', '1', '1', '1', '1', '6102', 'CMU.9718', '68.696', 1),
(669, 'Huyện Trần Văn Thời', 63, '1', '1', '1', '1', '1', '6104', 'CMU.9723', '68.700', 1),
(668, 'Huyện U Minh', 63, '1', '1', '1', '1', '1', '6103', 'CMU.9721', '68.699', 1),
(671, 'Huyện Đầm Dơi', 63, '1', '1', '1', '1', '1', '6106', 'CMU.9730', '68.694', 1),
(666, 'Thành phố Cà Mau', 63, '1', '1', '1', '1', '1', '6101', 'CMU.9710', '68.698', 1),
(639, 'Huyện Châu Thành', 59, '0', '1', '0', '1', '0', NULL, 'CTO.9061', NULL, 1),
(713, 'Huyện Cờ Đỏ', 59, '1', '1', '1', '1', '1', '5506', 'CTO.9046', '59.637', 1),
(642, 'Huyện Long Mỹ', 59, '0', '1', '0', '0', '0', NULL, NULL, NULL, 1),
(712, 'Huyện Phong Điền', 59, '1', '1', '1', '1', '1', '5505', 'CTO.9044', '59.634', 1),
(640, 'Huyện Phụng Hiệp', 59, '1', '1', '0', '1', '1', '6404', 'CTO.9091', '59.631', 1),
(714, 'Huyện Thới Lai', 59, '1', '1', '1', '1', '1', '5509', 'CTO.9060', '59.627', 1),
(715, 'Huyện Vĩnh Thạnh', 59, '1', '1', '1', '1', '1', '5507', 'CTO.9050', '59.632', 1),
(683, 'Quận Bình Thuỷ', 59, '1', '1', '1', '1', '1', '5502', 'CTO.9028', '59.630', 1),
(684, 'Quận Cái Răng', 59, '1', '1', '1', '1', '1', '5503', 'CTO.9036', '59.636', 1),
(682, 'Quận Ninh Kiều', 59, '1', '1', '1', '1', '1', '5501', 'CTO.9010', '59.628', 1),
(637, 'Quận Thốt Nốt', 59, '1', '1', '1', '1', '1', '5508', 'CTO.9042', '59.629', 1),
(638, 'Quận Ô Môn', 59, '1', '1', '1', '1', '1', '5504', 'CTO.9040', '59.626', 1),
(442, 'Huyện Chư Prông', 41, '1', '1', '1', '1', '1', '3808', 'GLI.6042', '40.433', 1),
(437, 'Huyện Chư Păh', 41, '1', '1', '1', '1', '1', '3802', 'GLI.6030', '40.445', 1),
(746, 'Huyện Chư Pưh', 41, '1', '1', '1', '1', '1', '3817', 'GLI.6067', '40.447', 1),
(443, 'Huyện Chư Sê', 41, '1', '1', '1', '1', '1', '3809', 'GLI.6047', '40.441', 1),
(438, 'Huyện Ia Grai', 41, '1', '1', '1', '1', '1', '3812', 'GLI.6034', '40.439', 1),
(748, 'Huyện Ia Pa', 41, '1', '1', '1', '1', '1', '3814', 'GLI.6066', '40.446', 1),
(435, 'Huyện K\'Bang', 41, '1', '1', '1', '1', '1', '3804', 'GLI.6026', '40.442', 1),
(445, 'Huyện Krông Pa', 41, '1', '1', '1', '1', '1', '3811', 'GLI.6060', '40.434', 1),
(440, 'Huyện Kông Chro', 41, '1', '1', '1', '1', '1', '3806', 'GLI.6057', '40.443', 1),
(436, 'Huyện Mang Yang', 41, '1', '1', '1', '1', '1', '3803', 'GLI.6021', '40.444', 1),
(747, 'Huyện Phú Thiện', 41, '1', '1', '1', '1', '1', '3816', 'GLI.6069', '40.435', 1),
(809, 'Huyện Đắk Pơ', 41, '1', '1', '1', '0', '1', '3815', NULL, '40.438', 1),
(745, 'Huyện Đắk Đoa', 41, '1', '1', '1', '1', '1', '3813', 'GLI.6017', '40.437', 1),
(441, 'Huyện Đức Cơ', 41, '1', '1', '1', '1', '1', '3807', 'GLI.6038', '40.440', 1),
(434, 'Thành phố Pleiku', 41, '1', '1', '1', '1', '1', '3801', 'GLI.6010', '40.436', 1),
(439, 'Thị xã An Khê', 41, '1', '1', '1', '1', '1', '3805', 'GLI.6024', '40.448', 1),
(444, 'Thị xã Ayun Pa', 41, '1', '1', '1', '1', '1', '3810', 'GLI.6053', '40.449', 1),
(126, 'Huyện Bắc Mê', 2, '1', '1', '1', '1', '1', '0507', 'HGG.3112', '3.27', 1),
(130, 'Huyện Bắc Quang', 2, '1', '1', '1', '1', '1', '0510', 'HGG.3148', '3.29', 1),
(127, 'Huyện Hoàng Su Phì', 2, '1', '1', '1', '1', '1', '0508', 'HGG.3139', '3.22', 1),
(123, 'Huyện Mèo Vạc', 2, '1', '1', '1', '1', '1', '0503', 'HGG.3121', '3.23', 1),
(749, 'Huyện Quang Bình', 2, '1', '1', '1', '1', '1', '0511', 'HGG.3152', '3.24', 1),
(125, 'Huyện Quản Bạ', 2, '1', '1', '1', '1', '1', '0505', 'HGG.3131', '3.25', 1),
(128, 'Huyện Vị Xuyên', 2, '1', '1', '1', '1', '1', '0506', 'HGG.3134', '3.26', 1),
(129, 'Huyện Xín Mần', 2, '1', '1', '1', '1', '1', '0509', 'HGG.3144', '3.28', 1),
(124, 'Huyện Yên Minh', 2, '1', '1', '1', '1', '1', '0504', 'HGG.3115', '3.32', 1),
(122, 'Huyện Đồng Văn', 2, '1', '1', '1', '1', '1', '0502', 'HGG.3126', '3.31', 1),
(121, 'Thành phố Hà Giang', 2, '1', '1', '1', '1', '1', '0501', 'HGG.3110', '3.30', 1),
(90, 'Huyện Bình Lục', 23, '1', '1', '1', '1', '1', '2406', 'HNM.4038', '25.257', 1),
(86, 'Huyện Duy Tiên', 23, '1', '1', '1', '1', '1', '2402', 'HNM.4023', '25.254', 1),
(87, 'Huyện Kim Bảng', 23, '1', '1', '1', '1', '1', '2403', 'HNM.4027', '25.255', 1),
(88, 'Huyện Lý Nhân', 23, '1', '1', '1', '1', '1', '2404', 'HNM.4015', '25.256', 1),
(89, 'Huyện Thanh Liêm', 23, '1', '1', '1', '1', '1', '2405', 'HNM.4033', '25.259', 1),
(85, 'Thành phố Phủ Lý', 23, '1', '1', '1', '1', '1', '2401', 'HNM.4010', '25.258', 1),
(326, 'Huyện Can Lộc', 28, '1', '1', '1', '1', '1', '3006', 'HTH.4829', '31.337', 1),
(328, 'Huyện Cẩm Xuyên', 28, '1', '1', '1', '1', '1', '3009', 'HTH.4876', '31.343', 1),
(329, 'Huyện Hương Khê', 28, '1', '1', '1', '1', '1', '3007', 'HTH.4869', '31.342', 1),
(325, 'Huyện Hương Sơn', 28, '1', '1', '1', '1', '1', '3003', 'HTH.4856', '31.341', 1),
(330, 'Huyện Kỳ Anh', 28, '1', '1', '1', '1', '1', '3010', 'HTH.4884', '31.344', 1),
(751, 'Huyện Lộc Hà', 28, '1', '1', '1', '1', '1', '3012', 'HTH.4891', '31.338', 1),
(323, 'Huyện Nghi Xuân', 28, '1', '1', '1', '1', '1', '3005', 'HTH.4844', '31.340', 1),
(327, 'Huyện Thạch Hà', 28, '1', '1', '1', '1', '1', '3008', 'HTH.4819', '31.346', 1),
(750, 'Huyện Vũ Quang', 28, '1', '1', '1', '1', '1', '3011', 'HTH.4866', '31.335', 1),
(324, 'Huyện Đức Thọ', 28, '1', '1', '1', '1', '1', '3004', 'HTH.4849', '31.336', 1),
(321, 'Thành phố Hà Tĩnh', 28, '1', '1', '1', '1', '1', '3001', 'HTH.4810', '31.345', 1),
(322, 'Thị xã Hồng Lĩnh', 28, '1', '1', '1', '1', '1', '3002', 'HTH.4837', '31.339', 1),
(812, 'Thị xã Kỳ Anh', 28, '1', '1', '1', '1', '0', '3013', 'HTH.4892', NULL, 1),
(758, 'Huyện Cao Phong', 11, '1', '1', '1', '1', '1', '2311', 'HBH.3537', '23.238', 1),
(267, 'Huyện Kim Bôi', 11, '1', '1', '1', '1', '1', '2308', 'HBH.3551', '23.231', 1),
(265, 'Huyện Kỳ Sơn', 11, '1', '1', '1', '1', '1', '2306', 'HBH.3515', '23.228', 1),
(266, 'Huyện Lương Sơn', 11, '1', '1', '1', '1', '1', '2307', 'HBH.3517', '23.234', 1),
(269, 'Huyện Lạc Sơn', 11, '1', '1', '1', '1', '1', '2305', 'HBH.3539', '23.233', 1),
(270, 'Huyện Lạc Thủy', 11, '1', '1', '1', '1', '1', '2309', 'HBH.3558', '23.230', 1),
(264, 'Huyện Mai Châu', 11, '1', '1', '1', '1', '1', '2303', 'HBH.3533', '23.235', 1),
(268, 'Huyện Tân Lạc', 11, '1', '1', '1', '1', '1', '2304', 'HBH.3527', '23.232', 1),
(271, 'Huyện Yên Thủy', 11, '1', '1', '1', '1', '1', '2310', 'HBH.3548', '23.236', 1),
(263, 'Huyện Đà Bắc', 11, '1', '1', '1', '1', '1', '2302', 'HBH.3522', '23.229', 1),
(262, 'Thành phố Hòa Bình', 11, '1', '1', '1', '1', '1', '2301', 'HBH.3510', '23.237', 1),
(78, 'Huyện Châu Giang', 21, '0', '1', '0', '0', '0', NULL, NULL, NULL, 1),
(79, 'Huyện Khoái Châu', 21, '1', '1', '1', '1', '1', '2204', 'HYN.1625', '8.65', 1),
(81, 'Huyện Kim Động', 21, '1', '1', '1', '1', '1', '2202', 'HYN.1622', '8.71', 1),
(759, 'Huyện Mỹ Hào', 21, '1', '1', '1', '1', '1', '2208', 'HYN.1632', '8.70', 1),
(76, 'Huyện Mỹ Văn', 21, '0', '1', '0', '0', '0', NULL, NULL, NULL, 1),
(82, 'Huyện Phù Cừ', 21, '1', '1', '1', '1', '1', '2207', 'HYN.1616', '8.63', 1),
(83, 'Huyện Tiên Lữ', 21, '1', '1', '1', '1', '1', '2206', 'HYN.1613', '8.72', 1),
(760, 'Huyện Văn Giang', 21, '1', '1', '1', '1', '1', '2210', 'HYN.1638', '8.69', 1),
(75, 'Huyện Văn Lâm', 21, '1', '1', '1', '1', '1', '2209', 'HYN.1635', '8.64', 1),
(77, 'Huyện Yên Mỹ', 21, '1', '1', '1', '1', '1', '2205', 'HYN.1629', '8.66', 1),
(80, 'Huyện Ân Thi', 21, '1', '1', '1', '1', '1', '2203', 'HYN.1618', '8.67', 1),
(74, 'Thành phố Hưng Yên', 21, '1', '1', '1', '1', '1', '2201', 'HYN.1610', '8.68', 1),
(70, 'Huyện Bình Giang', 19, '1', '1', '1', '1', '1', '2112', 'HDG.1751', '22.226', 1),
(69, 'Huyện Cẩm Giàng', 19, '1', '1', '1', '1', '1', '2109', 'HDG.1747', '22.220', 1),
(67, 'Huyện Gia Lộc', 19, '1', '1', '1', '1', '1', '2105', 'HDG.1754', '22.227', 1),
(66, 'Huyện Kim Thành', 19, '1', '1', '1', '1', '1', '2111', 'HDG.1731', '22.221', 1),
(65, 'Huyện Kinh Môn', 19, '1', '1', '1', '1', '1', '2104', 'HDG.1738', '22.224', 1),
(63, 'Huyện Nam Sách', 19, '1', '1', '1', '1', '1', '2103', 'HDG.1734', '22.223', 1),
(72, 'Huyện Ninh Giang', 19, '1', '1', '1', '1', '1', '2108', 'HDG.1761', '22.217', 1),
(64, 'Huyện Thanh Hà', 19, '1', '1', '1', '1', '1', '2110', 'HDG.1727', '22.219', 1),
(71, 'Huyện Thanh Miện', 19, '1', '1', '1', '1', '1', '2107', 'HDG.1758', '22.222', 1),
(68, 'Huyện Tứ Kỳ', 19, '1', '1', '1', '1', '1', '2106', 'HDG.1765', '22.218', 1),
(61, 'Thành phố Hải Dương', 19, '1', '1', '1', '1', '1', '2101', 'HDG.1710', '22.216', 1),
(62, 'Thị xã Chí Linh', 19, '1', '1', '1', '1', '1', '2102', 'HDG.1742', '22.225', 1),
(717, 'Huyện An Dương', 20, '1', '1', '1', '1', '1', '0310', 'HPG.1848', '24.242', 1),
(21, 'Huyện An Hải', 20, '0', '1', '0', '0', '0', NULL, NULL, NULL, 1),
(22, 'Huyện An Lão', 20, '1', '1', '1', '1', '1', '0307', 'HPG.1853', '24.247', 1),
(27, 'Huyện Bạch Long Vĩ', 20, '0', '1', '1', '1', '1', NULL, 'HPG.1872', '24.243', 1),
(26, 'Huyện Cát Hải', 20, '0', '1', '1', '1', '1', NULL, 'HPG.1891', '24.250', 1),
(23, 'Huyện Kiến Thụy', 20, '1', '1', '1', '1', '1', '0308', 'HPG.1867', '24.244', 1),
(20, 'Huyện Thuỷ Nguyên', 20, '1', '1', '1', '1', '1', '0309', 'HPG.1830', '24.251', 1),
(24, 'Huyện Tiên Lãng', 20, '1', '1', '1', '1', '1', '0311', 'HPG.1856', '24.253', 1),
(25, 'Huyện Vĩnh Bảo', 20, '1', '1', '1', '1', '1', '0312', 'HPG.1862', '24.248', 1),
(716, 'Quận Dương Kinh', 20, '1', '1', '1', '1', '1', '0315', 'HPG.1890', '24.246', 1),
(690, 'Quận Hải An', 20, '1', '1', '1', '1', '1', '0305', 'HPG.1875', '24.245', 1),
(15, 'Quận Hồng Bàng', 20, '1', '1', '1', '1', '1', '0301', 'HPG.1810', '24.239', 1),
(18, 'Quận Kiến An', 20, '1', '1', '1', '1', '1', '0304', 'HPG.1851', '24.249', 1),
(17, 'Quận Lê Chân', 20, '1', '1', '1', '1', '1', '0302', 'HPG.1836', '24.241', 1),
(16, 'Quận Ngô Quyền', 20, '1', '1', '1', '1', '1', '0303', 'HPG.1818', '24.252', 1),
(19, 'Quận Đồ Sơn', 20, '1', '1', '1', '1', '1', '0306', 'HPG.1871', '24.240', 1),
(754, 'Huyện Châu Thành', 60, '1', '1', '1', '1', '1', '6405', 'HUG.9127', '63.673', 1),
(755, 'Huyện Châu Thành A', 60, '1', '1', '1', '1', '1', '6406', 'HUG.9125', '63.671', 1),
(756, 'Huyện Long Mỹ', 60, '1', '1', '1', '1', '1', '6408', 'HUG.9115', '63.672', 1),
(757, 'Huyện Phụng Hiệp', 60, '1', '1', '1', '1', '1', '6404', 'HUG.9118', '63.676', 1),
(641, 'Huyện Vị Thủy', 60, '1', '1', '1', '1', '1', '6402', 'HUG.9122', '63.674', 1),
(636, 'Thành phố Vị Thanh', 60, '1', '1', '1', '1', '1', '6401', 'HUG.9110', '63.670', 1),
(752, 'Thị Xã Long Mỹ', 60, '0', '1', '0', '1', '0', NULL, 'HUG.9130', NULL, 1),
(753, 'Thị Xã Ngã Bảy', 60, '1', '1', '1', '1', '1', '6407', 'HUG.9129', '63.675', 1),
(761, 'Huyện Cam Lâm', 37, '1', '1', '1', '1', '1', '4109', 'KHA.6552', '43.472', 1),
(420, 'Huyện Diên Khánh', 37, '1', '1', '1', '1', '1', '4104', 'KHA.6537', '43.469', 1),
(423, 'Huyện Khánh Sơn', 37, '1', '1', '1', '1', '1', '4107', 'KHA.6542', '43.467', 1),
(422, 'Huyện Khánh Vĩnh', 37, '1', '1', '1', '1', '1', '4105', 'KHA.6540', '43.470', 1),
(424, 'Huyện Trường Sa', 37, '0', '1', '1', '1', '1', NULL, 'KHA.6548', '43.473', 1),
(418, 'Huyện Vạn Ninh', 37, '1', '1', '1', '1', '1', '4102', 'KHA.6535', '43.471', 1),
(421, 'Thành phố Cam Ranh', 37, '1', '1', '1', '1', '1', '4106', 'KHA.6544', '43.468', 1),
(417, 'Thành phố Nha Trang', 37, '1', '1', '1', '1', '1', '4101', 'KHA.6510', '43.465', 1),
(419, 'Thị xã Ninh Hòa', 37, '1', '1', '1', '1', '1', '4103', 'KHA.6529', '43.466', 1),
(628, 'Huyện An Biên', 58, '1', '1', '1', '1', '1', '5409', 'KGG.9224', '62.656', 1),
(629, 'Huyện An Minh', 58, '1', '1', '1', '1', '1', '5410', 'KGG.9227', '62.659', 1),
(625, 'Huyện Châu Thành', 58, '1', '1', '1', '1', '1', '5406', 'KGG.9230', '62.661', 1),
(762, 'Huyện Giang Thành', 58, '1', '1', '1', '1', '1', '5415', 'KGG.9250', '62.663', 1),
(626, 'Huyện Giồng Riềng', 58, '1', '1', '1', '1', '1', '5407', 'KGG.9238', '62.657', 1),
(627, 'Huyện Gò Quao', 58, '1', '1', '1', '1', '1', '5408', 'KGG.9235', '62.655', 1),
(623, 'Huyện Hòn Đất', 58, '1', '1', '1', '1', '1', '5404', 'KGG.9216', '62.662', 1),
(632, 'Huyện Kiên Hải', 58, '0', '1', '1', '1', '1', NULL, 'KGG.9241', '62.668', 1),
(763, 'Huyện Kiên Lương', 58, '1', '1', '1', '1', '1', '5403', 'KGG.9218', '62.660', 1),
(631, 'Huyện Phú Quốc', 58, '1', '1', '1', '1', '1', '5412', 'KGG.9222', '62.669', 1),
(624, 'Huyện Tân Hiệp', 58, '1', '1', '1', '1', '1', '5405', 'KGG.9214', '62.667', 1),
(764, 'Huyện U Minh Thượng', 58, '1', '1', '1', '1', '1', '5414', 'KGG.9246', '62.658', 1),
(630, 'Huyện Vĩnh Thuận', 58, '1', '1', '1', '1', '1', '5411', 'KGG.9232', '62.664', 1),
(621, 'Thành phố Rạch Giá', 58, '1', '1', '1', '1', '1', '5401', 'KGG.9210', '62.666', 1),
(633, 'Thị xã Hà Tiên', 58, '1', '1', '1', '1', '1', '5402', 'KGG.9220', '62.665', 1),
(430, 'Huyện Kon Plông', 40, '1', '1', '1', '1', '1', '3606', 'KTM.5820', '38.417', 1),
(765, 'Huyện Kon Rẫy', 40, '1', '1', '1', '1', '1', '3608', 'KTM.5818', '38.421', 1),
(428, 'Huyện Ngọc Hồi', 40, '1', '1', '1', '1', '1', '3603', 'KTM.5830', '38.420', 1),
(432, 'Huyện Sa Thầy', 40, '1', '1', '1', '1', '1', '3605', 'KTM.5835', '38.415', 1),
(813, 'Huyện Tu Mơ Rông', 40, '1', '1', '1', '1', '1', '3609', 'KTM.5837', '38.416', 1),
(427, 'Huyện Đắk Glei', 40, '1', '1', '1', '1', '1', '3602', 'KTM.5832', '38.414', 1),
(431, 'Huyện Đắk Hà', 40, '1', '1', '1', '1', '1', '3607', 'KTM.5822', '38.413', 1),
(429, 'Huyện Đắk Tô', 40, '1', '1', '1', '1', '1', '3604', 'KTM.5825', '38.419', 1),
(426, 'Thành phố Kon Tum', 40, '1', '1', '1', '1', '1', '3601', 'KTM.5810', '38.418', 1),
(245, 'Huyện Mường Lay', 8, '0', '1', '0', '1', '0', NULL, 'DBN.3839', NULL, 1),
(242, 'Huyện Mường Tè', 8, '1', '1', '1', '1', '1', '0705', 'LCU.3919', '4.37', 1),
(814, 'Huyện Nậm Nhùn', 8, '1', '1', '1', '0', '1', '0708', NULL, '4.705', 1),
(243, 'Huyện Phong Thổ', 8, '1', '1', '1', '1', '1', '0703', 'LCU.3915', '4.34', 1),
(244, 'Huyện Sìn Hồ', 8, '1', '1', '1', '1', '1', '0704', 'LCU.3923', '4.35', 1),
(767, 'Huyện Tam Đường', 8, '1', '1', '1', '1', '1', '0702', 'LCU.3911', '4.33', 1),
(766, 'Huyện Than Uyên', 8, '1', '1', '1', '1', '1', '0706', 'LCU.3929', '4.36', 1),
(247, 'Huyện Tuần Giáo', 8, '0', '1', '0', '0', '0', NULL, NULL, NULL, 1),
(768, 'Huyện Tân Uyên', 8, '1', '1', '1', '1', '1', '0707', 'LCU.3940', '4.713', 1),
(246, 'Huyện Tủa Chùa', 8, '0', '1', '0', '0', '0', NULL, NULL, NULL, 1),
(248, 'Huyện Điện Biên', 8, '0', '1', '0', '0', '0', NULL, NULL, NULL, 1),
(249, 'Huyện Điện Biên Đông', 8, '1', '1', '0', '0', '0', '6207', NULL, NULL, 1),
(241, 'Thành phố Lai Châu', 8, '1', '1', '1', '1', '1', '0701', 'LCU.3910', '4.38', 1),
(240, 'Thị xã Điện Biên Phủ', 8, '1', '1', '0', '0', '0', '6201', NULL, NULL, 1),
(563, 'Huyện Bến Lức', 51, '1', '1', '1', '1', '1', '4908', 'LAN.8523', '53.580', 1),
(565, 'Huyện Châu Thành', 51, '1', '1', '1', '1', '1', '4910', 'LAN.8518', '53.579', 1),
(568, 'Huyện Cần Giuộc', 51, '1', '1', '1', '1', '1', '4913', 'LAN.8531', '53.574', 1),
(567, 'Huyện Cần Đước', 51, '1', '1', '1', '1', '1', '4912', 'LAN.8527', '53.575', 1),
(558, 'Huyện Mộc Hóa', 51, '1', '1', '1', '1', '1', '4903', 'LAN.8548', '53.583', 1),
(560, 'Huyện Thạnh Hóa', 51, '1', '1', '1', '1', '1', '4905', 'LAN.8544', '53.582', 1),
(564, 'Huyện Thủ Thừa', 51, '1', '1', '1', '1', '1', '4909', 'LAN.8534', '53.577', 1),
(556, 'Huyện Tân Hưng', 51, '1', '1', '1', '1', '1', '4914', 'LAN.8553', '53.578', 1),
(559, 'Huyện Tân Thạnh', 51, '1', '1', '1', '1', '1', '4904', 'LAN.8546', '53.581', 1),
(566, 'Huyện Tân Trụ', 51, '1', '1', '1', '1', '1', '4911', 'LAN.8521', '53.572', 1),
(557, 'Huyện Vĩnh Hưng', 51, '1', '1', '1', '1', '1', '4902', 'LAN.8551', '53.585', 1),
(561, 'Huyện Đức Huệ', 51, '1', '1', '1', '1', '1', '4906', 'LAN.8542', '53.573', 1),
(562, 'Huyện Đức Hòa', 51, '1', '1', '1', '1', '1', '4907', 'LAN.8537', '53.584', 1),
(555, 'Thành phố Tân An', 51, '1', '1', '1', '1', '1', '4901', 'LAN.8510', '53.576', 1),
(771, 'Thị Xã Kiến Tường', 51, '1', '1', '1', '1', '1', '4915', 'LAN.8554', '53.706', 1),
(147, 'Huyện Bát Xát', 6, '1', '1', '1', '1', '1', '0803', 'LCI.3325', '5.43', 1),
(149, 'Huyện Bảo Thắng', 6, '1', '1', '1', '1', '1', '0804', 'LCI.3341', '5.44', 1),
(151, 'Huyện Bảo Yên', 6, '1', '1', '1', '1', '1', '0807', 'LCI.3353', '5.48', 1),
(148, 'Huyện Bắc Hà', 6, '1', '1', '1', '1', '1', '0808', 'LCI.3310', '5.46', 1),
(146, 'Huyện Mường Khương', 6, '1', '1', '1', '1', '1', '0809', 'LCI.3319', '5.42', 1),
(150, 'Huyện Sa Pa', 6, '1', '1', '1', '1', '1', '0805', 'LCI.3331', '5.41', 1),
(769, 'Huyện Si Ma Cai', 6, '1', '1', '1', '1', '1', '0802', 'LCI.3316', '5.47', 1),
(152, 'Huyện Than Uyên', 6, '1', '1', '0', '0', '0', '0706', NULL, NULL, 1),
(153, 'Huyện Văn Bàn', 6, '1', '1', '1', '1', '1', '0806', 'LCI.3347', '5.45', 1),
(144, 'Thành phố Lào Cai', 6, '1', '1', '1', '1', '1', '0801', 'LCI.3334', '5.40', 1),
(145, 'Thị xã Cam Đường', 6, '0', '1', '0', '0', '0', NULL, NULL, NULL, 1),
(495, 'Huyện Bảo Lâm', 44, '1', '1', '1', '1', '1', '4211', 'LDG.6743', '46.494', 1),
(499, 'Huyện Cát Tiên', 44, '1', '1', '1', '1', '1', '4209', 'LDG.6755', '46.495', 1),
(496, 'Huyện Di Linh', 44, '1', '1', '1', '1', '1', '4204', 'LDG.6737', '46.496', 1),
(494, 'Huyện Lâm Hà', 44, '1', '1', '1', '1', '1', '4210', 'LDG.6728', '46.498', 1),
(491, 'Huyện Lạc Dương', 44, '1', '1', '1', '1', '1', '4206', 'LDG.6727', '46.493', 1),
(770, 'Huyện Đam Rông', 44, '1', '1', '1', '1', '1', '4212', 'LDG.6760', '46.502', 1),
(492, 'Huyện Đơn Dương', 44, '1', '1', '1', '1', '1', '4205', 'LDG.6725', '46.501', 1),
(497, 'Huyện Đạ Huoai', 44, '1', '1', '1', '1', '1', '4207', 'LDG.6758', '46.497', 1),
(498, 'Huyện Đạ Tẻh', 44, '1', '1', '1', '1', '1', '4208', 'LDG.6752', '46.500', 1),
(493, 'Huyện Đức Trọng', 44, '1', '1', '1', '1', '1', '4203', 'LDG.6733', '46.492', 1),
(490, 'Thành phố Bảo Lộc', 44, '1', '1', '1', '1', '1', '4202', 'LDG.6747', '46.503', 1),
(489, 'Thành phố Đà Lạt', 44, '1', '1', '1', '1', '1', '4201', 'LDG.6710', '46.499', 1),
(166, 'Huyện Bình Gia', 13, '1', '1', '1', '1', '1', '1003', 'LSN.2445', '14.125', 1),
(167, 'Huyện Bắc Sơn', 13, '1', '1', '1', '1', '1', '1005', 'LSN.2450', '14.123', 1),
(169, 'Huyện Cao Lộc', 13, '1', '1', '1', '1', '1', '1007', 'LSN.2418', '14.128', 1),
(171, 'Huyện Chi Lăng', 13, '1', '1', '1', '1', '1', '1009', 'LSN.2456', '14.121', 1),
(173, 'Huyện Hữu Lũng', 13, '1', '1', '1', '1', '1', '1011', 'LSN.2461', '14.120', 1),
(170, 'Huyện Lộc Bình', 13, '1', '1', '1', '1', '1', '1008', 'LSN.2468', '14.127', 1),
(164, 'Huyện Tràng Định', 13, '1', '1', '1', '1', '1', '1002', 'LSN.2431', '14.126', 1),
(165, 'Huyện Văn Lãng', 13, '1', '1', '1', '1', '1', '1004', 'LSN.2425', '14.124', 1),
(168, 'Huyện Văn Quan', 13, '1', '1', '1', '1', '1', '1006', 'LSN.2439', '14.119', 1),
(172, 'Huyện Đình Lập', 13, '1', '1', '1', '1', '1', '1010', 'LSN.2475', '14.129', 1),
(163, 'Thành phố Lạng Sơn', 13, '1', '1', '1', '1', '1', '1001', 'LSN.2410', '14.122', 1),
(99, 'Huyện Giao Thủy', 24, '1', '1', '1', '1', '1', '2504', 'NDH.4278', '28.283', 1),
(101, 'Huyện Hải Hậu', 24, '1', '1', '1', '1', '1', '2510', 'NDH.4282', '28.286', 1),
(94, 'Huyện Mỹ Lộc', 24, '1', '1', '1', '1', '1', '2502', 'NDH.4239', '28.281', 1),
(96, 'Huyện Nam Trực', 24, '1', '1', '1', '1', '1', '2507', 'NDH.4246', '28.279', 1),
(100, 'Huyện Nghĩa Hưng', 24, '1', '1', '1', '1', '1', '2509', 'NDH.4265', '28.284', 1),
(97, 'Huyện Trực Ninh', 24, '1', '1', '1', '1', '1', '2508', 'NDH.4251', '28.280', 1),
(93, 'Huyện Vụ Bản', 24, '1', '1', '1', '1', '1', '2506', 'NDH.4242', '28.287', 1),
(98, 'Huyện Xuân Trường', 24, '1', '1', '1', '1', '1', '2503', 'NDH.4271', '28.282', 1),
(95, 'Huyện ý Yên', 24, '1', '1', '1', '1', '1', '2505', 'NDH.4257', '28.278', 1),
(92, 'Thành phố Nam Định', 24, '1', '1', '1', '1', '1', '2501', 'NDH.4210', '28.285', 1),
(314, 'Huyện Anh Sơn', 27, '1', '1', '1', '1', '1', '2913', 'NAN.4724', '30.315', 1),
(311, 'Huyện Con Cuông', 27, '1', '1', '1', '1', '1', '2909', 'NAN.4730', '30.319', 1),
(313, 'Huyện Diễn Châu', 27, '1', '1', '1', '1', '1', '2912', 'NAN.4638', '30.329', 1),
(319, 'Huyện Hưng Nguyên', 27, '1', '1', '1', '1', '1', '2918', 'NAN.4743', '30.320', 1),
(305, 'Huyện Kỳ Sơn', 27, '1', '1', '1', '1', '1', '2907', 'NAN.4738', '30.330', 1),
(318, 'Huyện Nam Đàn', 27, '1', '1', '1', '1', '1', '2917', 'NAN.4749', '30.327', 1),
(317, 'Huyện Nghi Lộc', 27, '1', '1', '1', '1', '1', '2916', 'NAN.4626', '30.333', 1),
(307, 'Huyện Nghĩa Đàn', 27, '1', '1', '1', '1', '1', '2905', 'NAN.4674', '30.321', 1),
(303, 'Huyện Quế Phong', 27, '1', '1', '1', '1', '1', '2919', 'NAN.4711', '30.326', 1),
(304, 'Huyện Quỳ Châu', 27, '1', '1', '1', '1', '1', '2903', 'NAN.4697', '30.323', 1),
(306, 'Huyện Quỳ Hợp', 27, '1', '1', '1', '1', '1', '2904', 'NAN.4690', '30.318', 1),
(309, 'Huyện Quỳnh Lưu', 27, '1', '1', '1', '1', '1', '2906', 'NAN.4649', '30.317', 1),
(316, 'Huyện Thanh Chương', 27, '1', '1', '1', '1', '1', '2915', 'NAN.4757', '30.316', 1),
(310, 'Huyện Tân Kỳ', 27, '1', '1', '1', '1', '1', '2910', 'NAN.4684', '30.328', 1),
(308, 'Huyện Tương Dương', 27, '1', '1', '1', '1', '1', '2908', 'NAN.4733', '30.325', 1),
(312, 'Huyện Yên Thành', 27, '1', '1', '1', '1', '1', '2911', 'NAN.4662', '30.334', 1),
(315, 'Huyện Đô Lương', 27, '1', '1', '1', '1', '1', '2914', 'NAN.4714', '30.332', 1),
(301, 'Thành phố Vinh', 27, '1', '1', '1', '1', '1', '2901', 'NAN.4610', '30.331', 1),
(772, 'Thị Xã Hoàng Mai', 27, '1', '1', '0', '1', '1', '2921', 'NAN.4758', '30.720', 1),
(773, 'Thị Xã Thái Hòa', 27, '1', '1', '1', '1', '1', '2920', 'NAN.4716', '30.322', 1),
(302, 'Thị xã Cửa Lò', 27, '1', '1', '1', '1', '1', '2902', 'NAN.4624', '30.324', 1),
(115, 'Huyện Gia Viễn', 25, '1', '1', '1', '1', '1', '2704', 'NBH.4322', '27.273', 1),
(116, 'Huyện Hoa Lư', 25, '1', '1', '1', '1', '1', '2705', 'NBH.4319', '27.274', 1),
(119, 'Huyện Kim Sơn', 25, '1', '1', '1', '1', '1', '2707', 'NBH.4339', '27.271', 1),
(114, 'Huyện Nho Quan', 25, '1', '1', '1', '1', '1', '2703', 'NBH.4326', '27.272', 1),
(118, 'Huyện Yên Khánh', 25, '1', '1', '1', '1', '1', '2708', 'NBH.4345', '27.277', 1),
(117, 'Huyện Yên Mô', 25, '1', '1', '1', '1', '1', '2706', 'NBH.4336', '27.275', 1),
(112, 'Thành phố Ninh Bình', 25, '1', '1', '1', '1', '1', '2701', 'NBH.4310', '27.269', 1),
(113, 'Thành phố Tam Điệp', 25, '1', '1', '1', '1', '1', '2702', 'NBH.4333', '27.270', 1),
(774, 'Huyện Bác Ái', 38, '1', '1', '1', '1', '1', '4505', 'NTN.6629', '47.504', 1),
(503, 'Huyện Ninh Hải', 38, '1', '1', '1', '1', '1', '4503', 'NTN.6626', '47.508', 1),
(504, 'Huyện Ninh Phước', 38, '1', '1', '1', '1', '1', '4504', 'NTN.6633', '47.505', 1),
(502, 'Huyện Ninh Sơn', 38, '1', '1', '1', '1', '1', '4502', 'NTN.6631', '47.506', 1),
(775, 'Huyện Thuận Bắc', 38, '1', '1', '1', '1', '1', '4506', 'NTN.6636', '47.509', 1),
(776, 'Huyện Thuận Nam', 38, '1', '1', '1', '1', '1', '4507', 'NTN.6630', '47.507', 1),
(501, 'Thành phố Phan Rang', 38, '1', '1', '1', '1', '1', '4501', 'NTN.6610', '47.510', 1),
(777, 'Huyện Cẩm Khê', 16, '1', '1', '1', '1', '1', '1506', 'PHO.2970', '17.159', 1),
(205, 'Huyện Hạ Hoà', 16, '1', '1', '1', '1', '1', '1505', 'PHO.2962', '17.162', 1),
(208, 'Huyện Lâm Thao', 16, '1', '1', '1', '1', '1', '1510', 'PHO.2929', '17.161', 1),
(207, 'Huyện Phong Châu', 16, '0', '1', '0', '0', '0', NULL, NULL, NULL, 1),
(778, 'Huyện Phù Ninh', 16, '1', '1', '1', '1', '1', '1509', 'PHO.2923', '17.155', 1),
(209, 'Huyện Sông Thao', 16, '0', '1', '0', '0', '0', NULL, NULL, NULL, 1),
(779, 'Huyện Tam Nông', 16, '1', '1', '1', '1', '1', '1511', 'PHO.2940', '17.160', 1),
(211, 'Huyện Tam Thanh', 16, '0', '1', '0', '0', '0', NULL, NULL, NULL, 1),
(206, 'Huyện Thanh Ba', 16, '1', '1', '1', '1', '1', '1504', 'PHO.2956', '17.151', 1),
(213, 'Huyện Thanh Sơn', 16, '1', '1', '1', '1', '1', '1508', 'PHO.2982', '17.156', 1),
(212, 'Huyện Thanh Thuỷ', 16, '1', '1', '1', '1', '1', '1512', 'PHO.2945', '17.154', 1),
(780, 'Huyện Tân Sơn', 16, '1', '1', '1', '1', '1', '1513', 'PHO.2994', '17.157', 1),
(210, 'Huyện Yên Lập', 16, '1', '1', '1', '1', '1', '1507', 'PHO.2976', '17.158', 1),
(204, 'Huyện Đoan Hùng', 16, '1', '1', '1', '1', '1', '1503', 'PHO.2949', '17.153', 1),
(202, 'Thành phố Việt Trì', 16, '1', '1', '1', '1', '1', '1501', 'PHO.2910', '17.152', 1),
(203, 'Thị xã Phú Thọ', 16, '1', '1', '1', '1', '1', '1502', 'PHO.2935', '17.150', 1),
(676, 'Huyện Phú Hòa', 36, '1', '1', '1', '1', '1', '3908', 'PYN.6234', '9.73', 1),
(415, 'Huyện Sông Hinh', 36, '1', '1', '1', '1', '1', '3906', 'PYN.6227', '9.76', 1),
(413, 'Huyện Sơn Hòa', 36, '1', '1', '1', '1', '1', '3905', 'PYN.6224', '9.80', 1),
(412, 'Huyện Tuy An', 36, '1', '1', '1', '1', '1', '3904', 'PYN.6216', '9.75', 1),
(677, 'Huyện Tây Hòa', 36, '1', '1', '1', '1', '1', '3909', 'PYN.6232', '9.77', 1),
(414, 'Huyện Đông Hòa', 36, '1', '1', '1', '1', '1', '3907', 'PYN.6230', '9.78', 1),
(410, 'Huyện Đồng Xuân', 36, '1', '1', '1', '1', '1', '3902', 'PYN.6222', '9.81', 1),
(409, 'Thành phố Tuy Hòa', 36, '1', '1', '1', '1', '1', '3901', 'PYN.6210', '9.79', 1),
(411, 'Thị xã Sông Cầu', 36, '1', '1', '1', '1', '1', '3903', 'PYN.6219', '9.74', 1),
(336, 'Huyện Bố Trạch', 29, '1', '1', '1', '1', '1', '3105', 'QBH.5115', '32.350', 1),
(338, 'Huyện Lệ Thủy', 29, '1', '1', '1', '1', '1', '3107', 'QBH.5139', '32.347', 1),
(334, 'Huyện Minh Hóa', 29, '1', '1', '1', '1', '1', '3103', 'QBH.5132', '32.352', 1),
(337, 'Huyện Quảng Ninh', 29, '1', '1', '1', '1', '1', '3106', 'QBH.5136', '32.353', 1),
(335, 'Huyện Quảng Trạch', 29, '1', '1', '1', '1', '1', '3104', 'QBH.5122', '32.351', 1),
(333, 'Huyện Tuyên Hóa', 29, '1', '1', '1', '1', '1', '3102', 'QBH.5128', '32.348', 1),
(332, 'Thành phố Đồng Hới', 29, '1', '1', '1', '1', '1', '3101', 'QBH.5110', '32.349', 1),
(781, 'Thị Xã Ba Đồn', 29, '1', '1', '1', '1', '1', '3108', 'QBH.5140', '32.719', 1),
(381, 'Huyện Bắc Trà My', 33, '1', '1', '1', '1', '1', '3411', 'QNM.5636', '36.389', 1),
(373, 'Huyện Duy Xuyên', 33, '1', '1', '1', '1', '1', '3403', 'QNM.5627', '36.395', 1),
(374, 'Huyện Giằng', 33, '0', '1', '0', '0', '0', NULL, NULL, NULL, 1),
(370, 'Huyện Hiên', 33, '0', '1', '0', '0', '0', NULL, NULL, NULL, 1),
(377, 'Huyện Hiệp Đức', 33, '1', '1', '1', '1', '1', '3407', 'QNM.5634', '36.393', 1),
(806, 'Huyện Nam Giang', 33, '1', '1', '1', '1', '1', '3413', 'QNM.5660', '36.384', 1),
(803, 'Huyện Nam Trà My', 33, '1', '1', '1', '1', '1', '3415', 'QNM.5653', '36.387', 1),
(782, 'Huyện Nông Sơn', 33, '1', '1', '1', '1', '1', '3418', 'QNM.5611', '36.397', 1),
(380, 'Huyện Núi Thành', 33, '1', '1', '1', '1', '1', '3409', 'QNM.5623', '36.398', 1),
(783, 'Huyện Phú Ninh', 33, '1', '1', '1', '1', '1', '3417', 'QNM.5662', '36.381', 1),
(379, 'Huyện Phước Sơn', 33, '1', '1', '1', '1', '1', '3414', 'QNM.5651', '36.382', 1),
(376, 'Huyện Quế Sơn', 33, '1', '1', '1', '1', '1', '3406', 'QNM.5630', '36.396', 1),
(375, 'Huyện Thăng Bình', 33, '1', '1', '1', '1', '1', '3408', 'QNM.5616', '36.385', 1),
(378, 'Huyện Tiên Phước', 33, '1', '1', '1', '1', '1', '3410', 'QNM.5620', '36.392', 1),
(805, 'Huyện Tây Giang', 33, '1', '1', '1', '1', '1', '3416', 'QNM.5658', '36.390', 1),
(804, 'Huyện Đông Giang', 33, '1', '1', '1', '1', '1', '3412', 'QNM.5655', '36.388', 1),
(371, 'Huyện Đại Lộc', 33, '1', '1', '1', '1', '1', '3405', 'QNM.5647', '36.383', 1),
(369, 'Thành phố Hội An', 33, '1', '1', '1', '1', '1', '3402', 'QNM.5638', '36.391', 1),
(368, 'Thành phố Tam Kỳ', 33, '1', '1', '1', '1', '1', '3401', 'QNM.5610', '36.386', 1),
(372, 'Thị xã Điện Bàn', 33, '1', '1', '1', '1', '1', '3404', 'QNM.5642', '36.394', 1),
(395, 'Huyện Ba Tơ', 34, '1', '1', '1', '1', '1', '3512', 'QNI.5732', '37.401', 1),
(385, 'Huyện Bình Sơn', 34, '1', '1', '1', '1', '1', '3503', 'QNI.5718', '37.403', 1),
(384, 'Huyện Lý Sơn', 34, '0', '1', '1', '1', '1', NULL, 'QNI.5714', '37.409', 1),
(392, 'Huyện Minh Long', 34, '1', '1', '1', '1', '1', '3509', 'QNI.5731', '37.402', 1),
(393, 'Huyện Mộ Đức', 34, '1', '1', '1', '1', '1', '3510', 'QNI.5738', '37.405', 1),
(391, 'Huyện Nghĩa Hành', 34, '1', '1', '1', '1', '1', '3508', 'QNI.5729', '37.399', 1),
(389, 'Huyện Sơn Hà', 34, '1', '1', '1', '1', '1', '3506', 'QNI.5726', '37.410', 1),
(388, 'Huyện Sơn Tây', 34, '1', '1', '1', '1', '1', '3513', 'QNI.5728', '37.406', 1),
(387, 'Huyện Sơn Tịnh', 34, '1', '1', '1', '1', '1', '3505', 'QNI.5715', '37.412', 1),
(386, 'Huyện Trà Bồng', 34, '1', '1', '1', '1', '1', '3504', 'QNI.5722', '37.407', 1),
(784, 'Huyện Tây Trà', 34, '1', '1', '1', '1', '1', '3514', 'QNI.5724', '37.408', 1),
(390, 'Huyện Tư Nghĩa', 34, '1', '1', '1', '1', '1', '3507', 'QNI.5740', '37.400', 1),
(394, 'Huyện Đức Phổ', 34, '1', '1', '1', '1', '1', '3511', 'QNI.5735', '37.411', 1),
(383, 'Thành phố Quảng Ngãi', 34, '1', '1', '1', '1', '1', '3501', 'QNI.5710', '37.404', 1),
(233, 'Huyện Ba Chẽ', 14, '1', '1', '1', '1', '1', '1709', 'QNH.2059', '20.206', 1),
(229, 'Huyện Bình Liêu', 14, '1', '1', '1', '1', '1', '1705', 'QNH.2061', '20.207', 1),
(237, 'Huyện Cô Tô', 14, '1', '1', '1', '1', '1', '1714', 'QNH.2055', '20.212', 1),
(235, 'Huyện Hoành Bồ', 14, '1', '1', '1', '1', '1', '1712', 'QNH.2072', '20.209', 1),
(787, 'Huyện Hải Hà', 14, '1', '1', '1', '1', '1', '1707', 'QNH.2065', '20.214', 1),
(231, 'Huyện Quảng Hà', 14, '0', '1', '0', '0', '0', NULL, NULL, NULL, 1),
(232, 'Huyện Tiên Yên', 14, '1', '1', '1', '1', '1', '1708', 'QNH.2056', '20.202', 1),
(234, 'Huyện Vân Đồn', 14, '1', '1', '1', '1', '1', '1713', 'QNH.2053', '20.210', 1),
(238, 'Huyện Yên Hưng', 14, '0', '1', '0', '1', '0', NULL, 'QNH.2075', NULL, 1),
(786, 'Huyện Đầm Hà', 14, '1', '1', '1', '1', '1', '1706', 'QNH.2063', '20.208', 1),
(227, 'Thành phố Cẩm Phả', 14, '1', '1', '1', '1', '1', '1702', 'QNH.2032', '20.211', 1),
(226, 'Thành phố Hạ Long', 14, '1', '1', '1', '1', '1', '1701', 'QNH.2010', '20.215', 1),
(230, 'Thành phố Móng Cái', 14, '1', '1', '1', '1', '1', '1704', 'QNH.2068', '20.213', 1),
(228, 'Thành phố Uông Bí', 14, '1', '1', '1', '1', '1', '1703', 'QNH.2079', '20.203', 1),
(785, 'Thị Xã Quảng Yên', 14, '1', '1', '1', '1', '1', '1711', 'QNH.2075', '20.204', 1),
(236, 'Thị xã Đông Triều', 14, '1', '1', '1', '1', '1', '1710', 'QNH.2086', '20.205', 1),
(344, 'Huyện Cam Lộ', 30, '1', '1', '1', '1', '1', '3205', 'QTI.5223', '33.359', 1),
(788, 'Huyện Cồn Cỏ', 30, '0', '1', '1', '1', '1', NULL, 'QTI.5244', '33.360', 1),
(343, 'Huyện Gio Linh', 30, '1', '1', '1', '1', '1', '3204', 'QTI.5214', '33.356', 1),
(347, 'Huyện Hướng Hóa', 30, '1', '1', '1', '1', '1', '3208', 'QTI.5226', '33.357', 1),
(346, 'Huyện Hải Lăng', 30, '1', '1', '1', '1', '1', '3207', 'QTI.5238', '33.362', 1),
(345, 'Huyện Triệu Phong', 30, '1', '1', '1', '1', '1', '3206', 'QTI.5233', '33.354', 1),
(342, 'Huyện Vĩnh Linh', 30, '1', '1', '1', '1', '1', '3203', 'QTI.5218', '33.363', 1),
(348, 'Huyện Đa Krông', 30, '1', '1', '1', '1', '1', '3209', 'QTI.5230', '33.361', 1),
(340, 'Thành phố Đông Hà', 30, '1', '1', '1', '1', '1', '3201', 'QTI.5210', '33.355', 1),
(341, 'Thị xã Quảng Trị', 30, '1', '1', '1', '1', '1', '3202', 'QTI.5237', '33.358', 1),
(791, 'Huyện Châu Thành', 61, '1', '1', '1', '1', '1', '5910', 'STG.9550', '13.112', 1),
(792, 'Huyện Cù Lao Dung', 61, '1', '1', '1', '1', '1', '5908', 'STG.9538', '13.115', 1),
(654, 'Huyện Kế Sách', 61, '1', '1', '1', '1', '1', '5902', 'STG.9520', '13.114', 1),
(655, 'Huyện Long Phú', 61, '1', '1', '1', '1', '1', '5906', 'STG.9517', '13.109', 1),
(656, 'Huyện Mỹ Tú', 61, '1', '1', '1', '1', '1', '5903', 'STG.9523', '13.118', 1),
(657, 'Huyện Mỹ Xuyên', 61, '1', '1', '1', '1', '1', '5904', 'STG.9530', '13.117', 1),
(658, 'Huyện Thạnh Trị', 61, '1', '1', '1', '1', '1', '5905', 'STG.9527', '13.111', 1),
(790, 'Huyện Trần Đề', 61, '1', '1', '1', '1', '1', '5911', 'STG.9511', '13.707', 1),
(653, 'Thành phố Sóc Trăng', 61, '1', '1', '1', '1', '1', '5901', 'STG.9510', '13.116', 1),
(789, 'Thị Xã Ngã Năm', 61, '1', '1', '1', '1', '1', '5909', 'STG.9540', '13.113', 1),
(659, 'Thị Xã Vĩnh Châu', 61, '1', '1', '1', '1', '1', '5907', 'STG.9535', '13.110', 1),
(255, 'Huyện Bắc Yên', 9, '1', '1', '1', '1', '1', '1405', 'SLA.3643', '16.147', 1),
(257, 'Huyện Mai Sơn', 9, '1', '1', '1', '1', '1', '1407', 'SLA.3615', '16.143', 1),
(253, 'Huyện Mường La', 9, '1', '1', '1', '1', '1', '1403', 'SLA.3647', '16.140', 1),
(260, 'Huyện Mộc Châu', 9, '1', '1', '1', '1', '1', '1410', 'SLA.3628', '16.148', 1),
(256, 'Huyện Phù Yên', 9, '1', '1', '1', '1', '1', '1406', 'SLA.3636', '16.144', 1),
(252, 'Huyện Quỳnh Nhai', 9, '1', '1', '1', '1', '1', '1402', 'SLA.3653', '16.139', 1),
(258, 'Huyện Sông Mã', 9, '1', '1', '1', '1', '1', '1409', 'SLA.3668', '16.141', 1),
(793, 'Huyện Sốp Cộp', 9, '1', '1', '1', '1', '1', '1411', 'SLA.3677', '16.145', 1),
(254, 'Huyện Thuận Châu', 9, '1', '1', '1', '1', '1', '1404', 'SLA.3657', '16.146', 1),
(794, 'Huyện Vân Hồ', 9, '1', '1', '1', '1', '1', '1412', 'SLA.3611', '16.714', 1),
(259, 'Huyện Yên Châu', 9, '1', '1', '1', '1', '1', '1408', 'SLA.3624', '16.149', 1),
(251, 'Thành phố Sơn La', 9, '1', '1', '1', '1', '1', '1401', 'SLA.3610', '16.142', 1),
(279, 'Huyện Bá Thước', 26, '1', '1', '1', '1', '1', '2807', 'THA.4481', '29.306', 1),
(280, 'Huyện Cẩm Thủy', 26, '1', '1', '1', '1', '1', '2814', 'THA.4476', '29.313', 1),
(294, 'Huyện Hoằng Hóa', 26, '1', '1', '1', '1', '1', '2822', 'THA.4422', '29.289', 1),
(288, 'Huyện Hà Trung', 26, '1', '1', '1', '1', '1', '2821', 'THA.4444', '29.310', 1),
(292, 'Huyện Hậu Lộc', 26, '1', '1', '1', '1', '1', '2824', 'THA.4431', '29.307', 1),
(281, 'Huyện Lang Chánh', 26, '1', '1', '1', '1', '1', '2811', 'THA.4523', '29.298', 1),
(276, 'Huyện Mường Lát', 26, '1', '1', '1', '1', '1', '2806', 'THA.4532', '29.312', 1),
(289, 'Huyện Nga Sơn', 26, '1', '1', '1', '1', '1', '2823', 'THA.4437', '29.295', 1),
(283, 'Huyện Ngọc Lặc', 26, '1', '1', '1', '1', '1', '2812', 'THA.4516', '29.288', 1),
(286, 'Huyện Như Thanh', 26, '1', '1', '1', '1', '1', '2810', 'THA.4546', '29.308', 1),
(285, 'Huyện Như Xuân', 26, '1', '1', '1', '1', '1', '2809', 'THA.4551', '29.305', 1),
(298, 'Huyện Nông Cống', 26, '1', '1', '1', '1', '1', '2819', 'THA.4538', '29.301', 1),
(277, 'Huyện Quan Hóa', 26, '1', '1', '1', '1', '1', '2804', 'THA.4526', '29.314', 1),
(278, 'Huyện Quan Sơn', 26, '1', '1', '1', '1', '1', '2805', 'THA.4529', '29.290', 1),
(297, 'Huyện Quảng Xương', 26, '1', '1', '1', '1', '1', '2825', 'THA.4555', '29.294', 1),
(293, 'Huyện Thiệu Hóa', 26, '1', '1', '1', '1', '1', '2817', 'THA.4456', '29.311', 1),
(284, 'Huyện Thường Xuân', 26, '1', '1', '1', '1', '1', '2808', 'THA.4534', '29.303', 1),
(282, 'Huyện Thạch Thành', 26, '1', '1', '1', '1', '1', '2813', 'THA.4470', '29.292', 1),
(291, 'Huyện Thọ Xuân', 26, '1', '1', '1', '1', '1', '2815', 'THA.4497', '29.291', 1),
(296, 'Huyện Triệu Sơn', 26, '1', '1', '1', '1', '1', '2818', 'THA.4487', '29.300', 1),
(299, 'Huyện Tĩnh Gia', 26, '1', '1', '1', '1', '1', '2826', 'THA.4564', '29.302', 1),
(287, 'Huyện Vĩnh Lộc', 26, '1', '1', '1', '1', '1', '2816', 'THA.4467', '29.297', 1),
(290, 'Huyện Yên Định', 26, '1', '1', '1', '1', '1', '2827', 'THA.4462', '29.304', 1),
(295, 'Huyện Đông Sơn', 26, '1', '1', '1', '1', '1', '2820', 'THA.4452', '29.296', 1),
(273, 'Thành phố Thanh Hóa', 26, '1', '1', '1', '1', '1', '2801', 'THA.4410', '29.299', 1);
INSERT INTO `districts` (`DistrictId`, `DistrictName`, `ProvinceId`, `GHNSupport`, `TTCSupport`, `VNPTSupport`, `ViettelPostSupport`, `ShipChungSupport`, `GHNDistrictCode`, `ViettelPostDistrictCode`, `ShipChungDistrictCode`, `DisplayOrder`) VALUES
(274, 'Thị xã Bỉm Sơn', 26, '1', '1', '1', '1', '1', '2802', 'THA.4449', '29.309', 1),
(275, 'Thị xã Sầm Sơn', 26, '1', '1', '1', '1', '1', '2803', 'THA.4420', '29.293', 1),
(105, 'Huyện Hưng Hà', 22, '1', '1', '1', '1', '1', '2603', 'TBH.4142', '26.263', 1),
(109, 'Huyện Kiến Xương', 22, '1', '1', '1', '1', '1', '2606', 'TBH.4155', '26.268', 1),
(104, 'Huyện Quỳnh Phụ', 22, '1', '1', '1', '1', '1', '2602', 'TBH.4136', '26.262', 1),
(106, 'Huyện Thái Thụy', 22, '1', '1', '1', '1', '1', '2608', 'TBH.4128', '26.260', 1),
(110, 'Huyện Tiền Hải', 22, '1', '1', '1', '1', '1', '2607', 'TBH.4162', '26.267', 1),
(108, 'Huyện Vũ Thư', 22, '1', '1', '1', '1', '1', '2605', 'TBH.4149', '26.261', 1),
(107, 'Huyện Đông Hưng', 22, '1', '1', '1', '1', '1', '2604', 'TBH.4121', '26.266', 1),
(103, 'Thành phố Thái Bình', 22, '1', '1', '1', '1', '1', '2601', 'TBH.4110', '26.265', 1),
(199, 'Huyện Phú Bình', 12, '1', '1', '1', '1', '1', '1208', 'TNN.2575', '12.104', 1),
(196, 'Huyện Phú Lương', 12, '1', '1', '1', '1', '1', '1204', 'TNN.2538', '12.101', 1),
(195, 'Huyện Võ Nhai', 12, '1', '1', '1', '1', '1', '1205', 'TNN.2532', '12.102', 1),
(198, 'Huyện Đại Từ', 12, '1', '1', '1', '1', '1', '1206', 'TNN.2553', '12.106', 1),
(194, 'Huyện Định Hóa', 12, '1', '1', '1', '1', '1', '1203', 'TNN.2544', '12.107', 1),
(197, 'Huyện Đồng Hỷ', 12, '1', '1', '1', '1', '1', '1207', 'TNN.2525', '12.105', 1),
(193, 'Thành phố Sông Công', 12, '1', '1', '1', '1', '1', '1202', 'TNN.2564', '12.108', 1),
(192, 'Thành phố Thái Nguyên', 12, '1', '1', '1', '1', '1', '1201', 'TNN.2510', '12.103', 1),
(200, 'Thị xã Phổ Yên', 12, '1', '1', '1', '1', '1', '1209', 'TNN.2568', '12.100', 1),
(357, 'Huyện A Lưới', 31, '1', '1', '1', '1', '1', '3309', 'HUE.5357', '34.368', 1),
(358, 'Huyện Nam Đông', 31, '1', '1', '1', '1', '1', '3308', 'HUE.5364', '34.372', 1),
(351, 'Huyện Phong Điền', 31, '1', '1', '1', '1', '1', '3302', 'HUE.5349', '34.369', 1),
(356, 'Huyện Phú Lộc', 31, '1', '1', '1', '1', '1', '3307', 'HUE.5371', '34.366', 1),
(354, 'Huyện Phú Vang', 31, '1', '1', '1', '1', '1', '3305', 'HUE.5367', '34.365', 1),
(352, 'Huyện Quảng Điền', 31, '1', '1', '1', '1', '1', '3303', 'HUE.5346', '34.370', 1),
(350, 'Thành phố Huế', 31, '1', '1', '1', '1', '1', '3301', 'HUE.5310', '34.371', 1),
(355, 'Thị xã Hương Thủy', 31, '1', '1', '1', '1', '1', '3306', 'HUE.5361', '34.367', 1),
(353, 'Thị xã Hương Trà', 31, '1', '1', '1', '1', '1', '3304', 'HUE.5353', '34.364', 1),
(598, 'Huyện Cai Lậy', 52, '1', '1', '1', '1', '1', '5304', 'TGG.8641', '58.620', 1),
(597, 'Huyện Châu Thành', 52, '1', '1', '1', '1', '1', '5305', 'TGG.8634', '58.624', 1),
(599, 'Huyện Chợ Gạo', 52, '1', '1', '1', '1', '1', '5306', 'TGG.8620', '58.618', 1),
(600, 'Huyện Cái Bè', 52, '1', '1', '1', '1', '1', '5303', 'TGG.8647', '58.622', 1),
(601, 'Huyện Gò Công Tây', 52, '1', '1', '1', '1', '1', '5307', 'TGG.8624', '58.621', 1),
(602, 'Huyện Gò Công Đông', 52, '1', '1', '1', '1', '1', '5308', 'TGG.8630', '58.623', 1),
(796, 'Huyện Tân Phú Đông', 52, '1', '1', '1', '1', '1', '5310', 'TGG.8648', '58.617', 1),
(596, 'Huyện Tân Phước', 52, '1', '1', '1', '1', '1', '5309', 'TGG.8639', '58.625', 1),
(594, 'Thành phố Mỹ Tho', 52, '1', '1', '1', '1', '1', '5301', 'TGG.8610', '58.619', 1),
(815, 'Thị xã Cai Lậy', 52, '1', '1', '1', '1', '1', '5311', 'TGG.8641', '58.721', 1),
(595, 'Thị xã Gò Công', 52, '1', '1', '1', '1', '1', '5302', 'TGG.8627', '58.616', 1),
(646, 'Huyện Châu Thành', 54, '1', '1', '1', '1', '1', '5805', 'TVH.9426', '64.681', 1),
(645, 'Huyện Càng Long', 54, '1', '1', '1', '1', '1', '5802', 'TVH.9417', '64.680', 1),
(647, 'Huyện Cầu Kè', 54, '1', '1', '1', '1', '1', '5803', 'TVH.9421', '64.679', 1),
(649, 'Huyện Cầu Ngang', 54, '1', '1', '1', '1', '1', '5807', 'TVH.9435', '64.682', 1),
(648, 'Huyện Tiểu Cần', 54, '1', '1', '1', '1', '1', '5804', 'TVH.9423', '64.684', 1),
(650, 'Huyện Trà Cú', 54, '1', '1', '1', '1', '1', '5806', 'TVH.9430', '64.677', 1),
(644, 'Thành phố Trà Vinh', 54, '1', '1', '1', '1', '1', '5801', 'TVH.9410', '64.683', 1),
(651, 'Thị xã Duyên Hải', 54, '1', '1', '1', '1', '1', '5808', 'TVH.9439', '64.678', 1),
(177, 'Huyện Chiêm Hóa', 5, '1', '1', '1', '1', '1', '0904', 'TQG.3038', '7.61', 1),
(178, 'Huyện Hàm Yên', 5, '1', '1', '1', '1', '1', '0905', 'TQG.3055', '7.59', 1),
(797, 'Huyện Lâm Bình', 5, '1', '1', '1', '1', '1', '0902', 'TQG.3056', '7.702', 1),
(176, 'Huyện Nà Hang', 5, '1', '1', '1', '1', '1', '0903', 'TQG.3048', '7.62', 1),
(180, 'Huyện Sơn Dương', 5, '1', '1', '1', '1', '1', '0907', 'TQG.3028', '7.60', 1),
(179, 'Huyện Yên Sơn', 5, '1', '1', '1', '1', '1', '0906', 'TQG.3015', '7.58', 1),
(175, 'Thành phố Tuyên Quang', 5, '1', '1', '1', '1', '1', '0901', 'TQG.3010', '7.57', 1),
(518, 'Huyện Bến Cầu', 46, '1', '1', '1', '1', '1', '4607', 'TNH.8429', '48.513', 1),
(516, 'Huyện Châu Thành', 46, '1', '1', '1', '1', '1', '4605', 'TNH.8424', '48.512', 1),
(515, 'Huyện Dương Minh Châu', 46, '1', '1', '1', '1', '1', '4604', 'TNH.8417', '48.519', 1),
(519, 'Huyện Gò Dầu', 46, '1', '1', '1', '1', '1', '4608', 'TNH.8431', '48.517', 1),
(517, 'Huyện Hòa Thành', 46, '1', '1', '1', '1', '1', '4606', 'TNH.8427', '48.515', 1),
(520, 'Huyện Trảng Bàng', 46, '1', '1', '1', '1', '1', '4609', 'TNH.8433', '48.518', 1),
(513, 'Huyện Tân Biên', 46, '1', '1', '1', '1', '1', '4602', 'TNH.8422', '48.516', 1),
(795, 'Huyện Tân Bình', 46, '0', '1', '0', '0', '0', NULL, NULL, NULL, 1),
(514, 'Huyện Tân Châu', 46, '1', '1', '1', '1', '1', '4603', 'TNH.8419', '48.511', 1),
(512, 'Thành phố Tây Ninh', 46, '1', '1', '1', '1', '1', '4601', 'TNH.8410', '48.514', 1),
(798, 'Huyện Bình Tân', 55, '1', '1', '1', '1', '1', '5708', 'VLG.8938', '61.652', 1),
(605, 'Huyện Long Hồ', 55, '1', '1', '1', '1', '1', '5702', 'VLG.8913', '61.651', 1),
(606, 'Huyện Mang Thít', 55, '1', '1', '1', '1', '1', '5703', 'VLG.8934', '61.654', 1),
(608, 'Huyện Tam Bình', 55, '1', '1', '1', '1', '1', '5705', 'VLG.8917', '61.650', 1),
(609, 'Huyện Trà Ôn', 55, '1', '1', '1', '1', '1', '5706', 'VLG.8925', '61.647', 1),
(610, 'Huyện Vũng Liêm', 55, '1', '1', '1', '1', '1', '5707', 'VLG.8929', '61.653', 1),
(604, 'Thành phố Vĩnh Long', 55, '1', '1', '1', '1', '1', '5701', 'VLG.8910', '61.648', 1),
(607, 'Thị xã Bình Minh', 55, '1', '1', '1', '1', '1', '5704', 'VLG.8921', '61.649', 1),
(35, 'Huyện Bình Xuyên', 17, '1', '1', '1', '1', '1', '1606', 'VPC.2812', '15.137', 1),
(30, 'Huyện Lập Thạch', 17, '1', '1', '1', '1', '1', '1603', 'VPC.2818', '15.134', 1),
(800, 'Huyện Sông Lô', 17, '1', '1', '1', '1', '1', '1607', 'VPC.2838', '15.138', 1),
(31, 'Huyện Tam Dương', 17, '1', '1', '1', '1', '1', '1602', 'VPC.2815', '15.136', 1),
(801, 'Huyện Tam Đảo', 17, '1', '1', '1', '1', '1', '1609', 'VPC.2836', '15.135', 1),
(32, 'Huyện Vĩnh Tường', 17, '1', '1', '1', '1', '1', '1604', 'VPC.2823', '15.131', 1),
(33, 'Huyện Yên Lạc', 17, '1', '1', '1', '1', '1', '1605', 'VPC.2828', '15.133', 1),
(29, 'Thành phố Vĩnh Yên', 17, '1', '1', '1', '1', '1', '1601', 'VPC.2810', '15.132', 1),
(799, 'Thị xã Phúc Yên', 17, '1', '1', '1', '1', '1', '1608', 'VPC.2834', '15.130', 1),
(184, 'Huyện Lục Yên', 10, '1', '1', '1', '1', '1', '1309', 'YBN.3226', '11.96', 1),
(186, 'Huyện Mù Căng Chải', 10, '1', '1', '1', '1', '1', '1305', 'YBN.3261', '11.99', 1),
(190, 'Huyện Trạm Tấu', 10, '1', '1', '1', '1', '1', '1308', 'YBN.3259', '11.95', 1),
(187, 'Huyện Trấn Yên', 10, '1', '1', '1', '1', '1', '1307', 'YBN.3233', '11.93', 1),
(189, 'Huyện Văn Chấn', 10, '1', '1', '1', '1', '1', '1306', 'YBN.3247', '11.91', 1),
(185, 'Huyện Văn Yên', 10, '1', '1', '1', '1', '1', '1303', 'YBN.3240', '11.92', 1),
(188, 'Huyện Yên Bình', 10, '1', '1', '1', '1', '1', '1304', 'YBN.3219', '11.94', 1),
(182, 'Thành phố Yên Bái', 10, '1', '1', '1', '1', '1', '1301', 'YBN.3210', '11.98', 1),
(183, 'Thị xã Nghĩa Lộ', 10, '1', '1', '1', '1', '1', '1302', 'YBN.3256', '11.97', 1),
(739, 'Huyện Mường Chà', 7, '1', '1', '1', '1', '1', '6205', 'DBN.3833', '10.88', 1),
(740, 'Huyện Mường Nhé', 7, '1', '1', '1', '1', '1', '6208', 'DBN.3840', '10.87', 1),
(738, 'Huyện Mường Ảng', 7, '1', '1', '1', '1', '1', '6209', 'DBN.3848', '10.89', 1),
(743, 'Huyện Nậm Pồ', 7, '0', '1', '1', '1', '1', NULL, 'DBN.3841', '10.704', 1),
(742, 'Huyện Tuần Giáo', 7, '1', '1', '1', '1', '1', '6204', 'DBN.3825', '10.90', 1),
(741, 'Huyện Tủa Chùa', 7, '1', '1', '1', '1', '1', '6206', 'DBN.3836', '10.86', 1),
(736, 'Huyện Điện Biên', 7, '1', '1', '1', '1', '1', '6203', 'DBN.3814', '10.83', 1),
(737, 'Huyện Điện Biên Đông', 7, '1', '1', '1', '1', '1', '6207', 'DBN.3820', '10.84', 1),
(686, 'Thành phố Điện Biên Phủ', 7, '1', '1', '1', '1', '1', '6201', 'DBN.3810', '10.82', 1),
(735, 'Thị xã Mường Lay', 7, '1', '1', '1', '1', '1', '6202', 'DBN.3839', '10.85', 1),
(452, 'Huyện Buôn Đôn', 42, '1', '1', '1', '1', '1', '4013', 'DLK.6360', '42.460', 1),
(807, 'Huyện Cư Kuin', 42, '1', '1', '1', '1', '1', '4014', 'DLK.6380', '42.453', 1),
(453, 'Huyện Cư M\'gar', 42, '1', '1', '1', '1', '1', '4006', 'DLK.6343', '42.459', 1),
(448, 'Huyện Ea H\'leo', 42, '1', '1', '1', '1', '1', '4002', 'DLK.6356', '42.464', 1),
(454, 'Huyện Ea Kar', 42, '1', '1', '1', '1', '1', '4008', 'DLK.6334', '42.454', 1),
(449, 'Huyện Ea Súp', 42, '1', '1', '1', '1', '1', '4005', 'DLK.6363', '42.461', 1),
(458, 'Huyện Krông A Na', 42, '1', '1', '1', '1', '1', '4010', 'DLK.6366', '42.456', 1),
(459, 'Huyện Krông Bông', 42, '1', '1', '1', '1', '1', '4011', 'DLK.6370', '42.462', 1),
(451, 'Huyện Krông Búk', 42, '1', '1', '1', '1', '1', '4003', 'DLK.6347', '42.450', 1),
(450, 'Huyện Krông Năng', 42, '1', '1', '1', '1', '1', '4004', 'DLK.6352', '42.451', 1),
(456, 'Huyện Krông Pắc', 42, '1', '1', '1', '1', '1', '4007', 'DLK.6327', '42.457', 1),
(462, 'Huyện Lắk', 42, '1', '1', '1', '1', '1', '4012', 'DLK.6374', '42.458', 1),
(455, 'Huyện M\'Đrắk', 42, '1', '1', '1', '1', '1', '4009', 'DLK.6339', '42.463', 1),
(447, 'Thành phố Buôn Mê Thuột', 42, '1', '1', '1', '1', '1', '4001', 'DLK.6310', '42.455', 1),
(734, 'Thị Xã Buôn Hồ', 42, '1', '1', '1', '1', '1', '4015', 'DLK.6390', '42.452', 1),
(457, 'Huyện Cư Jút', 43, '1', '1', '1', '1', '1', '6304', 'DKG.6424', '44.478', 1),
(461, 'Huyện Krông Nô', 43, '1', '1', '1', '1', '1', '6306', 'DKG.6421', '44.479', 1),
(675, 'Huyện Tuy Đức', 43, '1', '1', '1', '1', '1', '6308', 'DKG.6430', '44.475', 1),
(464, 'Huyện Đắk Glong', 43, '1', '1', '1', '1', '1', '6307', 'DKG.6427', '44.474', 1),
(460, 'Huyện Đắk Mil', 43, '1', '1', '1', '1', '1', '6303', 'DKG.6418', '44.481', 1),
(463, 'Huyện Đắk R\'Lấp', 43, '1', '1', '1', '1', '1', '6302', 'DKG.6413', '44.476', 1),
(673, 'Huyện Đắk Song', 43, '1', '1', '1', '1', '1', '6305', 'DKG.6416', '44.480', 1),
(674, 'Thị xã Gia Nghĩa', 43, '1', '1', '1', '1', '1', '6301', 'DKG.6410', '44.477', 1),
(744, 'Huyện Cẩm Mỹ', 48, '1', '1', '1', '1', '1', '4811', 'DNI.8161', '50.534', 1),
(534, 'Huyện Long Thành', 48, '1', '1', '1', '1', '1', '4808', 'DNI.8153', '50.537', 1),
(535, 'Huyện Nhơn Trạch', 48, '1', '1', '1', '1', '1', '4809', 'DNI.8158', '50.532', 1),
(531, 'Huyện Thống Nhất', 48, '1', '1', '1', '1', '1', '4805', 'DNI.8137', '50.530', 1),
(694, 'Huyện Trảng Bom', 48, '1', '1', '1', '1', '1', '4810', 'DNI.8164', '50.527', 1),
(528, 'Huyện Tân Phú', 48, '1', '1', '1', '1', '1', '4803', 'DNI.8146', '50.529', 1),
(530, 'Huyện Vĩnh Cửu', 48, '1', '1', '1', '1', '1', '4802', 'DNI.8150', '50.531', 1),
(533, 'Huyện Xuân Lộc', 48, '1', '1', '1', '1', '1', '4807', 'DNI.8139', '50.535', 1),
(529, 'Huyện Định Quán', 48, '1', '1', '1', '1', '1', '4804', 'DNI.8142', '50.536', 1),
(527, 'Thành phố Biên Hòa', 48, '1', '1', '1', '1', '1', '4801', 'DNI.8110', '50.533', 1),
(532, 'Thị xã Long Khánh', 48, '1', '1', '1', '1', '1', '4806', 'DNI.8132', '50.528', 1),
(577, 'Huyện Cao Lãnh', 56, '1', '1', '1', '1', '1', '5007', 'DTP.8740', '57.614', 1),
(580, 'Huyện Châu Thành', 56, '1', '1', '1', '1', '1', '5011', 'DTP.8738', '57.612', 1),
(573, 'Huyện Hồng Ngự', 56, '1', '1', '1', '1', '1', '5004', 'DTP.8721', '57.613', 1),
(579, 'Huyện Lai Vung', 56, '1', '1', '1', '1', '1', '5010', 'DTP.8728', '57.611', 1),
(578, 'Huyện Lấp Vò', 56, '1', '1', '1', '1', '1', '5008', 'DTP.8726', '57.607', 1),
(574, 'Huyện Tam Nông', 56, '1', '1', '1', '1', '1', '5005', 'DTP.8717', '57.608', 1),
(575, 'Huyện Thanh Bình', 56, '1', '1', '1', '1', '1', '5006', 'DTP.8724', '57.606', 1),
(576, 'Huyện Tháp Mười', 56, '1', '1', '1', '1', '1', '5009', 'DTP.8714', '57.610', 1),
(572, 'Huyện Tân Hồng', 56, '1', '1', '1', '1', '1', '5003', 'DTP.8719', '57.605', 1),
(570, 'Thành phố Cao Lãnh', 56, '1', '1', '1', '1', '1', '5001', 'DTP.8710', '57.609', 1),
(571, 'Thành phố Sa Đéc', 56, '1', '1', '1', '1', '1', '5002', 'DTP.8731', '57.615', 1),
(808, 'Thị xã Hồng Ngự', 56, '1', '1', '1', '1', '0', '5012', 'DTP.8721', NULL, 1);

-- --------------------------------------------------------

--
-- Table structure for table `familytransactions`
--

CREATE TABLE `familytransactions` (
  `FamilyTransactionId` int(11) NOT NULL,
  `TransactionCode` varchar(45) DEFAULT NULL,
  `TransactionTypeId` tinyint(4) NOT NULL,
  `TransactionStatusId` tinyint(4) NOT NULL,
  `VerifyLevelId` tinyint(4) NOT NULL COMMENT 'cap phe duyet',
  `MoneySourceId` tinyint(4) NOT NULL,
  `MoneyPhoneId` smallint(6) NOT NULL,
  `BankId` smallint(6) NOT NULL COMMENT 'dung cho phieu thu',
  `BankToText` varchar(250) NOT NULL,
  `PaidCost` int(11) NOT NULL,
  `Comment` varchar(650) NOT NULL,
  `TransactionKindId` smallint(6) NOT NULL,
  `PayerName` varchar(250) NOT NULL,
  `PayerPhone` varchar(15) NOT NULL,
  `CrUserId` int(11) NOT NULL COMMENT 'co the la thu quy - ng xuat tien',
  `CrDateTime` datetime NOT NULL,
  `UpdateUserId` int(11) DEFAULT NULL,
  `UpdateDateTime` datetime DEFAULT NULL
) ENGINE=InnoDB DEFAULT CHARSET=utf8;

--
-- Dumping data for table `familytransactions`
--

INSERT INTO `familytransactions` (`FamilyTransactionId`, `TransactionCode`, `TransactionTypeId`, `TransactionStatusId`, `VerifyLevelId`, `MoneySourceId`, `MoneyPhoneId`, `BankId`, `BankToText`, `PaidCost`, `Comment`, `TransactionKindId`, `PayerName`, `PayerPhone`, `CrUserId`, `CrDateTime`, `UpdateUserId`, `UpdateDateTime`) VALUES
(1, 'PCGD-10001', 2, 2, 3, 1, 0, 0, '', 150000, '', 27, '', '', 4, '2018-05-07 15:26:59', NULL, NULL),
(2, 'PCGD-10002', 2, 2, 3, 1, 0, 0, '', 150000, '', 27, '', '', 4, '2018-05-07 15:27:54', NULL, NULL),
(3, 'PCGD-10003', 2, 2, 3, 1, 0, 0, '', 100000, '', 51, '', '', 4, '2018-05-07 15:28:17', NULL, NULL),
(4, 'PCGD-10004', 2, 2, 3, 2, 0, 2, 'mẹ thái', 20000000, '', 57, 'cho mẹ thái', '', 4, '2018-05-07 15:29:22', NULL, NULL),
(5, 'PCGD-10005', 2, 2, 3, 1, 0, 0, '', 200000, '', 27, '', '', 4, '2018-05-07 15:29:49', NULL, NULL),
(6, 'PCGD-10006', 2, 2, 3, 2, 0, 3, 'đi xem phim', 700000, '', 53, '', '', 4, '2018-05-07 15:30:51', NULL, NULL),
(7, 'PCGD-10007', 2, 2, 3, 1, 0, 0, '', 10000000, '', 57, 'bố thái đi khám bệnh', '', 4, '2018-05-07 15:31:30', NULL, NULL),
(8, 'PCGD-10008', 2, 2, 3, 1, 0, 0, '', 150000, '', 27, '', '', 4, '2018-05-07 15:31:43', NULL, NULL),
(9, 'PCGD-10009', 2, 2, 3, 1, 0, 0, '', 100000, '', 54, 'làm móng', '', 4, '2018-05-07 15:32:14', NULL, NULL),
(10, 'PCGD-10010', 2, 2, 3, 1, 0, 0, '', 225000, '', 32, '', '', 4, '2018-05-07 15:32:45', NULL, NULL),
(11, 'PCGD-10011', 2, 2, 3, 1, 0, 0, '', 300000, '', 27, '', '', 4, '2018-05-07 15:33:21', NULL, NULL),
(12, 'PCGD-10012', 2, 2, 3, 1, 0, 0, '', 3000000, '', 66, 'đưa tiền đạt đi chơi', '', 4, '2018-05-07 15:48:45', NULL, NULL);

-- --------------------------------------------------------

--
-- Table structure for table `files`
--

CREATE TABLE `files` (
  `FileId` int(11) NOT NULL,
  `FileName` varchar(250) COLLATE utf8_unicode_ci NOT NULL,
  `FileUrl` varchar(250) COLLATE utf8_unicode_ci NOT NULL,
  `FileTypeId` tinyint(4) NOT NULL
) ENGINE=MyISAM DEFAULT CHARSET=utf8 COLLATE=utf8_unicode_ci;

--
-- Dumping data for table `files`
--

INSERT INTO `files` (`FileId`, `FileName`, `FileUrl`, `FileTypeId`) VALUES
(1, 'Soundcard HV4 (Pin)', '/1525321851354-5aea9a3e2070c.png', 1);

-- --------------------------------------------------------

--
-- Table structure for table `filters`
--

CREATE TABLE `filters` (
  `FilterId` int(11) NOT NULL,
  `ItemTypeId` tinyint(4) NOT NULL,
  `FilterName` varchar(250) COLLATE utf8_unicode_ci NOT NULL,
  `FilterData` text COLLATE utf8_unicode_ci NOT NULL,
  `TagFilter` text COLLATE utf8_unicode_ci NOT NULL,
  `StatusId` tinyint(4) NOT NULL,
  `CrUserId` int(11) NOT NULL,
  `CrDateTime` datetime NOT NULL,
  `UpdateUserId` int(11) DEFAULT NULL,
  `UpdateDateTime` datetime DEFAULT NULL
) ENGINE=MyISAM DEFAULT CHARSET=utf8 COLLATE=utf8_unicode_ci;

--
-- Dumping data for table `filters`
--

INSERT INTO `filters` (`FilterId`, `ItemTypeId`, `FilterName`, `FilterData`, `TagFilter`, `StatusId`, `CrUserId`, `CrDateTime`, `UpdateUserId`, `UpdateDateTime`) VALUES
(1, 9, 'CƠ SỞ 704', '[{\"field_name\":\"transport_store\",\"conds\":[\"=\",\"2\"],\"tag\":\"Cơ sở giao hàng ở 704 SM Trảng Bom-Đồng Nai\"}]', '[\"Cơ sở giao hàng ở 704 SM Trảng Bom-Đồng Nai\"]', 0, 3, '2018-02-04 20:06:22', 3, '2018-02-23 15:23:04'),
(2, 9, 'CHỜ XỬ LÝ - 704', '[{\"field_name\":\"transport_store\",\"conds\":[\"=\",\"2\"],\"tag\":\"Cơ sở giao hàng ở 704 SM Trảng Bom-Đồng Nai\"},{\"field_name\":\"transport_status\",\"conds\":[\"=\",\"1\"],\"tag\":\"Trạng thái giao hàng là Chờ xử lý\"}]', '[\"Cơ sở giao hàng ở 704 SM Trảng Bom-Đồng Nai\",\"Trạng thái giao hàng là Chờ xử lý\"]', 0, 3, '2018-02-04 20:06:49', 11, '2018-02-23 14:23:03'),
(3, 17, 'CHỜ DUYỆT', '[{\"field_name\":\"group_status_trans\",\"conds\":[\"=\",\"2\"],\"tag\":\"Trạng thái phiếu là Đã áp dụng\"},{\"field_name\":\"group_status_verify\",\"conds\":[\"=\",\"2\"],\"tag\":\"Trạng thái duyệt là Chờ duyệt\"}]', '[\"Trạng thái phiếu là Đã áp dụng\",\"Trạng thái duyệt là Chờ duyệt\"]', 2, 3, '2018-02-04 20:10:13', NULL, NULL),
(4, 15, 'thiết bị studio', '[{\"field_name\":\"product_type\",\"conds\":[\"=\",\"1\"],\"tag\":\"Ngành kinh doanh là Thiết bị Studio\"}]', '[\"Ngành kinh doanh là Thiết bị Studio\"]', 0, 14, '2018-02-08 01:38:52', 14, '2018-02-08 01:39:27'),
(5, 9, 'Chờ xử lý', '[{\"field_name\":\"transport_status\",\"conds\":[\"=\",\"1\"],\"tag\":\"Trạng thái giao hàng là Chờ xử lý\"}]', '[\"Trạng thái giao hàng là Chờ xử lý\"]', 2, 3, '2018-02-23 16:29:37', NULL, NULL),
(6, 9, 'Chờ giao hàng', '[{\"field_name\":\"transport_status\",\"conds\":[\"=\",\"2\"],\"tag\":\"Trạng thái giao hàng là Chờ giao hàng\"}]', '[\"Trạng thái giao hàng là Chờ giao hàng\"]', 2, 3, '2018-02-23 16:29:53', NULL, NULL),
(7, 9, 'Đang giao hàng', '[{\"field_name\":\"transport_status\",\"conds\":[\"=\",\"3\"],\"tag\":\"Trạng thái giao hàng là Đang giao hàng\"}]', '[\"Trạng thái giao hàng là Đang giao hàng\"]', 2, 3, '2018-02-23 16:30:37', NULL, NULL),
(8, 9, 'Đang treo', '[{\"field_name\":\"transport_status\",\"conds\":[\"=\",\"8\"],\"tag\":\"Trạng thái giao hàng là Đang giao hàng\"}]', '[\"Trạng thái giao hàng là Đang treo\"]', 2, 3, '2018-02-23 16:31:09', NULL, NULL),
(9, 9, 'Đã hủy', '[{\"field_name\":\"transport_status\",\"conds\":[\"=\",\"5\"],\"tag\":\"Trạng thái giao hàng là Đang giao hàng\"}]', '[\"Trạng thái giao hàng là Hủy giao hàng\"]', 2, 3, '2018-02-23 16:31:23', NULL, NULL),
(10, 9, 'Thành công', '[{\"field_name\":\"transport_status\",\"conds\":[\"=\",\"4\"],\"tag\":\"Trạng thái giao hàng là Đang giao hàng\"}]', '[\"Trạng thái giao hàng là Đã giao hàng\"]', 2, 3, '2018-02-23 16:31:47', NULL, NULL),
(11, 9, 'Chưa đối soát COD', '[{\"field_name\":\"transport_status\",\"conds\":[\"=\",\"4\"],\"tag\":\"Trạng thái giao hàng là Đang giao hàng\"},{\"field_name\":\"transport_status_cod\",\"conds\":[\"=\",\"5\"],\"tag\":\"Trạng thái COD là Chưa đối soát\"}]', '[\"Trạng thái giao hàng là Đã giao hàng\",\"Trạng thái COD là Chưa đối soát\"]', 0, 3, '2018-02-23 20:42:25', 3, '2018-02-28 21:21:26'),
(12, 15, 'Các sản phẩm còn hàng', '[{\"field_name\":\"product_inventory_status\",\"conds\":[\"=\",\"2\"],\"tag\":\"Tình trạng tồn kho là Còn hàng\"}]', '[\"Tình trạng tồn kho là Còn hàng\"]', 0, 3, '2018-02-24 10:54:59', 11, '2018-02-24 11:31:28'),
(13, 15, 'Các sản phẩm còn hàng', '[{\"field_name\":\"product_inventory_status\",\"conds\":[\"=\",\"2\"],\"tag\":\"Tình trạng tồn kho là Còn hàng\"}]', '[\"Tình trạng tồn kho là Còn hàng\"]', 0, 3, '2018-02-24 10:55:01', 3, '2018-02-24 10:55:53'),
(14, 15, 'Đã hết hàng', '[{\"field_name\":\"product_inventory_status\",\"conds\":[\"=\",\"1\"],\"tag\":\"Tình trạng tồn kho là Hết hàng hàng\"}]', '[\"Tình trạng tồn kho là Hết hàng hàng\"]', 0, 3, '2018-02-24 10:56:06', 11, '2018-02-24 11:31:58'),
(15, 15, 'COMBO', '[{\"field_name\":\"product_kind\",\"conds\":[\"=\",\"3\"],\"tag\":\"Loại sản phẩm là Combo\"}]', '[\"Loại sản phẩm là Combo\"]', 0, 3, '2018-02-24 11:03:51', 11, '2018-02-24 11:32:04'),
(16, 15, '136 NAN', '[{\"field_name\":\"product_store\",\"conds\":[\"=\",\"6\"],\"tag\":\"Cơ sở là 136 Nguyễn An Ninh - HN\"}]', '[\"Cơ sở là 136 Nguyễn An Ninh - HN\"]', 2, 3, '2018-02-24 12:23:58', NULL, NULL),
(17, 15, '203 BSM', '[{\"field_name\":\"product_store\",\"conds\":[\"=\",\"7\"],\"tag\":\"Cơ sở là 136 Nguyễn An Ninh - HN\"}]', '[\"Cơ sở là 203 Bờ Sông Sét, HN\"]', 2, 3, '2018-02-24 12:24:15', NULL, NULL),
(18, 15, '704 SM-ĐN', '[{\"field_name\":\"product_store\",\"conds\":[\"=\",\"2\"],\"tag\":\"Cơ sở là 136 Nguyễn An Ninh - HN\"}]', '[\"Cơ sở là 704 SM Trảng Bom-Đồng Nai\"]', 2, 3, '2018-02-24 12:24:31', NULL, NULL),
(19, 8, '136 NAN', '[{\"field_name\":\"import_store\",\"conds\":[\"=\",\"6\"],\"tag\":\"Cơ sở là 136 Nguyễn An Ninh - HN\"}]', '[\"Cơ sở là 136 Nguyễn An Ninh - HN\"]', 2, 3, '2018-02-26 15:00:06', NULL, NULL),
(20, 8, '203 BSM', '[{\"field_name\":\"import_store\",\"conds\":[\"=\",\"7\"],\"tag\":\"Cơ sở là 136 Nguyễn An Ninh - HN\"}]', '[\"Cơ sở là 203 Bờ Sông Sét, HN\"]', 2, 3, '2018-02-26 15:00:16', NULL, NULL),
(21, 8, '704 SM,ĐN', '[{\"field_name\":\"import_store\",\"conds\":[\"=\",\"2\"],\"tag\":\"Cơ sở là 136 Nguyễn An Ninh - HN\"}]', '[\"Cơ sở là 704 SM Trảng Bom-Đồng Nai\"]', 2, 3, '2018-02-26 15:00:28', NULL, NULL),
(22, 6, 'Chờ xử lý', '[{\"field_name\":\"order_status\",\"conds\":[\"=\",\"1\"],\"tag\":\"Trạng thái đơn hàng là Chờ xử lý\"}]', '[\"Trạng thái đơn hàng là Chờ xử lý\"]', 2, 3, '2018-02-26 17:43:10', NULL, NULL),
(23, 6, 'Đang báo hủy', '[{\"field_name\":\"order_status\",\"conds\":[\"=\",\"4\"],\"tag\":\"Trạng thái đơn hàng là Chờ xử lý\"}]', '[\"Trạng thái đơn hàng là Chờ báo hủy\"]', 2, 3, '2018-02-26 17:43:30', NULL, NULL),
(24, 6, 'Thành công', '[{\"field_name\":\"order_status\",\"conds\":[\"=\",\"6\"],\"tag\":\"Trạng thái đơn hàng là Chờ xử lý\"}]', '[\"Trạng thái đơn hàng là Thành công\"]', 2, 3, '2018-02-26 17:44:00', NULL, NULL),
(25, 6, 'Đơn trực tiếp-POS', '[{\"field_name\":\"order_chanels\",\"conds\":[\"=\",\"4\"],\"tag\":\"Kênh bán hàng là POS\"}]', '[\"Kênh bán hàng là POS\"]', 2, 3, '2018-02-27 10:43:42', NULL, NULL),
(26, 17, 'Đã duyệt', '[{\"field_name\":\"group_status_verify\",\"conds\":[\"=\",\"3\"],\"tag\":\"Trạng thái duyệt là Đã duyệt\"}]', '[\"Trạng thái duyệt là Đã duyệt\"]', 2, 3, '2018-02-28 11:09:47', 3, '2018-02-28 11:10:26'),
(27, 9, 'Chưa đối soát COD', '[{\"field_name\":\"transport_status\",\"conds\":[\"=\",\"4\"],\"tag\":\"Trạng thái giao hàng là Đã giao hàng\"},{\"field_name\":\"transport_status_cod\",\"conds\":[\"=\",\"2\"],\"tag\":\"Trạng thái COD là Đã thu khách\"}]', '[\"Trạng thái giao hàng là Đã giao hàng\",\"Trạng thái COD là Đã thu khách\"]', 2, 3, '2018-02-28 21:21:51', NULL, NULL),
(28, 6, 'Thất bại', '[{\"field_name\":\"order_status\",\"conds\":[\"=\",\"5\"],\"tag\":\"Trạng thái đơn hàng là Thất bại\"}]', '[\"Trạng thái đơn hàng là Thất bại\"]', 2, 3, '2018-03-01 08:57:36', NULL, NULL),
(29, 6, 'Đã hủy', '[{\"field_name\":\"order_status\",\"conds\":[\"=\",\"3\"],\"tag\":\"Trạng thái đơn hàng là Thất bại\"}]', '[\"Trạng thái đơn hàng là Thất bại\"]', 2, 3, '2018-03-01 08:57:54', NULL, NULL),
(30, 6, 'SUPREME', '[{\"field_name\":\"order_type\",\"conds\":[\"=\",\"9\"],\"tag\":\"Loại đơn hàng là SUPREME\"}]', '[\"Loại đơn hàng là SUPREME\"]', 2, 3, '2018-03-12 21:40:50', NULL, NULL),
(31, 5, 'SUPREME', '[{\"field_name\":\"customer_group\",\"conds\":[\"=\",\"1\"],\"tag\":\"Nhóm khách hàng là SUPREME\"}]', '[\"Nhóm khách hàng là SUPREME\"]', 2, 3, '2018-03-13 21:04:02', NULL, NULL),
(32, 17, 'Check lại', '[{\"field_name\":\"group_status_verify\",\"conds\":[\"=\",\"4\"],\"tag\":\"Trạng thái duyệt là Check lại\"}]', '[\"Trạng thái duyệt là Check lại\"]', 2, 3, '2018-03-20 20:52:15', NULL, NULL),
(33, 9, 'Thời gian xử lý > 5 ngày', '[{\"field_name\":\"transport_day_process\",\"conds\":[\">\",\"5\"],\"tag\":\"Thời gian xử lý lớn hơn 5\"},{\"field_name\":\"transport_status\",\"conds\":[\"=\",\"3\"],\"tag\":\"Trạng thái giao hàng là Đang giao hàng\"}]', '[\"Thời gian xử lý lớn hơn 5\",\"Trạng thái giao hàng là Đang giao hàng\"]', 0, 3, '2018-05-01 21:50:19', 3, '2018-05-01 21:51:21'),
(34, 9, 'Thời gian giao > 4 ngày', '[{\"field_name\":\"transport_day_process\",\"conds\":[\">\",\"4\"],\"tag\":\"Thời gian xử lý lớn hơn 4\"},{\"field_name\":\"transport_status\",\"conds\":[\"=\",\"3\"],\"tag\":\"Trạng thái giao hàng là Đang giao hàng\"}]', '[\"Thời gian xử lý lớn hơn 4\",\"Trạng thái giao hàng là Đang giao hàng\"]', 2, 3, '2018-05-01 21:52:06', NULL, NULL),
(35, 9, 'Thời gian giao > 7 ngày', '[{\"field_name\":\"transport_status\",\"conds\":[\"=\",\"3\"],\"tag\":\"Trạng thái giao hàng là Đang giao hàng\"},{\"field_name\":\"transport_day_process\",\"conds\":[\">\",\"7\"],\"tag\":\"Thời gian xử lý lớn hơn 7\"}]', '[\"Trạng thái giao hàng là Đang giao hàng\",\"Thời gian xử lý lớn hơn 7\"]', 2, 3, '2018-05-01 21:54:43', NULL, NULL),
(36, 6, 'Tgian xử lý > 4 ngày', '[{\"field_name\":\"transport_day_process\",\"conds\":[\">\",\"4\"],\"tag\":\"Thời gian xử lý lớn hơn 4\"},{\"field_name\":\"order_status_transport\",\"conds\":[\"=\",\"3\"],\"tag\":\"Trạng thái giao hàng là Đang giao hàng\"}]', '[\"Thời gian xử lý lớn hơn 4\",\"Trạng thái giao hàng là Đang giao hàng\"]', 2, 3, '2018-05-05 22:15:16', NULL, NULL),
(37, 5, 'XỬ LÝ TK ÂM', '[{\"field_name\":\"customer_balance\",\"conds\":[\"<\",\"0\"],\"tag\":\"Số dư tài khoản nhỏ hơn 0\"}]', '[\"Số dư tài khoản nhỏ hơn 0\"]', 2, 3, '2018-05-08 10:51:17', NULL, NULL),
(38, 30, 'Đang xử lý', '[{\"field_name\":\"remind_status\",\"conds\":[\"=\",\"1\"],\"tag\":\"Trạng thái là Chờ xử lý\"}]', '[\"Trạng thái là Chờ xử lý\"]', 0, 3, '2018-05-09 20:52:33', 3, '2018-05-09 20:52:46'),
(39, 30, 'Chờ xử lý', '[{\"field_name\":\"remind_status\",\"conds\":[\"=\",\"1\"],\"tag\":\"Trạng thái là Chờ xử lý\"}]', '[\"Trạng thái là Chờ xử lý\"]', 2, 3, '2018-05-09 20:53:24', NULL, NULL),
(40, 30, 'Đã hủy bỏ', '[{\"field_name\":\"remind_status\",\"conds\":[\"=\",\"4\"],\"tag\":\"Trạng thái là Chờ xử lý\"}]', '[\"Trạng thái là Đã hủy bỏ\"]', 2, 3, '2018-05-09 20:53:40', NULL, NULL),
(41, 30, 'Thất bại', '[{\"field_name\":\"remind_status\",\"conds\":[\"=\",\"6\"],\"tag\":\"Trạng thái là Thất bại\"}]', '[\"Trạng thái là Thất bại\"]', 2, 3, '2018-05-09 20:53:56', NULL, NULL),
(42, 30, 'Hoàn thành', '[{\"field_name\":\"remind_status\",\"conds\":[\"=\",\"5\"],\"tag\":\"Trạng thái là Thất bại\"}]', '[\"Trạng thái là Hoàn thành\"]', 2, 3, '2018-05-09 20:54:04', NULL, NULL),
(43, 25, 'Chờ xử lý', '[{\"field_name\":\"transport_status\",\"conds\":[\"=\",\"1\"],\"tag\":\"Trạng thái giao hàng là Chờ xử lý\"}]', '[\"Trạng thái giao hàng là Chờ xử lý\"]', 2, 3, '2018-05-10 20:49:46', NULL, NULL),
(44, 25, 'Chờ giao hàng', '[{\"field_name\":\"transport_status\",\"conds\":[\"=\",\"2\"],\"tag\":\"Trạng thái giao hàng là Chờ giao hàng\"}]', '[\"Trạng thái giao hàng là Chờ giao hàng\"]', 2, 3, '2018-05-10 20:50:19', NULL, NULL),
(45, 25, 'Đang giao hàng', '[{\"field_name\":\"transport_status\",\"conds\":[\"=\",\"3\"],\"tag\":\"Trạng thái giao hàng là Đang giao hàng\"}]', '[\"Trạng thái giao hàng là Đang giao hàng\"]', 2, 3, '2018-05-10 20:50:33', NULL, NULL),
(46, 25, 'Đã hủy', '[{\"field_name\":\"transport_status\",\"conds\":[\"=\",\"5\"],\"tag\":\"Trạng thái giao hàng là Hủy giao hàng\"}]', '[\"Trạng thái giao hàng là Hủy giao hàng\"]', 2, 3, '2018-05-10 20:50:57', NULL, NULL),
(47, 25, 'Đã chuyển hoàn', '[{\"field_name\":\"transport_status\",\"conds\":[\"=\",\"7\"],\"tag\":\"Trạng thái giao hàng là Hủy giao hàng\"}]', '[\"Trạng thái giao hàng là Đã chuyển hoàn\"]', 2, 3, '2018-05-10 20:51:13', NULL, NULL),
(48, 25, 'Đã giao hàng', '[{\"field_name\":\"transport_status\",\"conds\":[\"=\",\"4\"],\"tag\":\"Trạng thái giao hàng là Đã giao hàng\"}]', '[\"Trạng thái giao hàng là Đã giao hàng\"]', 0, 3, '2018-05-10 20:51:31', 3, '2018-05-10 20:51:48'),
(49, 25, 'Đã giao hàng', '[{\"field_name\":\"transport_status\",\"conds\":[\"=\",\"4\"],\"tag\":\"Trạng thái giao hàng là Đã giao hàng\"}]', '[\"Trạng thái giao hàng là Đã giao hàng\"]', 0, 3, '2018-05-10 20:51:39', 3, '2018-05-10 20:51:42'),
(50, 25, 'Thành công', '[{\"field_name\":\"transport_status\",\"conds\":[\"=\",\"4\"],\"tag\":\"Trạng thái giao hàng là Đã giao hàng\"}]', '[\"Trạng thái giao hàng là Đã giao hàng\"]', 2, 3, '2018-05-10 20:51:57', NULL, NULL),
(51, 9, 'Đã chuyển hoàn', '[{\"field_name\":\"transport_status\",\"conds\":[\"=\",\"7\"],\"tag\":\"Trạng thái giao hàng là Đã chuyển hoàn\"}]', '[\"Trạng thái giao hàng là Đã chuyển hoàn\"]', 2, 3, '2018-05-11 10:17:40', NULL, NULL);

-- --------------------------------------------------------

--
-- Table structure for table `funds`
--

CREATE TABLE `funds` (
  `FundId` smallint(6) NOT NULL,
  `FundCode` varchar(45) NOT NULL,
  `FundName` varchar(250) NOT NULL,
  `ItemStatusId` tinyint(4) NOT NULL,
  `TreasureId` int(11) NOT NULL,
  `Balance` int(11) NOT NULL,
  `CrUserId` int(11) NOT NULL,
  `CrDateTime` datetime NOT NULL,
  `UpdateUserId` int(11) DEFAULT NULL,
  `UpdateDateTime` datetime DEFAULT NULL
) ENGINE=InnoDB DEFAULT CHARSET=utf8;

--
-- Dumping data for table `funds`
--

INSERT INTO `funds` (`FundId`, `FundCode`, `FundName`, `ItemStatusId`, `TreasureId`, `Balance`, `CrUserId`, `CrDateTime`, `UpdateUserId`, `UpdateDateTime`) VALUES
(1, 'SQHN', 'SQTM136NAN', 2, 4, 7595000, 3, '2018-04-18 17:44:07', NULL, NULL),
(2, 'SQDN1', 'SQTM 704 SM -Đồng Nai', 2, 14, 0, 3, '2018-04-18 17:45:10', 3, '2018-04-29 08:34:11');

-- --------------------------------------------------------

--
-- Table structure for table `groupactions`
--

CREATE TABLE `groupactions` (
  `GroupActionId` int(11) NOT NULL,
  `GroupId` smallint(6) NOT NULL,
  `ActionId` smallint(6) NOT NULL
) ENGINE=InnoDB DEFAULT CHARSET=utf8;

-- --------------------------------------------------------

--
-- Table structure for table `groups`
--

CREATE TABLE `groups` (
  `GroupId` smallint(6) NOT NULL,
  `GroupName` varchar(250) NOT NULL,
  `StatusId` tinyint(4) NOT NULL,
  `Comment` varchar(650) DEFAULT NULL,
  `CrUserId` int(11) NOT NULL,
  `CrDateTime` datetime NOT NULL
) ENGINE=InnoDB DEFAULT CHARSET=utf8;

--
-- Dumping data for table `groups`
--

INSERT INTO `groups` (`GroupId`, `GroupName`, `StatusId`, `Comment`, `CrUserId`, `CrDateTime`) VALUES
(1, 'admin-DT55', 2, NULL, 0, '0000-00-00 00:00:00'),
(2, 'Nhân viên sale', 2, NULL, 0, '0000-00-00 00:00:00'),
(3, 'Nhân viên BP Vận chuyển', 0, NULL, 0, '0000-00-00 00:00:00'),
(4, 'Nhân viên tài chính', 2, NULL, 0, '0000-00-00 00:00:00'),
(5, 'MAX FULL OPTION', 2, NULL, 0, '0000-00-00 00:00:00'),
(6, 'Vừa vận chuyển - vừa duyệt tài chính - vừa sale', 0, NULL, 0, '0000-00-00 00:00:00'),
(7, 'Nhân viên vận chuyển + sale + tài chính', 0, NULL, 0, '0000-00-00 00:00:00'),
(8, 'Quản lý vận chuyển', 0, NULL, 0, '0000-00-00 00:00:00'),
(9, 'Quản lý sản phẩm', 2, 'thông tin sp, hãng, nhà cc.v.v..', 3, '2018-04-18 21:44:31'),
(10, 'Nhân viên kho vận', 2, NULL, 0, '0000-00-00 00:00:00'),
(11, 'CTV', 0, NULL, 0, '0000-00-00 00:00:00'),
(12, 'Tài chính + Xem đơn hàng + Vận chuyển + Xem báo cáo', 0, 'Cho quỳnh', 3, '2018-04-14 22:00:29'),
(13, 'Nhân viên thủ quỹ', 2, 'Duyệt tài chính, xử lý thu chi nội bộ', 3, '2018-04-18 21:17:39'),
(14, 'Xem báo cáo bán hàng', 2, 'Xem đc các báo cáo doanh số, doanh thu', 3, '2018-04-18 21:35:46'),
(15, 'Xem báo cáo hàng hóa', 2, 'xem', 3, '2018-04-18 21:35:58'),
(16, 'Xem báo cáo lợi nhuận', 2, '1', 3, '2018-04-18 21:36:10'),
(17, '[ LẺ ] Quản lý DS khách buôn', 2, 'Xem và thêm được khách buôn', 3, '2018-04-20 09:06:08'),
(18, '[ LẺ ] Quản lý danh sách CTV', 2, 'Xem và thêm được CTV', 3, '2018-04-20 09:05:57'),
(19, '[ LẺ ] Quản lý đơn hàng CTV', 2, 'QQQ', 3, '2018-04-20 09:06:26'),
(20, '[ LẺ ] Quản lý ĐH khách buôn', 2, '11', 3, '2018-04-20 09:06:43'),
(21, 'Quản lý kho', 2, 'Duyệt kho, duyệt các hành động liên quan đến kho vận', 3, '2018-04-20 15:58:21'),
(22, 'Thu chi gia đình', 2, '121212', 1, '2018-05-02 22:35:11'),
(23, 'Chat- Nhân viên kĩ thuật', 2, 'Nv hỗ trợ KT khách hàng', 3, '2018-05-09 09:04:16'),
(24, 'Chat- Nhân viên CSKH', 2, 'chat trên wbe', 3, '2018-05-09 09:04:01'),
(25, 'Xem tất cả đơn hàng / vc', 2, 'xem đc hết các mã đh, vc', 3, '2018-05-11 10:18:15');

-- --------------------------------------------------------

--
-- Table structure for table `guaranteecomments`
--

CREATE TABLE `guaranteecomments` (
  `GuaranteeCommentId` int(11) NOT NULL,
  `GuaranteeId` int(11) NOT NULL,
  `UserId` int(11) NOT NULL,
  `Comment` varchar(250) NOT NULL,
  `CommentTypeId` tinyint(4) NOT NULL,
  `CrDateTime` datetime NOT NULL
) ENGINE=InnoDB DEFAULT CHARSET=utf8;

--
-- Dumping data for table `guaranteecomments`
--

INSERT INTO `guaranteecomments` (`GuaranteeCommentId`, `GuaranteeId`, `UserId`, `Comment`, `CommentTypeId`, `CrDateTime`) VALUES
(1, 7, 3, 'hihui', 1, '2018-05-03 10:47:35');

-- --------------------------------------------------------

--
-- Table structure for table `guaranteeimagegroups`
--

CREATE TABLE `guaranteeimagegroups` (
  `GuaranteeImageGroupId` smallint(6) NOT NULL,
  `GuaranteeImageGroupName` varchar(250) NOT NULL,
  `StatusId` tinyint(4) NOT NULL
) ENGINE=InnoDB DEFAULT CHARSET=utf8;

--
-- Dumping data for table `guaranteeimagegroups`
--

INSERT INTO `guaranteeimagegroups` (`GuaranteeImageGroupId`, `GuaranteeImageGroupName`, `StatusId`) VALUES
(1, 'Nhóm bảo hành', 2),
(2, 'Nhóm đổi trả', 2);

-- --------------------------------------------------------

--
-- Table structure for table `guaranteeimages`
--

CREATE TABLE `guaranteeimages` (
  `GuaranteeImageId` int(11) NOT NULL,
  `Image` varchar(250) NOT NULL,
  `GuaranteeImageGroupId` smallint(6) NOT NULL,
  `UserId` int(11) NOT NULL,
  `Comment` varchar(250) NOT NULL,
  `CrDateTime` datetime NOT NULL
) ENGINE=InnoDB DEFAULT CHARSET=utf8;

-- --------------------------------------------------------

--
-- Table structure for table `guaranteeproducts`
--

CREATE TABLE `guaranteeproducts` (
  `GuaranteeProductId` int(11) NOT NULL,
  `GuaranteeId` int(11) NOT NULL,
  `OrderId` int(11) NOT NULL,
  `ProductId` int(11) NOT NULL,
  `ProductChildId` int(11) NOT NULL,
  `ProductImage1` varchar(250) NOT NULL COMMENT 'anh tiep nhan sp',
  `ProductImage2` varchar(250) NOT NULL COMMENT 'anh ky thuat',
  `VideoUrl` varchar(250) NOT NULL,
  `ProductAccessoryIds` varchar(250) NOT NULL,
  `UsageStatusId1` smallint(6) NOT NULL COMMENT 'hinh thuc',
  `UsageStatusId2` smallint(6) NOT NULL COMMENT 'tinh trang su dung 1',
  `UsageStatusId3` smallint(6) NOT NULL COMMENT 'tinh trang su dung 2',
  `GuaranteeSolutionId1` tinyint(4) NOT NULL COMMENT 'goi y xu ly KT',
  `GuaranteeSolutionId2` tinyint(4) NOT NULL COMMENT 'KH ban dau muon',
  `GuaranteeSolutionId3` tinyint(4) NOT NULL COMMENT 'KH hien tai muon',
  `GuaranteeSolutionId4` tinyint(4) NOT NULL COMMENT 'ket luon phuong an 1',
  `GuaranteeSolutionId5` tinyint(4) NOT NULL COMMENT 'ket luon phuong an 2',
  `CustomerConditionId` tinyint(4) NOT NULL,
  `ReducePercent` tinyint(4) NOT NULL,
  `ReduceNumber` int(11) NOT NULL,
  `Comment1` varchar(250) NOT NULL COMMENT 'ghi chu tiep nhan sp',
  `Comment2` varchar(250) NOT NULL,
  `StatusId` tinyint(4) NOT NULL,
  `CrUserId` int(11) NOT NULL,
  `CrDateTime` datetime NOT NULL,
  `UpdateUserId` int(11) DEFAULT NULL,
  `UpdateDateTime` datetime DEFAULT NULL COMMENT 'ghi chu ky thuat'
) ENGINE=InnoDB DEFAULT CHARSET=utf8;

--
-- Dumping data for table `guaranteeproducts`
--

INSERT INTO `guaranteeproducts` (`GuaranteeProductId`, `GuaranteeId`, `OrderId`, `ProductId`, `ProductChildId`, `ProductImage1`, `ProductImage2`, `VideoUrl`, `ProductAccessoryIds`, `UsageStatusId1`, `UsageStatusId2`, `UsageStatusId3`, `GuaranteeSolutionId1`, `GuaranteeSolutionId2`, `GuaranteeSolutionId3`, `GuaranteeSolutionId4`, `GuaranteeSolutionId5`, `CustomerConditionId`, `ReducePercent`, `ReduceNumber`, `Comment1`, `Comment2`, `StatusId`, `CrUserId`, `CrDateTime`, `UpdateUserId`, `UpdateDateTime`) VALUES
(1, 6, 711, 217, 0, '/tbao-1-800x445-5adf09e385ed9.jpg', '', '', '[]', 1, 0, 0, 0, 0, 0, 0, 0, 0, 0, 0, 'khách bảo ko dùng dc', '', 2, 1, '2018-04-29 10:22:55', NULL, NULL),
(2, 7, 482, 215, 0, '/avatar-ricky_2-5aea866f9312c.jpg', '', '', '[]', 7, 0, 0, 0, 1, 1, 1, 2, 1, 10, 7000, 'bdfhb', '', 2, 3, '2018-05-03 10:47:35', 11, '2018-06-08 08:32:51');

-- --------------------------------------------------------

--
-- Table structure for table `guarantees`
--

CREATE TABLE `guarantees` (
  `GuaranteeId` int(11) NOT NULL,
  `GuaranteeCode` varchar(45) NOT NULL,
  `GuaranteeStep` tinyint(4) NOT NULL,
  `GuaranteeImage` varchar(250) NOT NULL,
  `CustomerId` int(11) NOT NULL,
  `ReceiptTypeId` smallint(6) NOT NULL,
  `PaymentTypeId` smallint(6) NOT NULL,
  `GuaranteeStatusId` tinyint(4) NOT NULL,
  `ShipCost` int(11) NOT NULL,
  `StoreId` smallint(6) NOT NULL,
  `CrUserId` int(11) NOT NULL,
  `CrDateTime` datetime NOT NULL,
  `UpdateUserId` int(11) DEFAULT NULL,
  `UpdateDateTime` datetime DEFAULT NULL
) ENGINE=InnoDB DEFAULT CHARSET=utf8;

--
-- Dumping data for table `guarantees`
--

INSERT INTO `guarantees` (`GuaranteeId`, `GuaranteeCode`, `GuaranteeStep`, `GuaranteeImage`, `CustomerId`, `ReceiptTypeId`, `PaymentTypeId`, `GuaranteeStatusId`, `ShipCost`, `StoreId`, `CrUserId`, `CrDateTime`, `UpdateUserId`, `UpdateDateTime`) VALUES
(6, 'BH-10006', 2, '/tbao-1-800x445-5adf09e385ed9.jpg', 2, 1, 1, 1, 50000, 6, 1, '2018-04-29 10:22:55', NULL, NULL),
(7, 'BH-10007', 4, '', 3, 2, 2, 1, 25000, 6, 3, '2018-05-03 10:47:35', 3, '2018-05-03 10:48:11');

-- --------------------------------------------------------

--
-- Table structure for table `guaranteesolutions`
--

CREATE TABLE `guaranteesolutions` (
  `GuaranteeSolutionId` smallint(6) NOT NULL,
  `GuaranteeSolutionName` varchar(250) NOT NULL,
  `StatusId` tinyint(4) NOT NULL,
  `ParentGuaranteeSolutionId` smallint(6) NOT NULL
) ENGINE=InnoDB DEFAULT CHARSET=utf8;

--
-- Dumping data for table `guaranteesolutions`
--

INSERT INTO `guaranteesolutions` (`GuaranteeSolutionId`, `GuaranteeSolutionName`, `StatusId`, `ParentGuaranteeSolutionId`) VALUES
(1, 'Bảo hành sữa chữa', 2, 0),
(2, 'Đổi trả', 2, 0),
(3, 'Trả lại hoàn toàn', 2, 0),
(4, 'Tính phí', 2, 1),
(5, 'Miễn phí', 2, 1);

-- --------------------------------------------------------

--
-- Table structure for table `guaranteesteps`
--

CREATE TABLE `guaranteesteps` (
  `GuaranteeStepId` int(11) NOT NULL,
  `GuaranteeId` int(11) NOT NULL,
  `GuaranteeStep` tinyint(4) NOT NULL,
  `CrUserId` int(11) NOT NULL,
  `CrDateTime` datetime NOT NULL
) ENGINE=InnoDB DEFAULT CHARSET=utf8;

-- --------------------------------------------------------

--
-- Table structure for table `importproducterrors`
--

CREATE TABLE `importproducterrors` (
  `ImportProductErrorId` int(11) NOT NULL,
  `ImportId` int(11) NOT NULL,
  `ProductId` int(11) NOT NULL,
  `ProductChildId` int(11) NOT NULL,
  `Quantity` smallint(6) NOT NULL,
  `Comment` varchar(650) NOT NULL
) ENGINE=InnoDB DEFAULT CHARSET=utf8;

--
-- Dumping data for table `importproducterrors`
--

INSERT INTO `importproducterrors` (`ImportProductErrorId`, `ImportId`, `ProductId`, `ProductChildId`, `Quantity`, `Comment`) VALUES
(2, 61, 220, 0, 1, 'hong');

-- --------------------------------------------------------

--
-- Table structure for table `importproducts`
--

CREATE TABLE `importproducts` (
  `ImportProductId` int(11) NOT NULL,
  `ImportId` int(11) NOT NULL,
  `ProductId` int(11) NOT NULL,
  `ProductChildId` int(11) NOT NULL,
  `Quantity` int(11) NOT NULL,
  `GuaranteeMonth` tinyint(4) NOT NULL,
  `Price` int(11) NOT NULL,
  `VAT` tinyint(4) NOT NULL,
  `AveragePrice` int(11) NOT NULL
) ENGINE=InnoDB DEFAULT CHARSET=utf8;

-- --------------------------------------------------------

--
-- Table structure for table `imports`
--

CREATE TABLE `imports` (
  `ImportId` int(11) NOT NULL,
  `ImportCode` varchar(45) NOT NULL,
  `ImportStatusId` tinyint(4) NOT NULL,
  `SupplierId` smallint(6) NOT NULL,
  `DeliverName` varchar(250) NOT NULL,
  `DeliverPhone` varchar(45) NOT NULL,
  `StoreId` smallint(6) NOT NULL,
  `TransportCost` int(11) NOT NULL,
  `DiscountCost` int(11) NOT NULL,
  `PaymentCost` int(11) NOT NULL,
  `Comment` varchar(650) DEFAULT NULL,
  `FileExcel` varchar(250) DEFAULT NULL,
  `ScanBarCodeId` int(11) DEFAULT NULL,
  `CrUserId` int(11) NOT NULL,
  `CrDateTime` datetime NOT NULL,
  `UpdateUserId` int(11) DEFAULT NULL,
  `UpdateDateTime` datetime DEFAULT NULL
) ENGINE=InnoDB DEFAULT CHARSET=utf8;

-- --------------------------------------------------------

--
-- Table structure for table `importservices`
--

CREATE TABLE `importservices` (
  `ImportServiceId` int(11) NOT NULL,
  `ImportId` int(11) NOT NULL,
  `OtherServiceId` int(11) NOT NULL,
  `ServiceCost` int(11) NOT NULL
) ENGINE=InnoDB DEFAULT CHARSET=utf8;

-- --------------------------------------------------------

--
-- Table structure for table `incomingsms`
--

CREATE TABLE `incomingsms` (
  `IncomingSmsId` int(11) NOT NULL,
  `PhoneNumber` varchar(45) NOT NULL,
  `SMSContent` varchar(250) NOT NULL,
  `CrDateTime` datetime NOT NULL
) ENGINE=InnoDB DEFAULT CHARSET=utf8;

-- --------------------------------------------------------

--
-- Table structure for table `inventories`
--

CREATE TABLE `inventories` (
  `InventoryId` int(11) NOT NULL,
  `ProductId` int(11) NOT NULL,
  `ProductChildId` int(11) NOT NULL,
  `OldQuantity` int(11) NOT NULL,
  `Quantity` smallint(6) NOT NULL,
  `InventoryTypeId` tinyint(4) NOT NULL,
  `StoreId` smallint(6) NOT NULL,
  `StatusId` tinyint(4) NOT NULL,
  `IsManual` tinyint(4) NOT NULL,
  `CrUserId` int(11) NOT NULL,
  `Comment` varchar(650) NOT NULL,
  `CrDateTime` datetime NOT NULL,
  `UpdateUserId` int(11) DEFAULT NULL,
  `UpdateDateTime` datetime DEFAULT NULL
) ENGINE=InnoDB DEFAULT CHARSET=utf8;

-- --------------------------------------------------------

--
-- Table structure for table `itemfiles`
--

CREATE TABLE `itemfiles` (
  `ItemFileId` int(11) NOT NULL,
  `ItemId` int(11) NOT NULL,
  `ItemTypeId` tinyint(4) NOT NULL,
  `FileId` int(11) NOT NULL
) ENGINE=MyISAM DEFAULT CHARSET=utf8 COLLATE=utf8_unicode_ci;

--
-- Dumping data for table `itemfiles`
--

INSERT INTO `itemfiles` (`ItemFileId`, `ItemId`, `ItemTypeId`, `FileId`) VALUES
(6, 220, 3, 1);

-- --------------------------------------------------------

--
-- Table structure for table `itemmetadatas`
--

CREATE TABLE `itemmetadatas` (
  `ItemMetadataId` int(11) NOT NULL,
  `ItemId` int(11) NOT NULL,
  `ItemTypeId` tinyint(4) NOT NULL,
  `TitleSEO` varchar(250) NOT NULL,
  `MetaDesc` varchar(250) NOT NULL,
  `Canonical` varchar(250) NOT NULL,
  `IsRobotIndex` tinyint(4) NOT NULL,
  `IsRobotFollow` tinyint(4) NOT NULL,
  `IsOnSitemap` tinyint(4) NOT NULL
) ENGINE=InnoDB DEFAULT CHARSET=utf8;

--
-- Dumping data for table `itemmetadatas`
--

INSERT INTO `itemmetadatas` (`ItemMetadataId`, `ItemId`, `ItemTypeId`, `TitleSEO`, `MetaDesc`, `Canonical`, `IsRobotIndex`, `IsRobotFollow`, `IsOnSitemap`) VALUES
(1, 23, 3, 'ISK K300', '', 'micro-isk-mg-k300', 1, 1, 1),
(2, 175, 3, 'Cáp XLR-XLR 3020', '', 'cap-xlr-xlr-3020', 1, 1, 1),
(3, 185, 3, 'Phantom vst600', '', 'phantom-vst600', 1, 1, 1),
(4, 186, 3, 'Màng lọc sóng tròn', '', 'mang-loc-song-tron', 1, 1, 1),
(5, 187, 3, 'Headphone cao cấp', '', 'headphone-cao-cap', 1, 1, 1),
(6, 188, 3, 'AMI BM800', '', 'ami-bm800', 1, 1, 1),
(7, 189, 3, 'Taskstar SM8B', '', 'taskstar-sm8b', 1, 1, 1),
(8, 101, 3, 'Màng lọc Alctron MAO19', '', 'alctron-mao19', 1, 1, 1),
(9, 190, 3, 'Takstar PCK200 Full', '', 'takstar-pck200-full', 1, 1, 1),
(10, 191, 3, 'PCK200 Full  VST 600', '', 'pck200-full-vst-600', 1, 1, 1),
(11, 192, 3, 'Chân kẹp điện thoại', '', 'chan-kep-dien-thoai', 1, 1, 1),
(12, 16, 3, 'XOX KS108', '', 'sound-card-xox-ks108', 1, 1, 1),
(13, 193, 3, 'Jack chia tai nghe', '', 'jack-chia-tai-nghe', 1, 1, 1),
(14, 194, 3, 'Chân - Màng -live', '', 'chan-mang-live', 1, 1, 1),
(15, 195, 3, 'k200 full', '', 'k200-full', 1, 1, 1),
(16, 196, 3, 'A66F-ĐEN-KS108', '', 'a66f-den-ks108', 1, 1, 1),
(17, 197, 3, 'A66f-XANH-KS108', '', 'a66f-xanh-ks108', 1, 1, 1),
(18, 15, 3, 'XOX K10', '', 'soundcard-xox-k10', 1, 1, 1),
(19, 7, 3, 'ISK A66-F', '', 'isk-a66-f', 1, 1, 1),
(20, 32, 3, 'Chân kẹp R250', '', 'chan-kep-ban-r-25', 1, 1, 1),
(21, 27, 3, 'Cáp V30', '', 'cap-live-stream-dien-thoai', 1, 1, 1),
(22, 198, 3, 'A66F-ĐEN -K10', '', 'a66f-den-k10', 1, 1, 1),
(23, 199, 3, 'A66F-XANH-K10', '', 'a66f-xanh-k10', 1, 1, 1),
(24, 200, 3, 'JKR 201B', '', 'jkr-201b', 1, 1, 1),
(25, 201, 3, 'ISK 980B', '', 'isk-980b', 1, 1, 1),
(26, 82, 3, 'XOX K10S', '', 'xox-k10s', 1, 1, 1),
(27, 29, 3, 'Cáp XLR-3.5', '', 'day-xlr-3-5mm', 1, 1, 1),
(28, 31, 3, 'chân đứng RStand', '', 'chan-dung-r-stand', 1, 1, 1),
(29, 8, 3, 'Takstar PCK200', '', 'micro-takstar-pc-k200', 1, 1, 1),
(30, 89, 3, 'ISK AT1000', '', 'isk-at1000', 1, 1, 1),
(31, 96, 3, 'XOX MA2', '', 'xox-ma2', 1, 1, 1),
(32, 202, 3, 'TH 320', '', 'th-320', 1, 1, 1),
(33, 14, 3, 'Alctron U16K MKII', '', 'sound-card-alctron-u16k-mk-ii', 1, 1, 1),
(34, 55, 3, 'Loa kiểm âm Monkey Turbo 5', '', 'loa-kiem-am-monkey-turbo-5', 1, 1, 1),
(39, 203, 3, 'Sockmount  K200', '', 'sockmount-k200', 1, 1, 1),
(46, 210, 3, 'Sockmount  BM800', '', 'sockmount-bm800', 1, 1, 1),
(47, 211, 3, 'Pop chụp kim loại', '', 'pop-chup-kim-loai', 1, 1, 1),
(48, 103, 3, 'Alctron HP280', '', 'alctron-hp280', 1, 1, 1),
(49, 93, 3, 'Chân kẹp R350 cao cấp', '', 'chan-kep-r350-cao-cap', 1, 1, 1),
(50, 124, 3, 'Cáp 3.5-6.3', '', 'cap-3.5-6.3', 1, 1, 1),
(51, 12, 3, 'Focusrite Scarlett 2i2 G2', '', 'focusrite-2i2-gen-1', 1, 1, 1),
(52, 102, 3, 'Shockmount PS-3', '', 'shockmount-ps-3', 1, 1, 1),
(53, 25, 3, 'Cáp 3.5-3.5', '', 'day-3-5-3-5', 1, 1, 1),
(54, 35, 3, 'Jack chuyển 6.3-3.5mm', '', 'jack-chuyen-6-3-3-5-mm', 1, 1, 1),
(55, 34, 3, 'Jack chuyển 3.5-6.3 mm', '', 'dau-chuyen-3-5-6-3', 1, 1, 1),
(56, 28, 3, 'XOX MA1', '', 'cap-live-smartphone-xox-ma1', 1, 1, 1),
(57, 18, 3, 'M-Audio BX5', '', 'loa-kiem-am-m-audio-bx5', 1, 1, 1),
(58, 20, 3, 'ICON UPOD Pro', '', 'icon-upod-pro', 1, 1, 1),
(59, 212, 3, 'Vòng tay Supreme', '', 'vong-tay-supreme', 1, 1, 1),
(60, 213, 3, 'Mũ len Supreme', '', 'mu-len-supreme', 1, 1, 1),
(61, 214, 3, 'Súng bắn tiền Supreme REP', '', 'sung-ban-tien-supreme-rep', 1, 1, 1),
(62, 215, 3, 'Sắp tiền Supreme (Cao cấp)', '', 'sap-tien-supreme-cao-cap', 1, 1, 1),
(63, 60, 3, 'Micro Takstar PC-K320', '', 'micro-takstar-pc-k320', 1, 1, 1),
(64, 21, 3, 'Micro AMI BM900 | CHÍNH HÃNG', '', 'micro-ami-bm900', 1, 1, 1),
(65, 10, 3, 'Micro TY660', '', 'micro-ty660', 1, 1, 1),
(66, 61, 3, 'M-Audio Fast Track C400', '', 'soundcard-m-audio-fast-track-c400', 1, 1, 1),
(67, 94, 3, 'Shockmount MI5', '', 'shockmount-mi5', 1, 1, 1),
(68, 64, 3, 'Phantom VIP(XLR)', '', 'phantom-vip-48v-co-cap-xlr-xlr', 1, 1, 1),
(69, 57, 3, 'Audio Technica M20X', '', 'tai-nghe-kiem-am-audio-technica-ath-m20x', 1, 1, 1),
(70, 58, 3, 'Audio Technica M30X', '', 'tai-nghe-kiem-am-audio-technica-ath-m30x', 1, 1, 1),
(71, 59, 3, 'Audio Technica M50X', '', 'tai-nghe-kiem-am-audio-technica-ath-m50x', 1, 1, 1),
(72, 30, 3, 'Chân để bàn Stand-Mini', '', 'chan-de-ban-stand-mini', 1, 1, 1),
(73, 216, 3, 'Shockmount SH100', '', 'shockmount-sh100', 1, 1, 1),
(74, 86, 3, 'M-Audio M TRACK', '', 'm-audio-m-track', 1, 1, 1),
(75, 217, 3, 'XOX K108X (English Version)', '', 'xox-k108x-english-version', 1, 1, 1),
(76, 218, 3, 'Cáp USB', '', 'cap-usb', 1, 1, 1),
(77, 219, 3, 'COMBO TEST', '', 'combo-test', 1, 1, 1),
(78, 220, 3, 'Soundcard HV4 (Pin)', '', 'soundcard-hv4-pin', 1, 1, 1),
(79, 221, 3, 'XOX RX PRO', '', 'xox-rx-pro', 1, 1, 1),
(80, 48, 3, 'MXL V67G HE', '', 'mxl-v67g-he', 1, 1, 1),
(81, 42, 3, 'Focusrite Scarlett 6i6 G2', '', 'focusrite-scarlett-6i6-gen2', 1, 1, 1),
(82, 17, 3, 'Edifier R1200TII', '', 'loa-kiem-am-edifier-r1200tii', 1, 1, 1),
(83, 26, 3, 'Cáp 3.5-AV', '', 'cap-3-5-av-chinh-hang', 1, 1, 1),
(84, 95, 3, 'Cáp 6.3-6.3 V1', '', 'cap-6.3-6.3', 1, 1, 1),
(85, 3, 3, 'ISK AT250', '', 'micro-isk-at250', 1, 1, 1);

-- --------------------------------------------------------

--
-- Table structure for table `itemtags`
--

CREATE TABLE `itemtags` (
  `ItemTagId` int(11) NOT NULL,
  `ItemId` int(11) NOT NULL,
  `ItemTypeId` tinyint(4) NOT NULL,
  `TagId` int(11) NOT NULL
) ENGINE=MyISAM DEFAULT CHARSET=utf8 COLLATE=utf8_unicode_ci;

-- --------------------------------------------------------

--
-- Table structure for table `logins`
--

CREATE TABLE `logins` (
  `LoginId` int(11) NOT NULL,
  `UserId` int(11) NOT NULL,
  `IpAddress` varchar(15) COLLATE utf8_unicode_ci NOT NULL,
  `UserAgent` varchar(250) COLLATE utf8_unicode_ci NOT NULL,
  `LoginDateTime` datetime NOT NULL
) ENGINE=MyISAM DEFAULT CHARSET=utf8 COLLATE=utf8_unicode_ci;

-- --------------------------------------------------------

--
-- Table structure for table `manufacturers`
--

CREATE TABLE `manufacturers` (
  `ManufacturerId` smallint(6) NOT NULL,
  `ManufacturerName` varchar(250) NOT NULL,
  `StatusId` tinyint(4) NOT NULL
) ENGINE=InnoDB DEFAULT CHARSET=utf8;

-- --------------------------------------------------------

--
-- Table structure for table `moneyphones`
--

CREATE TABLE `moneyphones` (
  `MoneyPhoneId` smallint(6) NOT NULL,
  `MoneyPhoneName` varchar(250) NOT NULL,
  `StatusId` tinyint(4) NOT NULL
) ENGINE=InnoDB DEFAULT CHARSET=utf8;

--
-- Dumping data for table `moneyphones`
--

INSERT INTO `moneyphones` (`MoneyPhoneId`, `MoneyPhoneName`, `StatusId`) VALUES
(1, 'Hotline 0973017007', 2),
(2, 'Hotline 0984194004', 2),
(3, 'A.Thái 0985301001', 2),
(4, 'Doithe.vn', 2);

-- --------------------------------------------------------

--
-- Table structure for table `moneysources`
--

CREATE TABLE `moneysources` (
  `MoneySourceId` smallint(6) NOT NULL,
  `MoneySourceName` varchar(250) NOT NULL,
  `StatusId` tinyint(4) NOT NULL
) ENGINE=InnoDB DEFAULT CHARSET=utf8;

-- --------------------------------------------------------

--
-- Table structure for table `ordercomments`
--

CREATE TABLE `ordercomments` (
  `OrderCommentId` int(11) NOT NULL,
  `OrderId` int(11) NOT NULL,
  `UserId` int(11) NOT NULL,
  `Comment` varchar(250) NOT NULL,
  `CommentTypeId` tinyint(4) NOT NULL,
  `CrDateTime` datetime NOT NULL
) ENGINE=InnoDB DEFAULT CHARSET=utf8;

-- --------------------------------------------------------

--
-- Table structure for table `orderproducts`
--

CREATE TABLE `orderproducts` (
  `OrderProductId` int(11) NOT NULL,
  `OrderId` int(11) NOT NULL,
  `ProductId` int(11) NOT NULL,
  `ProductChildId` int(11) NOT NULL,
  `ProductKindId` tinyint(4) NOT NULL,
  `Quantity` int(11) NOT NULL,
  `Price` int(11) NOT NULL,
  `PriceCapital` int(11) NOT NULL
) ENGINE=InnoDB DEFAULT CHARSET=utf8;

-- --------------------------------------------------------

--
-- Table structure for table `orderpromotions`
--

CREATE TABLE `orderpromotions` (
  `OrderPromotionId` int(11) NOT NULL,
  `OrderId` int(11) NOT NULL,
  `PromotionId` int(11) NOT NULL,
  `PromotionCode` varchar(45) NOT NULL,
  `DiscountPercent` tinyint(4) NOT NULL,
  `DiscountCost` int(11) NOT NULL,
  `StatusId` tinyint(4) NOT NULL,
  `Comment` varchar(250) NOT NULL,
  `CrUserId` int(11) NOT NULL,
  `CrDateTime` datetime NOT NULL
) ENGINE=InnoDB DEFAULT CHARSET=utf8;

-- --------------------------------------------------------

--
-- Table structure for table `orderreasons`
--

CREATE TABLE `orderreasons` (
  `OrderReasonId` smallint(6) NOT NULL,
  `OrderReasonName` varchar(250) COLLATE utf8_unicode_ci NOT NULL,
  `StatusId` tinyint(4) NOT NULL
) ENGINE=MyISAM DEFAULT CHARSET=utf8 COLLATE=utf8_unicode_ci;

--
-- Dumping data for table `orderreasons`
--

INSERT INTO `orderreasons` (`OrderReasonId`, `OrderReasonName`, `StatusId`) VALUES
(1, 'Biết qua youtube', 0),
(2, 'Xem video trên youtube', 2),
(3, 'Tìm kiếm trên google', 2),
(4, 'Tìm kiếm trên Facebook', 2),
(5, 'Tình cờ nhìn thấy trên Facebook', 2),
(6, 'Bạn bè, người thân giới thiệu', 2),
(7, 'Khách hàng cũ, từng mua hàng rồi', 2),
(8, 'Sẽ hỏi khách sau', 2);

-- --------------------------------------------------------

--
-- Table structure for table `orders`
--

CREATE TABLE `orders` (
  `OrderId` int(11) NOT NULL,
  `OrderCode` varchar(15) DEFAULT NULL,
  `CustomerId` int(11) NOT NULL,
  `CustomerAddressId` int(11) NOT NULL,
  `OrderChanelId` tinyint(4) NOT NULL,
  `OrderStatusId` tinyint(4) NOT NULL,
  `PendingStatusId` tinyint(4) NOT NULL,
  `Discount` int(11) NOT NULL,
  `TransportCost` int(11) NOT NULL,
  `TransportTypeId` tinyint(4) NOT NULL,
  `TransportReasonId` smallint(6) NOT NULL,
  `PaymentCost` int(11) NOT NULL,
  `PaymentStatusId` tinyint(4) NOT NULL,
  `PaymentComment` varchar(250) NOT NULL,
  `TotalCost` int(11) NOT NULL,
  `VerifyStatusId` tinyint(4) NOT NULL,
  `OrderTypeId` smallint(6) NOT NULL,
  `DeliveryTypeId` smallint(6) NOT NULL,
  `StoreId` smallint(6) NOT NULL,
  `OrderReasonId` smallint(6) NOT NULL,
  `CancelReasonId` smallint(6) DEFAULT NULL,
  `CancelComment` varchar(250) DEFAULT NULL,
  `CTVId` int(11) NOT NULL,
  `CrUserId` int(11) NOT NULL,
  `CrDateTime` datetime NOT NULL,
  `VerifyUserId` int(11) DEFAULT NULL,
  `VerifyDateTime` datetime DEFAULT NULL,
  `UpdateUserId` int(11) DEFAULT NULL,
  `UpdateDateTime` datetime DEFAULT NULL
) ENGINE=InnoDB DEFAULT CHARSET=utf8;

-- --------------------------------------------------------

--
-- Table structure for table `orderservices`
--

CREATE TABLE `orderservices` (
  `OrderServiceId` int(11) NOT NULL,
  `OrderId` int(11) NOT NULL,
  `OtherServiceId` int(11) NOT NULL,
  `ServiceCost` int(11) NOT NULL
) ENGINE=InnoDB DEFAULT CHARSET=utf8;

--
-- Dumping data for table `orderservices`
--

INSERT INTO `orderservices` (`OrderServiceId`, `OrderId`, `OtherServiceId`, `ServiceCost`) VALUES
(12, 4, 1, 50000),
(16, 18, 4, 300000),
(25, 2, 1, 50000),
(26, 6, 1, 10000),
(31, 8, 1, 100000),
(33, 17, 4, 70000),
(36, 25, 4, 50000000),
(37, 31, 4, 300000),
(39, 7, 1, 100000),
(40, 22, 4, 50000),
(41, 889, 1, 80000);

-- --------------------------------------------------------

--
-- Table structure for table `ordertypes`
--

CREATE TABLE `ordertypes` (
  `OrderTypeId` smallint(6) NOT NULL,
  `OrderTypeName` varchar(250) COLLATE utf8_unicode_ci NOT NULL,
  `StatusId` tinyint(4) NOT NULL
) ENGINE=MyISAM DEFAULT CHARSET=utf8 COLLATE=utf8_unicode_ci;

--
-- Dumping data for table `ordertypes`
--

INSERT INTO `ordertypes` (`OrderTypeId`, `OrderTypeName`, `StatusId`) VALUES
(1, 'Đơn khách buôn', 0),
(2, 'dưcewc', 0),
(3, 'ewwecwecewc', 0),
(4, 'ưecwecewce', 0),
(5, 'ĐƠN LẺ', 0),
(6, 'BẢO HÀNH', 2),
(7, 'GỬI BÙ', 2),
(8, 'GỬI BÙ', 0),
(9, 'SUPREME', 2),
(10, 'SUPREME', 0);

-- --------------------------------------------------------

--
-- Table structure for table `otherservices`
--

CREATE TABLE `otherservices` (
  `OtherServiceId` smallint(6) NOT NULL,
  `OtherServiceName` varchar(250) NOT NULL,
  `OtherServiceDesc` varchar(650) NOT NULL,
  `ServiceCost` int(11) NOT NULL,
  `StatusId` tinyint(4) NOT NULL,
  `CrUserId` int(11) NOT NULL,
  `CrDateTime` datetime NOT NULL,
  `UpdateUserId` int(11) DEFAULT NULL,
  `UpdateDateTime` datetime DEFAULT NULL
) ENGINE=InnoDB DEFAULT CHARSET=utf8;

--
-- Dumping data for table `otherservices`
--

INSERT INTO `otherservices` (`OtherServiceId`, `OtherServiceName`, `OtherServiceDesc`, `ServiceCost`, `StatusId`, `CrUserId`, `CrDateTime`, `UpdateUserId`, `UpdateDateTime`) VALUES
(1, 'Giao hàng hỏa tốc', 'Giao nhanh trong ngày', 80000, 2, 4, '2018-01-09 19:10:07', 3, '2018-01-14 21:23:25'),
(2, 'Lắp đặt tại nhà', 'Lắp đặt tại nhà', 100000, 0, 4, '2018-01-09 19:16:17', 4, '2018-01-09 19:16:36'),
(3, 'Lắp đặt tại nhà', 'Lắp đặt vận chuyển tận nhà', 100000, 0, 7, '2018-01-19 15:26:02', 3, '2018-02-28 09:27:11'),
(4, 'Ghi nợ', 'Thêm vào công nợ', 0, 2, 1, '2018-02-05 21:29:03', NULL, NULL);

-- --------------------------------------------------------

--
-- Table structure for table `parts`
--

CREATE TABLE `parts` (
  `PartId` smallint(6) NOT NULL,
  `PartCode` varchar(45) COLLATE utf8_unicode_ci NOT NULL,
  `PartName` varchar(250) COLLATE utf8_unicode_ci NOT NULL,
  `StatusId` tinyint(4) NOT NULL,
  `ParentPartId` smallint(6) NOT NULL,
  `Balance` int(11) NOT NULL,
  `CrUserId` int(11) NOT NULL,
  `CrDateTime` datetime NOT NULL,
  `UpdateUserId` int(11) DEFAULT NULL,
  `UpdateDateTime` datetime DEFAULT NULL
) ENGINE=MyISAM DEFAULT CHARSET=utf8 COLLATE=utf8_unicode_ci;

--
-- Dumping data for table `parts`
--

INSERT INTO `parts` (`PartId`, `PartCode`, `PartName`, `StatusId`, `ParentPartId`, `Balance`, `CrUserId`, `CrDateTime`, `UpdateUserId`, `UpdateDateTime`) VALUES
(1, '', 'BPKT', 0, 0, 0, 0, '0000-00-00 00:00:00', NULL, NULL),
(2, '', 'BP TƯ VẤN', 0, 0, 0, 0, '0000-00-00 00:00:00', NULL, NULL),
(3, '', 'BỘ PHẬN GÁI GÚ', 0, 0, 0, 0, '0000-00-00 00:00:00', 3, '2018-02-28 21:53:46'),
(4, '', 'BỘ PHẬN MARKETING', 0, 0, 0, 0, '0000-00-00 00:00:00', 3, '2018-02-28 21:53:49'),
(5, 'BPLD', 'Bộ phận lãnh đạo', 2, 0, 0, 0, '0000-00-00 00:00:00', 1, '2018-05-12 10:19:36'),
(6, '', 'BỘ PHẬN XỬ LÝ SỐ LIỆU', 0, 0, 0, 0, '0000-00-00 00:00:00', 3, '2018-02-28 21:53:53'),
(7, 'BPKT', 'Bộ phận kĩ thuật', 2, 5, 0, 0, '0000-00-00 00:00:00', 1, '2018-05-12 10:20:31'),
(8, '', 'BỘ PHẬN MEDIA', 0, 0, 0, 0, '0000-00-00 00:00:00', 3, '2018-02-28 21:53:57'),
(9, '', 'BỘ PHẬN IT', 0, 0, 0, 0, '0000-00-00 00:00:00', 3, '2018-02-28 21:53:59'),
(10, '', 'BỘ PHẬN KINH DOANH', 0, 0, 0, 0, '0000-00-00 00:00:00', 3, '2018-02-28 21:54:04'),
(11, '', 'Bộ phận kinh doanh', 2, 0, 0, 0, '0000-00-00 00:00:00', 3, '2018-04-18 20:56:49'),
(12, '', 'BỘ PHẬN NHÂN SỰ', 0, 0, 0, 0, '0000-00-00 00:00:00', 3, '2018-02-28 21:54:07'),
(13, '', 'BỘ PHẬN TÀI CHÍNH-KẾ TOÁN', 0, 0, 0, 0, '0000-00-00 00:00:00', 3, '2018-02-28 21:54:10'),
(14, '', 'BỘ PHẬN HĐQT', 0, 0, 0, 0, '0000-00-00 00:00:00', 3, '2018-02-28 21:54:13'),
(15, '', 'Bộ phận kho vận', 2, 0, 0, 0, '0000-00-00 00:00:00', 3, '2018-05-11 11:05:59'),
(16, '', 'jkjkjkjkjkjk', 0, 0, 0, 3, '2018-04-18 20:43:51', 1, '2018-04-18 20:52:55'),
(17, '', 'jkjkjkjkjkjk', 0, 0, 0, 3, '2018-04-18 20:43:52', 3, '2018-04-18 20:56:35'),
(18, '', 'jkjkjkjkjkjk', 0, 0, 0, 3, '2018-04-18 20:43:54', 3, '2018-04-18 20:56:32'),
(19, '', 'Bộ phận truyền thông-Marketing', 2, 0, 0, 3, '2018-04-18 20:59:23', NULL, NULL),
(20, 'BPHC', 'Bộ phận hành chính', 2, 7, 0, 3, '2018-04-18 21:00:10', 1, '2018-05-12 10:20:09'),
(21, '', 'Bộ phận tài chính-kế toán', 2, 0, 0, 3, '2018-05-11 11:06:46', NULL, NULL);

-- --------------------------------------------------------

--
-- Table structure for table `paymenttypes`
--

CREATE TABLE `paymenttypes` (
  `PaymentTypeId` smallint(6) NOT NULL,
  `PaymentTypeName` varchar(250) NOT NULL,
  `StatusId` tinyint(4) NOT NULL
) ENGINE=InnoDB DEFAULT CHARSET=utf8;

--
-- Dumping data for table `paymenttypes`
--

INSERT INTO `paymenttypes` (`PaymentTypeId`, `PaymentTypeName`, `StatusId`) VALUES
(1, 'Chuyển khoản', 2),
(2, 'Tiền mặt', 2),
(3, 'Qụet thẻ', 2);

-- --------------------------------------------------------

--
-- Table structure for table `pendingstatus`
--

CREATE TABLE `pendingstatus` (
  `PendingStatusId` smallint(6) NOT NULL,
  `PendingStatusName` varchar(250) NOT NULL,
  `ItemTypeId` tinyint(4) NOT NULL,
  `StatusId` tinyint(4) NOT NULL
) ENGINE=InnoDB DEFAULT CHARSET=utf8;

--
-- Dumping data for table `pendingstatus`
--

INSERT INTO `pendingstatus` (`PendingStatusId`, `PendingStatusName`, `ItemTypeId`, `StatusId`) VALUES
(1, 'Chờ hàng về', 6, 2),
(2, 'Chờ khách xem lại', 6, 2),
(3, 'Chờ hàng về', 9, 2);

-- --------------------------------------------------------

--
-- Table structure for table `positions`
--

CREATE TABLE `positions` (
  `PositionId` smallint(6) NOT NULL,
  `PositionName` varchar(250) NOT NULL,
  `StatusId` tinyint(4) NOT NULL
) ENGINE=InnoDB DEFAULT CHARSET=utf8;

-- --------------------------------------------------------

--
-- Table structure for table `pricechangelogs`
--

CREATE TABLE `pricechangelogs` (
  `PriceChangeLogId` int(11) NOT NULL,
  `ProductId` int(11) NOT NULL,
  `ProductChildId` int(11) NOT NULL,
  `ImportId` int(11) NOT NULL,
  `OldPrice` int(11) NOT NULL,
  `Price` int(11) NOT NULL,
  `CrUserId` int(11) NOT NULL,
  `CrDateTime` datetime NOT NULL
) ENGINE=InnoDB DEFAULT CHARSET=utf8;

-- --------------------------------------------------------

--
-- Table structure for table `pricechanges`
--

CREATE TABLE `pricechanges` (
  `PriceChangeId` int(11) NOT NULL,
  `ProductId` int(11) NOT NULL,
  `ProductChildId` int(11) NOT NULL,
  `Price` int(11) NOT NULL,
  `CrUserId` int(11) NOT NULL,
  `CrDateTime` datetime NOT NULL,
  `UpdateUserId` int(11) DEFAULT NULL,
  `UpdateDateTime` datetime DEFAULT NULL
) ENGINE=InnoDB DEFAULT CHARSET=utf8;

--
-- Dumping data for table `pricechanges`
--

INSERT INTO `pricechanges` (`PriceChangeId`, `ProductId`, `ProductChildId`, `Price`, `CrUserId`, `CrDateTime`, `UpdateUserId`, `UpdateDateTime`) VALUES
(1, 8, 0, 1, 4, '2018-04-06 15:19:08', 4, '2018-05-09 23:37:32'),
(2, 96, 0, 1, 4, '2018-04-06 15:19:08', 4, '2018-05-07 14:14:46'),
(3, 36, 0, 1, 4, '2018-04-06 15:19:08', 4, '2018-05-07 14:14:46'),
(4, 32, 0, 1, 4, '2018-04-06 15:19:08', 4, '2018-05-07 14:14:46'),
(5, 217, 0, 1, 4, '2018-04-06 15:19:25', 1, '2018-05-06 14:58:02'),
(6, 60, 128, 1, 4, '2018-04-06 15:19:38', 1, '2018-05-06 14:58:02'),
(7, 19, 0, 1, 4, '2018-04-06 15:19:51', 1, '2018-04-22 18:27:49'),
(8, 20, 0, 1, 4, '2018-04-06 15:19:51', 1, '2018-04-22 18:27:49'),
(9, 175, 137, 1, 4, '2018-04-06 15:42:45', 4, '2018-05-07 14:14:46'),
(10, 27, 0, 1, 4, '2018-04-06 15:42:45', 4, '2018-05-07 14:14:46'),
(11, 62, 0, 1, 4, '2018-04-09 21:56:48', 4, '2018-05-07 14:14:46'),
(12, 17, 0, 1, 4, '2018-04-16 15:30:22', 4, '2018-05-07 14:14:46'),
(13, 187, 0, 1, 4, '2018-04-16 15:30:22', 4, '2018-05-07 14:14:46'),
(14, 15, 0, 1, 4, '2018-04-17 21:46:09', NULL, NULL),
(15, 14, 0, 1, 4, '2018-04-17 21:46:30', 4, '2018-05-07 14:14:46'),
(16, 3, 148, 1, 4, '2018-04-17 21:46:30', 4, '2018-05-07 14:14:46'),
(17, 3, 149, 1, 4, '2018-04-17 21:46:30', 1, '2018-05-06 14:58:02'),
(18, 7, 152, 1, 4, '2018-04-17 21:46:30', 4, '2018-05-07 14:14:46'),
(19, 18, 0, 1, 4, '2018-04-17 21:46:30', 1, '2018-05-06 14:58:02'),
(20, 10, 133, 1, 4, '2018-04-22 15:58:35', NULL, NULL),
(21, 10, 134, 1, 4, '2018-04-22 15:58:35', 4, '2018-05-07 14:14:46'),
(22, 29, 0, 1, 4, '2018-04-22 15:58:35', 4, '2018-05-07 14:14:46'),
(23, 16, 0, 1, 4, '2018-04-22 15:58:35', 4, '2018-05-07 14:14:46'),
(24, 126, 0, 1, 4, '2018-04-22 15:58:35', 1, '2018-05-06 14:58:02'),
(25, 192, 0, 1, 4, '2018-04-22 15:58:35', 1, '2018-05-06 14:58:02'),
(26, 59, 0, 1, 4, '2018-04-22 15:58:35', 4, '2018-05-07 14:14:46'),
(27, 57, 0, 1, 4, '2018-04-22 15:58:35', 1, '2018-05-06 14:58:02'),
(28, 58, 0, 1, 4, '2018-04-22 15:58:35', 1, '2018-05-06 14:58:02'),
(29, 13, 0, 1, 4, '2018-04-22 15:58:35', 4, '2018-05-07 14:14:46'),
(30, 82, 195, 1, 4, '2018-04-22 15:58:35', 1, '2018-05-06 14:58:02'),
(31, 82, 196, 1, 4, '2018-04-22 15:58:35', 1, '2018-05-06 14:58:02'),
(32, 211, 0, 1, 4, '2018-04-22 15:58:35', 1, '2018-05-06 14:58:02'),
(33, 30, 0, 1, 4, '2018-04-22 15:58:35', 1, '2018-05-06 14:58:02'),
(34, 203, 0, 1, 4, '2018-04-22 15:58:35', 1, '2018-05-06 14:58:02'),
(35, 213, 0, 1, 4, '2018-04-22 15:58:35', 1, '2018-05-06 14:58:02'),
(36, 212, 0, 1, 4, '2018-04-22 15:58:35', 1, '2018-05-06 14:58:02'),
(37, 214, 0, 1, 4, '2018-04-22 15:58:35', 1, '2018-05-06 14:58:02'),
(38, 93, 0, 1, 4, '2018-04-22 15:58:35', 1, '2018-05-06 14:58:02'),
(39, 193, 0, 1, 4, '2018-04-22 15:58:35', 4, '2018-05-07 14:14:46'),
(40, 86, 0, 1, 4, '2018-04-22 15:58:35', 1, '2018-05-06 14:58:02'),
(41, 215, 0, 1, 4, '2018-04-22 15:58:35', 1, '2018-05-06 14:58:02'),
(42, 175, 138, 1, 4, '2018-04-22 15:58:35', 1, '2018-05-06 14:58:02'),
(43, 185, 0, 1, 4, '2018-04-22 15:58:35', 4, '2018-05-09 10:55:31'),
(44, 101, 0, 1, 4, '2018-04-22 15:58:35', 1, '2018-05-06 14:58:02'),
(45, 103, 155, 1, 4, '2018-04-22 15:58:35', 1, '2018-05-06 14:58:02'),
(46, 61, 0, 1, 4, '2018-04-22 15:58:35', 1, '2018-05-06 14:58:02'),
(47, 50, 0, 1, 4, '2018-04-22 15:58:35', 4, '2018-05-07 14:14:46'),
(48, 35, 0, 1, 4, '2018-04-22 15:58:35', 4, '2018-05-07 14:14:46'),
(49, 34, 0, 1, 4, '2018-04-22 15:58:35', 1, '2018-05-06 14:58:02'),
(50, 95, 0, 1, 4, '2018-04-22 15:58:35', 1, '2018-05-06 14:58:02'),
(51, 40, 132, 1, 4, '2018-04-22 15:58:35', 1, '2018-05-06 14:58:02'),
(52, 6, 0, 1, 4, '2018-04-23 15:54:45', 1, '2018-05-06 14:58:02'),
(53, 7, 153, 1, 4, '2018-05-02 22:21:56', 4, '2018-05-07 14:14:46'),
(58, 31, 0, 1, 1, '2018-05-05 09:54:52', NULL, NULL),
(59, 26, 0, 1, 1, '2018-05-06 14:58:02', NULL, NULL),
(60, 220, 0, 1, 1, '2018-05-06 14:58:02', NULL, NULL),
(61, 202, 0, 1, 4, '2018-05-07 14:14:46', NULL, NULL),
(62, 28, 0, 1, 4, '2018-05-07 14:14:46', NULL, NULL),
(63, 186, 0, 1, 4, '2018-05-07 14:14:46', NULL, NULL),
(64, 216, 0, 1, 4, '2018-05-07 14:14:46', NULL, NULL),
(65, 94, 0, 1, 4, '2018-05-07 14:14:46', NULL, NULL),
(66, 12, 0, 1, 4, '2018-05-07 14:14:46', NULL, NULL),
(68, 221, 0, 1, 11, '2018-06-11 16:09:26', NULL, NULL);

-- --------------------------------------------------------

--
-- Table structure for table `productaccessories`
--

CREATE TABLE `productaccessories` (
  `ProductAccessoryId` int(11) NOT NULL,
  `ProductId` int(11) NOT NULL,
  `AccessoryName` varchar(250) NOT NULL,
  `StatusId` tinyint(4) NOT NULL,
  `CrUserId` int(11) NOT NULL,
  `CrDateTime` datetime NOT NULL,
  `UpdateUserId` int(11) DEFAULT NULL,
  `UpdateDateTime` datetime DEFAULT NULL
) ENGINE=InnoDB DEFAULT CHARSET=utf8;

-- --------------------------------------------------------

--
-- Table structure for table `productaccessorystatus`
--

CREATE TABLE `productaccessorystatus` (
  `ProductAccessoryStatusId` smallint(6) NOT NULL,
  `ProductAccessoryStatusName` varchar(250) NOT NULL,
  `StatusId` tinyint(4) NOT NULL
) ENGINE=InnoDB DEFAULT CHARSET=utf8;

--
-- Dumping data for table `productaccessorystatus`
--

INSERT INTO `productaccessorystatus` (`ProductAccessoryStatusId`, `ProductAccessoryStatusName`, `StatusId`) VALUES
(1, 'phụ kiện 1', 2),
(2, 'phụ kiện 2', 2);

-- --------------------------------------------------------

--
-- Table structure for table `productchilds`
--

CREATE TABLE `productchilds` (
  `ProductChildId` int(11) NOT NULL,
  `ProductId` int(11) NOT NULL,
  `VariantId1` smallint(6) NOT NULL,
  `VariantValue1` varchar(250) COLLATE utf8_unicode_ci NOT NULL,
  `VariantId2` smallint(6) NOT NULL,
  `VariantValue2` varchar(250) COLLATE utf8_unicode_ci NOT NULL,
  `VariantId3` smallint(6) NOT NULL,
  `VariantValue3` varchar(250) COLLATE utf8_unicode_ci NOT NULL,
  `ProductName` varchar(250) COLLATE utf8_unicode_ci NOT NULL,
  `ProductImage` varchar(250) COLLATE utf8_unicode_ci NOT NULL,
  `BarCode` varchar(45) COLLATE utf8_unicode_ci NOT NULL,
  `Sku` varchar(45) COLLATE utf8_unicode_ci NOT NULL,
  `StatusId` tinyint(4) NOT NULL,
  `Quantity` int(11) NOT NULL,
  `Price` int(11) NOT NULL,
  `OldPrice` int(11) NOT NULL,
  `Weight` int(11) NOT NULL,
  `ProductPartId` int(11) NOT NULL COMMENT 'dung cho Combo',
  `ProductPartChildId` int(11) NOT NULL,
  `VATStatusId` tinyint(4) NOT NULL,
  `GuaranteeMonth` tinyint(4) NOT NULL,
  `ParentProductChildId` int(11) NOT NULL,
  `IMEI` varchar(45) COLLATE utf8_unicode_ci NOT NULL,
  `ProductFormalStatusId` varchar(250) COLLATE utf8_unicode_ci NOT NULL,
  `ProductUsageStatusId` varchar(250) COLLATE utf8_unicode_ci NOT NULL,
  `ProductAccessoryStatusId` varchar(250) COLLATE utf8_unicode_ci NOT NULL,
  `Comment` varchar(250) COLLATE utf8_unicode_ci NOT NULL
) ENGINE=MyISAM DEFAULT CHARSET=utf8 COLLATE=utf8_unicode_ci;

--
-- Dumping data for table `productchilds`
--

INSERT INTO `productchilds` (`ProductChildId`, `ProductId`, `VariantId1`, `VariantValue1`, `VariantId2`, `VariantValue2`, `VariantId3`, `VariantValue3`, `ProductName`, `ProductImage`, `BarCode`, `Sku`, `StatusId`, `Quantity`, `Price`, `OldPrice`, `Weight`, `ProductPartId`, `ProductPartChildId`, `VATStatusId`, `GuaranteeMonth`, `ParentProductChildId`, `IMEI`, `ProductFormalStatusId`, `ProductUsageStatusId`, `ProductAccessoryStatusId`, `Comment`) VALUES
(105, 19, 0, 'FULL', 0, '', 0, '', 'FULL', '//1-59f8362abd91d.jpg', '5656', '5656', 0, 0, 2700000, 0, 2, 0, 0, 1, 24, 0, '', '', '', '', ''),
(104, 19, 0, 'ĐƠN', 0, '', 0, '', 'ĐƠN', '//1-59f8362abd91d.jpg', '4545', '4545', 0, 0, 2200000, 0, 2, 0, 0, 1, 24, 0, '', '', '', '', ''),
(111, 60, 4, 'FULL', 0, '', 0, '', 'FULL', '//3-59f8239a75171.jpg', '2211', '2211', 0, 0, 2050000, 0, 156, 0, 0, 1, 24, 0, '', '', '', '', ''),
(110, 60, 4, 'ĐƠN', 0, '', 0, '', 'ĐƠN', '//3-59f8239a75171.jpg', '1221', '1221', 0, 0, 1750000, 0, 156, 0, 0, 1, 24, 0, '', '', '', '', ''),
(107, 8, 4, 'ĐƠN', 0, '', 0, '', 'ĐƠN', '/232323233-(1)-59e583c5d349a.png', '12', '12', 0, 0, 1250000, 0, 4, 0, 0, 1, 24, 0, '', '', '', '', ''),
(106, 8, 4, 'FULL', 0, '', 0, '', 'FULL', '/232323233-(1)-59e583c5d349a.png', '23', '23', 0, 0, 1600000, 0, 4, 0, 0, 1, 24, 0, '', '', '', '', ''),
(91, 55, 1, 'ĐỎ', 0, '', 0, '', 'ĐỎ', '/1-59f53db4b4bb9.jpg', 'PKS-TB5-RT', 'PKS-TB5-RT', 2, 0, 16500000, 0, 5900, 0, 0, 1, 12, 0, '', '', '', '', ''),
(89, 55, 1, 'ĐEN', 0, '', 0, '', 'ĐEN', '/4-59f53dc3c7f18.jpg', 'PKS-TB5-SW', 'PKS-TB5-SW', 2, 0, 16500000, 0, 5900, 0, 0, 1, 12, 0, '', '', '', '', ''),
(90, 55, 1, 'VÀNG', 0, '', 0, '', 'VÀNG', '/6-59f53def7dffc.jpg', 'PKS-TB5-GE', 'PKS-TB5-GE', 2, 0, 16500000, 0, 5900, 0, 0, 1, 12, 0, '', '', '', '', ''),
(73, 1, 1, 'BẠC', 0, '', 0, '', 'BẠC', 'assets/uploads/images//logo.png', '1111111111', '1111111111', 2, 0, 800000, 0, 700, 0, 0, 1, 24, 0, '', '', '', '', ''),
(72, 1, 1, 'ĐEN', 0, '', 0, '', 'ĐEN', 'assets/uploads/images//22091545_1442068039215787_1371400797_n-59e4b3d207c0e.jpg', '1111111112', '1111111112', 2, 0, 800000, 0, 700, 0, 0, 1, 12, 0, '', '', '', '', ''),
(112, 66, 1, 'xanh', 0, '', 0, '', 'xanh', '//1-59e582b7ee91b.jpg', '1', '1', 2, 0, 1, 1, 1, 0, 0, 1, 1, 0, '', '', '', '', ''),
(113, 130, 1, 'ĐEN', 0, '', 0, '', 'Takstar PCK320', '', 'MC-PCK320-SW', 'MC-PCK320-SW', 2, 0, 1750000, 0, 800, 0, 0, 1, 24, 0, '', '', '', '', ''),
(114, 130, 1, 'ĐỎ', 0, '', 0, '', 'Takstar PCK320', '', 'MC-PCK320-RT', 'MC-PCK320-RT', 2, 0, 1750000, 0, 800, 0, 0, 1, 24, 0, '', '', '', '', ''),
(115, 3, 1, 'ISK AT250', 0, '', 0, '', 'ISK AT250', '', 'MC-AT250-WS', 'MC-AT250-WS', 0, 0, 800000, 900000, 750, 0, 0, 1, 24, 0, '', '', '', '', ''),
(116, 131, 1, 'ĐỎ', 0, '', 0, '', 'Blue SparkSL', '', 'MC-SparkSL-RT', 'MC-SparkSL-RT', 0, 0, 5600000, 0, 0, 0, 0, 1, 12, 0, '', '', '', '', ''),
(117, 132, 1, 'TRẮNG', 0, '', 0, '', 'Tianyun TY660', '', 'MC-TY660-WS', 'MC-TY660-WS', 2, 0, 0, 0, 635, 0, 0, 1, 24, 0, '', '', '', '', ''),
(118, 132, 1, 'ĐEN', 0, '', 0, '', 'Tianyun TY660', '', 'MC-TY660-SW', 'MC-TY660-SW', 2, 0, 0, 0, 635, 0, 0, 1, 24, 0, '', '', '', '', ''),
(119, 133, 1, 'ĐỎ', 0, '', 0, '', 'Tianyun T5000', '', 'MC-T5000-RT', 'MC-T5000-RT', 2, 0, 0, 0, 0, 0, 0, 1, 24, 0, '', '', '', '', ''),
(120, 69, 1, 'ĐEN', 0, '', 0, '', 'ISK A66F', '', 'MC-A66F-SW', 'MC-A66F-SW', 2, 0, 1250000, 0, 1850, 0, 0, 1, 24, 0, '', '', '', '', ''),
(121, 69, 1, 'ĐEN', 0, '', 0, '', 'ISK A66F', '', 'MC-A66F-SW', 'MC-A66F-SW', 2, 0, 1250000, 0, 1850, 0, 0, 1, 24, 0, '', '', '', '', ''),
(122, 71, 1, 'XANH', 0, '', 0, '', 'Blue SparkSL', '', 'MC-SparkSL-BL', 'MC-SparkSL-BL', 2, 0, 5600000, 0, 0, 0, 0, 1, 12, 0, '', '', '', '', ''),
(123, 71, 1, 'XANH', 0, '', 0, '', 'Blue SparkSL', '', 'MC-SparkSL-BL', 'MC-SparkSL-BL', 2, 0, 5600000, 0, 0, 0, 0, 1, 12, 0, '', '', '', '', ''),
(124, 133, 1, 'ĐEN', 0, '', 0, '', 'Tianyun T5000', '', 'MC-T5000-SW', 'MC-T5000-SW', 2, 0, 0, 0, 0, 0, 0, 1, 24, 0, '', '', '', '', ''),
(125, 131, 1, 'ĐỎ', 0, '', 0, '', 'ĐỎ', '/3-5a18e3b2074a3.jpg', 'MC-SparkSL-RT', 'MC-SparkSL-RT', 0, 0, 5600000, 0, 0, 0, 0, 2, 12, 0, '', '', '', '', ''),
(126, 131, 1, 'XANH', 0, '', 0, '', 'XANH', '/3-5a18e3b2074a3.jpg', 'MC-12', 'MC-SparkSL-BL', 0, 0, 5600000, 0, 0, 0, 0, 2, 12, 0, '', '', '', '', ''),
(127, 60, 4, 'ĐEN', 0, '', 0, '', 'ĐEN', '//3-59f8239a75171.jpg', '110080100', 'MC-PCK320-SW', 2, 0, 1700000, 0, 156, 0, 0, 1, 24, 0, '', '', '', '', ''),
(128, 60, 4, 'ĐỎ', 0, '', 0, '', 'ĐỎ', '//3-59f8239a75171.jpg', '110091000', 'MC-PCK320-RT', 2, 0, 1700000, 0, 156, 0, 0, 1, 24, 0, '', '', '', '', ''),
(129, 39, 1, 'ĐỎ', 0, '', 0, '', 'ĐỎ', '/loa-gibbon-5-1-59f417dd600a3.jpg', '130201000', 'PKS-GB5-RT', 2, 0, 8700000, 0, 59, 0, 0, 2, 12, 0, '', '', '', '', ''),
(130, 39, 1, 'ĐEN', 0, '', 0, '', 'ĐEN', '/loa-gibbon-5-1-59f417dd600a3.jpg', '130200100', 'PKS-GB5-SW', 2, 0, 8700000, 0, 59, 0, 0, 2, 12, 0, '', '', '', '', ''),
(131, 40, 1, 'TRẮNG', 0, '', 0, '', 'TRẮNG', '/air-1-59f4197ecc455.jpg', '130440900', 'PKS-GBAIR-WS', 2, 0, 5800000, 0, 5600, 0, 0, 2, 12, 0, '', '', '', '', ''),
(132, 40, 1, 'ĐEN', 0, '', 0, '', 'ĐEN', '/air-1-59f4197ecc455.jpg', '130430100', 'PKS-GBAIR-SW', 2, 0, 5800000, 0, 5600, 0, 0, 2, 12, 0, '', '', '', '', ''),
(133, 10, 1, 'ĐEN', 0, '', 0, '', 'ĐEN', '//1-59f835029adfc.jpg', '110300100', 'MC-TY660-SW', 2, 0, 400000, 0, 5, 0, 0, 1, 24, 0, '', '', '', '', ''),
(134, 10, 1, 'BẠC', 0, '', 0, '', 'BẠC', '//1-59f835029adfc.jpg', '110311100', 'MC-TY660-SL', 2, 0, 400000, 0, 5, 0, 0, 1, 24, 0, '', '', '', '', ''),
(135, 175, 2, '2M', 0, '', 0, '', '2M', '', 'PKS-2XLR3020-2', 'PKS-2XLR3020-2', 0, 0, 0, 0, 150, 0, 0, 1, 3, 0, '', '', '', '', ''),
(136, 175, 2, '5M', 0, '', 0, '', '5M', '', 'PKS-2XLR3020-5', 'PKS-2XLR3020-5', 0, 0, 0, 0, 150, 0, 0, 1, 3, 0, '', '', '', '', ''),
(137, 175, 2, '2M', 0, '', 0, '', '2M', '', '130020100', 'PKS-2XLR3020-2', 2, 0, 120000, 0, 150, 0, 0, 1, 3, 0, '', '', '', '', ''),
(138, 175, 2, '5M', 0, '', 0, '', '5M', '', '130030100', 'PKS-2XLR3020-5', 2, 0, 150000, 0, 150, 0, 0, 1, 3, 0, '', '', '', '', ''),
(152, 7, 1, 'ĐEN', 0, '', 0, '', 'ĐEN', '/2-59e5828ba41f3.jpg', '110150100', 'MC-A66F22', 2, 0, 1200000, 1350000, 1850, 0, 0, 1, 24, 0, '', '', '', '', ''),
(139, 184, 0, '', 0, '', 0, '', '', '', '', '', 0, 1, 0, 0, 0, 175, 137, 0, 0, 0, '', '', '', '', ''),
(140, 184, 0, '', 0, '', 0, '', '', '', '', '', 0, 1, 0, 0, 0, 175, 138, 0, 0, 0, '', '', '', '', ''),
(141, 184, 0, '', 0, '', 0, '', '', '', '', '', 0, 1, 0, 0, 0, 168, 0, 0, 0, 0, '', '', '', '', ''),
(142, 184, 0, '', 0, '', 0, '', '', '', '', '', 0, 1, 0, 0, 0, 175, 137, 0, 0, 0, '', '', '', '', ''),
(143, 184, 0, '', 0, '', 0, '', '', '', '', '', 0, 1, 0, 0, 0, 175, 138, 0, 0, 0, '', '', '', '', ''),
(144, 184, 0, '', 0, '', 0, '', '', '', '', '', 0, 1, 0, 0, 0, 168, 0, 0, 0, 0, '', '', '', '', ''),
(145, 184, 0, '', 0, '', 0, '', '', '', '', '', 2, 1, 0, 0, 0, 175, 137, 0, 0, 0, '', '', '', '', ''),
(146, 184, 0, '', 0, '', 0, '', '', '', '', '', 2, 1, 0, 0, 0, 175, 138, 0, 0, 0, '', '', '', '', ''),
(147, 184, 0, '', 0, '', 0, '', '', '', '', '', 2, 1, 0, 0, 0, 168, 0, 0, 0, 0, '', '', '', '', ''),
(148, 3, 1, 'ĐEN', 0, '', 0, '', 'ĐEN', '/isk-at250-59e5772105cec.jpg', '110170100', 'MC-AT25022', 2, 0, 800000, 900, 750, 0, 0, 1, 24, 0, '', '0', '0', '0', ''),
(149, 3, 1, 'BẠC', 0, '', 0, '', 'BẠC', '/isk-at250-59e5772105cec.jpg', '110181100', 'MC-AT25022', 2, 0, 800000, 900, 750, 0, 0, 1, 24, 0, '', '0', '0', '0', ''),
(150, 131, 1, 'ĐỎ', 0, '', 0, '', 'ĐỎ', '/3-5a18e3b2074a3.jpg', '110231000', 'MC-SparkSL22', 2, 0, 5600000, 0, 0, 0, 0, 2, 12, 0, '', '', '', '', ''),
(151, 131, 1, 'XANH', 0, '', 0, '', 'XANH', '/3-5a18e3b2074a3.jpg', '110220200', 'MC-SparkSL22', 2, 0, 5600000, 0, 0, 0, 0, 2, 12, 0, '', '', '', '', ''),
(153, 7, 1, 'XANH', 0, '', 0, '', 'XANH', '/2-59e5828ba41f3.jpg', '110160200', 'MC-A66F22', 2, 0, 1200000, 1350000, 1850, 0, 0, 1, 24, 0, '', '', '', '', ''),
(154, 103, 1, 'TRẮNG', 0, '', 0, '', 'TRẮNG', '', '130290900', 'PKS-HP280-SW', 2, 0, 780000, 780000, 678, 0, 0, 1, 3, 0, '', '', '', '', ''),
(155, 103, 1, 'ĐEN', 0, '', 0, '', 'ĐEN', '', '130290100', 'PKS-HP280-SW', 2, 0, 780000, 780000, 678, 0, 0, 1, 3, 0, '', '', '', '', ''),
(156, 190, 0, '', 0, '', 0, '', '', '', '', '', 2, 1, 0, 0, 0, 8, 0, 0, 0, 0, '', '', '', '', ''),
(157, 190, 0, '', 0, '', 0, '', '', '', '', '', 2, 1, 0, 0, 0, 175, 137, 0, 0, 0, '', '', '', '', ''),
(158, 190, 0, '', 0, '', 0, '', '', '', '', '', 2, 1, 0, 0, 0, 29, 0, 0, 0, 0, '', '', '', '', ''),
(159, 190, 0, '', 0, '', 0, '', '', '', '', '', 2, 1, 0, 0, 0, 185, 0, 0, 0, 0, '', '', '', '', ''),
(160, 191, 0, '', 0, '', 0, '', '', '', '', '', 0, 1, 0, 0, 0, 175, 137, 0, 0, 0, '', '', '', '', ''),
(161, 191, 0, '', 0, '', 0, '', '', '', '', '', 0, 1, 0, 0, 0, 8, 0, 0, 0, 0, '', '', '', '', ''),
(162, 191, 0, '', 0, '', 0, '', '', '', '', '', 0, 1, 0, 0, 0, 29, 0, 0, 0, 0, '', '', '', '', ''),
(163, 191, 0, '', 0, '', 0, '', '', '', '', '', 0, 1, 0, 0, 0, 185, 0, 0, 0, 0, '', '', '', '', ''),
(164, 191, 0, '', 0, '', 0, '', '', '', '', '', 2, 1, 0, 0, 0, 175, 137, 0, 0, 0, '', '', '', '', ''),
(165, 191, 0, '', 0, '', 0, '', '', '', '', '', 2, 1, 0, 0, 0, 8, 0, 0, 0, 0, '', '', '', '', ''),
(166, 191, 0, '', 0, '', 0, '', '', '', '', '', 2, 1, 0, 0, 0, 29, 0, 0, 0, 0, '', '', '', '', ''),
(167, 191, 0, '', 0, '', 0, '', '', '', '', '', 2, 1, 0, 0, 0, 185, 0, 0, 0, 0, '', '', '', '', ''),
(168, 194, 0, '', 0, '', 0, '', '', '', '', '', 2, 1, 0, 0, 0, 32, 0, 0, 0, 0, '', '', '', '', ''),
(169, 194, 0, '', 0, '', 0, '', '', '', '', '', 2, 1, 0, 0, 0, 36, 0, 0, 0, 0, '', '', '', '', ''),
(170, 194, 0, '', 0, '', 0, '', '', '', '', '', 2, 1, 0, 0, 0, 27, 0, 0, 0, 0, '', '', '', '', ''),
(171, 195, 0, '', 0, '', 0, '', '', '', '', '', 2, 1, 0, 0, 0, 194, 0, 0, 0, 0, '', '', '', '', ''),
(172, 195, 0, '', 0, '', 0, '', '', '', '', '', 2, 1, 0, 0, 0, 8, 0, 0, 0, 0, '', '', '', '', ''),
(173, 195, 0, '', 0, '', 0, '', '', '', '', '', 2, 1, 0, 0, 0, 185, 0, 0, 0, 0, '', '', '', '', ''),
(174, 195, 0, '', 0, '', 0, '', '', '', '', '', 2, 1, 0, 0, 0, 175, 137, 0, 0, 0, '', '', '', '', ''),
(175, 196, 0, '', 0, '', 0, '', '', '', '', '', 2, 1, 0, 0, 0, 7, 152, 0, 0, 0, '', '', '', '', ''),
(176, 196, 0, '', 0, '', 0, '', '', '', '', '', 2, 1, 0, 0, 0, 32, 0, 0, 0, 0, '', '', '', '', ''),
(177, 196, 0, '', 0, '', 0, '', '', '', '', '', 2, 1, 0, 0, 0, 36, 0, 0, 0, 0, '', '', '', '', ''),
(178, 196, 0, '', 0, '', 0, '', '', '', '', '', 2, 1, 0, 0, 0, 16, 0, 0, 0, 0, '', '', '', '', ''),
(179, 196, 0, '', 0, '', 0, '', '', '', '', '', 2, 1, 0, 0, 0, 27, 0, 0, 0, 0, '', '', '', '', ''),
(180, 197, 0, '', 0, '', 0, '', '', '', '', '', 2, 1, 0, 0, 0, 7, 153, 0, 0, 0, '', '', '', '', ''),
(181, 197, 0, '', 0, '', 0, '', '', '', '', '', 2, 1, 0, 0, 0, 16, 0, 0, 0, 0, '', '', '', '', ''),
(182, 197, 0, '', 0, '', 0, '', '', '', '', '', 2, 1, 0, 0, 0, 32, 0, 0, 0, 0, '', '', '', '', ''),
(183, 197, 0, '', 0, '', 0, '', '', '', '', '', 2, 1, 0, 0, 0, 36, 0, 0, 0, 0, '', '', '', '', ''),
(184, 197, 0, '', 0, '', 0, '', '', '', '', '', 2, 1, 0, 0, 0, 27, 0, 0, 0, 0, '', '', '', '', ''),
(185, 198, 0, '', 0, '', 0, '', '', '', '', '', 2, 1, 0, 0, 0, 7, 152, 0, 0, 0, '', '', '', '', ''),
(186, 198, 0, '', 0, '', 0, '', '', '', '', '', 2, 1, 0, 0, 0, 15, 0, 0, 0, 0, '', '', '', '', ''),
(187, 198, 0, '', 0, '', 0, '', '', '', '', '', 2, 1, 0, 0, 0, 32, 0, 0, 0, 0, '', '', '', '', ''),
(188, 198, 0, '', 0, '', 0, '', '', '', '', '', 2, 1, 0, 0, 0, 27, 0, 0, 0, 0, '', '', '', '', ''),
(189, 198, 0, '', 0, '', 0, '', '', '', '', '', 2, 1, 0, 0, 0, 36, 0, 0, 0, 0, '', '', '', '', ''),
(190, 199, 0, '', 0, '', 0, '', '', '', '', '', 2, 1, 0, 0, 0, 7, 153, 0, 0, 0, '', '', '', '', ''),
(191, 199, 0, '', 0, '', 0, '', '', '', '', '', 2, 1, 0, 0, 0, 32, 0, 0, 0, 0, '', '', '', '', ''),
(192, 199, 0, '', 0, '', 0, '', '', '', '', '', 2, 1, 0, 0, 0, 36, 0, 0, 0, 0, '', '', '', '', ''),
(193, 199, 0, '', 0, '', 0, '', '', '', '', '', 2, 1, 0, 0, 0, 27, 0, 0, 0, 0, '', '', '', '', ''),
(194, 199, 0, '', 0, '', 0, '', '', '', '', '', 2, 1, 0, 0, 0, 15, 0, 0, 0, 0, '', '', '', '', ''),
(195, 82, 1, 'ĐEN', 0, '', 0, '', 'ĐEN', '', '120100100', '120100100', 2, 0, 1250000, 1250000, 350, 0, 0, 1, 24, 0, '', '', '', '', ''),
(196, 82, 1, 'ĐỎ', 0, '', 0, '', 'ĐỎ', '', '120101000', '120101000', 2, 0, 1250000, 1250000, 350, 0, 0, 1, 24, 0, '', '', '', '', ''),
(197, 219, 0, '', 0, '', 0, '', '', '', '', '', 2, 3, 0, 0, 0, 218, 0, 0, 0, 0, '', '0', '0', '0', ''),
(198, 219, 0, '', 0, '', 0, '', '', '', '', '', 2, 2, 0, 0, 0, 217, 0, 0, 0, 0, '', '0', '0', '0', ''),
(199, 219, 0, '', 0, '', 0, '', '', '', '', '', 2, 1, 0, 0, 0, 216, 0, 0, 0, 0, '', '0', '0', '0', ''),
(200, 175, 0, '', 0, '', 0, '', '', '', '', '', 2, 0, 0, 0, 0, 0, 0, 0, 0, 137, '130020100_1', '1', '1', '1', 'a'),
(201, 175, 0, '', 0, '', 0, '', '', '', '', '', 2, 0, 0, 0, 0, 0, 0, 0, 0, 137, '130020100_2', '1', '1', '1', 'b'),
(202, 175, 0, '', 0, '', 0, '', '', '', '', '', 2, 0, 0, 0, 0, 0, 0, 0, 0, 137, '130020100_3', '2', '2', '2', 'c');

-- --------------------------------------------------------

--
-- Table structure for table `productformalstatus`
--

CREATE TABLE `productformalstatus` (
  `ProductFormalStatusId` smallint(6) NOT NULL,
  `ProductFormalStatusName` varchar(250) NOT NULL,
  `StatusId` tinyint(4) NOT NULL
) ENGINE=InnoDB DEFAULT CHARSET=utf8;

--
-- Dumping data for table `productformalstatus`
--

INSERT INTO `productformalstatus` (`ProductFormalStatusId`, `ProductFormalStatusName`, `StatusId`) VALUES
(1, 'Hình thưc 1', 2),
(2, 'Hình thức 2', 2),
(3, 'Xlđ', 0);

-- --------------------------------------------------------

--
-- Table structure for table `productoptions`
--

CREATE TABLE `productoptions` (
  `ProductOptionId` int(11) NOT NULL,
  `ProductId` int(11) NOT NULL,
  `OptionName` varchar(250) NOT NULL,
  `OptionValue` varchar(250) NOT NULL
) ENGINE=InnoDB DEFAULT CHARSET=utf8;

-- --------------------------------------------------------

--
-- Table structure for table `productprices`
--

CREATE TABLE `productprices` (
  `ProductPriceId` int(11) NOT NULL,
  `ProductId` int(11) NOT NULL,
  `ProductChildId` int(11) NOT NULL,
  `Quantity` smallint(6) NOT NULL,
  `Price` int(11) NOT NULL,
  `CrUserId` int(11) NOT NULL,
  `CrDateTime` datetime NOT NULL,
  `UpdateUserId` int(11) DEFAULT NULL,
  `UpdateDateTime` datetime DEFAULT NULL
) ENGINE=InnoDB DEFAULT CHARSET=utf8;

-- --------------------------------------------------------

--
-- Table structure for table `productprintcomments`
--

CREATE TABLE `productprintcomments` (
  `ProductPrintsCommentId` int(11) NOT NULL,
  `ProductPrintId` int(11) NOT NULL,
  `UserId` int(11) NOT NULL,
  `Comment` varchar(250) NOT NULL,
  `CrDateTime` datetime NOT NULL
) ENGINE=InnoDB DEFAULT CHARSET=utf8;

-- --------------------------------------------------------

--
-- Table structure for table `productprintproducts`
--

CREATE TABLE `productprintproducts` (
  `ProductPrintProductId` int(11) NOT NULL,
  `ProductPrintId` int(11) NOT NULL,
  `ProductId` int(11) NOT NULL,
  `ProductChildId` int(11) NOT NULL,
  `Quantity` int(11) NOT NULL
) ENGINE=InnoDB DEFAULT CHARSET=utf8;

--
-- Dumping data for table `productprintproducts`
--

INSERT INTO `productprintproducts` (`ProductPrintProductId`, `ProductPrintId`, `ProductId`, `ProductChildId`, `Quantity`) VALUES
(1, 1, 211, 0, 70),
(2, 2, 211, 0, 1),
(3, 3, 6, 0, 7),
(4, 3, 189, 0, 9),
(5, 3, 8, 0, 3),
(6, 3, 3, 148, 16),
(7, 3, 3, 149, 15),
(8, 3, 10, 134, 3),
(9, 3, 7, 152, 13),
(10, 3, 7, 153, 2),
(11, 3, 14, 0, 3),
(12, 3, 20, 0, 2),
(13, 3, 82, 0, 3),
(14, 3, 13, 0, 1),
(15, 3, 61, 0, 1),
(16, 3, 86, 0, 4),
(17, 3, 185, 0, 33),
(18, 3, 64, 0, 13),
(19, 4, 175, 137, 19),
(20, 4, 29, 0, 29),
(21, 4, 26, 0, 13),
(22, 4, 25, 0, 7),
(23, 4, 27, 0, 10),
(24, 4, 28, 0, 9),
(25, 4, 96, 0, 30),
(26, 4, 36, 0, 2),
(27, 4, 101, 0, 7),
(28, 4, 53, 0, 10),
(29, 4, 32, 0, 9),
(30, 4, 93, 0, 14),
(31, 4, 31, 0, 3),
(32, 4, 30, 0, 32),
(33, 4, 103, 155, 4),
(34, 4, 89, 0, 1),
(35, 4, 193, 0, 4),
(36, 4, 35, 0, 1),
(37, 4, 34, 0, 1),
(38, 4, 62, 0, 11),
(39, 4, 187, 0, 5),
(40, 4, 16, 0, 1),
(56, 5, 3, 148, 16),
(57, 5, 3, 149, 15),
(58, 5, 10, 134, 3),
(59, 5, 7, 152, 13),
(60, 5, 7, 153, 2),
(61, 5, 27, 0, 10),
(62, 5, 28, 0, 9),
(63, 5, 96, 0, 30),
(64, 5, 36, 0, 2),
(65, 5, 101, 0, 7),
(66, 5, 53, 0, 10),
(67, 5, 93, 0, 14),
(68, 5, 31, 0, 3),
(71, 6, 30, 0, 32),
(72, 6, 103, 155, 4),
(73, 6, 29, 0, 29),
(74, 7, 214, 0, 1),
(75, 7, 213, 0, 1),
(76, 8, 215, 0, 1),
(77, 8, 214, 0, 1),
(78, 8, 213, 0, 1),
(82, 9, 213, 0, 30),
(83, 9, 212, 0, 35),
(91, 10, 16, 0, 40),
(92, 10, 15, 0, 15);

-- --------------------------------------------------------

--
-- Table structure for table `productprints`
--

CREATE TABLE `productprints` (
  `ProductPrintId` int(11) NOT NULL,
  `ProductPrintCode` varchar(45) NOT NULL,
  `StatusId` tinyint(4) NOT NULL,
  `CrUserId` int(11) NOT NULL,
  `CrDateTime` datetime NOT NULL,
  `UpdateUserId` int(11) DEFAULT NULL,
  `UpdateDateTime` datetime DEFAULT NULL
) ENGINE=InnoDB DEFAULT CHARSET=utf8;

--
-- Dumping data for table `productprints`
--

INSERT INTO `productprints` (`ProductPrintId`, `ProductPrintCode`, `StatusId`, `CrUserId`, `CrDateTime`, `UpdateUserId`, `UpdateDateTime`) VALUES
(1, 'INBC-10001', 2, 19, '2018-03-02 11:05:52', NULL, NULL),
(2, 'INBC-10002', 2, 14, '2018-03-02 11:06:00', NULL, NULL),
(3, 'INBC-10003', 2, 14, '2018-03-02 14:02:18', NULL, NULL),
(4, 'INBC-10004', 2, 14, '2018-03-02 14:12:25', NULL, NULL),
(5, 'INBC-10005', 2, 14, '2018-03-03 08:43:17', 14, '2018-03-03 08:44:42'),
(6, 'INBC-10006', 2, 14, '2018-03-03 08:46:32', 14, '2018-03-03 08:46:49'),
(7, 'INBC-10007', 2, 19, '2018-03-18 15:14:03', NULL, NULL),
(8, 'INBC-10008', 2, 19, '2018-03-18 16:00:24', NULL, NULL),
(9, 'INBC-10009', 2, 4, '2018-03-25 15:47:31', 4, '2018-03-25 15:59:23'),
(10, 'INBC-10010', 2, 4, '2018-03-25 21:46:39', 4, '2018-03-25 21:50:42');

-- --------------------------------------------------------

--
-- Table structure for table `productquantity`
--

CREATE TABLE `productquantity` (
  `ProductQuantityId` int(11) NOT NULL,
  `ProductId` int(11) NOT NULL,
  `ProductChildId` int(11) NOT NULL,
  `Quantity` int(11) NOT NULL,
  `StoreId` smallint(6) NOT NULL,
  `CrUserId` int(11) NOT NULL,
  `CrDateTime` datetime NOT NULL,
  `UpdateUserId` int(11) DEFAULT NULL,
  `UpdateDateTime` datetime DEFAULT NULL
) ENGINE=InnoDB DEFAULT CHARSET=utf8;

--
-- Dumping data for table `productquantity`
--

INSERT INTO `productquantity` (`ProductQuantityId`, `ProductId`, `ProductChildId`, `Quantity`, `StoreId`, `CrUserId`, `CrDateTime`, `UpdateUserId`, `UpdateDateTime`) VALUES
(81, 6, 0, 3, 2, 3, '2018-03-26 08:58:45', NULL, NULL),
(82, 126, 0, 1, 2, 3, '2018-03-26 08:58:45', NULL, NULL),
(83, 56, 0, 0, 2, 3, '2018-03-26 08:58:45', NULL, NULL),
(84, 189, 0, 1, 2, 3, '2018-03-26 08:58:45', NULL, NULL),
(85, 3, 148, 5, 2, 3, '2018-03-26 08:58:45', NULL, NULL),
(86, 3, 149, 9, 2, 3, '2018-03-26 08:58:45', NULL, NULL),
(87, 10, 133, 1, 2, 3, '2018-03-26 08:58:45', NULL, NULL),
(88, 10, 134, 4, 2, 3, '2018-03-26 08:58:45', NULL, NULL),
(89, 7, 152, 7, 2, 3, '2018-03-26 08:58:45', NULL, NULL),
(90, 20, 0, 0, 2, 3, '2018-03-26 08:58:45', NULL, NULL),
(91, 13, 0, 1, 2, 3, '2018-03-26 08:58:45', NULL, NULL),
(92, 61, 0, 1, 2, 3, '2018-03-26 08:58:45', NULL, NULL),
(93, 86, 0, 1, 2, 3, '2018-03-26 08:58:45', NULL, NULL),
(94, 185, 0, 13, 2, 3, '2018-03-26 08:58:45', NULL, NULL),
(95, 64, 0, 13, 2, 3, '2018-03-26 08:58:45', NULL, NULL),
(96, 29, 0, 31, 2, 3, '2018-03-26 08:58:45', NULL, NULL),
(97, 175, 137, 15, 2, 3, '2018-03-26 08:58:45', NULL, NULL),
(98, 26, 0, 13, 2, 3, '2018-03-26 08:58:45', NULL, NULL),
(99, 27, 0, 6, 2, 3, '2018-03-26 08:58:45', NULL, NULL),
(100, 28, 0, 5, 2, 3, '2018-03-26 08:58:45', NULL, NULL),
(101, 96, 0, 9, 2, 3, '2018-03-26 08:58:45', NULL, NULL),
(102, 36, 0, 15, 2, 3, '2018-03-26 08:58:45', NULL, NULL),
(103, 101, 0, 7, 2, 3, '2018-03-26 08:58:45', NULL, NULL),
(104, 53, 0, 10, 2, 3, '2018-03-26 08:58:45', NULL, NULL),
(105, 211, 0, 14, 2, 3, '2018-03-26 08:58:45', NULL, NULL),
(106, 32, 0, 18, 2, 3, '2018-03-26 08:58:45', NULL, NULL),
(107, 93, 0, 4, 2, 3, '2018-03-26 08:58:45', NULL, NULL),
(108, 31, 0, 3, 2, 3, '2018-03-26 08:58:45', NULL, NULL),
(109, 30, 0, 26, 2, 3, '2018-03-26 08:58:45', NULL, NULL),
(110, 192, 0, 12, 2, 3, '2018-03-26 08:58:45', NULL, NULL),
(111, 62, 0, 15, 2, 3, '2018-03-26 08:58:45', NULL, NULL),
(112, 187, 0, 4, 2, 3, '2018-03-26 08:58:45', NULL, NULL),
(113, 103, 154, 2, 2, 3, '2018-03-26 08:58:45', NULL, NULL),
(114, 213, 0, 10, 2, 3, '2018-03-26 08:58:45', NULL, NULL),
(115, 214, 0, 5, 2, 3, '2018-03-26 08:58:45', NULL, NULL),
(116, 35, 0, 23, 2, 3, '2018-03-26 08:58:45', NULL, NULL),
(117, 34, 0, 11, 2, 3, '2018-03-26 08:58:45', NULL, NULL),
(118, 94, 0, 2, 2, 3, '2018-03-26 08:58:45', NULL, NULL),
(119, 203, 0, 0, 2, 3, '2018-03-26 08:58:45', NULL, NULL),
(125, 16, 0, 10, 2, 14, '2018-03-26 14:04:24', NULL, NULL),
(126, 15, 0, 0, 2, 14, '2018-03-26 15:21:09', NULL, NULL),
(129, 215, 0, 7, 2, 14, '2018-03-27 14:09:25', NULL, NULL),
(130, 212, 0, 8, 2, 14, '2018-03-27 14:09:25', NULL, NULL),
(131, 7, 153, 4, 2, 14, '2018-03-28 16:25:41', NULL, NULL),
(142, 14, 0, 0, 2, 21, '2018-04-02 22:26:16', NULL, NULL),
(143, 186, 0, 0, 2, 21, '2018-04-02 22:26:16', NULL, NULL),
(144, 216, 0, 2, 6, 14, '2018-04-03 10:41:42', NULL, NULL),
(154, 82, 196, 0, 2, 14, '2018-04-11 13:16:48', NULL, NULL),
(156, 8, 0, 3, 2, 14, '2018-04-11 15:56:21', NULL, NULL),
(176, 185, 0, 1, 7, 27, '2018-04-22 14:59:48', NULL, NULL),
(177, 8, 0, 1, 7, 27, '2018-04-22 14:59:48', NULL, NULL),
(217, 36, 0, 177, 6, 1, '2018-04-22 18:27:49', NULL, NULL),
(218, 10, 134, 21, 6, 1, '2018-04-22 18:27:49', NULL, NULL),
(219, 29, 0, 117, 6, 1, '2018-04-22 18:27:49', NULL, NULL),
(220, 175, 137, 134, 6, 1, '2018-04-22 18:27:49', NULL, NULL),
(221, 16, 0, 41, 6, 1, '2018-04-22 18:27:49', NULL, NULL),
(222, 126, 0, 2, 6, 1, '2018-04-22 18:27:49', NULL, NULL),
(223, 192, 0, 44, 6, 1, '2018-04-22 18:27:49', NULL, NULL),
(224, 59, 0, 2, 6, 1, '2018-04-22 18:27:49', NULL, NULL),
(225, 57, 0, 30, 6, 1, '2018-04-22 18:27:49', NULL, NULL),
(226, 58, 0, 1, 6, 1, '2018-04-22 18:27:49', NULL, NULL),
(227, 96, 0, 60, 6, 1, '2018-04-22 18:27:49', NULL, NULL),
(228, 18, 0, 1, 6, 1, '2018-04-22 18:27:49', NULL, NULL),
(229, 13, 0, 8, 6, 1, '2018-04-22 18:27:49', NULL, NULL),
(230, 8, 0, 0, 6, 1, '2018-04-22 18:27:49', NULL, NULL),
(231, 82, 195, 1, 6, 1, '2018-04-22 18:27:49', NULL, NULL),
(232, 82, 196, 1, 6, 1, '2018-04-22 18:27:49', NULL, NULL),
(233, 211, 0, 5, 6, 1, '2018-04-22 18:27:49', NULL, NULL),
(234, 30, 0, 4, 6, 1, '2018-04-22 18:27:49', NULL, NULL),
(235, 203, 0, 1, 6, 1, '2018-04-22 18:27:49', NULL, NULL),
(236, 3, 148, 38, 6, 1, '2018-04-22 18:27:49', NULL, NULL),
(237, 3, 149, 33, 6, 1, '2018-04-22 18:27:49', NULL, NULL),
(238, 14, 0, -1, 6, 1, '2018-04-22 18:27:49', NULL, NULL),
(239, 7, 152, 12, 6, 1, '2018-04-22 18:27:49', NULL, NULL),
(240, 213, 0, 36, 6, 1, '2018-04-22 18:27:49', NULL, NULL),
(241, 212, 0, 19, 6, 1, '2018-04-22 18:27:49', NULL, NULL),
(242, 214, 0, 49, 6, 1, '2018-04-22 18:27:49', NULL, NULL),
(243, 32, 0, 135, 6, 1, '2018-04-22 18:27:49', NULL, NULL),
(245, 93, 0, 45, 6, 1, '2018-04-22 18:27:49', NULL, NULL),
(246, 193, 0, 36, 6, 1, '2018-04-22 18:27:49', NULL, NULL),
(247, 60, 128, 1, 6, 1, '2018-04-22 18:27:49', NULL, NULL),
(248, 19, 0, 0, 6, 1, '2018-04-22 18:27:49', NULL, NULL),
(249, 86, 0, 1, 6, 1, '2018-04-22 18:27:49', NULL, NULL),
(250, 20, 0, 0, 6, 1, '2018-04-22 18:27:49', NULL, NULL),
(251, 187, 0, 62, 6, 1, '2018-04-22 18:27:49', NULL, NULL),
(252, 215, 0, 33, 6, 1, '2018-04-22 18:27:49', NULL, NULL),
(253, 175, 138, 12, 6, 1, '2018-04-22 18:27:49', NULL, NULL),
(254, 185, 0, 57, 6, 1, '2018-04-22 18:27:49', NULL, NULL),
(255, 27, 0, 71, 6, 1, '2018-04-22 18:27:49', NULL, NULL),
(256, 62, 0, 33, 6, 1, '2018-04-22 18:27:49', NULL, NULL),
(257, 101, 0, 42, 6, 1, '2018-04-22 18:27:49', NULL, NULL),
(258, 103, 155, 3, 6, 1, '2018-04-22 18:27:49', NULL, NULL),
(259, 61, 0, 2, 6, 1, '2018-04-22 18:27:49', NULL, NULL),
(260, 50, 0, 2, 6, 1, '2018-04-22 18:27:49', NULL, NULL),
(261, 35, 0, 50, 6, 1, '2018-04-22 18:27:49', NULL, NULL),
(262, 34, 0, -4, 6, 1, '2018-04-22 18:27:49', NULL, NULL),
(263, 95, 0, 5, 6, 1, '2018-04-22 18:27:49', NULL, NULL),
(264, 17, 0, 2, 6, 1, '2018-04-22 18:27:49', NULL, NULL),
(265, 40, 132, 1, 6, 1, '2018-04-22 18:27:49', NULL, NULL),
(266, 7, 153, 16, 6, 27, '2018-04-22 22:44:59', NULL, NULL),
(267, 6, 0, 37, 6, 14, '2018-04-23 08:12:23', NULL, NULL),
(268, 7, 153, 1, 7, 4, '2018-04-23 15:55:32', NULL, NULL),
(269, 186, 0, 1, 6, 14, '2018-04-24 08:45:14', NULL, NULL),
(270, 27, 0, 2, 7, 21, '2018-04-24 14:19:14', NULL, NULL),
(271, 16, 0, 3, 7, 21, '2018-04-26 22:32:09', NULL, NULL),
(272, 19, 0, 0, 7, 21, '2018-04-26 22:32:09', NULL, NULL),
(273, 175, 137, 7, 7, 21, '2018-04-26 22:32:09', NULL, NULL),
(274, 29, 0, 3, 7, 21, '2018-04-26 22:32:09', NULL, NULL),
(275, 32, 0, 1, 7, 21, '2018-04-26 22:32:09', NULL, NULL),
(276, 36, 0, 2, 7, 21, '2018-04-26 22:32:09', NULL, NULL),
(277, 96, 0, 6, 7, 21, '2018-04-26 22:32:09', NULL, NULL),
(278, 56, 0, 0, 6, 14, '2018-04-27 08:29:12', NULL, NULL),
(279, 103, 154, 0, 6, 14, '2018-04-27 09:51:27', NULL, NULL),
(280, 10, 133, 0, 6, 14, '2018-04-27 16:30:38', NULL, NULL),
(281, 15, 0, 0, 6, 14, '2018-04-27 16:30:38', NULL, NULL),
(282, 20, 0, 0, 7, 21, '2018-04-27 21:21:53', NULL, NULL),
(283, 62, 0, 2, 7, 21, '2018-04-27 21:21:53', NULL, NULL),
(284, 93, 0, 0, 7, 21, '2018-04-27 21:21:53', NULL, NULL),
(285, 103, 155, 0, 2, 27, '2018-05-03 00:47:04', NULL, NULL),
(286, 14, 0, 1, 7, 27, '2018-05-03 11:12:12', NULL, NULL),
(287, 175, 138, 0, 7, 27, '2018-05-03 11:12:12', NULL, NULL),
(288, 221, 0, -5, 6, 3, '2018-05-04 17:09:20', 11, '2018-06-11 16:09:26'),
(289, 26, 0, 56, 6, 1, '2018-05-06 14:58:02', NULL, NULL),
(290, 220, 0, 4, 6, 1, '2018-05-06 14:58:02', NULL, NULL),
(291, 187, 0, 1, 7, 4, '2018-05-07 14:14:46', NULL, NULL),
(292, 202, 0, 1, 7, 4, '2018-05-07 14:14:46', NULL, NULL),
(293, 28, 0, 1, 7, 4, '2018-05-07 14:14:46', NULL, NULL),
(294, 186, 0, 1, 7, 4, '2018-05-07 14:14:46', NULL, NULL),
(295, 35, 0, 16, 7, 4, '2018-05-07 14:14:46', NULL, NULL),
(296, 193, 0, 9, 7, 4, '2018-05-07 14:14:46', NULL, NULL),
(297, 217, 0, 6, 6, 4, '2018-05-07 14:14:46', NULL, NULL),
(298, 94, 0, 2, 7, 4, '2018-05-07 14:14:46', NULL, NULL),
(299, 10, 134, 6, 7, 4, '2018-05-07 14:14:46', NULL, NULL),
(300, 50, 0, 1, 7, 4, '2018-05-07 14:14:46', NULL, NULL),
(301, 12, 0, 1, 7, 4, '2018-05-07 14:14:46', NULL, NULL),
(302, 3, 148, 3, 7, 4, '2018-05-07 14:14:46', NULL, NULL),
(303, 7, 152, 1, 7, 4, '2018-05-07 14:14:46', NULL, NULL),
(304, 59, 0, 2, 7, 4, '2018-05-07 14:14:46', NULL, NULL),
(305, 13, 0, 1, 7, 4, '2018-05-07 14:14:46', NULL, NULL),
(306, 17, 0, 1, 7, 4, '2018-05-07 14:14:46', NULL, NULL),
(307, 94, 0, 1, 6, 4, '2018-05-09 10:56:39', NULL, NULL),
(308, 6, 0, 1, 7, 4, '2018-05-09 23:36:37', NULL, NULL),
(310, 218, 0, 10, 6, 1, '2018-05-13 16:35:40', NULL, NULL),
(312, 221, 0, -1, 7, 1, '2018-05-24 10:51:34', NULL, NULL),
(313, 221, 0, -3, 2, 1, '2018-05-24 10:52:38', NULL, NULL),
(314, 219, 0, 2, 6, 0, '2018-06-07 18:29:10', 0, '2018-06-07 18:37:30');

-- --------------------------------------------------------

--
-- Table structure for table `products`
--

CREATE TABLE `products` (
  `ProductId` int(11) NOT NULL,
  `ProductName` varchar(250) NOT NULL,
  `ProductSlug` varchar(250) NOT NULL,
  `ProductShortDesc` text NOT NULL,
  `ProductDesc` longtext NOT NULL,
  `ProductTypeId` smallint(6) NOT NULL,
  `ProductStatusId` tinyint(4) NOT NULL,
  `ProductKindId` tinyint(4) NOT NULL,
  `VATStatusId` tinyint(4) NOT NULL,
  `ProductDisplayTypeId` tinyint(4) NOT NULL,
  `ProductLevelId` tinyint(4) NOT NULL,
  `ParentProductId` int(11) DEFAULT NULL,
  `SupplierId` smallint(6) NOT NULL,
  `ManufacturerId` smallint(6) NOT NULL,
  `IsContactPrice` tinyint(4) NOT NULL,
  `Price` int(11) NOT NULL,
  `OldPrice` int(11) NOT NULL,
  `ProductImage` varchar(250) NOT NULL,
  `ProductCode` varchar(15) NOT NULL,
  `BarCode` varchar(45) NOT NULL,
  `Sku` varchar(45) NOT NULL,
  `IMEI` varchar(45) NOT NULL,
  `Weight` int(11) NOT NULL,
  `PublishDateTime` datetime NOT NULL,
  `ProductFormalStatusId` smallint(6) NOT NULL,
  `ProductUsageStatusId` smallint(6) NOT NULL,
  `ProductAccessoryStatusId` smallint(6) NOT NULL,
  `GuaranteeMonth` tinyint(4) NOT NULL,
  `ProductUnitId` smallint(6) NOT NULL,
  `VideoUrls` text NOT NULL,
  `ProductWebStatusId` tinyint(4) NOT NULL,
  `ProductWebStatusComment` varchar(250) NOT NULL,
  `CrUserId` int(11) NOT NULL,
  `CrDateTime` datetime NOT NULL,
  `UpdateUserId` int(11) DEFAULT NULL,
  `UpdateDateTime` datetime DEFAULT NULL
) ENGINE=InnoDB DEFAULT CHARSET=utf8;

--
-- Dumping data for table `products`
--

INSERT INTO `products` (`ProductId`, `ProductName`, `ProductSlug`, `ProductShortDesc`, `ProductDesc`, `ProductTypeId`, `ProductStatusId`, `ProductKindId`, `VATStatusId`, `ProductDisplayTypeId`, `ProductLevelId`, `ParentProductId`, `SupplierId`, `ManufacturerId`, `IsContactPrice`, `Price`, `OldPrice`, `ProductImage`, `ProductCode`, `BarCode`, `Sku`, `IMEI`, `Weight`, `PublishDateTime`, `ProductFormalStatusId`, `ProductUsageStatusId`, `ProductAccessoryStatusId`, `GuaranteeMonth`, `ProductUnitId`, `VideoUrls`, `ProductWebStatusId`, `ProductWebStatusComment`, `CrUserId`, `CrDateTime`, `UpdateUserId`, `UpdateDateTime`) VALUES
(1, 'Micro ISK AT250', 'micro-isk-at250', '', '<p dir=\"ltr\"></p>\n\n<p dir=\"ltr\"><b id=\"docs-internal-guid-cebe3a1f-255b-6d22-4fcd-607407f2d46c\">5 điểm đ&aacute;ng gi&aacute; của AT250:</b></p>\n\n<p dir=\"ltr\"><b id=\"docs-internal-guid-cebe3a1f-255b-6d22-4fcd-607407f2d46c\">1) Kiểu d&aacute;ng trường tồn, sang trọng : Th&acirc;n trụ, vỏ 100% kim loại với 2 mầu sắc duy nhất đen v&agrave; bạc kh&ocirc;ng bao giờ bị lỗi thời.</b></p>\n\n<p dir=\"ltr\" style=\"text-align: center;\"><b id=\"docs-internal-guid-cebe3a1f-255b-6d22-4fcd-607407f2d46c\"><img height=\"416\" src=\"https://lh3.googleusercontent.com/YY_X9QXgSWikzVgoFhcjDqQZs05kJHTNQkgEsASqvw8_bZgfgrqj3Px7Dafny9xVerJvSUoziUY_jBbm8GaGjx90uJHcJ8qQVlkCrx1Kl8Tw5fRKlo-xRhDd60i7YML8LmiZ_xUl\" width=\"602\" />AT250 với 2 mầu sắc duy nhất : Black v&agrave; Sliver</b></p>\n\n<p dir=\"ltr\" style=\"text-align: center;\"><b id=\"docs-internal-guid-cebe3a1f-255b-6d22-4fcd-607407f2d46c\">2) Chất &acirc;m ĐỈNH nhất trong tầm gi&aacute; : Với mức gi&aacute; chỉ 800.000đ bạn kh&oacute; c&oacute; thể t&igrave;m được 1 chiếc Micro n&agrave;o tr&ecirc;n thị trường c&oacute; mức chất &acirc;m tốt hơn, AT250 cho Vocal ấm, dầy v&agrave; s&aacute;ng đa năng với bất cứ thể loại nhạc n&agrave;o, sound card &acirc;m thanh cũng như dải tần n&agrave;o, kh&ocirc;ng mờ nhạt như 1 số Micro c&ugrave;ng thậm ch&iacute; hơn tầm gi&aacute;.</b></p>\n\n<p dir=\"ltr\"><b id=\"docs-internal-guid-cebe3a1f-255b-6d22-4fcd-607407f2d46c\">3) Chế độ Bảo h&agrave;nh Số 1 : &nbsp;L&agrave; c&ocirc;ng ty ph&acirc;n phối c&aacute;c sản phẩm thiết bị studio ch&iacute;nh h&atilde;ng, RICKY đem đến cho người d&ugrave;ng chế độ bảo h&agrave;nh 2 năm 1 ĐỔI mới cho 2 m&atilde; sản phẩm AT250 v&agrave; MG-K300 ! </b></p>\n\n<p dir=\"ltr\"><b id=\"docs-internal-guid-cebe3a1f-255b-6d22-4fcd-607407f2d46c\">Fullbox ch&iacute;nh h&atilde;ng theo nh&agrave; sản xuất, AT250 bao gồm:</b></p>\n\n<ul>\n	<li dir=\"ltr\">\n	<p dir=\"ltr\"><b id=\"docs-internal-guid-cebe3a1f-255b-6d22-4fcd-607407f2d46c\">1 Th&acirc;n Micro</b></p>\n	</li>\n	<li dir=\"ltr\">\n	<p dir=\"ltr\"><b id=\"docs-internal-guid-cebe3a1f-255b-6d22-4fcd-607407f2d46c\">1 Shockmount.</b></p>\n	</li>\n	<li dir=\"ltr\">\n	<p dir=\"ltr\"><b id=\"docs-internal-guid-cebe3a1f-255b-6d22-4fcd-607407f2d46c\">1 B&ocirc;ng lọc &acirc;m</b></p>\n	</li>\n	<li dir=\"ltr\">\n	<p dir=\"ltr\"><b id=\"docs-internal-guid-cebe3a1f-255b-6d22-4fcd-607407f2d46c\">1 C&aacute;p XLR-3.5mm</b></p>\n	</li>\n	<li dir=\"ltr\">\n	<p dir=\"ltr\"><b id=\"docs-internal-guid-cebe3a1f-255b-6d22-4fcd-607407f2d46c\">1 Thẻ bảo h&agrave;nh ch&iacute;nh h&atilde;ng</b></p>\n	</li>\n</ul>\n\n<p dir=\"ltr\"><b id=\"docs-internal-guid-cebe3a1f-255b-6d22-4fcd-607407f2d46c\"><img height=\"348\" src=\"https://lh6.googleusercontent.com/Kahvf9C_oFRkeOhL3zBUOmvsp4M1B7JGIdd3Jky0gRffnQEqd_pb0yJ0qbUGbXD8-TykZn6V8RmvE_cX0UhQFTNPvNcegs2xE3qgz24UntND9WVgXp9bnnqS-oOSv2QZzG38G76T\" width=\"600\" /></b></p>\n\n<ul>\n	<li dir=\"ltr\">\n	<p dir=\"ltr\"><b id=\"docs-internal-guid-cebe3a1f-255b-6d22-4fcd-607407f2d46c\">Loại bỏ tạp &acirc;m tốt, &acirc;m thanh ch&acirc;n thực, trọn tiếng</b></p>\n	</li>\n</ul>\n\n<p dir=\"ltr\"><b id=\"docs-internal-guid-cebe3a1f-255b-6d22-4fcd-607407f2d46c\">Mặt kh&aacute;c, AT250 c&oacute; tần số đ&aacute;p ứng 20Hz-20kHz v&agrave; dải động 124dB - kh&aacute; rộng gi&uacute;p thu được tốt hơn những &acirc;m thanh ở xa. Điều n&agrave;y rất quan trọng khi thu &acirc;m những nhạc cụ c&oacute; &acirc;m lượng lớn như bass, trống, &hellip; v&agrave; cũng dễ d&agrave;ng hơn khi thu nhạc accoustic.</b></p>\n\n<p dir=\"ltr\"><b id=\"docs-internal-guid-cebe3a1f-255b-6d22-4fcd-607407f2d46c\"><img height=\"416\" src=\"https://lh3.googleusercontent.com/VWU1t1veXwcS8EF3FyyGr_eUOU8fWLOCcrg5ET1l3brKpphtVedqCvyVIZDVbpSpoGXKyn55r5BF4IyfucFFHn8AH4ylzcAnAJrKTpMqNOkv87p1JnZiHga9MfiPiCu22CShnDV9\" width=\"602\" /></b></p>\n\n<p dir=\"ltr\"><b id=\"docs-internal-guid-cebe3a1f-255b-6d22-4fcd-607407f2d46c\">V&ocirc; địch ph&acirc;n kh&uacute;c gi&aacute; rẻ dưới 1 triệu đồng - AT250</b></p>\n\n<p dir=\"ltr\"><b id=\"docs-internal-guid-cebe3a1f-255b-6d22-4fcd-607407f2d46c\">Ứng dụng:</b></p>\n\n<p dir=\"ltr\"><b id=\"docs-internal-guid-cebe3a1f-255b-6d22-4fcd-607407f2d46c\">AT250 ph&ugrave; hợp để ứng dụng trong Homestudio, c&oacute; thể thu &acirc;m giọng h&aacute;t một c&aacute;ch ch&acirc;n thực, ch&iacute;nh x&aacute;c, đa năng trong mọi hoạt động : Karaoke online, thu &acirc;m mix nhạc với đa dạng về thể loại &acirc;m nhạc : POP, RAP, Bolero, nhạc trẻ .</b></p>\n\n<p dir=\"ltr\"></p>\n\n<p dir=\"ltr\"><b>+) KH&Aacute;CH H&Agrave;NG NỘI TH&Agrave;NH:</b></p>\n\n<p dir=\"ltr\"><b id=\"docs-internal-guid-cebe3a1f-255b-6d22-4fcd-607407f2d46c\">&nbsp;&gt;&gt; Q&uacute;y kh&aacute;ch c&oacute; thể mua h&agrave;ng theo 2 c&aacute;ch :</b></p>\n\n<ul>\n	<li dir=\"ltr\">\n	<p dir=\"ltr\"><b id=\"docs-internal-guid-cebe3a1f-255b-6d22-4fcd-607407f2d46c\">Đến trực tiếp cửa h&agrave;ng của RICKY tại địa chỉ : 203 Đường Bờ S&ocirc;ng - Gần cầu Khỉ - Ho&agrave;ng Mai - H&agrave; Nội.</b></p>\n	</li>\n	<li dir=\"ltr\">\n	<p dir=\"ltr\"><b id=\"docs-internal-guid-cebe3a1f-255b-6d22-4fcd-607407f2d46c\">Nhận h&agrave;ng tại nh&agrave; ! Đặt h&agrave;ng nhanh qua WEB RICKY.VN !</b></p>\n	</li>\n	<li dir=\"ltr\">\n	<p dir=\"ltr\"><b id=\"docs-internal-guid-cebe3a1f-255b-6d22-4fcd-607407f2d46c\">Hotline đặt h&agrave;ng : 097.147.7007 - 04.22121.999</b></p>\n	</li>\n</ul>\n\n<p dir=\"ltr\"><b id=\"docs-internal-guid-cebe3a1f-255b-6d22-4fcd-607407f2d46c\">+) KH&Aacute;CH H&Agrave;NG NGOẠI TH&Agrave;NH:</b></p>\n\n<ul>\n	<li dir=\"ltr\">\n	<p dir=\"ltr\"><b id=\"docs-internal-guid-cebe3a1f-255b-6d22-4fcd-607407f2d46c\">Kh&aacute;ch h&agrave;ng ở xa ho&agrave;n to&agrave;n c&oacute; thể nhận h&agrave;ng tại nh&agrave;, thanh to&aacute;n tiền h&agrave;ng trực tiếp cho nh&acirc;n vi&ecirc;n giao h&agrave;ng.</b></p>\n	</li>\n	<li dir=\"ltr\">\n	<p dir=\"ltr\"><b id=\"docs-internal-guid-cebe3a1f-255b-6d22-4fcd-607407f2d46c\">Thời gian giao h&agrave;ng th&ocirc;ng thường từ 1-3 ng&agrave;y l&agrave;m việc.</b></p>\n	</li>\n	<li dir=\"ltr\">\n	<p dir=\"ltr\"><b id=\"docs-internal-guid-cebe3a1f-255b-6d22-4fcd-607407f2d46c\">RICKY MIỀN NAM địa chỉ tại : 704-S&ocirc;ng M&acirc;y-Trảng Bom-Đồng Nai( cho những kh&aacute;ch h&agrave;ng ở khu vực n&agrave;y )</b></p>\n	</li>\n	<li dir=\"ltr\">\n	<p dir=\"ltr\"><b id=\"docs-internal-guid-cebe3a1f-255b-6d22-4fcd-607407f2d46c\">Hotline đặt h&agrave;ng : 097.147.7007 - 04.22121.999</b></p>\n	</li>\n</ul>\n\n<p dir=\"ltr\"></p>\n\n<p dir=\"ltr\"><b id=\"docs-internal-guid-cebe3a1f-255b-6d22-4fcd-607407f2d46c\">+) Mọi sản phẩm được đổi trả miễn ph&iacute; trong v&ograve;ng 7 ng&agrave;y đầu với bất cứ lỗi n&agrave;o của nh&agrave; sản xuất.</b></p>\n\n<p dir=\"ltr\"><b id=\"docs-internal-guid-cebe3a1f-255b-6d22-4fcd-607407f2d46c\">+) Đổi mới sang sản phẩm mới MIỄN PH&Iacute; ( sản phẩm mới c&oacute; gi&aacute; trị lớn hơn hoặc tương tương sản phẩm đ&atilde; mua ) trong thời gian 1-3 ng&agrave;y đầu kể từ ng&agrave;y mua h&agrave;ng.</b></p>\n\n<p dir=\"ltr\"><b id=\"docs-internal-guid-cebe3a1f-255b-6d22-4fcd-607407f2d46c\">+) Mọi chi tiết li&ecirc;n hệ : 097.147.7007 - 04.22121.999</b></p>\n\n<p dir=\"ltr\"></p>\n\n<p dir=\"ltr\"><b id=\"docs-internal-guid-cebe3a1f-255b-6d22-4fcd-607407f2d46c\">BẢO H&Agrave;NH C&Ocirc;NG TY:</b></p>\n\n<p dir=\"ltr\"><b id=\"docs-internal-guid-cebe3a1f-255b-6d22-4fcd-607407f2d46c\">2 năm | 24 th&aacute;ng 1 đổi 1 CH&Iacute;NH H&Atilde;NG</b></p>\n\n<p dir=\"ltr\"><b id=\"docs-internal-guid-cebe3a1f-255b-6d22-4fcd-607407f2d46c\">RICKY MIỀN BẮC :</b></p>\n\n<p dir=\"ltr\"><b id=\"docs-internal-guid-cebe3a1f-255b-6d22-4fcd-607407f2d46c\">Add: 203-Bờ S&ocirc;ng Mới-Ho&agrave;ng Mai-H&agrave; Nội</b></p>\n\n<p dir=\"ltr\"><b id=\"docs-internal-guid-cebe3a1f-255b-6d22-4fcd-607407f2d46c\">RICKY MIỀN NAM:</b></p>\n\n<p dir=\"ltr\"><b id=\"docs-internal-guid-cebe3a1f-255b-6d22-4fcd-607407f2d46c\">Add: 704-S&ocirc;ng M&acirc;y-Trảng Bom-Đồng Nai</b></p>\n\n<p dir=\"ltr\"><b id=\"docs-internal-guid-cebe3a1f-255b-6d22-4fcd-607407f2d46c\">Hotline: 04.22121.999 - 097.147.7007</b></p>\n\n<p dir=\"ltr\"></p>\n\n<p dir=\"ltr\"><b id=\"docs-internal-guid-cebe3a1f-255b-6d22-4fcd-607407f2d46c\">CAM KẾT:</b></p>\n\n<p dir=\"ltr\"><b id=\"docs-internal-guid-cebe3a1f-255b-6d22-4fcd-607407f2d46c\">N&Oacute;I KH&Ocirc;NG VỚI H&Agrave;NG FAKE, X&Aacute;CH TAY, BẢO H&Agrave;NH &quot;MIỆNG&quot;, BỞI C&Aacute; NH&Acirc;N, L&Aacute;I BU&Ocirc;N.</b></p>\n\n<p></p>', 1, 0, 2, 1, 1, 2, 0, 1, 0, 1, 800000, 0, 'assets/uploads/images//logo.png', '', '1111111111', '11111111', '', 700, '2017-10-16 20:15:00', 0, 0, 0, 24, 1, '', 0, '', 3, '2017-10-16 20:22:50', 3, '2017-10-17 10:14:29'),
(2, 'Micro ISK AT250', 'micro-isk-at250', '', '<p><meta charset=\"utf-8\" /></p>\n\n<p dir=\"ltr\"><b id=\"docs-internal-guid-47e6635f-285a-e268-a195-64ad6fb6850e\">1) Kiểu d&aacute;ng trường tồn, sang trọng : Th&acirc;n trụ, vỏ 100% kim loại với 2 mầu sắc duy nhất đen v&agrave; bạc kh&ocirc;ng bao giờ bị lỗi thời.</b></p>\n\n<p dir=\"ltr\"><b id=\"docs-internal-guid-47e6635f-285a-e268-a195-64ad6fb6850e\"><img height=\"416\" src=\"https://lh4.googleusercontent.com/O9Sreww9cn6c5ggKW4wcXIuoOOf5ICRXk9QYIaNZ_nvgEJFk0TUDbQb4sqUZLyzjtrxP9Pz_CdjnAcENyNz6N3w8mI-Ymq-klKJTBd2ATzLUJKUR2eF-iXYKF2rKs3tSJVrYCa6O\" width=\"602\" />AT250 với 2 mầu sắc duy nhất : Black v&agrave; Sliver</b></p>\n\n<p dir=\"ltr\"><b id=\"docs-internal-guid-47e6635f-285a-e268-a195-64ad6fb6850e\">2) Chất &acirc;m ĐỈNH nhất trong tầm gi&aacute; : Với mức gi&aacute; chỉ 800.000đ bạn kh&oacute; c&oacute; thể t&igrave;m được 1 chiếc Micro n&agrave;o tr&ecirc;n thị trường c&oacute; mức chất &acirc;m tốt hơn, AT250 cho Vocal ấm, dầy v&agrave; s&aacute;ng đa năng với bất cứ thể loại nhạc n&agrave;o, sound card &acirc;m thanh cũng như dải tần n&agrave;o, kh&ocirc;ng mờ nhạt như 1 số Micro c&ugrave;ng thậm ch&iacute; hơn tầm gi&aacute;.</b></p>\n\n<p dir=\"ltr\"><b id=\"docs-internal-guid-47e6635f-285a-e268-a195-64ad6fb6850e\">3) Chế độ Bảo h&agrave;nh Số 1 : &nbsp;L&agrave; c&ocirc;ng ty ph&acirc;n phối c&aacute;c sản phẩm thiết bị studio ch&iacute;nh h&atilde;ng, RICKY đem đến cho người d&ugrave;ng chế độ bảo h&agrave;nh 2 năm 1 ĐỔI mới cho 2 m&atilde; sản phẩm AT250 v&agrave; MG-K300 ! </b></p>\n\n<p dir=\"ltr\"><b id=\"docs-internal-guid-47e6635f-285a-e268-a195-64ad6fb6850e\">Fullbox ch&iacute;nh h&atilde;ng theo nh&agrave; sản xuất, AT250 bao gồm:</b></p>\n\n<ul>\n	<li dir=\"ltr\">\n	<p dir=\"ltr\"><b id=\"docs-internal-guid-47e6635f-285a-e268-a195-64ad6fb6850e\">1 Th&acirc;n Micro</b></p>\n	</li>\n	<li dir=\"ltr\">\n	<p dir=\"ltr\"><b id=\"docs-internal-guid-47e6635f-285a-e268-a195-64ad6fb6850e\">1 Shockmount.</b></p>\n	</li>\n	<li dir=\"ltr\">\n	<p dir=\"ltr\"><b id=\"docs-internal-guid-47e6635f-285a-e268-a195-64ad6fb6850e\">1 B&ocirc;ng lọc &acirc;m</b></p>\n	</li>\n	<li dir=\"ltr\">\n	<p dir=\"ltr\"><b id=\"docs-internal-guid-47e6635f-285a-e268-a195-64ad6fb6850e\">1 C&aacute;p XLR-3.5mm</b></p>\n	</li>\n	<li dir=\"ltr\">\n	<p dir=\"ltr\"><b id=\"docs-internal-guid-47e6635f-285a-e268-a195-64ad6fb6850e\">1 Thẻ bảo h&agrave;nh ch&iacute;nh h&atilde;ng</b></p>\n	</li>\n</ul>\n\n<p dir=\"ltr\"><b id=\"docs-internal-guid-47e6635f-285a-e268-a195-64ad6fb6850e\"><img height=\"348\" src=\"https://lh3.googleusercontent.com/kSZL3uMPToiTE3rghkmNhqKn4asVxvJykGdwgSMXw3GgtSOxK9tMiImzadvruqqOMzh-et6JfYANeTP78F1OUVSZxQ83svGL1MLRGv9WgEXBg0uyWFcC7b8fDahvTuHiDd5X_AdI\" width=\"600\" /></b></p>\n\n<ul>\n	<li dir=\"ltr\">\n	<p dir=\"ltr\"><b id=\"docs-internal-guid-47e6635f-285a-e268-a195-64ad6fb6850e\">Loại bỏ tạp &acirc;m tốt, &acirc;m thanh ch&acirc;n thực, trọn tiếng</b></p>\n	</li>\n</ul>\n\n<p dir=\"ltr\"><b id=\"docs-internal-guid-47e6635f-285a-e268-a195-64ad6fb6850e\">Mặt kh&aacute;c, AT250 c&oacute; tần số đ&aacute;p ứng 20Hz-20kHz v&agrave; dải động 124dB - kh&aacute; rộng gi&uacute;p thu được tốt hơn những &acirc;m thanh ở xa. Điều n&agrave;y rất quan trọng khi thu &acirc;m những nhạc cụ c&oacute; &acirc;m lượng lớn như bass, trống, &hellip; v&agrave; cũng dễ d&agrave;ng hơn khi thu nhạc accoustic.</b></p>\n\n<p dir=\"ltr\"><b id=\"docs-internal-guid-47e6635f-285a-e268-a195-64ad6fb6850e\"><img height=\"416\" src=\"https://lh4.googleusercontent.com/kypyQFloxc1oP1ePHPc_Ii8kQpiOTXqoj0t3OlmMSbbuNAZB7E55g7b68XYvpVtK5Zi_5rO8VUVnrgXBm6wikQ223uVpp-spihNEHRnRvliyKSTKNSwdFFvwCZHJEAncy9V-IwCc\" width=\"602\" /></b></p>\n\n<p dir=\"ltr\"><b id=\"docs-internal-guid-47e6635f-285a-e268-a195-64ad6fb6850e\">V&ocirc; địch ph&acirc;n kh&uacute;c gi&aacute; rẻ dưới 1 triệu đồng - AT250</b></p>\n\n<p dir=\"ltr\"><b id=\"docs-internal-guid-47e6635f-285a-e268-a195-64ad6fb6850e\">Ứng dụng:</b></p>\n\n<p dir=\"ltr\"><b id=\"docs-internal-guid-47e6635f-285a-e268-a195-64ad6fb6850e\">AT250 ph&ugrave; hợp để ứng dụng trong Homestudio, c&oacute; thể thu &acirc;m giọng h&aacute;t một c&aacute;ch ch&acirc;n thực, ch&iacute;nh x&aacute;c, đa năng trong mọi hoạt động : Karaoke online, thu &acirc;m mix nhạc với đa dạng về thể loại &acirc;m nhạc : POP, RAP, Bolero, nhạc trẻ .</b></p>\n\n<p dir=\"ltr\"></p>\n\n<p dir=\"ltr\"><b id=\"docs-internal-guid-47e6635f-285a-e268-a195-64ad6fb6850e\">+) KH&Aacute;CH H&Agrave;NG NỘI TH&Agrave;NH:</b></p>\n\n<p dir=\"ltr\"><b id=\"docs-internal-guid-47e6635f-285a-e268-a195-64ad6fb6850e\">&nbsp;&gt;&gt; Q&uacute;y kh&aacute;ch c&oacute; thể mua h&agrave;ng theo 2 c&aacute;ch :</b></p>\n\n<ul>\n	<li dir=\"ltr\">\n	<p dir=\"ltr\"><b id=\"docs-internal-guid-47e6635f-285a-e268-a195-64ad6fb6850e\">Đến trực tiếp cửa h&agrave;ng của RICKY tại địa chỉ : 203 Đường Bờ S&ocirc;ng - Gần cầu Khỉ - Ho&agrave;ng Mai - H&agrave; Nội.</b></p>\n	</li>\n	<li dir=\"ltr\">\n	<p dir=\"ltr\"><b id=\"docs-internal-guid-47e6635f-285a-e268-a195-64ad6fb6850e\">Nhận h&agrave;ng tại nh&agrave; ! Đặt h&agrave;ng nhanh qua WEB RICKY.VN !</b></p>\n	</li>\n	<li dir=\"ltr\">\n	<p dir=\"ltr\"><b id=\"docs-internal-guid-47e6635f-285a-e268-a195-64ad6fb6850e\">Hotline đặt h&agrave;ng : 097.147.7007 - 04.22121.999</b></p>\n	</li>\n</ul>\n\n<p dir=\"ltr\"><b id=\"docs-internal-guid-47e6635f-285a-e268-a195-64ad6fb6850e\">+) KH&Aacute;CH H&Agrave;NG NGOẠI TH&Agrave;NH:</b></p>\n\n<ul>\n	<li dir=\"ltr\">\n	<p dir=\"ltr\"><b id=\"docs-internal-guid-47e6635f-285a-e268-a195-64ad6fb6850e\">Kh&aacute;ch h&agrave;ng ở xa ho&agrave;n to&agrave;n c&oacute; thể nhận h&agrave;ng tại nh&agrave;, thanh to&aacute;n tiền h&agrave;ng trực tiếp cho nh&acirc;n vi&ecirc;n giao h&agrave;ng.</b></p>\n	</li>\n	<li dir=\"ltr\">\n	<p dir=\"ltr\"><b id=\"docs-internal-guid-47e6635f-285a-e268-a195-64ad6fb6850e\">Thời gian giao h&agrave;ng th&ocirc;ng thường từ 1-3 ng&agrave;y l&agrave;m việc.</b></p>\n	</li>\n	<li dir=\"ltr\">\n	<p dir=\"ltr\"><b id=\"docs-internal-guid-47e6635f-285a-e268-a195-64ad6fb6850e\">RICKY MIỀN NAM địa chỉ tại : 704-S&ocirc;ng M&acirc;y-Trảng Bom-Đồng Nai( cho những kh&aacute;ch h&agrave;ng ở khu vực n&agrave;y )</b></p>\n	</li>\n	<li dir=\"ltr\">\n	<p dir=\"ltr\"><b id=\"docs-internal-guid-47e6635f-285a-e268-a195-64ad6fb6850e\">Hotline đặt h&agrave;ng : 097.147.7007 - 04.22121.999</b></p>\n	</li>\n</ul>\n\n<p dir=\"ltr\"></p>\n\n<p dir=\"ltr\"><b id=\"docs-internal-guid-47e6635f-285a-e268-a195-64ad6fb6850e\">+) Mọi sản phẩm được đổi trả miễn ph&iacute; trong v&ograve;ng 7 ng&agrave;y đầu với bất cứ lỗi n&agrave;o của nh&agrave; sản xuất.</b></p>\n\n<p dir=\"ltr\"><b id=\"docs-internal-guid-47e6635f-285a-e268-a195-64ad6fb6850e\">+) Đổi mới sang sản phẩm mới MIỄN PH&Iacute; ( sản phẩm mới c&oacute; gi&aacute; trị lớn hơn hoặc tương tương sản phẩm đ&atilde; mua ) trong thời gian 1-3 ng&agrave;y đầu kể từ ng&agrave;y mua h&agrave;ng.</b></p>\n\n<p dir=\"ltr\"><b id=\"docs-internal-guid-47e6635f-285a-e268-a195-64ad6fb6850e\">+) Mọi chi tiết li&ecirc;n hệ : 097.147.7007 - 04.22121.999</b></p>\n\n<p dir=\"ltr\"></p>\n\n<p dir=\"ltr\"><b id=\"docs-internal-guid-47e6635f-285a-e268-a195-64ad6fb6850e\">BẢO H&Agrave;NH C&Ocirc;NG TY:</b></p>\n\n<p dir=\"ltr\"><b id=\"docs-internal-guid-47e6635f-285a-e268-a195-64ad6fb6850e\">2 năm | 24 th&aacute;ng 1 đổi 1 CH&Iacute;NH H&Atilde;NG</b></p>\n\n<p dir=\"ltr\"><b id=\"docs-internal-guid-47e6635f-285a-e268-a195-64ad6fb6850e\">RICKY MIỀN BẮC :</b></p>\n\n<p dir=\"ltr\"><b id=\"docs-internal-guid-47e6635f-285a-e268-a195-64ad6fb6850e\">Add: 203-Bờ S&ocirc;ng Mới-Ho&agrave;ng Mai-H&agrave; Nội</b></p>\n\n<p dir=\"ltr\"><b id=\"docs-internal-guid-47e6635f-285a-e268-a195-64ad6fb6850e\">RICKY MIỀN NAM:</b></p>\n\n<p dir=\"ltr\"><b id=\"docs-internal-guid-47e6635f-285a-e268-a195-64ad6fb6850e\">Add: 704-S&ocirc;ng M&acirc;y-Trảng Bom-Đồng Nai</b></p>\n\n<p dir=\"ltr\"><b id=\"docs-internal-guid-47e6635f-285a-e268-a195-64ad6fb6850e\">Hotline: 04.22121.999 - 097.147.7007</b></p>\n\n<p dir=\"ltr\"><b id=\"docs-internal-guid-47e6635f-285a-e268-a195-64ad6fb6850e\">CAM KẾT:</b></p>\n\n<p dir=\"ltr\"><b id=\"docs-internal-guid-47e6635f-285a-e268-a195-64ad6fb6850e\">N&Oacute;I KH&Ocirc;NG VỚI H&Agrave;NG FAKE, X&Aacute;CH TAY, BẢO H&Agrave;NH &quot;MIỆNG&quot;, BỞI C&Aacute; NH&Acirc;N, L&Aacute;I BU&Ocirc;N.</b></p>\n\n<p></p>', 1, 0, 1, 1, 1, 2, 0, 1, 0, 1, 800000, 0, '/isk-at250-1-59e5772268c2f.jpg', '', '12345678', '12345678', '', 180, '2017-10-17 10:15:00', 0, 0, 0, 0, 1, '', 0, '', 3, '2017-10-17 10:25:37', 3, '2017-10-17 10:38:18'),
(3, 'ISK AT250', 'micro-isk-at250', '<p></p>', '<p>&lt;meta charset=\"utf-8\" /&gt;</p>\n\n<p dir=\"ltr\"><b id=\"docs-internal-guid-47e6635f-2868-d984-a793-37dccb905984\">&lt;input checked=\"checked\" name=\"ADSÂD\" required=\"required\" type=\"radio\" value=\"23232\" /&gt;1) Kiểu dáng trường tồn, sang trọng : Thân trụ, vỏ 100% kim loại với 2 mầu sắc duy nhất đen và bạc không bao giờ bị lỗi thời.</b></p>\n\n<p dir=\"ltr\"><b id=\"docs-internal-guid-47e6635f-2868-d984-a793-37dccb905984\"><img height=\"416\" src=\"https://lh4.googleusercontent.com/O9Sreww9cn6c5ggKW4wcXIuoOOf5ICRXk9QYIaNZ_nvgEJFk0TUDbQb4sqUZLyzjtrxP9Pz_CdjnAcENyNz6N3w8mI-Ymq-klKJTBd2ATzLUJKUR2eF-iXYKF2rKs3tSJVrYCa6O\" width=\"602\">AT250 với 2 mầu sắc duy nhất : Black và Sliver</b></p>\n\n<p dir=\"ltr\"><b id=\"docs-internal-guid-47e6635f-2868-d984-a793-37dccb905984\">2) Chất âm ĐỈNH nhất trong tầm giá : Với mức giá chỉ 800.000đ bạn khó có thể tìm được 1 chiếc Micro nào trên thị trường có mức chất âm tốt hơn, AT250 cho Vocal ấm, dầy và sáng đa năng với bất cứ thể loại nhạc nào, sound card âm thanh cũng như dải tần nào, không mờ nhạt như 1 số Micro cùng thậm chí hơn tầm giá.</b></p>\n\n<p dir=\"ltr\"><b id=\"docs-internal-guid-47e6635f-2868-d984-a793-37dccb905984\">3) Chế độ Bảo hành Số 1 :  Là công ty phân phối các sản phẩm thiết bị studio chính hãng, RICKY đem đến cho người dùng chế độ bảo hành 2 năm 1 ĐỔI mới cho 2 mã sản phẩm AT250 và MG-K300 ! </b></p>\n\n<p dir=\"ltr\"><b id=\"docs-internal-guid-47e6635f-2868-d984-a793-37dccb905984\">Fullbox chính hãng theo nhà sản xuất, AT250 bao gồm:</b></p>\n\n<ul>\n <li dir=\"ltr\">\n <p dir=\"ltr\"><b id=\"docs-internal-guid-47e6635f-2868-d984-a793-37dccb905984\">1 Thân Micro</b></p>\n </li>\n <li dir=\"ltr\">\n <p dir=\"ltr\"><b id=\"docs-internal-guid-47e6635f-2868-d984-a793-37dccb905984\">1 Shockmount.</b></p>\n </li>\n <li dir=\"ltr\">\n <p dir=\"ltr\"><b id=\"docs-internal-guid-47e6635f-2868-d984-a793-37dccb905984\">1 Bông lọc âm</b></p>\n </li>\n <li dir=\"ltr\">\n <p dir=\"ltr\"><b id=\"docs-internal-guid-47e6635f-2868-d984-a793-37dccb905984\">1 Cáp XLR-3.5mm</b></p>\n </li>\n <li dir=\"ltr\">\n <p dir=\"ltr\"><b id=\"docs-internal-guid-47e6635f-2868-d984-a793-37dccb905984\">1 Thẻ bảo hành chính hãng</b></p>\n </li>\n</ul>\n\n<p dir=\"ltr\"><b id=\"docs-internal-guid-47e6635f-2868-d984-a793-37dccb905984\"><img height=\"348\" src=\"https://lh3.googleusercontent.com/kSZL3uMPToiTE3rghkmNhqKn4asVxvJykGdwgSMXw3GgtSOxK9tMiImzadvruqqOMzh-et6JfYANeTP78F1OUVSZxQ83svGL1MLRGv9WgEXBg0uyWFcC7b8fDahvTuHiDd5X_AdI\" width=\"600\"></b></p>\n\n<ul>\n <li dir=\"ltr\">\n <p dir=\"ltr\"><b id=\"docs-internal-guid-47e6635f-2868-d984-a793-37dccb905984\">Loại bỏ tạp âm tốt, âm thanh chân thực, trọn tiếng</b></p>\n </li>\n</ul>\n\n<p dir=\"ltr\"><b id=\"docs-internal-guid-47e6635f-2868-d984-a793-37dccb905984\">Mặt khác, AT250 có tần số đáp ứng 20Hz-20kHz và dải động 124dB - khá rộng giúp thu được tốt hơn những âm thanh ở xa. Điều này rất quan trọng khi thu âm những nhạc cụ có âm lượng lớn như bass, trống, … và cũng dễ dàng hơn khi thu nhạc accoustic.</b></p>\n\n<p dir=\"ltr\"><b id=\"docs-internal-guid-47e6635f-2868-d984-a793-37dccb905984\"><img height=\"416\" src=\"https://lh4.googleusercontent.com/kypyQFloxc1oP1ePHPc_Ii8kQpiOTXqoj0t3OlmMSbbuNAZB7E55g7b68XYvpVtK5Zi_5rO8VUVnrgXBm6wikQ223uVpp-spihNEHRnRvliyKSTKNSwdFFvwCZHJEAncy9V-IwCc\" width=\"602\"></b></p>\n\n<p dir=\"ltr\"><b id=\"docs-internal-guid-47e6635f-2868-d984-a793-37dccb905984\">Vô địch phân khúc giá rẻ dưới 1 triệu đồng - AT250</b></p>\n\n<p dir=\"ltr\"><b id=\"docs-internal-guid-47e6635f-2868-d984-a793-37dccb905984\">Ứng dụng:</b></p>\n\n<p dir=\"ltr\"><b id=\"docs-internal-guid-47e6635f-2868-d984-a793-37dccb905984\">AT250 phù hợp để ứng dụng trong Homestudio, có thể thu âm giọng hát một cách chân thực, chính xác, đa năng trong mọi hoạt động : Karaoke online, thu âm mix nhạc với đa dạng về thể loại âm nhạc : POP, RAP, Bolero, nhạc trẻ .</b></p>\n\n<p dir=\"ltr\"><b id=\"docs-internal-guid-47e6635f-2868-d984-a793-37dccb905984\">####</b></p>\n\n<p dir=\"ltr\"><b id=\"docs-internal-guid-47e6635f-2868-d984-a793-37dccb905984\">+) KHÁCH HÀNG NỘI THÀNH:</b></p>\n\n<p dir=\"ltr\"><b id=\"docs-internal-guid-47e6635f-2868-d984-a793-37dccb905984\"> >> Qúy khách có thể mua hàng theo 2 cách :</b></p>\n\n<ul>\n <li dir=\"ltr\">\n <p dir=\"ltr\"><b id=\"docs-internal-guid-47e6635f-2868-d984-a793-37dccb905984\">Đến trực tiếp cửa hàng của RICKY tại địa chỉ : 203 Đường Bờ Sông - Gần cầu Khỉ - Hoàng Mai - Hà Nội.</b></p>\n </li>\n <li dir=\"ltr\">\n <p dir=\"ltr\"><b id=\"docs-internal-guid-47e6635f-2868-d984-a793-37dccb905984\">Nhận hàng tại nhà ! Đặt hàng nhanh qua WEB RICKY.VN !</b></p>\n </li>\n <li dir=\"ltr\">\n <p dir=\"ltr\"><b id=\"docs-internal-guid-47e6635f-2868-d984-a793-37dccb905984\">Hotline đặt hàng : 097.147.7007 - 04.22121.999</b></p>\n </li>\n</ul>\n\n<p dir=\"ltr\"><b id=\"docs-internal-guid-47e6635f-2868-d984-a793-37dccb905984\">+) KHÁCH HÀNG NGOẠI THÀNH:</b></p>\n\n<ul>\n <li dir=\"ltr\">\n <p dir=\"ltr\"><b id=\"docs-internal-guid-47e6635f-2868-d984-a793-37dccb905984\">Khách hàng ở xa hoàn toàn có thể nhận hàng tại nhà, thanh toán tiền hàng trực tiếp cho nhân viên giao hàng.</b></p>\n </li>\n <li dir=\"ltr\">\n <p dir=\"ltr\"><b id=\"docs-internal-guid-47e6635f-2868-d984-a793-37dccb905984\">Thời gian giao hàng thông thường từ 1-3 ngày làm việc.</b></p>\n </li>\n <li dir=\"ltr\">\n <p dir=\"ltr\"><b id=\"docs-internal-guid-47e6635f-2868-d984-a793-37dccb905984\">RICKY MIỀN NAM địa chỉ tại : 704-Sông Mây-Trảng Bom-Đồng Nai( cho những khách hàng ở khu vực này )</b></p>\n </li>\n <li dir=\"ltr\">\n <p dir=\"ltr\"><b id=\"docs-internal-guid-47e6635f-2868-d984-a793-37dccb905984\">Hotline đặt hàng : 097.147.7007 - 04.22121.999</b></p>\n </li>\n</ul>\n\n<p dir=\"ltr\"><b id=\"docs-internal-guid-47e6635f-2868-d984-a793-37dccb905984\">####</b></p>\n\n<p dir=\"ltr\"><b id=\"docs-internal-guid-47e6635f-2868-d984-a793-37dccb905984\">+) Mọi sản phẩm được đổi trả miễn phí trong vòng 7 ngày đầu với bất cứ lỗi nào của nhà sản xuất.</b></p>\n\n<p dir=\"ltr\"><b id=\"docs-internal-guid-47e6635f-2868-d984-a793-37dccb905984\">+) Đổi mới sang sản phẩm mới MIỄN PHÍ ( sản phẩm mới có giá trị lớn hơn hoặc tương tương sản phẩm đã mua ) trong thời gian 1-3 ngày đầu kể từ ngày mua hàng.</b></p>\n\n<p dir=\"ltr\"><b id=\"docs-internal-guid-47e6635f-2868-d984-a793-37dccb905984\">+) Mọi chi tiết liên hệ : 097.147.7007 - 04.22121.999</b></p>\n\n<p dir=\"ltr\"><b id=\"docs-internal-guid-47e6635f-2868-d984-a793-37dccb905984\">####</b></p>\n\n<p dir=\"ltr\"><b id=\"docs-internal-guid-47e6635f-2868-d984-a793-37dccb905984\">BẢO HÀNH CÔNG TY:</b></p>\n\n<p dir=\"ltr\"><b id=\"docs-internal-guid-47e6635f-2868-d984-a793-37dccb905984\">2 năm | 24 tháng 1 đổi 1 CHÍNH HÃNG</b></p>\n\n<p dir=\"ltr\"><b id=\"docs-internal-guid-47e6635f-2868-d984-a793-37dccb905984\">RICKY MIỀN BẮC :</b></p>\n\n<p dir=\"ltr\"><b id=\"docs-internal-guid-47e6635f-2868-d984-a793-37dccb905984\">Add: 203-Bờ Sông Mới-Hoàng Mai-Hà Nội</b></p>\n\n<p dir=\"ltr\"><b id=\"docs-internal-guid-47e6635f-2868-d984-a793-37dccb905984\">RICKY MIỀN NAM:</b></p>\n\n<p dir=\"ltr\"><b id=\"docs-internal-guid-47e6635f-2868-d984-a793-37dccb905984\">Add: 704-Sông Mây-Trảng Bom-Đồng Nai</b></p>\n\n<p dir=\"ltr\"><b id=\"docs-internal-guid-47e6635f-2868-d984-a793-37dccb905984\">Hotline: 04.22121.999 - 097.147.7007</b></p>\n\n<p dir=\"ltr\"><b id=\"docs-internal-guid-47e6635f-2868-d984-a793-37dccb905984\">####</b></p>\n\n<p dir=\"ltr\"><b id=\"docs-internal-guid-47e6635f-2868-d984-a793-37dccb905984\">CAM KẾT:</b></p>\n\n<p dir=\"ltr\"><b id=\"docs-internal-guid-47e6635f-2868-d984-a793-37dccb905984\">NÓI KHÔNG VỚI HÀNG FAKE, XÁCH TAY, BẢO HÀNH \"MIỆNG\", BỞI CÁ NHÂN, LÁI BUÔN.</b></p>\n\n<p></p>', 1, 2, 2, 1, 1, 2, 0, 0, 0, 1, 800000, 900, '/isk-at250-59e5772105cec.jpg', '', '110170100', 'MC-AT250-SW', '', 750, '2017-10-17 10:30:00', 0, 0, 0, 24, 1, '[\"https://www.youtube.com/watch?v=BqxOIuO80XY\",\"https://www.youtube.com/watch?v=uujVQIkuv7U&t=15s\",\"https://www.youtube.com/watch?v=TAjHSU5ifpk\",\"https://www.youtube.com/watch?v=BqxOIuO80XY&t=66s\",\"https://www.youtube.com/watch?v=4X3LUeIKKLA\",\"https://www.youtube.com/watch?v=TAjHSU5ifpk\"]', 2, '', 3, '2017-10-17 10:42:37', 11, '2018-06-11 17:55:33'),
(4, 'Tesst', 'tesst', '', '<p></p>', 1, 0, 1, 1, 1, 2, 0, 1, 0, 1, 0, 0, '/isk-at250-1-59e5772268c2f.jpg', '', '1', '1', '', 1, '2017-10-17 10:45:00', 0, 0, 0, 1, 1, '', 0, '', 3, '2017-10-17 10:47:48', NULL, NULL),
(5, 'Micro Audio Technica AT2020', 'micro-audio-technica-at2020', '', '<p><meta charset=\"utf-8\" /><b id=\"docs-internal-guid-76c07f90-2874-29f6-02c1-c3816da68e9e\">Audio Technica AT2020| &ldquo;M&atilde;nh th&uacute;&rdquo; đồng h&agrave;nh với thời gian<br />\n<br />\nTh&ocirc;ng số sản phẩm</b></p>\n\n<p><br />\n<br />\n<b>M&agrave;u: Đen<br />\nTần số đ&aacute;p ứng: 20Hz-20kHz<br />\nĐộ nhạy:-37dB (0dB = 1V/Pa tại 1kHz)<br />\nTrở kh&aacute;ng đầu ra: 100 ohms<br />\nĐiện trở tải: &ge;1000&Omega;<br />\nTiếng ồn: 20dB<br />\nMức &aacute;p lực &acirc;m thanh đầu v&agrave;o tối đa: 144 dB (tại 1KHz &le; 1% T.H.D)<br />\nDải động: 74 dB, 1 kHz tại 1 Pa<br />\nK&iacute;ch thước : 52mm x 162mm ( chiều rộng x chiều d&agrave;i)<br />\nTrọng lượng: 345 g<br />\n<img alt=\"\" src=\"/assets/uploads/images/1-59e57e98d7384.jpg\" style=\"width: 737px; height: 510px;\" /><br />\nThuộc h&agrave;ng ngũ micro ph&ograve;ng thu chuy&ecirc;n nghiệp, AT2020 hiện đang l&agrave; d&ograve;ng mic được đ&aacute;nh gi&aacute; rất cao tr&ecirc;n thị trường v&igrave; những l&iacute; do sau đ&acirc;y:<br />\n<br />\n&Acirc;m thu d&agrave;y dặn, si&ecirc;u ch&acirc;n thực<br />\n<br />\n<br />\nV&igrave; thuộc nh&oacute;m micro thu &acirc;m - d&ograve;ng mic đc y&ecirc;u cầu cao về &acirc;m thanh ch&acirc;n thực - n&ecirc;n &acirc;m thu của AT2020 xứng đ&aacute;ng đạt điểm 10 về độ ch&iacute;nh x&aacute;c, nghe kh&ocirc;ng kh&aacute;c g&igrave; &acirc;m thanh gốc b&ecirc;n ngo&agrave;i, thay v&igrave; c&oacute; một ch&uacute;t bộ phận l&agrave;m ấm, mượt giọng như những d&ograve;ng mic h&aacute;t LIVE, karaoke như K200, U55,..v.v..<br />\n<br />\n<br />\n<br />\nH&igrave;nh ảnh thực tế: Micro Audio Technica AT2020</b></p>\n\n<p><b><img alt=\"\" src=\"/assets/uploads/images/ehrling---palm-trees-(vlog-no-copyright-music)_00_00_27_15_still002-59e57eee69f5f.jpg\" style=\"width: 750px; height: 422px;\" /><br />\n<br />\n<br />\n<br />\nKhả năng loại bỏ tạp &acirc;m tốt<br />\n<br />\n<br />\nAT2020 thuộc d&ograve;ng mic condenser với đầu thu tập trung ở ph&iacute;a trước gi&uacute;p loại bỏ được phần lớn tạp &acirc;m từ ph&iacute;a sau v&agrave; 2 b&ecirc;n - m&agrave; vẫn rất nhạy v&agrave; thu được trọn vẹn &acirc;m thanh, kh&ocirc;ng bị b&iacute; &acirc;m.<br />\n<br />\n<br />\n<br />\nFullbox Micro Technica AT2020</b></p>\n\n<p><b><img alt=\"\" src=\"/assets/uploads/images/ad-59e57eb7a7e06.jpg\" style=\"width: 750px; height: 510px;\" /><br />\n<br />\n<br />\n<br />\nChất lượng đẹp, bền l&acirc;u</b></p>\n\n<p><b><img alt=\"\" src=\"/assets/uploads/images/ehrling---palm-trees-(vlog-no-copyright-music)_00_00_29_27_still001-59e57f2160115.jpg\" style=\"width: 750px; height: 422px;\" /><br />\n<br />\n<br />\nMic rất bền, cầm rất chắc tay, c&oacute; thể sử dụng được kh&aacute; l&acirc;u m&agrave; kh&ocirc;ng bị hoen ố hay ảnh hưởng đến &acirc;m thanh<br />\n<br />\n<br />\n<br />\nThiết kế đơn giản, tao nh&atilde;</b></p>\n\n<p><img alt=\"\" src=\"/assets/uploads/images/ehrling---palm-trees-(vlog-no-copyright-music)_00_00_45_24_still006-59e57f239ace5.jpg\" style=\"width: 750px; height: 422px;\" /><br />\n<br />\n<b>Kiểu d&aacute;ng giản dị m&agrave; chắc chắn của AT2020 chắc chắn sẽ rất ph&ugrave; hợp với h&igrave;nh ảnh của một ph&ograve;ng thu chuy&ecirc;n nghiệp.<br />\n<br />\n<br />\n<br />\nỨng dụng:<br />\n<br />\nAT2020 ph&ugrave; hợp để ứng dụng trong m&ocirc;i trường STUDIO CHUY&Ecirc;N NGHIỆP, c&oacute; thể thu &acirc;m được tốt từ c&aacute;c loại nhạc cụ c&oacute; tầm &acirc;m cao/thấp như organ, guitar hay cajon,... đến những nhạc cụ c&oacute; &acirc;m lượng lớn như piano, bass, trống,... hay giọng h&aacute;t một c&aacute;ch ch&acirc;n thực, ch&iacute;nh x&aacute;c m&agrave; vẫn giữ được chất ri&ecirc;ng của từng loại &acirc;m.<br />\n<br />\n&gt;&gt;&gt; Nếu như bạn c&oacute; đam m&ecirc; với việc thu &acirc;m v&agrave; SẴN S&Agrave;NG ĐẦU TƯ NGHI&Ecirc;M T&Uacute;C, L&Acirc;U D&Agrave;I th&igrave; micro Audio Technica AT2020 ch&iacute;nh l&agrave; chiếc micro m&agrave; bạn n&ecirc;n để mắt đến, t&igrave;m hiểu. Audio Technica AT2020 l&agrave; d&ograve;ng micro cao cấp chuy&ecirc;n d&agrave;nh cho thu &acirc;m, chắc chắn sẽ kh&ocirc;ng khiến c&aacute;c bạn thất vọng với &acirc;m thu v&agrave;o THẬT, TRỌN TIẾNG v&agrave; Đ&Uacute;NG CHẤT &Acirc;M.<br />\n<br />\nFullbox ch&iacute;nh h&atilde;ng theo nh&agrave; sản xuất của AT2020 bao gồm:<br />\n<br />\n1 Th&acirc;n Micro ( Đen )<br />\n1 G&aacute; Micro.<br />\n1 S&aacute;ch của h&atilde;ng<br />\n1 T&uacute;i da bọc Micro.<br />\n<br />\n<br />\n<br />\n<br />\n####<br />\n<br />\n+) KH&Aacute;CH H&Agrave;NG NỘI TH&Agrave;NH:<br />\n<br />\n&nbsp;&gt;&gt; Q&uacute;y kh&aacute;ch c&oacute; thể mua h&agrave;ng theo 2 c&aacute;ch :<br />\n<br />\nĐến trực tiếp cửa h&agrave;ng của RICKY tại địa chỉ : 203 Đường Bờ S&ocirc;ng - Gần cầu Khỉ - Ho&agrave;ng Mai - H&agrave; Nội.<br />\nNhận h&agrave;ng tại nh&agrave; ! Đặt h&agrave;ng nhanh qua WEB RICKY.VN !<br />\nHotline đặt h&agrave;ng : 097.147.7007 - 04.22121.999<br />\n+) KH&Aacute;CH H&Agrave;NG NGOẠI TH&Agrave;NH:<br />\n<br />\nKh&aacute;ch h&agrave;ng ở xa ho&agrave;n to&agrave;n c&oacute; thể nhận h&agrave;ng tại nh&agrave;, thanh to&aacute;n tiền h&agrave;ng trực tiếp cho nh&acirc;n vi&ecirc;n giao h&agrave;ng.<br />\nThời gian giao h&agrave;ng th&ocirc;ng thường từ 1-3 ng&agrave;y l&agrave;m việc.<br />\nRICKY MIỀN NAM địa chỉ tại : 704-S&ocirc;ng M&acirc;y-Trảng Bom-Đồng Nai( cho những kh&aacute;ch h&agrave;ng ở khu vực n&agrave;y )<br />\nHotline đặt h&agrave;ng : 097.147.7007 - 04.22121.999<br />\n####<br />\n<br />\n+) Mọi sản phẩm được đổi trả miễn ph&iacute; trong v&ograve;ng 7 ng&agrave;y đầu với bất cứ lỗi n&agrave;o của nh&agrave; sản xuất.<br />\n<br />\n+) Đổi mới sang sản phẩm mới MIỄN PH&Iacute; ( sản phẩm mới c&oacute; gi&aacute; trị lớn hơn hoặc tương tương sản phẩm đ&atilde; mua ) trong thời gian 1-3 ng&agrave;y đầu kể từ ng&agrave;y mua h&agrave;ng.<br />\n<br />\n+) Mọi chi tiết li&ecirc;n hệ : 097.147.7007 - 04.22121.999<br />\n<br />\n####<br />\n<br />\nBẢO H&Agrave;NH C&Ocirc;NG TY:<br />\n<br />\n1 năm | 12 th&aacute;ng 1 đổi 1 CH&Iacute;NH H&Atilde;NG<br />\n<br />\nRICKY MIỀN BẮC :<br />\n<br />\nAdd: 203-Bờ S&ocirc;ng Mới-Ho&agrave;ng Mai-H&agrave; Nội<br />\n<br />\nRICKY MIỀN NAM:<br />\n<br />\nAdd: 704-S&ocirc;ng M&acirc;y-Trảng Bom-Đồng Nai<br />\n<br />\nHotline: 04.22121.999 - 097.147.7007<br />\n<br />\n####<br />\n<br />\nCAM KẾT:<br />\n<br />\nN&Oacute;I KH&Ocirc;NG VỚI H&Agrave;NG FAKE, X&Aacute;CH TAY, BẢO H&Agrave;NH &quot;MIỆNG&quot;, BỞI C&Aacute; NH&Acirc;N, L&Aacute;I BU&Ocirc;N.</b><br />\n<br />\n&nbsp;</p>', 1, 0, 1, 1, 1, 2, 0, 1, 0, 1, 3500000, 0, '/ad-59e580e95a2d3.jpg', '', '2', '2', '', 1, '2017-10-17 10:45:00', 0, 0, 0, 0, 1, '', 0, '', 3, '2017-10-17 10:59:52', 3, '2017-10-17 11:03:02'),
(6, 'Audio Technica AT2020', 'micro-audio-technica-at2020-chinh-hang', '<p></p>', '<p><b id=\"docs-internal-guid-76c07f90-2874-29f6-02c1-c3816da68e9e\">Audio Technica AT2020| &ldquo;M&atilde;nh th&uacute;&rdquo; đồng h&agrave;nh với thời gian<br />\n<br />\nTh&ocirc;ng số sản phẩm</b></p>\n\n<p><br />\n<br />\n<b>M&agrave;u: Đen<br />\nTần số đ&aacute;p ứng: 20Hz-20kHz<br />\nĐộ nhạy:-37dB (0dB = 1V/Pa tại 1kHz)<br />\nTrở kh&aacute;ng đầu ra: 100 ohms<br />\nĐiện trở tải: &ge;1000&Omega;<br />\nTiếng ồn: 20dB<br />\nMức &aacute;p lực &acirc;m thanh đầu v&agrave;o tối đa: 144 dB (tại 1KHz &le; 1% T.H.D)<br />\nDải động: 74 dB, 1 kHz tại 1 Pa<br />\nK&iacute;ch thước : 52mm x 162mm ( chiều rộng x chiều d&agrave;i)<br />\nTrọng lượng: 345 g<br />\n<img alt=\"\" src=\"/assets/uploads/images/1-59e57e98d7384.jpg\" /><br />\nThuộc h&agrave;ng ngũ micro ph&ograve;ng thu chuy&ecirc;n nghiệp, AT2020 hiện đang l&agrave; d&ograve;ng mic được đ&aacute;nh gi&aacute; rất cao tr&ecirc;n thị trường v&igrave; những l&iacute; do sau đ&acirc;y:<br />\n<br />\n&Acirc;m thu d&agrave;y dặn, si&ecirc;u ch&acirc;n thực<br />\n<br />\n<br />\nV&igrave; thuộc nh&oacute;m micro thu &acirc;m - d&ograve;ng mic đc y&ecirc;u cầu cao về &acirc;m thanh ch&acirc;n thực - n&ecirc;n &acirc;m thu của AT2020 xứng đ&aacute;ng đạt điểm 10 về độ ch&iacute;nh x&aacute;c, nghe kh&ocirc;ng kh&aacute;c g&igrave; &acirc;m thanh gốc b&ecirc;n ngo&agrave;i, thay v&igrave; c&oacute; một ch&uacute;t bộ phận l&agrave;m ấm, mượt giọng như những d&ograve;ng mic h&aacute;t LIVE, karaoke như K200, U55,..v.v..<br />\n<br />\n<br />\n<br />\nH&igrave;nh ảnh thực tế: Micro Audio Technica AT2020</b></p>\n\n<p><b><img alt=\"\" src=\"/assets/uploads/images/ehrling---palm-trees-(vlog-no-copyright-music)_00_00_27_15_still002-59e57eee69f5f.jpg\" /><br />\n<br />\n<br />\n<br />\nKhả năng loại bỏ tạp &acirc;m tốt<br />\n<br />\n<br />\nAT2020 thuộc d&ograve;ng mic condenser với đầu thu tập trung ở ph&iacute;a trước gi&uacute;p loại bỏ được phần lớn tạp &acirc;m từ ph&iacute;a sau v&agrave; 2 b&ecirc;n - m&agrave; vẫn rất nhạy v&agrave; thu được trọn vẹn &acirc;m thanh, kh&ocirc;ng bị b&iacute; &acirc;m.<br />\n<br />\n<br />\n<br />\nFullbox Micro Technica AT2020</b></p>\n\n<p><b><img alt=\"\" src=\"/assets/uploads/images/ad-59e57eb7a7e06.jpg\" /><br />\n<br />\n<br />\n<br />\nChất lượng đẹp, bền l&acirc;u</b></p>\n\n<p><b><img alt=\"\" src=\"/assets/uploads/images/ehrling---palm-trees-(vlog-no-copyright-music)_00_00_29_27_still001-59e57f2160115.jpg\" /><br />\n<br />\n<br />\nMic rất bền, cầm rất chắc tay, c&oacute; thể sử dụng được kh&aacute; l&acirc;u m&agrave; kh&ocirc;ng bị hoen ố hay ảnh hưởng đến &acirc;m thanh<br />\n<br />\n<br />\n<br />\nThiết kế đơn giản, tao nh&atilde;</b></p>\n\n<p><img alt=\"\" src=\"/assets/uploads/images/ehrling---palm-trees-(vlog-no-copyright-music)_00_00_45_24_still006-59e57f239ace5.jpg\" /><br />\n<br />\n<b>Kiểu d&aacute;ng giản dị m&agrave; chắc chắn của AT2020 chắc chắn sẽ rất ph&ugrave; hợp với h&igrave;nh ảnh của một ph&ograve;ng thu chuy&ecirc;n nghiệp.</b></p>\n\n<p><b><img alt=\"\" src=\"/assets/uploads/images/2020---air3-5a1c2159271c2.jpg\" style=\"width: 737px; height: 510px;\" /></b></p>\n\n<p><b><img alt=\"\" src=\"/assets/uploads/images/2020---air-5a1c2172d354b.jpg\" style=\"width: 737px; height: 510px;\" /><img alt=\"\" src=\"/assets/uploads/images/at2020-2-5a1c218a88b74.jpg\" style=\"width: 737px; height: 510px;\" /><br />\n<br />\n<br />\n<br />\nỨng dụng:<br />\n<br />\nAT2020 ph&ugrave; hợp để ứng dụng trong m&ocirc;i trường STUDIO CHUY&Ecirc;N NGHIỆP, c&oacute; thể thu &acirc;m được tốt từ c&aacute;c loại nhạc cụ c&oacute; tầm &acirc;m cao/thấp như organ, guitar hay cajon,... đến những nhạc cụ c&oacute; &acirc;m lượng lớn như piano, bass, trống,... hay giọng h&aacute;t một c&aacute;ch ch&acirc;n thực, ch&iacute;nh x&aacute;c m&agrave; vẫn giữ được chất ri&ecirc;ng của từng loại &acirc;m.<br />\n<br />\n&gt;&gt;&gt; Nếu như bạn c&oacute; đam m&ecirc; với việc thu &acirc;m v&agrave; SẴN S&Agrave;NG ĐẦU TƯ NGHI&Ecirc;M T&Uacute;C, L&Acirc;U D&Agrave;I th&igrave; micro Audio Technica AT2020 ch&iacute;nh l&agrave; chiếc micro m&agrave; bạn n&ecirc;n để mắt đến, t&igrave;m hiểu. Audio Technica AT2020 l&agrave; d&ograve;ng micro cao cấp chuy&ecirc;n d&agrave;nh cho thu &acirc;m, chắc chắn sẽ kh&ocirc;ng khiến c&aacute;c bạn thất vọng với &acirc;m thu v&agrave;o THẬT, TRỌN TIẾNG v&agrave; Đ&Uacute;NG CHẤT &Acirc;M.<br />\n<br />\nFullbox ch&iacute;nh h&atilde;ng theo nh&agrave; sản xuất của AT2020 bao gồm:<br />\n<br />\n1 Th&acirc;n Micro ( Đen )<br />\n1 G&aacute; Micro.<br />\n1 S&aacute;ch của h&atilde;ng<br />\n1 T&uacute;i da bọc Micro.<br />\n<br />\n<br />\n<br />\n<br />\n####<br />\n<br />\n+) KH&Aacute;CH H&Agrave;NG NỘI TH&Agrave;NH:<br />\n<br />\n&nbsp;&gt;&gt; Q&uacute;y kh&aacute;ch c&oacute; thể mua h&agrave;ng theo 2 c&aacute;ch :<br />\n<br />\nĐến trực tiếp cửa h&agrave;ng của RICKY tại địa chỉ : 203 Đường Bờ S&ocirc;ng - Gần cầu Khỉ - Ho&agrave;ng Mai - H&agrave; Nội.<br />\nNhận h&agrave;ng tại nh&agrave; ! Đặt h&agrave;ng nhanh qua WEB RICKY.VN !<br />\nHotline đặt h&agrave;ng : 097.147.7007 - 04.22121.999<br />\n+) KH&Aacute;CH H&Agrave;NG NGOẠI TH&Agrave;NH:<br />\n<br />\nKh&aacute;ch h&agrave;ng ở xa ho&agrave;n to&agrave;n c&oacute; thể nhận h&agrave;ng tại nh&agrave;, thanh to&aacute;n tiền h&agrave;ng trực tiếp cho nh&acirc;n vi&ecirc;n giao h&agrave;ng.<br />\nThời gian giao h&agrave;ng th&ocirc;ng thường từ 1-3 ng&agrave;y l&agrave;m việc.<br />\nRICKY MIỀN NAM địa chỉ tại : 704-S&ocirc;ng M&acirc;y-Trảng Bom-Đồng Nai( cho những kh&aacute;ch h&agrave;ng ở khu vực n&agrave;y )<br />\nHotline đặt h&agrave;ng : 097.147.7007 - 04.22121.999<br />\n####<br />\n<br />\n+) Mọi sản phẩm được đổi trả miễn ph&iacute; trong v&ograve;ng 7 ng&agrave;y đầu với bất cứ lỗi n&agrave;o của nh&agrave; sản xuất.<br />\n<br />\n+) Đổi mới sang sản phẩm mới MIỄN PH&Iacute; ( sản phẩm mới c&oacute; gi&aacute; trị lớn hơn hoặc tương tương sản phẩm đ&atilde; mua ) trong thời gian 1-3 ng&agrave;y đầu kể từ ng&agrave;y mua h&agrave;ng.<br />\n<br />\n+) Mọi chi tiết li&ecirc;n hệ : 097.147.7007 - 04.22121.999<br />\n<br />\n####<br />\n<br />\nBẢO H&Agrave;NH C&Ocirc;NG TY:<br />\n<br />\n1 năm | 12 th&aacute;ng 1 đổi 1 CH&Iacute;NH H&Atilde;NG<br />\n<br />\nRICKY MIỀN BẮC :<br />\n<br />\nAdd: 203-Bờ S&ocirc;ng Mới-Ho&agrave;ng Mai-H&agrave; Nội<br />\n<br />\nRICKY MIỀN NAM:<br />\n<br />\nAdd: 704-S&ocirc;ng M&acirc;y-Trảng Bom-Đồng Nai<br />\n<br />\nHotline: 04.22121.999 - 097.147.7007<br />\n<br />\n####<br />\n<br />\nCAM KẾT:<br />\n<br />\nN&Oacute;I KH&Ocirc;NG VỚI H&Agrave;NG FAKE, X&Aacute;CH TAY, BẢO H&Agrave;NH &quot;MIỆNG&quot;, BỞI C&Aacute; NH&Acirc;N, L&Aacute;I BU&Ocirc;N.</b><br />\n&nbsp;</p>', 1, 2, 1, 1, 1, 2, 0, 1, 1, 1, 2990000, 3400000, '/4-(1)-59e581c3d854c.png', '', '110030100', 'MC-AT2020-SW', '', 790, '2017-10-17 11:00:00', 0, 0, 0, 12, 1, '[\"https://www.youtube.com/watch?v=5_dtH_4r1Pg\",\"https://www.youtube.com/watch?v=X8vttaI6O_I\",\"https://www.youtube.com/watch?v=v-2xG0AQvZI\",\"https://www.youtube.com/watch?v=HqhAJtApUZg\"]', 2, '', 3, '2017-10-17 11:07:01', 7, '2018-01-23 21:19:19'),
(7, 'ISK A66-F', 'isk-a66-f', '<p></p>', '<p><img alt=\"\" src=\"/assets/uploads/images/1-5a08eeb704e5a.jpg\" style=\"width: 750px; height: 510px;\" /></p>\n\n<p><img alt=\"\" src=\"/assets/uploads/images/7-5a08eec8b9477.jpg\" style=\"width: 750px; height: 510px;\" /></p>\n\n<p><img alt=\"\" src=\"/assets/uploads/images/3-5a08eec14cab3.jpg\" style=\"width: 750px; height: 510px;\" /></p>\n\n<p></p>\n\n<p><meta charset=\"utf-8\" /></p>\n\n<p dir=\"ltr\"><meta charset=\"utf-8\" /></p>\n\n<p dir=\"ltr\"></p>\n\n<p dir=\"ltr\"></p>\n\n<p dir=\"ltr\"><b id=\"docs-internal-guid-3499a54d-2885-1621-039c-4695eac34c4d\">+) KH&Aacute;CH H&Agrave;NG NỘI TH&Agrave;NH:</b></p>\n\n<p dir=\"ltr\"><b id=\"docs-internal-guid-3499a54d-2885-1621-039c-4695eac34c4d\">&nbsp;&gt;&gt; Q&uacute;y kh&aacute;ch c&oacute; thể mua h&agrave;ng theo 2 c&aacute;ch :</b></p>\n\n<ul>\n	<li dir=\"ltr\">\n	<p dir=\"ltr\"><b id=\"docs-internal-guid-3499a54d-2885-1621-039c-4695eac34c4d\">Đến trực tiếp cửa h&agrave;ng của RICKY tại địa chỉ : 203 Đường Bờ S&ocirc;ng - Gần cầu Khỉ - Ho&agrave;ng Mai - H&agrave; Nội.</b></p>\n	</li>\n	<li dir=\"ltr\">\n	<p dir=\"ltr\"><b id=\"docs-internal-guid-3499a54d-2885-1621-039c-4695eac34c4d\">Nhận h&agrave;ng tại nh&agrave; ! Đặt h&agrave;ng nhanh qua WEB RICKY.VN !</b></p>\n	</li>\n	<li dir=\"ltr\">\n	<p dir=\"ltr\"><b id=\"docs-internal-guid-3499a54d-2885-1621-039c-4695eac34c4d\">Hotline đặt h&agrave;ng : 097.147.7007 - 04.22121.999</b></p>\n	</li>\n</ul>\n\n<p dir=\"ltr\"><b id=\"docs-internal-guid-3499a54d-2885-1621-039c-4695eac34c4d\">+) KH&Aacute;CH H&Agrave;NG NGOẠI TH&Agrave;NH:</b></p>\n\n<ul>\n	<li dir=\"ltr\">\n	<p dir=\"ltr\"><b id=\"docs-internal-guid-3499a54d-2885-1621-039c-4695eac34c4d\">Kh&aacute;ch h&agrave;ng ở xa ho&agrave;n to&agrave;n c&oacute; thể nhận h&agrave;ng tại nh&agrave;, thanh to&aacute;n tiền h&agrave;ng trực tiếp cho nh&acirc;n vi&ecirc;n giao h&agrave;ng.</b></p>\n	</li>\n	<li dir=\"ltr\">\n	<p dir=\"ltr\"><b id=\"docs-internal-guid-3499a54d-2885-1621-039c-4695eac34c4d\">Thời gian giao h&agrave;ng th&ocirc;ng thường từ 1-3 ng&agrave;y l&agrave;m việc.</b></p>\n	</li>\n	<li dir=\"ltr\">\n	<p dir=\"ltr\"><b id=\"docs-internal-guid-3499a54d-2885-1621-039c-4695eac34c4d\">RICKY MIỀN NAM địa chỉ tại : 704-S&ocirc;ng M&acirc;y-Trảng Bom-Đồng Nai( cho những kh&aacute;ch h&agrave;ng ở khu vực n&agrave;y )</b></p>\n	</li>\n	<li dir=\"ltr\">\n	<p dir=\"ltr\"><b id=\"docs-internal-guid-3499a54d-2885-1621-039c-4695eac34c4d\">Hotline đặt h&agrave;ng : 097.147.7007 - 04.22121.999</b></p>\n	</li>\n</ul>\n\n<p dir=\"ltr\"><b id=\"docs-internal-guid-3499a54d-2885-1621-039c-4695eac34c4d\">+) Mọi sản phẩm được đổi trả miễn ph&iacute; trong v&ograve;ng 7 ng&agrave;y đầu với bất cứ lỗi n&agrave;o của nh&agrave; sản xuất.</b></p>\n\n<p dir=\"ltr\"><b id=\"docs-internal-guid-3499a54d-2885-1621-039c-4695eac34c4d\">+) Đổi mới sang sản phẩm mới MIỄN PH&Iacute; ( sản phẩm mới c&oacute; gi&aacute; trị lớn hơn hoặc tương tương sản phẩm đ&atilde; mua ) trong thời gian 1-3 ng&agrave;y đầu kể từ ng&agrave;y mua h&agrave;ng.</b></p>\n\n<p dir=\"ltr\"><b id=\"docs-internal-guid-3499a54d-2885-1621-039c-4695eac34c4d\">+) Mọi chi tiết li&ecirc;n hệ : 097.147.7007 - 04.22121.999</b></p>\n\n<p dir=\"ltr\"><b id=\"docs-internal-guid-3499a54d-2885-1621-039c-4695eac34c4d\">BẢO H&Agrave;NH:</b></p>\n\n<p dir=\"ltr\"><b id=\"docs-internal-guid-3499a54d-2885-1621-039c-4695eac34c4d\">2 năm | 24 th&aacute;ng 1 đổi 1 CH&Iacute;NH H&Atilde;NG</b></p>\n\n<p dir=\"ltr\"><b id=\"docs-internal-guid-3499a54d-2885-1621-039c-4695eac34c4d\">Lu&ocirc;n c&oacute; sẵn h&agrave;ng</b></p>\n\n<p dir=\"ltr\"><b id=\"docs-internal-guid-3499a54d-2885-1621-039c-4695eac34c4d\">RICKY MIỀN BẮC :</b></p>\n\n<p dir=\"ltr\"><b id=\"docs-internal-guid-3499a54d-2885-1621-039c-4695eac34c4d\">Add: 203-Bờ S&ocirc;ng Mới-Ho&agrave;ng Mai-H&agrave; Nội</b></p>\n\n<p dir=\"ltr\"><b id=\"docs-internal-guid-3499a54d-2885-1621-039c-4695eac34c4d\">RICKY MIỀN NAM:</b></p>\n\n<p dir=\"ltr\"><b id=\"docs-internal-guid-3499a54d-2885-1621-039c-4695eac34c4d\">Add: 704-S&ocirc;ng M&acirc;y-Trảng Bom-Đồng Nai</b></p>\n\n<p dir=\"ltr\"><b id=\"docs-internal-guid-3499a54d-2885-1621-039c-4695eac34c4d\">Hotline: 04.22121.999 - 097.147.7007</b></p>\n\n<p dir=\"ltr\"></p>\n\n<p dir=\"ltr\"></p>\n\n<p dir=\"ltr\"></p>', 1, 2, 2, 1, 1, 2, 0, 0, 0, 1, 1200000, 1350000, '/2-59e5828ba41f3.jpg', '', '110150100', 'MC-A66F-SW', '', 1850, '2017-10-17 11:00:00', 0, 0, 0, 24, 1, '[\"https://www.youtube.com/watch?v=7Ihfv1HBTkg\",\"https://www.youtube.com/watch?v=lvgNSsI_yCQ\",\"https://www.youtube.com/watch?v=fpHZde6T9fY\"]', 2, '', 3, '2017-10-17 11:11:46', 19, '2018-02-25 16:08:00');
INSERT INTO `products` (`ProductId`, `ProductName`, `ProductSlug`, `ProductShortDesc`, `ProductDesc`, `ProductTypeId`, `ProductStatusId`, `ProductKindId`, `VATStatusId`, `ProductDisplayTypeId`, `ProductLevelId`, `ParentProductId`, `SupplierId`, `ManufacturerId`, `IsContactPrice`, `Price`, `OldPrice`, `ProductImage`, `ProductCode`, `BarCode`, `Sku`, `IMEI`, `Weight`, `PublishDateTime`, `ProductFormalStatusId`, `ProductUsageStatusId`, `ProductAccessoryStatusId`, `GuaranteeMonth`, `ProductUnitId`, `VideoUrls`, `ProductWebStatusId`, `ProductWebStatusComment`, `CrUserId`, `CrDateTime`, `UpdateUserId`, `UpdateDateTime`) VALUES
(8, 'Takstar PCK200', 'micro-takstar-pc-k200', '<p></p>', '<p><meta charset=\"utf-8\" /></p>\n\n<p dir=\"ltr\"><b id=\"docs-internal-guid-9726d245-2888-b952-55ed-994b25d58ba3\">Th&ocirc;ng số kỹ thuật:</b></p>\n\n<ol>\n	<li dir=\"ltr\">\n	<p dir=\"ltr\"><b id=\"docs-internal-guid-9726d245-2888-b952-55ed-994b25d58ba3\">Cấu tạo mic: Condenser</b></p>\n	</li>\n	<li dir=\"ltr\">\n	<p dir=\"ltr\"><b id=\"docs-internal-guid-9726d245-2888-b952-55ed-994b25d58ba3\">Hướng thu: Cardioid</b></p>\n	</li>\n	<li dir=\"ltr\">\n	<p dir=\"ltr\"><b id=\"docs-internal-guid-9726d245-2888-b952-55ed-994b25d58ba3\">Tần số đ&aacute;p ứng: 30Hz-20kHz</b></p>\n	</li>\n	<li dir=\"ltr\">\n	<p dir=\"ltr\"><b id=\"docs-internal-guid-9726d245-2888-b952-55ed-994b25d58ba3\">Độ nhạy:-35dB&plusmn;3dB (0dB=1V/Pa at1kHz)</b></p>\n	</li>\n	<li dir=\"ltr\">\n	<p dir=\"ltr\"><b id=\"docs-internal-guid-9726d245-2888-b952-55ed-994b25d58ba3\">Trở kh&aacute;ng đầu ra: &le;200&Omega; &plusmn; 30% (at 1kHz)</b></p>\n	</li>\n	<li dir=\"ltr\">\n	<p dir=\"ltr\"><b id=\"docs-internal-guid-9726d245-2888-b952-55ed-994b25d58ba3\">Điện trở tải: &ge;1000&Omega;</b></p>\n	</li>\n	<li dir=\"ltr\">\n	<p dir=\"ltr\"><b id=\"docs-internal-guid-9726d245-2888-b952-55ed-994b25d58ba3\">Mức độ tiếng ồn: &le;22dB (IEC 581-5)</b></p>\n	</li>\n	<li dir=\"ltr\">\n	<p dir=\"ltr\"><b id=\"docs-internal-guid-9726d245-2888-b952-55ed-994b25d58ba3\">Mức &aacute;p lực &acirc;m thanh đầu v&agrave;o tối đa: 140dB (THD &le;1.0% at 1kHz)</b></p>\n	</li>\n	<li dir=\"ltr\">\n	<p dir=\"ltr\"><b id=\"docs-internal-guid-9726d245-2888-b952-55ed-994b25d58ba3\">Chuẩn kết nối đầu ra: XLR</b></p>\n	</li>\n	<li dir=\"ltr\">\n	<p dir=\"ltr\"><b id=\"docs-internal-guid-9726d245-2888-b952-55ed-994b25d58ba3\">Nguồn sử dụng: 48V Phantom Power</b></p>\n	</li>\n	<li dir=\"ltr\">\n	<p dir=\"ltr\"><b id=\"docs-internal-guid-9726d245-2888-b952-55ed-994b25d58ba3\">K&iacute;ch thước mic: &Oslash;54 mm x 128mm (đường k&iacute;nh x chiều cao)</b></p>\n	</li>\n	<li dir=\"ltr\">\n	<p dir=\"ltr\"><b id=\"docs-internal-guid-9726d245-2888-b952-55ed-994b25d58ba3\">Trọng lượng: 371g</b></p>\n	</li>\n</ol>\n\n<p dir=\"ltr\"><b id=\"docs-internal-guid-9726d245-2888-b952-55ed-994b25d58ba3\"><img height=\"540\" src=\"https://lh4.googleusercontent.com/IL23z90q64TQlZuG-F5gwNa1csS1kTplk5eJeLnBCwrVEAc1HPRs5MvodiKLriFNzwu5XTCHmhgWtT8QsZKuic8kxES2FVgtfo6BkE1Zel6koHNudwbVe3gQbcGrlPiIqovo2zOt\" width=\"540\" /></b></p>\n\n<p dir=\"ltr\"><b id=\"docs-internal-guid-9726d245-2888-b952-55ed-994b25d58ba3\">H&igrave;nh ảnh thực tế: Micro Takstar PC-K200</b></p>\n\n<p dir=\"ltr\"><b id=\"docs-internal-guid-9726d245-2888-b952-55ed-994b25d58ba3\">TAKSTAR K200 hiện đang l&agrave; d&ograve;ng micro h&aacute;t live cực &ldquo;hot&rdquo; được rất nhiều người ưa chuộng nhờ v&agrave;o chất &acirc;m trong, s&aacute;ng cực t&ocirc;n giọng, độ nhạy cao v&agrave; khả năng linh hoạt giữa thu &acirc;m v&agrave; h&aacute;t live, karaoke với mức gi&aacute; chỉ bằng những chiếc micro tầm trung th&ocirc;ng thường.</b></p>\n\n<p dir=\"ltr\"><b id=\"docs-internal-guid-9726d245-2888-b952-55ed-994b25d58ba3\">Vậy sau đ&acirc;y l&agrave; những đ&aacute;nh gi&aacute; trực quan nhất về sản phẩm:</b></p>\n\n<ul>\n	<li dir=\"ltr\">\n	<p dir=\"ltr\"><b id=\"docs-internal-guid-9726d245-2888-b952-55ed-994b25d58ba3\">Chất &acirc;m: Trong, s&aacute;ng, &acirc;m thu nhạc cụ kh&aacute; n&eacute;t</b></p>\n	</li>\n</ul>\n\n<p dir=\"ltr\"><b id=\"docs-internal-guid-9726d245-2888-b952-55ed-994b25d58ba3\">Do kh&ocirc;ng được sản xuất để chuy&ecirc;n thu &acirc;m v&agrave; l&agrave; d&ograve;ng mic chuy&ecirc;n h&aacute;t LIVE n&ecirc;n chất &acirc;m của PC-K200 sẽ kh&ocirc;ng qu&aacute; &ldquo;tả thực&rdquo; như AT2020 m&agrave; rất trong, đều v&agrave; s&aacute;ng, c&oacute; thể che được phần n&agrave;o những khuyết điểm của giọng qu&aacute; d&agrave;y, heavy. C&ograve;n nếu như bạn c&oacute; chất giọng mỏng v&agrave; sắc th&igrave; K200 c&oacute; thể sẽ l&agrave;m nổi bật điểm đ&oacute; l&ecirc;n, tuy nhi&ecirc;n vẫn c&oacute; k&egrave;m theo độ ấm đ&aacute;ng kể, đặc biệt l&agrave; nếu sử dụng c&ugrave;ng với sound card &acirc;m thanh.</b></p>\n\n<p dir=\"ltr\"><b id=\"docs-internal-guid-9726d245-2888-b952-55ed-994b25d58ba3\">T&oacute;m lại, nếu bạn kh&ocirc;ng th&iacute;ch những giọng ca mỏng, sắc v&agrave; th&aacute;nh th&oacute;t th&igrave; h&atilde;y c&acirc;n nhắc trước khi chọn mua K200 v&agrave; c&oacute; thể tham khảo th&ecirc;m những d&ograve;ng mic kh&aacute;c như K600, T2000,..v.v.. nh&eacute;!</b></p>\n\n<p dir=\"ltr\"><b id=\"docs-internal-guid-9726d245-2888-b952-55ed-994b25d58ba3\">. Ngo&agrave;i ra, chất &acirc;m s&aacute;ng của K200 cũng sẽ gi&uacute;p cho &acirc;m thu của c&aacute;c loại nhạc cụ được r&otilde; n&eacute;t v&agrave; trong trẻo hơn.</b></p>\n\n<ul>\n	<li dir=\"ltr\">\n	<p dir=\"ltr\"><b id=\"docs-internal-guid-9726d245-2888-b952-55ed-994b25d58ba3\">Độ nhạy cao, lọc tạp &acirc;m tốt với hướng thu cardiod</b></p>\n	</li>\n</ul>\n\n<p dir=\"ltr\"><b id=\"docs-internal-guid-9726d245-2888-b952-55ed-994b25d58ba3\">D&ugrave; l&agrave; micro h&aacute;t LIVE nhưng TAKSTAR K200 c&oacute; độ nhạy kh&aacute; cao, kh&ocirc;ng thua g&igrave; một chiếc micro thu &acirc;m chuy&ecirc;n nghiệp, đảm bảo độ tr&ograve;n, đều của tiếng thu.</b></p>\n\n<p dir=\"ltr\"><b id=\"docs-internal-guid-9726d245-2888-b952-55ed-994b25d58ba3\">Ngo&agrave;i ra, hướng thu cardiod tập trung nhiều ở ph&iacute;a trước v&agrave; &iacute;t hơn ở 2 b&ecirc;n của mic gi&uacute;p loại bỏ được phần lớn những tạp &acirc;m ở ph&iacute;a sau mic v&agrave; xung quanh m&agrave; vẫn giữ cho &acirc;m thu ph&iacute;a trước được đầy đủ, trọn vẹn.</b></p>\n\n<ul>\n	<li dir=\"ltr\">\n	<p dir=\"ltr\"><b id=\"docs-internal-guid-9726d245-2888-b952-55ed-994b25d58ba3\">Kiểu d&aacute;ng quen thuộc</b></p>\n	</li>\n</ul>\n\n<p dir=\"ltr\"><b id=\"docs-internal-guid-9726d245-2888-b952-55ed-994b25d58ba3\">Thiết kế gọn g&agrave;ng, đơn giản m&agrave; vẫn cao cấp của PC-K200 chắc chắn sẽ rất nổi bật khi xuất hiện tr&ecirc;n những trang livestream online như CCTalk, Facebook, TalkTV,..v.v..</b></p>\n\n<p dir=\"ltr\"><b id=\"docs-internal-guid-9726d245-2888-b952-55ed-994b25d58ba3\">Ứng dụng</b></p>\n\n<p dir=\"ltr\"><b id=\"docs-internal-guid-9726d245-2888-b952-55ed-994b25d58ba3\">Micro TAKSTAR K200 tương th&iacute;ch với hầu hết c&aacute;c loại soundcard, tuy nhi&ecirc;n v&igrave; l&agrave; micro h&aacute;t LIVE n&ecirc;n khi kết hợp với những sound card CHUY&Ecirc;N H&Aacute;T LIVE như K10/K10S, P10, HF 5000 Pro/PLUS, .v.v..</b></p>\n\n<p dir=\"ltr\"><b id=\"docs-internal-guid-9726d245-2888-b952-55ed-994b25d58ba3\">Ngo&agrave;i ra, Micro Takstar PC-K200 l&agrave; d&ograve;ng micro cần nguồn 48V n&ecirc;n nếu kết hợp với c&aacute;c d&ograve;ng soundcard kh&ocirc;ng t&iacute;ch hợp sẵn nguồn 48V th&igrave; sẽ bắt buộc phải c&oacute; th&ecirc;m cục nguồn Phantom 48V mới sử dụng được.</b></p>\n\n<p dir=\"ltr\"><b id=\"docs-internal-guid-9726d245-2888-b952-55ed-994b25d58ba3\">C&aacute;c combo bao gồm Micro TAKSTAR K200</b></p>\n\n<p dir=\"ltr\"><b id=\"docs-internal-guid-9726d245-2888-b952-55ed-994b25d58ba3\"><a href=\"http://ricky.vn/products/combo-r200-2i2\">COMBO R200 2I2</a></b></p>\n\n<p dir=\"ltr\"><b id=\"docs-internal-guid-9726d245-2888-b952-55ed-994b25d58ba3\"><a href=\"http://ricky.vn/products/combo-r-200-basic\">COMBO R200 Basic</a></b></p>\n\n<p dir=\"ltr\"><b id=\"docs-internal-guid-9726d245-2888-b952-55ed-994b25d58ba3\"><a href=\"http://ricky.vn/products/combo-r200-hf-plus\">COMBO R200 HF Plus</a></b></p>\n\n<p dir=\"ltr\"><b id=\"docs-internal-guid-9726d245-2888-b952-55ed-994b25d58ba3\"><a href=\"http://ricky.vn/products/combo-r-200-s1\">COMBO R200 K10S</a></b></p>\n\n<p dir=\"ltr\"><b id=\"docs-internal-guid-9726d245-2888-b952-55ed-994b25d58ba3\"><a href=\"http://ricky.vn/products/combo-r200-s10\">COMBO R200 S10</a></b></p>\n\n<p dir=\"ltr\"><b id=\"docs-internal-guid-9726d245-2888-b952-55ed-994b25d58ba3\">Ứng dụng: Set full của TAKSTAR PC-K200 c&oacute; thể kết hợp được với tất cả c&aacute;c d&ograve;ng sound card, c&oacute; thể d&ugrave;ng trong cả thu &acirc;m lẫn h&aacute;t live, livestream, karaoke,.v..v..</b></p>\n\n<p dir=\"ltr\"><b id=\"docs-internal-guid-9726d245-2888-b952-55ed-994b25d58ba3\">####</b></p>\n\n<p dir=\"ltr\"><b id=\"docs-internal-guid-9726d245-2888-b952-55ed-994b25d58ba3\">+) KH&Aacute;CH H&Agrave;NG NỘI TH&Agrave;NH:</b></p>\n\n<p dir=\"ltr\"><b id=\"docs-internal-guid-9726d245-2888-b952-55ed-994b25d58ba3\">&nbsp;&gt;&gt; Q&uacute;y kh&aacute;ch c&oacute; thể mua h&agrave;ng theo 2 c&aacute;ch :</b></p>\n\n<ul>\n	<li dir=\"ltr\">\n	<p dir=\"ltr\"><b id=\"docs-internal-guid-9726d245-2888-b952-55ed-994b25d58ba3\">Đến trực tiếp cửa h&agrave;ng của RICKY tại địa chỉ : 203 Đường Bờ S&ocirc;ng - Gần cầu Khỉ - Ho&agrave;ng Mai - H&agrave; Nội.</b></p>\n	</li>\n	<li dir=\"ltr\">\n	<p dir=\"ltr\"><b id=\"docs-internal-guid-9726d245-2888-b952-55ed-994b25d58ba3\">Nhận h&agrave;ng tại nh&agrave; ! Đặt h&agrave;ng nhanh qua WEB RICKY.VN !</b></p>\n	</li>\n	<li dir=\"ltr\">\n	<p dir=\"ltr\"><b id=\"docs-internal-guid-9726d245-2888-b952-55ed-994b25d58ba3\">Hotline đặt h&agrave;ng : 097.147.7007 - 04.22121.999</b></p>\n	</li>\n</ul>\n\n<p dir=\"ltr\"><b id=\"docs-internal-guid-9726d245-2888-b952-55ed-994b25d58ba3\">+) KH&Aacute;CH H&Agrave;NG NGOẠI TH&Agrave;NH:</b></p>\n\n<ul>\n	<li dir=\"ltr\">\n	<p dir=\"ltr\"><b id=\"docs-internal-guid-9726d245-2888-b952-55ed-994b25d58ba3\">Kh&aacute;ch h&agrave;ng ở xa ho&agrave;n to&agrave;n c&oacute; thể nhận h&agrave;ng tại nh&agrave;, thanh to&aacute;n tiền h&agrave;ng trực tiếp cho nh&acirc;n vi&ecirc;n giao h&agrave;ng.</b></p>\n	</li>\n	<li dir=\"ltr\">\n	<p dir=\"ltr\"><b id=\"docs-internal-guid-9726d245-2888-b952-55ed-994b25d58ba3\">Thời gian giao h&agrave;ng th&ocirc;ng thường từ 1-3 ng&agrave;y l&agrave;m việc.</b></p>\n	</li>\n	<li dir=\"ltr\">\n	<p dir=\"ltr\"><b id=\"docs-internal-guid-9726d245-2888-b952-55ed-994b25d58ba3\">RICKY MIỀN NAM địa chỉ tại : 704-S&ocirc;ng M&acirc;y-Trảng Bom-Đồng Nai( cho những kh&aacute;ch h&agrave;ng ở khu vực n&agrave;y )</b></p>\n	</li>\n	<li dir=\"ltr\">\n	<p dir=\"ltr\"><b id=\"docs-internal-guid-9726d245-2888-b952-55ed-994b25d58ba3\">Hotline đặt h&agrave;ng : 097.147.7007 - 04.22121.999</b></p>\n	</li>\n</ul>\n\n<p dir=\"ltr\"><b id=\"docs-internal-guid-9726d245-2888-b952-55ed-994b25d58ba3\">####</b></p>\n\n<p dir=\"ltr\"><b id=\"docs-internal-guid-9726d245-2888-b952-55ed-994b25d58ba3\">+) Mọi sản phẩm được đổi trả miễn ph&iacute; trong v&ograve;ng 7 ng&agrave;y đầu với bất cứ lỗi n&agrave;o của nh&agrave; sản xuất.</b></p>\n\n<p dir=\"ltr\"><b id=\"docs-internal-guid-9726d245-2888-b952-55ed-994b25d58ba3\">+) Đổi mới sang sản phẩm mới MIỄN PH&Iacute; ( sản phẩm mới c&oacute; gi&aacute; trị lớn hơn hoặc tương tương sản phẩm đ&atilde; mua ) trong thời gian 1-3 ng&agrave;y đầu kể từ ng&agrave;y mua h&agrave;ng.</b></p>\n\n<p dir=\"ltr\"><b id=\"docs-internal-guid-9726d245-2888-b952-55ed-994b25d58ba3\">+) Mọi chi tiết li&ecirc;n hệ : 097.147.7007 - 04.22121.999</b></p>\n\n<p dir=\"ltr\"><b id=\"docs-internal-guid-9726d245-2888-b952-55ed-994b25d58ba3\">####</b></p>\n\n<p dir=\"ltr\"><b id=\"docs-internal-guid-9726d245-2888-b952-55ed-994b25d58ba3\">BẢO H&Agrave;NH C&Ocirc;NG TY:</b></p>\n\n<p dir=\"ltr\"><b id=\"docs-internal-guid-9726d245-2888-b952-55ed-994b25d58ba3\">2 năm | 24 th&aacute;ng 1 đổi 1 CH&Iacute;NH H&Atilde;NG</b></p>\n\n<p dir=\"ltr\"><b id=\"docs-internal-guid-9726d245-2888-b952-55ed-994b25d58ba3\">RICKY MIỀN BẮC :</b></p>\n\n<p dir=\"ltr\"><b id=\"docs-internal-guid-9726d245-2888-b952-55ed-994b25d58ba3\">Add: 203-Bờ S&ocirc;ng Mới-Ho&agrave;ng Mai-H&agrave; Nội</b></p>\n\n<p dir=\"ltr\"><b id=\"docs-internal-guid-9726d245-2888-b952-55ed-994b25d58ba3\">RICKY MIỀN NAM:</b></p>\n\n<p dir=\"ltr\"><b id=\"docs-internal-guid-9726d245-2888-b952-55ed-994b25d58ba3\">Add: 704-S&ocirc;ng M&acirc;y-Trảng Bom-Đồng Nai</b></p>\n\n<p dir=\"ltr\"><b id=\"docs-internal-guid-9726d245-2888-b952-55ed-994b25d58ba3\">Hotline: 04.22121.999 - 097.147.7007</b></p>\n\n<p dir=\"ltr\"><b id=\"docs-internal-guid-9726d245-2888-b952-55ed-994b25d58ba3\">####</b></p>\n\n<p dir=\"ltr\"><b id=\"docs-internal-guid-9726d245-2888-b952-55ed-994b25d58ba3\">CAM KẾT:</b></p>\n\n<p dir=\"ltr\"><b id=\"docs-internal-guid-9726d245-2888-b952-55ed-994b25d58ba3\">N&Oacute;I KH&Ocirc;NG VỚI H&Agrave;NG FAKE, X&Aacute;CH TAY, BẢO H&Agrave;NH &quot;MIỆNG&quot;, BỞI C&Aacute; NH&Acirc;N, L&Aacute;I BU&Ocirc;N.</b></p>\n\n<p></p>', 1, 2, 1, 1, 1, 2, 0, 0, 0, 1, 1200000, 1350000, '/232323233-(1)-59e583c5d349a.png', '', '110111100', 'MC-PCK200-SL', '', 775, '2017-10-17 11:00:00', 0, 0, 0, 24, 1, '[\"https://www.youtube.com/watch?v=AGMKWVmaPsY\",\"https://www.youtube.com/watch?v=e4Z0Sb9M53Y\",\"https://www.youtube.com/watch?v=lK4U7Wpy_iY\"]', 2, '', 3, '2017-10-17 11:16:21', 19, '2018-02-25 19:38:36'),
(9, 'Lilablue K900', 'lilablue-k900', '<p></p>', '<p><meta charset=\"utf-8\" /></p>\n\n<h1 dir=\"ltr\"><b id=\"docs-internal-guid-5f48481c-288c-5785-0e68-abeca4e8f0fa\">MICRO LB K900 | Lựa chọn tốt cho nhu cầu h&aacute;t live</b></h1>\n\n<p dir=\"ltr\"><b id=\"docs-internal-guid-5f48481c-288c-5785-0e68-abeca4e8f0fa\">Nếu như bạn đang t&igrave;m một bộ mic c&oacute; chất lượng tốt, hỗ trợ tốt cho việc feel c&aacute;c nốt cao th&igrave; Micro LB K900 ch&iacute;nh l&agrave; 1 sự lựa chọn đ&aacute;ng để c&acirc;n nhắc d&agrave;nh cho bạn. Micro LB K900 l&agrave; d&ograve;ng micro mới đang l&agrave;m mưa l&agrave;m gi&oacute; tr&ecirc;n thị trường dạo gần đ&acirc;y với KHẢ NĂNG BẮT &Acirc;M TỐT, VOCAL TRONG TRẺO, HỖ TRỢ ĐA DẠNG C&Aacute;C THỂ LOẠI NHẠC, c&oacute; thể ứng dụng tốt cho việc H&Aacute;T LIVE, KARAOKE v&agrave; THU &Acirc;M.</b></p>\n\n<p dir=\"ltr\"></p>\n\n<p dir=\"ltr\"><b id=\"docs-internal-guid-5f48481c-288c-5785-0e68-abeca4e8f0fa\">H&igrave;nh ảnh thực tế: Micro LB K900 - đ&atilde; được lắp đặt.</b></p>\n\n<p dir=\"ltr\"><b id=\"docs-internal-guid-5f48481c-288c-5785-0e68-abeca4e8f0fa\">Những đặc điểm nổi bật nhất của Micro LB K900</b></p>\n\n<ul>\n	<li dir=\"ltr\">\n	<p dir=\"ltr\"><b id=\"docs-internal-guid-5f48481c-288c-5785-0e68-abeca4e8f0fa\">Khả năng bắt &acirc;m tốt</b></p>\n	</li>\n</ul>\n\n<p dir=\"ltr\"><b id=\"docs-internal-guid-5f48481c-288c-5785-0e68-abeca4e8f0fa\">Micro LB K900 c&oacute; khả năng bắt &acirc;m cực tốt, c&oacute; thể thu được hết tất cả c&aacute;c &acirc;m tiết nhỏ nhất, gi&uacute;p cho &acirc;m thu được trọn vẹn, tr&ograve;n tiếng, giữ được c&aacute;i hay ri&ecirc;ng của từng loại &acirc;m m&agrave; vẫn tr&aacute;nh được shock khi ph&aacute;t &acirc;m những &acirc;m &ldquo;t&rdquo;, &ldquo;s&rdquo;, &ldquo;h&rdquo;,..v.v.. Ngo&agrave;i ra, LB K900 c&oacute; bộ phận lọc tạp &acirc;m cực tốt, nhỉnh hơn hẳn cả<a href=\"http://ricky.vn/products/micro-pc-k200\"> Huyền thoại PC-K200</a> với giải tần đ&aacute;p ứng cao, ph&ugrave; hợp mọi mục đ&iacute;ch thu &acirc;m, h&aacute;t LIVE.</b></p>\n\n<ul>\n	<li dir=\"ltr\">\n	<p dir=\"ltr\"><b id=\"docs-internal-guid-5f48481c-288c-5785-0e68-abeca4e8f0fa\">&Acirc;m thu trong trẻo, đều, ấm</b></p>\n	</li>\n</ul>\n\n<p dir=\"ltr\"><b id=\"docs-internal-guid-5f48481c-288c-5785-0e68-abeca4e8f0fa\">Micro LB K900 cho ra &Acirc;M THU ẤM &Aacute;P, TRONG TRẺO, DẢI &Acirc;M ĐỀU ĐẶN gi&uacute;p HỖ TRỢ ĐA DẠNG C&Aacute;C THỂ LOẠI NHẠC, &acirc;m thu v&agrave;o c&oacute; chất lượng tốt nhất m&agrave; kh&ocirc;ng cần trải qua qu&aacute; nhiều c&ocirc;ng đoạn chỉnh sửa.</b></p>\n\n<ul>\n	<li dir=\"ltr\">\n	<p dir=\"ltr\"><b id=\"docs-internal-guid-5f48481c-288c-5785-0e68-abeca4e8f0fa\">Kiểu d&aacute;ng độc, lạ, sang trọng</b></p>\n	</li>\n</ul>\n\n<p dir=\"ltr\"><b id=\"docs-internal-guid-5f48481c-288c-5785-0e68-abeca4e8f0fa\">Micro LB K900 c&oacute; m&agrave;u bạc c&ugrave;ng với cấu tr&uacute;c đầu - th&acirc;n mic ri&ecirc;ng biệt, khiến cho micro c&oacute; vẻ ngo&agrave;i rất h&agrave;o nho&aacute;ng, độc m&agrave; vẫn sang trọng, đ&aacute;p ứng được nhu cầu về mặt thẩm mỹ để xuất hiện trong c&aacute;c video livestream,.v..v..</b></p>\n\n<p dir=\"ltr\"><b id=\"docs-internal-guid-5f48481c-288c-5785-0e68-abeca4e8f0fa\">Ứng dụng</b></p>\n\n<p dir=\"ltr\"><b id=\"docs-internal-guid-5f48481c-288c-5785-0e68-abeca4e8f0fa\">Micro LB K900 tương th&iacute;ch với hầu hết c&aacute;c loại soundcard, hỗ trợ đa dạng c&aacute;c thể loại nhạc, c&oacute; thể d&ugrave;ng để H&Aacute;T LIVE, LIVESTREAM, KARAOKE, THU &Acirc;M,..v.v...</b></p>\n\n<p dir=\"ltr\"><b id=\"docs-internal-guid-5f48481c-288c-5785-0e68-abeca4e8f0fa\">C&aacute;c phụ kiện ch&iacute;nh h&atilde;ng khi mua 01 Micro LB K900:</b></p>\n\n<p dir=\"ltr\"><b id=\"docs-internal-guid-5f48481c-288c-5785-0e68-abeca4e8f0fa\">- 1 Th&acirc;n Micro LB K900</b></p>\n\n<p dir=\"ltr\"><b id=\"docs-internal-guid-5f48481c-288c-5785-0e68-abeca4e8f0fa\">- 1 Shockmount</b></p>\n\n<p dir=\"ltr\"><b id=\"docs-internal-guid-5f48481c-288c-5785-0e68-abeca4e8f0fa\">- 1 M&agrave;ng lọc &acirc;m kim loại (ĐỘC)</b></p>\n\n<p dir=\"ltr\"><b id=\"docs-internal-guid-5f48481c-288c-5785-0e68-abeca4e8f0fa\">- 1 C&aacute;p XLR-3.5mm</b></p>\n\n<p dir=\"ltr\"><b id=\"docs-internal-guid-5f48481c-288c-5785-0e68-abeca4e8f0fa\">- 1 Thẻ bảo h&agrave;nh ch&iacute;nh h&atilde;ng RICKY</b></p>\n\n<p dir=\"ltr\"><b id=\"docs-internal-guid-5f48481c-288c-5785-0e68-abeca4e8f0fa\">- 1 Thẻ bảo h&agrave;nh của h&atilde;ng.</b></p>\n\n<p dir=\"ltr\"><b id=\"docs-internal-guid-5f48481c-288c-5785-0e68-abeca4e8f0fa\">C&aacute;c combo bao gồm Micro LB K900</b></p>\n\n<p dir=\"ltr\"><b id=\"docs-internal-guid-5f48481c-288c-5785-0e68-abeca4e8f0fa\">(chưa cập nhật)</b></p>\n\n<p dir=\"ltr\"><b id=\"docs-internal-guid-5f48481c-288c-5785-0e68-abeca4e8f0fa\">####</b></p>\n\n<p dir=\"ltr\"><b id=\"docs-internal-guid-5f48481c-288c-5785-0e68-abeca4e8f0fa\">+) KH&Aacute;CH H&Agrave;NG NỘI TH&Agrave;NH:</b></p>\n\n<p dir=\"ltr\"><b id=\"docs-internal-guid-5f48481c-288c-5785-0e68-abeca4e8f0fa\">&nbsp;&gt;&gt; Q&uacute;y kh&aacute;ch c&oacute; thể mua h&agrave;ng theo 2 c&aacute;ch :</b></p>\n\n<ul>\n	<li dir=\"ltr\">\n	<p dir=\"ltr\"><b id=\"docs-internal-guid-5f48481c-288c-5785-0e68-abeca4e8f0fa\">Đến trực tiếp cửa h&agrave;ng của RICKY tại địa chỉ : 203 Đường Bờ S&ocirc;ng - Gần cầu Khỉ - Ho&agrave;ng Mai - H&agrave; Nội.</b></p>\n	</li>\n	<li dir=\"ltr\">\n	<p dir=\"ltr\"><b id=\"docs-internal-guid-5f48481c-288c-5785-0e68-abeca4e8f0fa\">Nhận h&agrave;ng tại nh&agrave; ! Đặt h&agrave;ng nhanh qua WEB RICKY.VN !</b></p>\n	</li>\n	<li dir=\"ltr\">\n	<p dir=\"ltr\"><b id=\"docs-internal-guid-5f48481c-288c-5785-0e68-abeca4e8f0fa\">Hotline đặt h&agrave;ng : 097.147.7007 - 04.22121.999</b></p>\n	</li>\n</ul>\n\n<p dir=\"ltr\"><b id=\"docs-internal-guid-5f48481c-288c-5785-0e68-abeca4e8f0fa\">+) KH&Aacute;CH H&Agrave;NG NGOẠI TH&Agrave;NH:</b></p>\n\n<ul>\n	<li dir=\"ltr\">\n	<p dir=\"ltr\"><b id=\"docs-internal-guid-5f48481c-288c-5785-0e68-abeca4e8f0fa\">Kh&aacute;ch h&agrave;ng ở xa ho&agrave;n to&agrave;n c&oacute; thể nhận h&agrave;ng tại nh&agrave;, thanh to&aacute;n tiền h&agrave;ng trực tiếp cho nh&acirc;n vi&ecirc;n giao h&agrave;ng.</b></p>\n	</li>\n	<li dir=\"ltr\">\n	<p dir=\"ltr\"><b id=\"docs-internal-guid-5f48481c-288c-5785-0e68-abeca4e8f0fa\">Thời gian giao h&agrave;ng th&ocirc;ng thường từ 1-3 ng&agrave;y l&agrave;m việc.</b></p>\n	</li>\n	<li dir=\"ltr\">\n	<p dir=\"ltr\"><b id=\"docs-internal-guid-5f48481c-288c-5785-0e68-abeca4e8f0fa\">RICKY MIỀN NAM địa chỉ tại : 704-S&ocirc;ng M&acirc;y-Trảng Bom-Đồng Nai( cho những kh&aacute;ch h&agrave;ng ở khu vực n&agrave;y )</b></p>\n	</li>\n	<li dir=\"ltr\">\n	<p dir=\"ltr\"><b id=\"docs-internal-guid-5f48481c-288c-5785-0e68-abeca4e8f0fa\">Hotline đặt h&agrave;ng : 097.147.7007 - 04.22121.999</b></p>\n	</li>\n</ul>\n\n<p dir=\"ltr\"><b id=\"docs-internal-guid-5f48481c-288c-5785-0e68-abeca4e8f0fa\">####</b></p>\n\n<p dir=\"ltr\"><b id=\"docs-internal-guid-5f48481c-288c-5785-0e68-abeca4e8f0fa\">+) Mọi sản phẩm được đổi trả miễn ph&iacute; trong v&ograve;ng 7 ng&agrave;y đầu với bất cứ lỗi n&agrave;o của nh&agrave; sản xuất.</b></p>\n\n<p dir=\"ltr\"><b id=\"docs-internal-guid-5f48481c-288c-5785-0e68-abeca4e8f0fa\">+) Đổi mới sang sản phẩm mới MIỄN PH&Iacute; ( sản phẩm mới c&oacute; gi&aacute; trị lớn hơn hoặc tương tương sản phẩm đ&atilde; mua ) trong thời gian 1-3 ng&agrave;y đầu kể từ ng&agrave;y mua h&agrave;ng.</b></p>\n\n<p dir=\"ltr\"><b id=\"docs-internal-guid-5f48481c-288c-5785-0e68-abeca4e8f0fa\">+) Mọi chi tiết li&ecirc;n hệ : 097.147.7007 - 04.22121.999</b></p>\n\n<p dir=\"ltr\"><b id=\"docs-internal-guid-5f48481c-288c-5785-0e68-abeca4e8f0fa\">####</b></p>\n\n<p dir=\"ltr\"><b id=\"docs-internal-guid-5f48481c-288c-5785-0e68-abeca4e8f0fa\">BẢO H&Agrave;NH:</b></p>\n\n<p dir=\"ltr\"><b id=\"docs-internal-guid-5f48481c-288c-5785-0e68-abeca4e8f0fa\">2 năm | 24 th&aacute;ng 1 đổi 1 CH&Iacute;NH H&Atilde;NG</b></p>\n\n<p dir=\"ltr\"><b id=\"docs-internal-guid-5f48481c-288c-5785-0e68-abeca4e8f0fa\">SP c&oacute; sẵn h&agrave;ng</b></p>\n\n<p dir=\"ltr\"><b id=\"docs-internal-guid-5f48481c-288c-5785-0e68-abeca4e8f0fa\">RICKY MIỀN BẮC :</b></p>\n\n<p dir=\"ltr\"><b id=\"docs-internal-guid-5f48481c-288c-5785-0e68-abeca4e8f0fa\">Add: 203-Bờ S&ocirc;ng Mới-Ho&agrave;ng Mai-H&agrave; Nội</b></p>\n\n<p dir=\"ltr\"><b id=\"docs-internal-guid-5f48481c-288c-5785-0e68-abeca4e8f0fa\">RICKY MIỀN NAM:</b></p>\n\n<p dir=\"ltr\"><b id=\"docs-internal-guid-5f48481c-288c-5785-0e68-abeca4e8f0fa\">Add: 704-S&ocirc;ng M&acirc;y-Trảng Bom-Đồng Nai</b></p>\n\n<p dir=\"ltr\"><b id=\"docs-internal-guid-5f48481c-288c-5785-0e68-abeca4e8f0fa\">Hotline: 04.22121.999 - 097.147.7007</b></p>\n\n<p dir=\"ltr\"><b id=\"docs-internal-guid-5f48481c-288c-5785-0e68-abeca4e8f0fa\">####</b></p>\n\n<p dir=\"ltr\"><b id=\"docs-internal-guid-5f48481c-288c-5785-0e68-abeca4e8f0fa\">CAM KẾT:</b></p>\n\n<p dir=\"ltr\"><b id=\"docs-internal-guid-5f48481c-288c-5785-0e68-abeca4e8f0fa\">N&Oacute;I KH&Ocirc;NG VỚI H&Agrave;NG FAKE, X&Aacute;CH TAY, BẢO H&Agrave;NH &quot;MIỆNG&quot;, BỞI C&Aacute; NH&Acirc;N, L&Aacute;I BU&Ocirc;N.</b></p>\n\n<p></p>', 1, 0, 1, 1, 3, 2, 0, 2, 0, 2, 0, 0, '/222-59e5845ca39f5.png', '', 'MC-K900-SW', 'MC-K900-SW', '', 7, '2017-10-17 11:15:00', 0, 0, 0, 24, 1, '[]', 0, '', 3, '2017-10-17 11:18:26', 7, '2018-01-23 23:08:36'),
(10, 'Micro TY660', 'micro-ty660', '<p></p>', '<p><meta charset=\"utf-8\" /></p>\n\n<p dir=\"ltr\"><b id=\"docs-internal-guid-d9e77000-288e-3380-d6d8-21a189f8867b\">TY-660 </b></p>\n\n<p dir=\"ltr\"><b id=\"docs-internal-guid-d9e77000-288e-3380-d6d8-21a189f8867b\">l&agrave; d&ograve;ng micro kh&aacute; mới, với kiểu d&aacute;ng gần như BM800 ng&agrave;y trước, 1 d&ograve;ng micro đ&atilde; hết sức quen thuộc . </b></p>\n\n<p dir=\"ltr\"><b id=\"docs-internal-guid-d9e77000-288e-3380-d6d8-21a189f8867b\">Sinh sau đẻ muộn n&ecirc;n TY-660 mang trong m&igrave;nh những lợi thế vượt trội so với BM800 </b></p>\n\n<p dir=\"ltr\"><b id=\"docs-internal-guid-d9e77000-288e-3380-d6d8-21a189f8867b\">1) VỀ GI&Aacute;: Gi&aacute; th&agrave;nh của TY-660 chỉ bằng 2/3 so với BM800 nhưng được ưu &aacute;i v&ocirc; c&ugrave;ng về KIỂU D&Aacute;NG, CHẤT LIỆU v&agrave; CHẤT &Acirc;M. </b></p>\n\n<p dir=\"ltr\"><b id=\"docs-internal-guid-d9e77000-288e-3380-d6d8-21a189f8867b\">2) KIỂU D&Aacute;NG: Kiểu d&aacute;ng của c&aacute;c d&ograve;ng micro quen thuộc, nhưng độ ho&agrave;n thiện của Micro TY-660 kh&ocirc;ng hề h&agrave;ng m&atilde; với tầm gi&aacute; rẻ n&agrave;y . Chắc chắn, tinh xảo, đ&aacute;ng đồng tiền b&aacute;t gạo &nbsp;!</b></p>\n\n<p dir=\"ltr\"><b id=\"docs-internal-guid-d9e77000-288e-3380-d6d8-21a189f8867b\">3) CHẤT &Acirc;M: Với vocal kh&aacute; dầy v&agrave; ấm, đa năng từ thu &acirc;m cho đến h&aacute;t LIVE , KARAOKE th&igrave; Micro gi&aacute; rẻ TY-660 l&agrave; 1 sự lựa chọn kh&ocirc;ng thể NGON-BỔ-RẺ hơn !</b></p>\n\n<p dir=\"ltr\"><b id=\"docs-internal-guid-d9e77000-288e-3380-d6d8-21a189f8867b\">+) KH&Aacute;CH H&Agrave;NG NỘI TH&Agrave;NH:</b></p>\n\n<p dir=\"ltr\"><b id=\"docs-internal-guid-d9e77000-288e-3380-d6d8-21a189f8867b\">&nbsp;&gt;&gt; Q&uacute;y kh&aacute;ch c&oacute; thể mua h&agrave;ng theo 2 c&aacute;ch :</b></p>\n\n<ul>\n	<li dir=\"ltr\">\n	<p dir=\"ltr\"><b id=\"docs-internal-guid-d9e77000-288e-3380-d6d8-21a189f8867b\">Đến trực tiếp cửa h&agrave;ng của RICKY tại địa chỉ : 203 Đường Bờ S&ocirc;ng - Gần cầu Khỉ - Ho&agrave;ng Mai - H&agrave; Nội.</b></p>\n	</li>\n	<li dir=\"ltr\">\n	<p dir=\"ltr\"><b id=\"docs-internal-guid-d9e77000-288e-3380-d6d8-21a189f8867b\">Nhận h&agrave;ng tại nh&agrave; ! Đặt h&agrave;ng nhanh qua WEB RICKY.VN !</b></p>\n	</li>\n	<li dir=\"ltr\">\n	<p dir=\"ltr\"><b id=\"docs-internal-guid-d9e77000-288e-3380-d6d8-21a189f8867b\">Hotline đặt h&agrave;ng : 097.147.7007 - 04.22121.999</b></p>\n	</li>\n</ul>\n\n<p dir=\"ltr\"><b id=\"docs-internal-guid-d9e77000-288e-3380-d6d8-21a189f8867b\">+) KH&Aacute;CH H&Agrave;NG NGOẠI TH&Agrave;NH:</b></p>\n\n<ul>\n	<li dir=\"ltr\">\n	<p dir=\"ltr\"><b id=\"docs-internal-guid-d9e77000-288e-3380-d6d8-21a189f8867b\">Kh&aacute;ch h&agrave;ng ở xa ho&agrave;n to&agrave;n c&oacute; thể nhận h&agrave;ng tại nh&agrave;, thanh to&aacute;n tiền h&agrave;ng trực tiếp cho nh&acirc;n vi&ecirc;n giao h&agrave;ng.</b></p>\n	</li>\n	<li dir=\"ltr\">\n	<p dir=\"ltr\"><b id=\"docs-internal-guid-d9e77000-288e-3380-d6d8-21a189f8867b\">Thời gian giao h&agrave;ng th&ocirc;ng thường từ 1-3 ng&agrave;y l&agrave;m việc.</b></p>\n	</li>\n	<li dir=\"ltr\">\n	<p dir=\"ltr\"><b id=\"docs-internal-guid-d9e77000-288e-3380-d6d8-21a189f8867b\">RICKY MIỀN NAM địa chỉ tại : 704-S&ocirc;ng M&acirc;y-Trảng Bom-Đồng Nai( cho những kh&aacute;ch h&agrave;ng ở khu vực n&agrave;y )</b></p>\n	</li>\n	<li dir=\"ltr\">\n	<p dir=\"ltr\"><b id=\"docs-internal-guid-d9e77000-288e-3380-d6d8-21a189f8867b\">Hotline đặt h&agrave;ng : 097.147.7007 - 04.22121.999</b></p>\n	</li>\n</ul>\n\n<p dir=\"ltr\"><b id=\"docs-internal-guid-d9e77000-288e-3380-d6d8-21a189f8867b\">####</b></p>\n\n<p dir=\"ltr\"><b id=\"docs-internal-guid-d9e77000-288e-3380-d6d8-21a189f8867b\">+) Mọi sản phẩm được đổi trả miễn ph&iacute; trong v&ograve;ng 7 ng&agrave;y đầu với bất cứ lỗi n&agrave;o của nh&agrave; sản xuất.</b></p>\n\n<p dir=\"ltr\"><b id=\"docs-internal-guid-d9e77000-288e-3380-d6d8-21a189f8867b\">+) Đổi mới sang sản phẩm mới MIỄN PH&Iacute; ( sản phẩm mới c&oacute; gi&aacute; trị lớn hơn hoặc tương tương sản phẩm đ&atilde; mua ) trong thời gian 1-3 ng&agrave;y đầu kể từ ng&agrave;y mua h&agrave;ng.</b></p>\n\n<p dir=\"ltr\"><b id=\"docs-internal-guid-d9e77000-288e-3380-d6d8-21a189f8867b\">+) Mọi chi tiết li&ecirc;n hệ : 097.147.7007 - 04.22121.999</b></p>\n\n<p dir=\"ltr\"><b id=\"docs-internal-guid-d9e77000-288e-3380-d6d8-21a189f8867b\">####</b></p>\n\n<p dir=\"ltr\"><b id=\"docs-internal-guid-d9e77000-288e-3380-d6d8-21a189f8867b\">BẢO H&Agrave;NH:</b></p>\n\n<p dir=\"ltr\"><b id=\"docs-internal-guid-d9e77000-288e-3380-d6d8-21a189f8867b\">2 năm | 24 th&aacute;ng 1 đổi 1 CH&Iacute;NH H&Atilde;NG</b></p>\n\n<p dir=\"ltr\"><b id=\"docs-internal-guid-d9e77000-288e-3380-d6d8-21a189f8867b\">RICKY MIỀN BẮC :</b></p>\n\n<p dir=\"ltr\"><b id=\"docs-internal-guid-d9e77000-288e-3380-d6d8-21a189f8867b\">Add: 203-Bờ S&ocirc;ng Mới-Ho&agrave;ng Mai-H&agrave; Nội</b></p>\n\n<p dir=\"ltr\"><b id=\"docs-internal-guid-d9e77000-288e-3380-d6d8-21a189f8867b\">RICKY MIỀN NAM:</b></p>\n\n<p dir=\"ltr\"><b id=\"docs-internal-guid-d9e77000-288e-3380-d6d8-21a189f8867b\">Add: 704-S&ocirc;ng M&acirc;y-Trảng Bom-Đồng Nai</b></p>\n\n<p dir=\"ltr\"><b id=\"docs-internal-guid-d9e77000-288e-3380-d6d8-21a189f8867b\">Hotline: 04.22121.999 - 097.147.7007</b></p>\n\n<p dir=\"ltr\"><b id=\"docs-internal-guid-d9e77000-288e-3380-d6d8-21a189f8867b\">####</b></p>\n\n<p dir=\"ltr\"><b id=\"docs-internal-guid-d9e77000-288e-3380-d6d8-21a189f8867b\">CAM KẾT:</b></p>\n\n<p dir=\"ltr\"><b id=\"docs-internal-guid-d9e77000-288e-3380-d6d8-21a189f8867b\">N&Oacute;I KH&Ocirc;NG VỚI H&Agrave;NG FAKE, X&Aacute;CH TAY, BẢO H&Agrave;NH &quot;MIỆNG&quot;, BỞI C&Aacute; NH&Acirc;N, L&Aacute;I BU&Ocirc;N.</b></p>\n\n<p></p>', 1, 2, 2, 1, 1, 2, 0, 0, 0, 2, 400000, 450, '//1-59f835029adfc.jpg', '', '110300000', 'MC-TY660', '', 635, '2017-10-17 11:15:00', 0, 0, 0, 24, 1, '[]', 2, '', 3, '2017-10-17 11:21:10', 19, '2018-03-28 23:41:15'),
(11, 'Takstar SM-8B', 'takstar-sm-8b', '<p></p>', '<p><meta charset=\"utf-8\" /></p>\n\n<p dir=\"ltr\"><b id=\"docs-internal-guid-4a4a6a19-2890-a2e9-6de7-d6907b80a629\">MICRO TAKSTAR SM-8B | Phi&ecirc;n bản cải tiến to&agrave;n diện của K200</b></p>\n\n<p dir=\"ltr\"><b id=\"docs-internal-guid-4a4a6a19-2890-a2e9-6de7-d6907b80a629\">Th&ocirc;ng số chi tiết sản phẩm</b></p>\n\n<p dir=\"ltr\"><b id=\"docs-internal-guid-4a4a6a19-2890-a2e9-6de7-d6907b80a629\">Tần số đ&aacute;p ứng: 30Hz &ndash; 20kHz</b></p>\n\n<p dir=\"ltr\"><b id=\"docs-internal-guid-4a4a6a19-2890-a2e9-6de7-d6907b80a629\">Độ nhạy: -38dB&plusmn;2dB (0dB=1V/Pa at 1kHz)</b></p>\n\n<p dir=\"ltr\"><b id=\"docs-internal-guid-4a4a6a19-2890-a2e9-6de7-d6907b80a629\">Nguồn điện: 48V DC</b></p>\n\n<p dir=\"ltr\"><b id=\"docs-internal-guid-4a4a6a19-2890-a2e9-6de7-d6907b80a629\">K&iacute;ch thước: 54 &times; 128 mm</b></p>\n\n<p dir=\"ltr\"><b id=\"docs-internal-guid-4a4a6a19-2890-a2e9-6de7-d6907b80a629\">Trọng lượng: 371g</b></p>\n\n<p dir=\"ltr\"><b id=\"docs-internal-guid-4a4a6a19-2890-a2e9-6de7-d6907b80a629\">M&agrave;u sắc: N&acirc;u ghi x&aacute;m c&oacute; phủ b&oacute;ng</b></p>\n\n<p dir=\"ltr\"><b id=\"docs-internal-guid-4a4a6a19-2890-a2e9-6de7-d6907b80a629\"><img height=\"540\" src=\"https://lh6.googleusercontent.com/MTu8ZbuGKwvEcQDt4dCEmVHOzmEyEoXcLPtvX1SocaTWYhVhNRXe5AWpDvDsAd3j4SfuOTITA1eYtZJh_bfls_0I69LZmb5yPo-4OzhuDL7iJYyUIegWEV_qTKXRTZQJWqfD9N5U\" width=\"540\" /></b></p>\n\n<p dir=\"ltr\"><b id=\"docs-internal-guid-4a4a6a19-2890-a2e9-6de7-d6907b80a629\">H&igrave;nh ảnh thực tế: Micro Takstar SM-8B</b></p>\n\n<p dir=\"ltr\"><b id=\"docs-internal-guid-4a4a6a19-2890-a2e9-6de7-d6907b80a629\">Sau th&agrave;nh c&ocirc;ng vang dội của PC-K200, TAKSTAR cho ra một d&ograve;ng micro mới với những khả năng ho&agrave;n to&agrave;n vượt trội hơn cả d&ograve;ng cũ. D&ograve;ng micro thu &acirc;m Takstar SM-8B mới với chất &acirc;m được cải thiện d&agrave;y, ấm hơn, độ nhạy v&agrave; độ ổn định cao hơn, thiết kế bền chắc, b&oacute;ng bẩy, chắc chắn sẽ c&ograve;n th&agrave;nh c&ocirc;ng hơn cả PC-K200 đ&igrave;nh đ&aacute;m.</b></p>\n\n<ul>\n	<li dir=\"ltr\">\n	<p dir=\"ltr\"><b id=\"docs-internal-guid-4a4a6a19-2890-a2e9-6de7-d6907b80a629\">Vocal trong trẻo, ấm v&agrave; thật hơn K200</b></p>\n	</li>\n</ul>\n\n<p dir=\"ltr\"><b id=\"docs-internal-guid-4a4a6a19-2890-a2e9-6de7-d6907b80a629\">Nếu như chất &acirc;m s&aacute;ng v&agrave; c&oacute; phần hơn sắc của K200 dễ d&agrave;ng &ldquo;ph&ocirc;&rdquo; ra hết khuyết điểm của những bạn c&oacute; giọng mỏng, ch&oacute;e th&igrave; SM-8B đ&atilde; ho&agrave;n to&agrave;n cải thiện được điều đ&oacute;: chất &acirc;m đ&atilde; d&agrave;y v&agrave; tối hơn, kh&ocirc;ng c&ograve;n bị &aacute;m treble, tuy nhi&ecirc;n vẫn giữ được độ trong trẻo của &acirc;m thu v&agrave; t&ocirc;n l&ecirc;n mọi loại giọng.</b></p>\n\n<p dir=\"ltr\"><b id=\"docs-internal-guid-4a4a6a19-2890-a2e9-6de7-d6907b80a629\">Ngo&agrave;i ra, chất &acirc;m kh&ocirc;ng được ch&acirc;n thật ho&agrave;n to&agrave;n của K200 cũng đ&atilde; được cải thiện ở SM-8B. V&igrave; thế, SM-8B sẽ ph&ugrave; hợp với việc thu &acirc;m hơn so với K200.</b></p>\n\n<ul>\n	<li dir=\"ltr\">\n	<p dir=\"ltr\"><b id=\"docs-internal-guid-4a4a6a19-2890-a2e9-6de7-d6907b80a629\">Độ nhạy v&agrave; độ ổn định cao hơn</b></p>\n	</li>\n</ul>\n\n<p dir=\"ltr\"><b id=\"docs-internal-guid-4a4a6a19-2890-a2e9-6de7-d6907b80a629\">D&ugrave; độ nhạy của K200 đ&atilde; kh&aacute; cao: -35dB&plusmn;3dB (0dB=1V/Pa at1kHz), nhưng độ nhạy của SM-8B c&ograve;n cao hơn nữa, d&ugrave; vẫn giữ nguy&ecirc;n được thiết kế hướng thu cardiod - hướng thu tập trung ở ph&iacute;a trước - cực tiện lợi v&agrave; tr&aacute;nh được tạp &acirc;m. Điều n&agrave;y cũng c&oacute; nghĩa l&agrave; SM-8B sẽ c&oacute; &acirc;m thu trọn vẹn, tr&ograve;n trịa hơn, bắt &acirc;m rất tốt m&agrave; kh&ocirc;ng bị lẫn qu&aacute; nhiều tạp &acirc;m.</b></p>\n\n<p dir=\"ltr\"><b id=\"docs-internal-guid-4a4a6a19-2890-a2e9-6de7-d6907b80a629\">SM-8B cũng ổn định hơn K200 ở việc mic sẽ &iacute;t bị h&uacute; hơn mỗi khi bị ngoại lực t&aacute;c động v&agrave;o.</b></p>\n\n<ul>\n	<li dir=\"ltr\">\n	<p dir=\"ltr\"><b id=\"docs-internal-guid-4a4a6a19-2890-a2e9-6de7-d6907b80a629\">Thiết kế b&oacute;ng bẩy, sạch sẽ</b></p>\n	</li>\n</ul>\n\n<p dir=\"ltr\"><b id=\"docs-internal-guid-4a4a6a19-2890-a2e9-6de7-d6907b80a629\">SM-8B c&oacute; m&agrave;u n&acirc;u x&aacute;m đậm, phủ b&oacute;ng n&ecirc;n sẽ kh&aacute; sạch sẽ, kh&ocirc;ng bị ố, rỉ s&eacute;t như những d&ograve;ng mic l&agrave;m bằng kim loại th&ocirc;ng thường kh&aacute;c. Mic cầm kh&aacute; chắc v&agrave; nặng tay do c&oacute; trọng lượng lớn, v&igrave; thế cũng sẽ c&oacute; cảm gi&aacute;c bền hơn so với những d&ograve;ng kh&aacute;c.</b></p>\n\n<p dir=\"ltr\"><b id=\"docs-internal-guid-4a4a6a19-2890-a2e9-6de7-d6907b80a629\">Box ri&ecirc;ng của SM-8B cũng được cấu tạo ri&ecirc;ng rất cao cấp, điều hiếm thấy được ở những d&ograve;ng mic dưới 2.000.000đ.</b></p>\n\n<p dir=\"ltr\"><b id=\"docs-internal-guid-4a4a6a19-2890-a2e9-6de7-d6907b80a629\">&gt;&gt;&gt;Lưu &yacute;: &nbsp;Micro Takstar SM-8B l&agrave; d&ograve;ng micro cần nguồn 48V n&ecirc;n nếu kết hợp với c&aacute;c d&ograve;ng soundcard kh&ocirc;ng t&iacute;ch hợp sẵn nguồn 48V th&igrave; sẽ bắt buộc phải c&oacute; th&ecirc;m cục nguồn Phantom 48V để sử dụng được.</b></p>\n\n<p dir=\"ltr\"><b id=\"docs-internal-guid-4a4a6a19-2890-a2e9-6de7-d6907b80a629\">Micro TAKSTAR SM-8B (FULL) l&agrave; 1 set đầy đủ của micro TAKSTAR SM-8B đ&atilde; bao gồm:</b></p>\n\n<ul>\n	<li dir=\"ltr\">\n	<p dir=\"ltr\"><b id=\"docs-internal-guid-4a4a6a19-2890-a2e9-6de7-d6907b80a629\">1 bộ micro TAKSTAR SM-8B (theo h&atilde;ng gồm 1 micro, 1 b&ocirc;ng lọc, 1 g&aacute; giữ mic)</b></p>\n	</li>\n	<li dir=\"ltr\">\n	<p dir=\"ltr\"><b id=\"docs-internal-guid-4a4a6a19-2890-a2e9-6de7-d6907b80a629\">1 cục nguồn Phantom 48V</b></p>\n	</li>\n	<li dir=\"ltr\">\n	<p dir=\"ltr\"><b id=\"docs-internal-guid-4a4a6a19-2890-a2e9-6de7-d6907b80a629\">1 c&aacute;p XLR-XLR</b></p>\n	</li>\n	<li dir=\"ltr\">\n	<p dir=\"ltr\"><b id=\"docs-internal-guid-4a4a6a19-2890-a2e9-6de7-d6907b80a629\">1 c&aacute;p XLR-3.5MM</b></p>\n	</li>\n</ul>\n\n<p dir=\"ltr\"><b id=\"docs-internal-guid-4a4a6a19-2890-a2e9-6de7-d6907b80a629\">Ứng dụng: TAKSTAR SM-8B c&oacute; thể kết hợp được với tất cả c&aacute;c d&ograve;ng sound card, c&oacute; thể d&ugrave;ng trong cả thu &acirc;m lẫn h&aacute;t live, livestream, karaoke,.v..v..</b></p>\n\n<p dir=\"ltr\"><b id=\"docs-internal-guid-4a4a6a19-2890-a2e9-6de7-d6907b80a629\">####</b></p>\n\n<p dir=\"ltr\"><b id=\"docs-internal-guid-4a4a6a19-2890-a2e9-6de7-d6907b80a629\">+) KH&Aacute;CH H&Agrave;NG NỘI TH&Agrave;NH:</b></p>\n\n<p dir=\"ltr\"><b id=\"docs-internal-guid-4a4a6a19-2890-a2e9-6de7-d6907b80a629\">&nbsp;&gt;&gt; Q&uacute;y kh&aacute;ch c&oacute; thể mua h&agrave;ng theo 2 c&aacute;ch :</b></p>\n\n<ul>\n	<li dir=\"ltr\">\n	<p dir=\"ltr\"><b id=\"docs-internal-guid-4a4a6a19-2890-a2e9-6de7-d6907b80a629\">Đến trực tiếp cửa h&agrave;ng của RICKY tại địa chỉ : 203 Đường Bờ S&ocirc;ng - Gần cầu Khỉ - Ho&agrave;ng Mai - H&agrave; Nội.</b></p>\n	</li>\n	<li dir=\"ltr\">\n	<p dir=\"ltr\"><b id=\"docs-internal-guid-4a4a6a19-2890-a2e9-6de7-d6907b80a629\">Nhận h&agrave;ng tại nh&agrave; ! Đặt h&agrave;ng nhanh qua WEB RICKY.VN !</b></p>\n	</li>\n	<li dir=\"ltr\">\n	<p dir=\"ltr\"><b id=\"docs-internal-guid-4a4a6a19-2890-a2e9-6de7-d6907b80a629\">Hotline đặt h&agrave;ng : 097.147.7007 - 04.22121.999</b></p>\n	</li>\n</ul>\n\n<p dir=\"ltr\"><b id=\"docs-internal-guid-4a4a6a19-2890-a2e9-6de7-d6907b80a629\">+) KH&Aacute;CH H&Agrave;NG NGOẠI TH&Agrave;NH:</b></p>\n\n<ul>\n	<li dir=\"ltr\">\n	<p dir=\"ltr\"><b id=\"docs-internal-guid-4a4a6a19-2890-a2e9-6de7-d6907b80a629\">Kh&aacute;ch h&agrave;ng ở xa ho&agrave;n to&agrave;n c&oacute; thể nhận h&agrave;ng tại nh&agrave;, thanh to&aacute;n tiền h&agrave;ng trực tiếp cho nh&acirc;n vi&ecirc;n giao h&agrave;ng.</b></p>\n	</li>\n	<li dir=\"ltr\">\n	<p dir=\"ltr\"><b id=\"docs-internal-guid-4a4a6a19-2890-a2e9-6de7-d6907b80a629\">Thời gian giao h&agrave;ng th&ocirc;ng thường từ 1-3 ng&agrave;y l&agrave;m việc.</b></p>\n	</li>\n	<li dir=\"ltr\">\n	<p dir=\"ltr\"><b id=\"docs-internal-guid-4a4a6a19-2890-a2e9-6de7-d6907b80a629\">RICKY MIỀN NAM địa chỉ tại : 704-S&ocirc;ng M&acirc;y-Trảng Bom-Đồng Nai( cho những kh&aacute;ch h&agrave;ng ở khu vực n&agrave;y )</b></p>\n	</li>\n	<li dir=\"ltr\">\n	<p dir=\"ltr\"><b id=\"docs-internal-guid-4a4a6a19-2890-a2e9-6de7-d6907b80a629\">Hotline đặt h&agrave;ng : 097.147.7007 - 04.22121.999</b></p>\n	</li>\n</ul>\n\n<p dir=\"ltr\"><b id=\"docs-internal-guid-4a4a6a19-2890-a2e9-6de7-d6907b80a629\">####</b></p>\n\n<p dir=\"ltr\"><b id=\"docs-internal-guid-4a4a6a19-2890-a2e9-6de7-d6907b80a629\">+) Mọi sản phẩm được đổi trả miễn ph&iacute; trong v&ograve;ng 7 ng&agrave;y đầu với bất cứ lỗi n&agrave;o của nh&agrave; sản xuất.</b></p>\n\n<p dir=\"ltr\"><b id=\"docs-internal-guid-4a4a6a19-2890-a2e9-6de7-d6907b80a629\">+) Đổi mới sang sản phẩm mới MIỄN PH&Iacute; ( sản phẩm mới c&oacute; gi&aacute; trị lớn hơn hoặc tương tương sản phẩm đ&atilde; mua ) trong thời gian 1-3 ng&agrave;y đầu kể từ ng&agrave;y mua h&agrave;ng.</b></p>\n\n<p dir=\"ltr\"><b id=\"docs-internal-guid-4a4a6a19-2890-a2e9-6de7-d6907b80a629\">+) Mọi chi tiết li&ecirc;n hệ : 097.147.7007 - 04.22121.999</b></p>\n\n<p dir=\"ltr\"><b id=\"docs-internal-guid-4a4a6a19-2890-a2e9-6de7-d6907b80a629\">####</b></p>\n\n<p dir=\"ltr\"><b id=\"docs-internal-guid-4a4a6a19-2890-a2e9-6de7-d6907b80a629\">BẢO H&Agrave;NH:</b></p>\n\n<p dir=\"ltr\"><b id=\"docs-internal-guid-4a4a6a19-2890-a2e9-6de7-d6907b80a629\">2 năm | 24 th&aacute;ng 1 đổi 1 CH&Iacute;NH H&Atilde;NG</b></p>\n\n<p dir=\"ltr\"><b id=\"docs-internal-guid-4a4a6a19-2890-a2e9-6de7-d6907b80a629\">RICKY MIỀN BẮC :</b></p>\n\n<p dir=\"ltr\"><b id=\"docs-internal-guid-4a4a6a19-2890-a2e9-6de7-d6907b80a629\">Add: 203-Bờ S&ocirc;ng Mới-Ho&agrave;ng Mai-H&agrave; Nội</b></p>\n\n<p dir=\"ltr\"><b id=\"docs-internal-guid-4a4a6a19-2890-a2e9-6de7-d6907b80a629\">RICKY MIỀN NAM:</b></p>\n\n<p dir=\"ltr\"><b id=\"docs-internal-guid-4a4a6a19-2890-a2e9-6de7-d6907b80a629\">Add: 704-S&ocirc;ng M&acirc;y-Trảng Bom-Đồng Nai</b></p>\n\n<p dir=\"ltr\"><b id=\"docs-internal-guid-4a4a6a19-2890-a2e9-6de7-d6907b80a629\">Hotline: 04.22121.999 - 097.147.7007</b></p>\n\n<p dir=\"ltr\"><b id=\"docs-internal-guid-4a4a6a19-2890-a2e9-6de7-d6907b80a629\">####</b></p>\n\n<p dir=\"ltr\"><b id=\"docs-internal-guid-4a4a6a19-2890-a2e9-6de7-d6907b80a629\">CAM KẾT:</b></p>\n\n<p dir=\"ltr\"><b id=\"docs-internal-guid-4a4a6a19-2890-a2e9-6de7-d6907b80a629\">N&Oacute;I KH&Ocirc;NG VỚI H&Agrave;NG FAKE, X&Aacute;CH TAY, BẢO H&Agrave;NH &quot;MIỆNG&quot;, BỞI C&Aacute; NH&Acirc;N, L&Aacute;I BU&Ocirc;N.</b></p>\n\n<p></p>', 1, 0, 1, 1, 1, 2, 0, 1, 1, 1, 1, 1, '/1-59e585ab0e4e1.jpg', '', '110120100', 'MC-SM8B-SW', '', 2, '2017-10-17 11:15:00', 0, 0, 0, 24, 1, '[]', 0, '', 3, '2017-10-17 11:24:20', 3, '2018-03-27 16:08:57'),
(12, 'Focusrite Scarlett 2i2 G2', 'focusrite-2i2-gen-1', '<p></p>', '<p><meta charset=\"utf-8\" /></p>\n\n<p dir=\"ltr\"><b id=\"docs-internal-guid-a221ae1d-2893-d24d-ff7a-f417d26bffe3\">FOCUSRITE SCARLETT 2I2 GEN 1 | C&ocirc;ng cụ hỗ trợ cho ph&ograve;ng thu chuy&ecirc;n nghiệp.</b></p>\n\n<p dir=\"ltr\"><b id=\"docs-internal-guid-a221ae1d-2893-d24d-ff7a-f417d26bffe3\">Nếu như bạn đang t&igrave;m hiểu v&agrave; c&oacute; đam m&ecirc;, c&oacute; nhu cầu THU &Acirc;M CHUY&Ecirc;N NGHIỆP với &Acirc;M THANH TỐT, CHẤT LƯỢNG CAO th&igrave; Soundcard Scarlett 2I2 GEN 1 ch&iacute;nh l&agrave; thiết bị ph&ugrave; hợp cho ph&ograve;ng thu của bạn. Soundcard Scarlett 2I2 GEN 1 nhập khẩu ch&iacute;nh h&atilde;ng từ Anh quốc gi&uacute;p hỗ trợ thu &acirc;m chuy&ecirc;n nghiệp ĐA DẠNG, cho &acirc;m thanh trong, thật với khả năng khuếch đại mạnh mẽ; ngo&agrave;i ra, soundcard c&oacute; hỗ trợ cả h&aacute;t LIVE với nhiều hiệu ứng đa dạng kh&aacute;c.</b></p>\n\n<p dir=\"ltr\"><b id=\"docs-internal-guid-a221ae1d-2893-d24d-ff7a-f417d26bffe3\"><img alt=\"soundcard scarlett 2i2 gen 1 giá rẻ ricky\" height=\"540\" src=\"https://lh3.googleusercontent.com/qNhDo0_-oY3xMtVf3RUKhh9mZVqWe2SmQh_Cu1-gUDyZXfxdc8Sevh8lGUiCnDIQ9Xr22gkB1gcIxQc4Z7IRsKmGjxyXlC-quSvN1NCvuKVlr1AAsYPMcEtyJjNWbPNdF4FasZlr\" width=\"540\" /></b></p>\n\n<p dir=\"ltr\"><b id=\"docs-internal-guid-a221ae1d-2893-d24d-ff7a-f417d26bffe3\">H&igrave;nh ảnh thực tế: Sound card Scarlett 2i2</b></p>\n\n<ul>\n	<li dir=\"ltr\">\n	<p dir=\"ltr\"><b id=\"docs-internal-guid-a221ae1d-2893-d24d-ff7a-f417d26bffe3\">Khả năng khuếch đại &acirc;m thanh mạnh mẽ</b></p>\n	</li>\n</ul>\n\n<p dir=\"ltr\"><b id=\"docs-internal-guid-a221ae1d-2893-d24d-ff7a-f417d26bffe3\">Soundcard Scarlett 2I2 GEN 1 c&oacute; khả năng khuếch đại &acirc;m thanh thu v&agrave;o cực mạnh m&agrave; kh&ocirc;ng g&acirc;y vỡ, r&egrave; tiếng BẤT KỂ KHI KẾT HỢP VỚI D&Ograve;NG MICRO N&Agrave;O. Điều n&agrave;y rất quan trọng đối với việc thu &acirc;m MỘT C&Aacute;CH CH&Iacute;NH X&Aacute;C giọng h&aacute;t v&agrave; c&aacute;c nhạc cụ trong studio. Tuy nhi&ecirc;n, c&aacute;c d&ograve;ng micro ph&ugrave; hợp, đưa ra kết quả thu tốt hơn khi kết hợp với Soundcard Scarlett 2I2 GEN 1 n&ecirc;n l&agrave; những d&ograve;ng micro đi k&egrave;m nguồn 48V - để c&oacute; thể sử dụng tốt nhất tất cả c&aacute;c chức năng của cả micro lẫn soundcard.</b></p>\n\n<ul>\n	<li dir=\"ltr\">\n	<p dir=\"ltr\"><b id=\"docs-internal-guid-a221ae1d-2893-d24d-ff7a-f417d26bffe3\">Cổng &acirc;m thanh sắp xếp hợp l&yacute;, đầy đủ</b></p>\n	</li>\n</ul>\n\n<p dir=\"ltr\"><b id=\"docs-internal-guid-a221ae1d-2893-d24d-ff7a-f417d26bffe3\">Soundcard Scarlett 2I2 GEN 1 c&oacute; 2 cổng đầu v&agrave;o c&ugrave;ng n&uacute;t vặn chỉnh &acirc;m lượng mỗi b&ecirc;n hỗ trợ cho việc thu &acirc;m 2 loại &acirc;m thanh C&Ugrave;NG MỘT L&Uacute;C. Đ&acirc;y l&agrave; t&iacute;nh năng rất tiện lợi cho việc thu &acirc;m c&aacute;c bản SONG CA, LIVE ACOUSTIC,&hellip;v.v</b></p>\n\n<p dir=\"ltr\"><b id=\"docs-internal-guid-a221ae1d-2893-d24d-ff7a-f417d26bffe3\">Soundcard Scarlett 2I2 GEN 1 cũng hỗ trợ 2 đầu ra (tai nghe v&agrave; loa) c&ugrave;ng n&uacute;t vặn điều chỉnh &acirc;m lượng cho từng b&ecirc;n gi&uacute;p thuận lợi hơn cho việc kiểm &acirc;m với cả tai nghe v&agrave; loa c&ugrave;ng một l&uacute;c.</b></p>\n\n<ul>\n	<li dir=\"ltr\">\n	<p dir=\"ltr\"><b id=\"docs-internal-guid-a221ae1d-2893-d24d-ff7a-f417d26bffe3\">Thiết kế thanh nh&atilde;, chuy&ecirc;n nghiệp</b></p>\n	</li>\n</ul>\n\n<p dir=\"ltr\"><b id=\"docs-internal-guid-a221ae1d-2893-d24d-ff7a-f417d26bffe3\">Soundcard Scarlett 2I2 GEN 1 được thiết kế nhỏ gọn, m&agrave;u đỏ trầm c&oacute; mặt giả xước l&agrave;m vẻ ngo&agrave;i th&ecirc;m tao nh&atilde;, chuy&ecirc;n nghiệp, ph&ugrave; hợp với h&igrave;nh ảnh ph&ograve;ng thu &acirc;m trong mơ của bạn.</b></p>\n\n<p dir=\"ltr\"><b id=\"docs-internal-guid-a221ae1d-2893-d24d-ff7a-f417d26bffe3\">C&Aacute;C COMBO BAO GỒM Soundcard Scarlett 2I2 GEN 1 HIỆN NAY TẠI RICKY STUDIO</b></p>\n\n<p dir=\"ltr\"><b id=\"docs-internal-guid-a221ae1d-2893-d24d-ff7a-f417d26bffe3\">(chưa cập nhật)</b></p>\n\n<p dir=\"ltr\"><b id=\"docs-internal-guid-a221ae1d-2893-d24d-ff7a-f417d26bffe3\">####</b></p>\n\n<p dir=\"ltr\"><b id=\"docs-internal-guid-a221ae1d-2893-d24d-ff7a-f417d26bffe3\">+) KH&Aacute;CH H&Agrave;NG NỘI TH&Agrave;NH:</b></p>\n\n<p dir=\"ltr\"><b id=\"docs-internal-guid-a221ae1d-2893-d24d-ff7a-f417d26bffe3\">&nbsp;&gt;&gt; Q&uacute;y kh&aacute;ch c&oacute; thể mua h&agrave;ng theo 2 c&aacute;ch :</b></p>\n\n<ul>\n	<li dir=\"ltr\">\n	<p dir=\"ltr\"><b id=\"docs-internal-guid-a221ae1d-2893-d24d-ff7a-f417d26bffe3\">Đến trực tiếp cửa h&agrave;ng của RICKY tại địa chỉ : 203 Đường Bờ S&ocirc;ng - Gần cầu Khỉ - Ho&agrave;ng Mai - H&agrave; Nội.</b></p>\n	</li>\n	<li dir=\"ltr\">\n	<p dir=\"ltr\"><b id=\"docs-internal-guid-a221ae1d-2893-d24d-ff7a-f417d26bffe3\">Nhận h&agrave;ng tại nh&agrave; ! Đặt h&agrave;ng nhanh qua WEB RICKY.VN !</b></p>\n	</li>\n	<li dir=\"ltr\">\n	<p dir=\"ltr\"><b id=\"docs-internal-guid-a221ae1d-2893-d24d-ff7a-f417d26bffe3\">Hotline đặt h&agrave;ng : 097.147.7007 - 04.22121.999</b></p>\n	</li>\n</ul>\n\n<p dir=\"ltr\"><b id=\"docs-internal-guid-a221ae1d-2893-d24d-ff7a-f417d26bffe3\">+) KH&Aacute;CH H&Agrave;NG NGOẠI TH&Agrave;NH:</b></p>\n\n<ul>\n	<li dir=\"ltr\">\n	<p dir=\"ltr\"><b id=\"docs-internal-guid-a221ae1d-2893-d24d-ff7a-f417d26bffe3\">Kh&aacute;ch h&agrave;ng ở xa ho&agrave;n to&agrave;n c&oacute; thể nhận h&agrave;ng tại nh&agrave;, thanh to&aacute;n tiền h&agrave;ng trực tiếp cho nh&acirc;n vi&ecirc;n giao h&agrave;ng.</b></p>\n	</li>\n	<li dir=\"ltr\">\n	<p dir=\"ltr\"><b id=\"docs-internal-guid-a221ae1d-2893-d24d-ff7a-f417d26bffe3\">Thời gian giao h&agrave;ng th&ocirc;ng thường từ 1-3 ng&agrave;y l&agrave;m việc.</b></p>\n	</li>\n	<li dir=\"ltr\">\n	<p dir=\"ltr\"><b id=\"docs-internal-guid-a221ae1d-2893-d24d-ff7a-f417d26bffe3\">RICKY MIỀN NAM địa chỉ tại : 704-S&ocirc;ng M&acirc;y-Trảng Bom-Đồng Nai( cho những kh&aacute;ch h&agrave;ng ở khu vực n&agrave;y )</b></p>\n	</li>\n	<li dir=\"ltr\">\n	<p dir=\"ltr\"><b id=\"docs-internal-guid-a221ae1d-2893-d24d-ff7a-f417d26bffe3\">Hotline đặt h&agrave;ng : 097.147.7007 - 04.22121.999</b></p>\n	</li>\n</ul>\n\n<p dir=\"ltr\"></p>\n\n<p dir=\"ltr\"><b id=\"docs-internal-guid-a221ae1d-2893-d24d-ff7a-f417d26bffe3\">+) Mọi sản phẩm được đổi trả miễn ph&iacute; trong v&ograve;ng 7 ng&agrave;y đầu với bất cứ lỗi n&agrave;o của nh&agrave; sản xuất.</b></p>\n\n<p dir=\"ltr\"><b id=\"docs-internal-guid-a221ae1d-2893-d24d-ff7a-f417d26bffe3\">+) Đổi mới sang sản phẩm mới MIỄN PH&Iacute; ( sản phẩm mới c&oacute; gi&aacute; trị lớn hơn hoặc tương tương sản phẩm đ&atilde; mua ) trong thời gian 1-3 ng&agrave;y đầu kể từ ng&agrave;y mua h&agrave;ng.</b></p>\n\n<p dir=\"ltr\"><b id=\"docs-internal-guid-a221ae1d-2893-d24d-ff7a-f417d26bffe3\">+) Mọi chi tiết li&ecirc;n hệ : 097.147.7007 - 04.22121.999</b></p>\n\n<p dir=\"ltr\"></p>\n\n<p dir=\"ltr\"><b id=\"docs-internal-guid-a221ae1d-2893-d24d-ff7a-f417d26bffe3\">BẢO H&Agrave;NH:</b></p>\n\n<p dir=\"ltr\"><b id=\"docs-internal-guid-a221ae1d-2893-d24d-ff7a-f417d26bffe3\">2 năm | 24 th&aacute;ng 1 đổi 1 CH&Iacute;NH H&Atilde;NG</b></p>\n\n<p dir=\"ltr\"><b id=\"docs-internal-guid-a221ae1d-2893-d24d-ff7a-f417d26bffe3\">RICKY MIỀN BẮC :</b></p>\n\n<p dir=\"ltr\"><b id=\"docs-internal-guid-a221ae1d-2893-d24d-ff7a-f417d26bffe3\">Add: 203-Bờ S&ocirc;ng Mới-Ho&agrave;ng Mai-H&agrave; Nội</b></p>\n\n<p dir=\"ltr\"><b id=\"docs-internal-guid-a221ae1d-2893-d24d-ff7a-f417d26bffe3\">RICKY MIỀN NAM:</b></p>\n\n<p dir=\"ltr\"><b id=\"docs-internal-guid-a221ae1d-2893-d24d-ff7a-f417d26bffe3\">Add: 704-S&ocirc;ng M&acirc;y-Trảng Bom-Đồng Nai</b></p>\n\n<p dir=\"ltr\"><b id=\"docs-internal-guid-a221ae1d-2893-d24d-ff7a-f417d26bffe3\">Hotline: 04.22121.999 - 097.147.7007</b></p>\n\n<p dir=\"ltr\"></p>\n\n<p dir=\"ltr\"><b id=\"docs-internal-guid-a221ae1d-2893-d24d-ff7a-f417d26bffe3\">CAM KẾT:</b></p>\n\n<p dir=\"ltr\"><b id=\"docs-internal-guid-a221ae1d-2893-d24d-ff7a-f417d26bffe3\">N&Oacute;I KH&Ocirc;NG VỚI H&Agrave;NG FAKE, X&Aacute;CH TAY, BẢO H&Agrave;NH &quot;MIỆNG&quot;, BỞI C&Aacute; NH&Acirc;N, L&Aacute;I BU&Ocirc;N.</b></p>\n\n<p></p>', 1, 2, 1, 1, 1, 2, 0, 0, 0, 1, 4000000, 4000000, '/2i2-59e5865913434.png', '', '120021000', 'SC-FS2I2G2-RT', '', 769, '2017-10-17 11:15:00', 0, 0, 0, 12, 1, '[]', 2, '', 3, '2017-10-17 11:28:30', 19, '2018-03-28 23:42:05');
INSERT INTO `products` (`ProductId`, `ProductName`, `ProductSlug`, `ProductShortDesc`, `ProductDesc`, `ProductTypeId`, `ProductStatusId`, `ProductKindId`, `VATStatusId`, `ProductDisplayTypeId`, `ProductLevelId`, `ParentProductId`, `SupplierId`, `ManufacturerId`, `IsContactPrice`, `Price`, `OldPrice`, `ProductImage`, `ProductCode`, `BarCode`, `Sku`, `IMEI`, `Weight`, `PublishDateTime`, `ProductFormalStatusId`, `ProductUsageStatusId`, `ProductAccessoryStatusId`, `GuaranteeMonth`, `ProductUnitId`, `VideoUrls`, `ProductWebStatusId`, `ProductWebStatusComment`, `CrUserId`, `CrDateTime`, `UpdateUserId`, `UpdateDateTime`) VALUES
(13, 'Phonic Firefly302', 'phonic-firefly302', '<p></p>', '<p><meta charset=\"utf-8\" /></p>\n\n<p dir=\"ltr\"><b id=\"docs-internal-guid-13606597-2897-6713-b828-e0499a021258\">Sound card PHONIC FIREFLY 302 USB | Soundcard thu &acirc;m chuy&ecirc;n nghiệp</b></p>\n\n<p dir=\"ltr\"><b id=\"docs-internal-guid-13606597-2897-6713-b828-e0499a021258\">Soundcard FIREFLY 302 USB l&agrave; một trong những d&ograve;ng soundcard thu &acirc;m chuy&ecirc;n nghiệp đến từ h&atilde;ng thiết bị &acirc;m thanh Phonic nổi tiếng của T&acirc;y Ban Nha. </b></p>\n\n<p dir=\"ltr\"><b id=\"docs-internal-guid-13606597-2897-6713-b828-e0499a021258\"><img height=\"118\" src=\"https://lh5.googleusercontent.com/2lyZMdZR-SVSpcC4HjDTwhtcaz6i4QKRMkLIxkI-_-Ac03-i9FvLc9G3A1rXzZ6yCT2jlBfM0v5dAgYPur7HcAdmw9OJD0senv4VxwnZSZBhuL5B0NjdcNqXnMlfgb8jIdGuyHZm\" width=\"427\" /></b></p>\n\n<p dir=\"ltr\"><b id=\"docs-internal-guid-13606597-2897-6713-b828-e0499a021258\"><img height=\"122\" src=\"https://lh3.googleusercontent.com/WSwajeOi_iMPVkj5FixQKMJDLFmYdNjCTbrE2hk38QpBLV5U6Zad1R5NQBuWEvKQTlpMKDOc1zamquhDPMF-9q_Z04iaSH85K7dKaJWewQv5ZggIG0UmeKvDgJmqTtYATgteJd4x\" width=\"412\" /></b></p>\n\n<p dir=\"ltr\"><b id=\"docs-internal-guid-13606597-2897-6713-b828-e0499a021258\">H&igrave;nh ảnh Soundcard FIREFLY 302 USB</b></p>\n\n<p dir=\"ltr\"><b id=\"docs-internal-guid-13606597-2897-6713-b828-e0499a021258\">Th&ocirc;ng số sản phẩm:</b></p>\n\n<ul>\n	<li dir=\"ltr\">\n	<p dir=\"ltr\"><b id=\"docs-internal-guid-13606597-2897-6713-b828-e0499a021258\">Hỗ trợ 5 in 6 out. Hỗ trợ &acirc;m thanh 24bit/ 192kHz, c&aacute;c cổng RCA</b></p>\n	</li>\n	<li dir=\"ltr\">\n	<p dir=\"ltr\"><b id=\"docs-internal-guid-13606597-2897-6713-b828-e0499a021258\">Hỗ trợ nguồn 48V</b></p>\n	</li>\n	<li dir=\"ltr\">\n	<p dir=\"ltr\"><b id=\"docs-internal-guid-13606597-2897-6713-b828-e0499a021258\">C&aacute;c cổng &acirc;m thanh được điều khiển ri&ecirc;ng biệt</b></p>\n	</li>\n	<li dir=\"ltr\">\n	<p dir=\"ltr\"><b id=\"docs-internal-guid-13606597-2897-6713-b828-e0499a021258\">Độ trễ gần bằng 0 khi kết hợp với c&aacute;c loại phần mềm</b></p>\n	</li>\n	<li dir=\"ltr\">\n	<p dir=\"ltr\"><b id=\"docs-internal-guid-13606597-2897-6713-b828-e0499a021258\">Hỗ trợ đ&egrave;n LED th&ocirc;ng b&aacute;o</b></p>\n	</li>\n	<li dir=\"ltr\">\n	<p dir=\"ltr\"><b id=\"docs-internal-guid-13606597-2897-6713-b828-e0499a021258\">Đặc biệt ch&uacute; &yacute; l&agrave; soundcard n&agrave;y hỗ trợ &acirc;m thanh rất chất lượng v&agrave; chỉ hỗ trợ hệ điều h&agrave;nh Mac OSX 10.5 đến 10.7, Window XP, Vista v&agrave; Windows 7.</b></p>\n	</li>\n</ul>\n\n<p dir=\"ltr\"><b id=\"docs-internal-guid-13606597-2897-6713-b828-e0499a021258\">Phụ kiện đi k&egrave;m:</b></p>\n\n<ul>\n	<li dir=\"ltr\">\n	<p dir=\"ltr\"><b id=\"docs-internal-guid-13606597-2897-6713-b828-e0499a021258\">01 th&acirc;n soundcard Phonic FireFly 302</b></p>\n	</li>\n	<li dir=\"ltr\">\n	<p dir=\"ltr\"><b id=\"docs-internal-guid-13606597-2897-6713-b828-e0499a021258\">01 d&acirc;y kết nối USB. Tr&ocirc;ng rất chắc chắn</b></p>\n	</li>\n	<li dir=\"ltr\">\n	<p dir=\"ltr\"><b id=\"docs-internal-guid-13606597-2897-6713-b828-e0499a021258\">01 bộ nguồn để cấp nguồn cho soundcard.</b></p>\n	</li>\n	<li dir=\"ltr\">\n	<p dir=\"ltr\"><b id=\"docs-internal-guid-13606597-2897-6713-b828-e0499a021258\">S&aacute;ch hướng c&agrave;i driver, hướng dẫn sử dụng bằng 3 thứ tiếng Anh/Trung/T&acirc;y Ban Nha.</b></p>\n	</li>\n	<li dir=\"ltr\">\n	<p dir=\"ltr\"><b id=\"docs-internal-guid-13606597-2897-6713-b828-e0499a021258\">01 đĩa driver Soundcard.</b></p>\n	</li>\n	<li dir=\"ltr\">\n	<p dir=\"ltr\"><b id=\"docs-internal-guid-13606597-2897-6713-b828-e0499a021258\">01 đĩa Cubase LE 5</b></p>\n	</li>\n	<li dir=\"ltr\">\n	<p dir=\"ltr\"><b id=\"docs-internal-guid-13606597-2897-6713-b828-e0499a021258\">01 tờ ch&uacute; &yacute; khi c&agrave;i đặt của h&atilde;ng sản xuất. </b></p>\n	</li>\n</ul>\n\n<p dir=\"ltr\"><b id=\"docs-internal-guid-13606597-2897-6713-b828-e0499a021258\">####</b></p>\n\n<p dir=\"ltr\"><b id=\"docs-internal-guid-13606597-2897-6713-b828-e0499a021258\">+) KH&Aacute;CH H&Agrave;NG NỘI TH&Agrave;NH:</b></p>\n\n<p dir=\"ltr\"><b id=\"docs-internal-guid-13606597-2897-6713-b828-e0499a021258\">&nbsp;&gt;&gt; Q&uacute;y kh&aacute;ch c&oacute; thể mua h&agrave;ng theo 2 c&aacute;ch :</b></p>\n\n<ul>\n	<li dir=\"ltr\">\n	<p dir=\"ltr\"><b id=\"docs-internal-guid-13606597-2897-6713-b828-e0499a021258\">Đến trực tiếp cửa h&agrave;ng của RICKY tại địa chỉ : 203 Đường Bờ S&ocirc;ng - Gần cầu Khỉ - Ho&agrave;ng Mai - H&agrave; Nội.</b></p>\n	</li>\n	<li dir=\"ltr\">\n	<p dir=\"ltr\"><b id=\"docs-internal-guid-13606597-2897-6713-b828-e0499a021258\">Nhận h&agrave;ng tại nh&agrave; ! Đặt h&agrave;ng nhanh qua WEB RICKY.VN !</b></p>\n	</li>\n	<li dir=\"ltr\">\n	<p dir=\"ltr\"><b id=\"docs-internal-guid-13606597-2897-6713-b828-e0499a021258\">Hotline đặt h&agrave;ng : 097.147.7007 - 04.22121.999</b></p>\n	</li>\n</ul>\n\n<p dir=\"ltr\"><b id=\"docs-internal-guid-13606597-2897-6713-b828-e0499a021258\">+) KH&Aacute;CH H&Agrave;NG NGOẠI TH&Agrave;NH:</b></p>\n\n<ul>\n	<li dir=\"ltr\">\n	<p dir=\"ltr\"><b id=\"docs-internal-guid-13606597-2897-6713-b828-e0499a021258\">Kh&aacute;ch h&agrave;ng ở xa ho&agrave;n to&agrave;n c&oacute; thể nhận h&agrave;ng tại nh&agrave;, thanh to&aacute;n tiền h&agrave;ng trực tiếp cho nh&acirc;n vi&ecirc;n giao h&agrave;ng.</b></p>\n	</li>\n	<li dir=\"ltr\">\n	<p dir=\"ltr\"><b id=\"docs-internal-guid-13606597-2897-6713-b828-e0499a021258\">Thời gian giao h&agrave;ng th&ocirc;ng thường từ 1-3 ng&agrave;y l&agrave;m việc.</b></p>\n	</li>\n	<li dir=\"ltr\">\n	<p dir=\"ltr\"><b id=\"docs-internal-guid-13606597-2897-6713-b828-e0499a021258\">RICKY MIỀN NAM địa chỉ tại : 704-S&ocirc;ng M&acirc;y-Trảng Bom-Đồng Nai( cho những kh&aacute;ch h&agrave;ng ở khu vực n&agrave;y )</b></p>\n	</li>\n	<li dir=\"ltr\">\n	<p dir=\"ltr\"><b id=\"docs-internal-guid-13606597-2897-6713-b828-e0499a021258\">Hotline đặt h&agrave;ng : 097.147.7007 - 04.22121.999</b></p>\n	</li>\n</ul>\n\n<p dir=\"ltr\"><b id=\"docs-internal-guid-13606597-2897-6713-b828-e0499a021258\">####</b></p>\n\n<p dir=\"ltr\"><b id=\"docs-internal-guid-13606597-2897-6713-b828-e0499a021258\">+) Mọi sản phẩm được đổi trả miễn ph&iacute; trong v&ograve;ng 7 ng&agrave;y đầu với bất cứ lỗi n&agrave;o của nh&agrave; sản xuất.</b></p>\n\n<p dir=\"ltr\"><b id=\"docs-internal-guid-13606597-2897-6713-b828-e0499a021258\">+) Đổi mới sang sản phẩm mới MIỄN PH&Iacute; ( sản phẩm mới c&oacute; gi&aacute; trị lớn hơn hoặc tương tương sản phẩm đ&atilde; mua ) trong thời gian 1-3 ng&agrave;y đầu kể từ ng&agrave;y mua h&agrave;ng.</b></p>\n\n<p dir=\"ltr\"><b id=\"docs-internal-guid-13606597-2897-6713-b828-e0499a021258\">+) Mọi chi tiết li&ecirc;n hệ : 097.147.7007 - 0242.2121.999</b></p>\n\n<p dir=\"ltr\"></p>\n\n<p dir=\"ltr\"><b id=\"docs-internal-guid-13606597-2897-6713-b828-e0499a021258\">BẢO H&Agrave;NH:</b></p>\n\n<p dir=\"ltr\"><b id=\"docs-internal-guid-13606597-2897-6713-b828-e0499a021258\">2 năm | 24 th&aacute;ng 1 đổi 1 CH&Iacute;NH H&Atilde;NG</b></p>\n\n<p dir=\"ltr\"><b id=\"docs-internal-guid-13606597-2897-6713-b828-e0499a021258\">RICKY MIỀN BẮC :</b></p>\n\n<p dir=\"ltr\"><b id=\"docs-internal-guid-13606597-2897-6713-b828-e0499a021258\">Add: 203-Bờ S&ocirc;ng Mới-Ho&agrave;ng Mai-H&agrave; Nội</b></p>\n\n<p dir=\"ltr\"><b id=\"docs-internal-guid-13606597-2897-6713-b828-e0499a021258\">RICKY MIỀN NAM:</b></p>\n\n<p dir=\"ltr\"><b id=\"docs-internal-guid-13606597-2897-6713-b828-e0499a021258\">Add: 704-S&ocirc;ng M&acirc;y-Trảng Bom-Đồng Nai</b></p>\n\n<p dir=\"ltr\"><b id=\"docs-internal-guid-13606597-2897-6713-b828-e0499a021258\">Hotline: 04.22121.999 - 097.147.7007</b></p>\n\n<p dir=\"ltr\"><b id=\"docs-internal-guid-13606597-2897-6713-b828-e0499a021258\">####</b></p>\n\n<p dir=\"ltr\"><b id=\"docs-internal-guid-13606597-2897-6713-b828-e0499a021258\">CAM KẾT:</b></p>\n\n<p dir=\"ltr\"><b id=\"docs-internal-guid-13606597-2897-6713-b828-e0499a021258\">N&Oacute;I KH&Ocirc;NG VỚI H&Agrave;NG FAKE, X&Aacute;CH TAY, BẢO H&Agrave;NH &quot;MIỆNG&quot;, BỞI C&Aacute; NH&Acirc;N, L&Aacute;I BU&Ocirc;N.</b></p>\n\n<p></p>', 1, 2, 1, 1, 1, 2, 0, 2, 1, 1, 2500000, 0, '/2-59f54afcdc79d.jpg', '', '120190100', 'SC-Firefly302-SW', '', 1765, '2017-10-17 11:15:00', 0, 0, 0, 24, 1, '[\"https://www.youtube.com/watch?v=MWE1fahTPOk&t=2s\",\"https://www.youtube.com/watch?v=bIYRE4kIFyo\"]', 2, '', 3, '2017-10-17 11:32:06', 7, '2018-01-23 21:36:18'),
(14, 'Alctron U16K MKII', 'sound-card-alctron-u16k-mk-ii', '<p></p>', '<p><meta charset=\"utf-8\" /></p>\n\n<p dir=\"ltr\"><b id=\"docs-internal-guid-cd0cea04-289a-9c74-44ba-298c1b65e8ab\">Soundcard ALCTRON U16K MKII | D&ograve;ng Soundcard H&aacute;t live tốt nhất hiện nay. </b></p>\n\n<p dir=\"ltr\"><b id=\"docs-internal-guid-cd0cea04-289a-9c74-44ba-298c1b65e8ab\">Bản n&acirc;ng cấp của ICON UPOD PRO</b></p>\n\n<p dir=\"ltr\"><b id=\"docs-internal-guid-cd0cea04-289a-9c74-44ba-298c1b65e8ab\">Chất lượng ổn định, thiết kế tinh tế v&agrave; sang trọng, điều chỉnh dễ d&agrave;ng với 16 chế độ hiệu ứng đi k&egrave;m, đặc biệt cho ph&eacute;p điều chỉnh độ vang v&agrave; độ Delay của hiệu ứng theo &yacute; của m&igrave;nh, Soundcard ALCTRON U16K MKII l&agrave; phi&ecirc;n bản n&acirc;ng cấp của<a href=\"http://ricky.vn/products/soundcard-xox-k10\"> ICON UPOD PRO</a> - một d&ograve;ng sound card h&aacute;t live nổi tiếng tr&ecirc;n thị trường suốt thời gian qua.</b></p>\n\n<p dir=\"ltr\"><b id=\"docs-internal-guid-cd0cea04-289a-9c74-44ba-298c1b65e8ab\"><img height=\"408\" src=\"https://lh3.googleusercontent.com/tS2ggqe_X84D84uUVYrVuLlQNyp1LLbWOT8-WtF82KrFu6z4RA8Q0CoeORw2aFJQCmpRJYLDrh-ejjxYbnxIx5OKQpX7qAN9fRJU5swHcEBhqrcCa7YhPuJI6K0mkXzvH3BLW4fz\" width=\"600\" /></b></p>\n\n<p dir=\"ltr\"><b id=\"docs-internal-guid-cd0cea04-289a-9c74-44ba-298c1b65e8ab\">H&igrave;nh ảnh thực tế: Soundcard ALCTRON U16K MKII</b></p>\n\n<p dir=\"ltr\"><b id=\"docs-internal-guid-cd0cea04-289a-9c74-44ba-298c1b65e8ab\">Những điểm nổi bật của Soundcard ALCTRON U16K MKII</b></p>\n\n<ul>\n	<li dir=\"ltr\">\n	<p dir=\"ltr\"><b id=\"docs-internal-guid-cd0cea04-289a-9c74-44ba-298c1b65e8ab\">&Acirc;m thanh mạnh mẽ, t&iacute;ch hợp 16 hiệu ứng echo kh&aacute;c nhau cho h&aacute;t live</b></p>\n	</li>\n</ul>\n\n<p dir=\"ltr\"><b id=\"docs-internal-guid-cd0cea04-289a-9c74-44ba-298c1b65e8ab\">U16K MK2 được t&iacute;ch hợp sẵn 16 hiệu ứng kh&aacute;c nhau, &iacute;t hơn so với ICON UPOD PRO, tuy nhi&ecirc;n Soundcard ALCTRON U16K MKII cho ph&eacute;p bạn tuỳ chỉnh độ vang v&agrave; delay cho hiệu ứng đ&atilde; lựa chọn. Đ&acirc;y c&oacute; lẽ điểm mạnh nhất của U16K MK2 so với ICON UPOD PRO. Với t&iacute;nh năng n&agrave;y c&aacute;c bạn c&oacute; thể điều chỉnh hiệu ứng theo &yacute; của m&igrave;nh, một điều m&agrave; ICON UPOD PRO kh&ocirc;ng l&agrave;m được. Vậy n&ecirc;n tuy kh&ocirc;ng được t&iacute;ch hợp qu&aacute; nhiều hiệu ứng nhưng U16K MK2 lại c&oacute; nhiều sự lựa chọn đ&aacute;ng gi&aacute; hơn, mang lại trải nghiệm cho người d&ugrave;ng tốt hơn so với ICON UPOD PRO.</b></p>\n\n<ul>\n	<li dir=\"ltr\">\n	<p dir=\"ltr\"><b id=\"docs-internal-guid-cd0cea04-289a-9c74-44ba-298c1b65e8ab\">Cổng &acirc;m thanh đầy đủ, hợp l&yacute;</b></p>\n	</li>\n</ul>\n\n<p dir=\"ltr\"><b id=\"docs-internal-guid-cd0cea04-289a-9c74-44ba-298c1b65e8ab\">C&aacute;ch sử dụng c&aacute;c cổng &acirc;m thanh cho Soundcard ALCTRON U16K MKII:</b></p>\n\n<ol>\n	<li dir=\"ltr\">\n	<p dir=\"ltr\"><b id=\"docs-internal-guid-cd0cea04-289a-9c74-44ba-298c1b65e8ab\">2 CỔNG XLR t&iacute;ch hợp nguồn 48V hỗ trợ 2 micro c&ugrave;ng l&uacute;c;</b></p>\n	</li>\n	<li dir=\"ltr\">\n	<p dir=\"ltr\"><b id=\"docs-internal-guid-cd0cea04-289a-9c74-44ba-298c1b65e8ab\">2 CỔNG CHO TAI NGHE;</b></p>\n	</li>\n	<li dir=\"ltr\">\n	<p dir=\"ltr\"><b id=\"docs-internal-guid-cd0cea04-289a-9c74-44ba-298c1b65e8ab\">2 CỔNG CHO LOA;</b></p>\n	</li>\n	<li dir=\"ltr\">\n	<p dir=\"ltr\"><b id=\"docs-internal-guid-cd0cea04-289a-9c74-44ba-298c1b65e8ab\">2 CỔNG KẾT NỐI &Acirc;M THANH VỚI ĐIỆN THOẠI;</b></p>\n	</li>\n	<li dir=\"ltr\">\n	<p dir=\"ltr\"><b id=\"docs-internal-guid-cd0cea04-289a-9c74-44ba-298c1b65e8ab\">1 CỔNG CHO NHẠC CỤ (bass, guitar).</b></p>\n	</li>\n</ol>\n\n<p dir=\"ltr\"><b id=\"docs-internal-guid-cd0cea04-289a-9c74-44ba-298c1b65e8ab\">Đ&acirc;y l&agrave; điểm rất c&oacute; lợi của Soundcard ALCTRON U16K MKII cho việc thu &acirc;m do bạn sẽ c&oacute; thể thực hiện được c&aacute;c thao t&aacute;c thu &acirc;m v&agrave; kiểm &acirc;m, chỉnh &acirc;m dễ d&agrave;ng.</b></p>\n\n<ul>\n	<li dir=\"ltr\">\n	<p dir=\"ltr\"><b id=\"docs-internal-guid-cd0cea04-289a-9c74-44ba-298c1b65e8ab\">Kết hợp được với đa dạng thiết bị</b></p>\n	</li>\n</ul>\n\n<p dir=\"ltr\"><b id=\"docs-internal-guid-cd0cea04-289a-9c74-44ba-298c1b65e8ab\">Do c&oacute; t&iacute;ch hợp nguồn 48V n&ecirc;n Soundcard ALCTRON U16K MKII c&oacute; thể kết hợp được với nhiều loại micro cao cấp m&agrave; kh&ocirc;ng cần phải gh&eacute;p th&ecirc;m cục nguồn 48V với gi&aacute; th&agrave;nh vốn kh&ocirc;ng phải l&agrave; b&eacute;.</b></p>\n\n<ul>\n	<li dir=\"ltr\">\n	<p dir=\"ltr\"><b id=\"docs-internal-guid-cd0cea04-289a-9c74-44ba-298c1b65e8ab\">N&uacute;t vặn EQ dễ điều chỉnh</b></p>\n	</li>\n</ul>\n\n<p dir=\"ltr\"><b id=\"docs-internal-guid-cd0cea04-289a-9c74-44ba-298c1b65e8ab\">C&aacute;c n&uacute;t vặn chỉnh &acirc;m của Soundcard ALCTRON U16K MKII đều được cấu tạo ở mặt tr&ecirc;n n&ecirc;n dễ d&agrave;ng v&agrave; trực quan hơn khi sử dụng, &acirc;m thanh sau khi chỉnh cũng được thật v&agrave; ch&iacute;nh x&aacute;c hơn.</b></p>\n\n<p dir=\"ltr\"></p>\n\n<p dir=\"ltr\"><b id=\"docs-internal-guid-cd0cea04-289a-9c74-44ba-298c1b65e8ab\">+) KH&Aacute;CH H&Agrave;NG NỘI TH&Agrave;NH:</b></p>\n\n<p dir=\"ltr\"><b id=\"docs-internal-guid-cd0cea04-289a-9c74-44ba-298c1b65e8ab\">&nbsp;&gt;&gt; Q&uacute;y kh&aacute;ch c&oacute; thể mua h&agrave;ng theo 2 c&aacute;ch :</b></p>\n\n<ul>\n	<li dir=\"ltr\">\n	<p dir=\"ltr\"><b id=\"docs-internal-guid-cd0cea04-289a-9c74-44ba-298c1b65e8ab\">Đến trực tiếp cửa h&agrave;ng của RICKY tại địa chỉ : 203 Đường Bờ S&ocirc;ng - Gần cầu Khỉ - Ho&agrave;ng Mai - H&agrave; Nội.</b></p>\n	</li>\n	<li dir=\"ltr\">\n	<p dir=\"ltr\"><b id=\"docs-internal-guid-cd0cea04-289a-9c74-44ba-298c1b65e8ab\">Nhận h&agrave;ng tại nh&agrave; ! Đặt h&agrave;ng nhanh qua WEB RICKY.VN !</b></p>\n	</li>\n	<li dir=\"ltr\">\n	<p dir=\"ltr\"><b id=\"docs-internal-guid-cd0cea04-289a-9c74-44ba-298c1b65e8ab\">Hotline đặt h&agrave;ng : 097.147.7007 - 04.22121.999</b></p>\n	</li>\n</ul>\n\n<p dir=\"ltr\"><b id=\"docs-internal-guid-cd0cea04-289a-9c74-44ba-298c1b65e8ab\">+) KH&Aacute;CH H&Agrave;NG NGOẠI TH&Agrave;NH:</b></p>\n\n<ul>\n	<li dir=\"ltr\">\n	<p dir=\"ltr\"><b id=\"docs-internal-guid-cd0cea04-289a-9c74-44ba-298c1b65e8ab\">Kh&aacute;ch h&agrave;ng ở xa ho&agrave;n to&agrave;n c&oacute; thể nhận h&agrave;ng tại nh&agrave;, thanh to&aacute;n tiền h&agrave;ng trực tiếp cho nh&acirc;n vi&ecirc;n giao h&agrave;ng.</b></p>\n	</li>\n	<li dir=\"ltr\">\n	<p dir=\"ltr\"><b id=\"docs-internal-guid-cd0cea04-289a-9c74-44ba-298c1b65e8ab\">Thời gian giao h&agrave;ng th&ocirc;ng thường từ 1-3 ng&agrave;y l&agrave;m việc.</b></p>\n	</li>\n	<li dir=\"ltr\">\n	<p dir=\"ltr\"><b id=\"docs-internal-guid-cd0cea04-289a-9c74-44ba-298c1b65e8ab\">RICKY MIỀN NAM địa chỉ tại : 704-S&ocirc;ng M&acirc;y-Trảng Bom-Đồng Nai( cho những kh&aacute;ch h&agrave;ng ở khu vực n&agrave;y )</b></p>\n	</li>\n	<li dir=\"ltr\">\n	<p dir=\"ltr\"><b id=\"docs-internal-guid-cd0cea04-289a-9c74-44ba-298c1b65e8ab\">Hotline đặt h&agrave;ng : 097.147.7007 - 04.22121.999</b></p>\n	</li>\n</ul>\n\n<p dir=\"ltr\"></p>\n\n<p dir=\"ltr\"><b id=\"docs-internal-guid-cd0cea04-289a-9c74-44ba-298c1b65e8ab\">+) Mọi sản phẩm được đổi trả miễn ph&iacute; trong v&ograve;ng 7 ng&agrave;y đầu với bất k&igrave; lỗi n&agrave;o của nh&agrave; sản xuất.</b></p>\n\n<p dir=\"ltr\"><b id=\"docs-internal-guid-cd0cea04-289a-9c74-44ba-298c1b65e8ab\">+) Đổi mới sang sản phẩm mới MIỄN PH&Iacute; ( sản phẩm mới c&oacute; gi&aacute; trị lớn hơn hoặc tương tương sản phẩm đ&atilde; mua ) trong thời gian 1-3 ng&agrave;y đầu kể từ ng&agrave;y mua h&agrave;ng.</b></p>\n\n<p dir=\"ltr\"><b id=\"docs-internal-guid-cd0cea04-289a-9c74-44ba-298c1b65e8ab\">+) Mọi chi tiết li&ecirc;n hệ : 097.147.7007 - 04.22121.999</b></p>\n\n<p dir=\"ltr\"></p>\n\n<p dir=\"ltr\"><span style=\"color:#008080;\"><b id=\"docs-internal-guid-cd0cea04-289a-9c74-44ba-298c1b65e8ab\">BẢO H&Agrave;NH:</b></span></p>\n\n<p dir=\"ltr\"><b id=\"docs-internal-guid-cd0cea04-289a-9c74-44ba-298c1b65e8ab\">2 năm | 24 th&aacute;ng 1 đổi 1 CH&Iacute;NH H&Atilde;NG</b></p>\n\n<p dir=\"ltr\"><b id=\"docs-internal-guid-cd0cea04-289a-9c74-44ba-298c1b65e8ab\">Thương hiệu ICON, RICKY ỦY QUYỀN tại Việt Nam</b></p>\n\n<p dir=\"ltr\"><b id=\"docs-internal-guid-cd0cea04-289a-9c74-44ba-298c1b65e8ab\">RICKY MIỀN BẮC :</b></p>\n\n<p dir=\"ltr\"><b id=\"docs-internal-guid-cd0cea04-289a-9c74-44ba-298c1b65e8ab\">Add: 203-Bờ S&ocirc;ng Mới-Ho&agrave;ng Mai-H&agrave; Nội</b></p>\n\n<p dir=\"ltr\"><b id=\"docs-internal-guid-cd0cea04-289a-9c74-44ba-298c1b65e8ab\">RICKY MIỀN NAM:</b></p>\n\n<p dir=\"ltr\"><b id=\"docs-internal-guid-cd0cea04-289a-9c74-44ba-298c1b65e8ab\">Add: 704-S&ocirc;ng M&acirc;y-Trảng Bom-Đồng Nai</b></p>\n\n<p dir=\"ltr\"><b id=\"docs-internal-guid-cd0cea04-289a-9c74-44ba-298c1b65e8ab\">Hotline: 04.22121.999 - 097.147.7007</b></p>\n\n<p dir=\"ltr\"></p>\n\n<p dir=\"ltr\"><span style=\"color:#008080;\"><b id=\"docs-internal-guid-cd0cea04-289a-9c74-44ba-298c1b65e8ab\">CAM KẾT:</b></span></p>\n\n<p dir=\"ltr\"><b id=\"docs-internal-guid-cd0cea04-289a-9c74-44ba-298c1b65e8ab\">N&Oacute;I KH&Ocirc;NG VỚI H&Agrave;NG FAKE, X&Aacute;CH TAY, BẢO H&Agrave;NH &quot;MIỆNG&quot;, BỞI C&Aacute; NH&Acirc;N, L&Aacute;I BU&Ocirc;N.</b></p>\n\n<p></p>', 1, 2, 1, 1, 1, 2, 0, 0, 0, 2, 2550000, 2700000, '/2-59f542d13a381.jpg', '', '120180100', 'SC-U16K-SW', '', 0, '2017-10-17 11:30:00', 0, 0, 0, 24, 1, '[\"https://www.youtube.com/watch?v=AGMKWVmaPsY\",\"https://www.youtube.com/watch?v=UkbGg0ZETI4&t=1s\",\"https://www.youtube.com/watch?v=riHBavu-8YI\"]', 2, '', 3, '2017-10-17 11:37:30', 19, '2018-02-25 22:07:45'),
(15, 'XOX K10', 'soundcard-xox-k10', '<p></p>', '<p>&lt;meta charset=\"utf-8\" /&gt;</p>\n\n<h1 dir=\"ltr\"><b id=\"docs-internal-guid-42cb1ec8-28a2-4832-deca-428062140742\">SOUNDCARD XOX K10</b> << ĐÃ DỪNG CUNG CẤP ! Bạn hãy tham khảo XOX KS108</h1>\n\n<p dir=\"ltr\"><b id=\"docs-internal-guid-42cb1ec8-28a2-4832-deca-428062140742\">HƯỚNG DẪN SỬ DỤNG XOX K10/K10S:</b></p>\n\n<p dir=\"ltr\"><b id=\"docs-internal-guid-42cb1ec8-28a2-4832-deca-428062140742\">Thông số kỹ thuật của sound card XOX K10:</b></p>\n\n<p dir=\"ltr\"><b id=\"docs-internal-guid-42cb1ec8-28a2-4832-deca-428062140742\">Số kênh sản phẩm: 2in/2out</b></p>\n\n<p dir=\"ltr\"><b id=\"docs-internal-guid-42cb1ec8-28a2-4832-deca-428062140742\">Phân dải âm thanh cao nhất: 24bit/48kHz, 103dB (Nghe nhạc)</b></p>\n\n<p dir=\"ltr\"><b id=\"docs-internal-guid-42cb1ec8-28a2-4832-deca-428062140742\">24bit/48kHz, 100dB (Thu âm)</b></p>\n\n<p dir=\"ltr\"><b id=\"docs-internal-guid-42cb1ec8-28a2-4832-deca-428062140742\">Kết nối máy tính: USB</b></p>\n\n<p dir=\"ltr\"><b id=\"docs-internal-guid-42cb1ec8-28a2-4832-deca-428062140742\">Dải động âm thanh: 100dB (Nghe nhạc) – 85dB (Thu âm)</b></p>\n\n<p dir=\"ltr\"><img alt=\"\" src=\"/assets/uploads/images/k10-2-59f19ca122192.png\" xss=removed></p>\n\n<p dir=\"ltr\"><b id=\"docs-internal-guid-42cb1ec8-28a2-4832-deca-428062140742\">Hình ảnh thực tế Soundcard XOX K10.</b></p>\n\n<p dir=\"ltr\"><b id=\"docs-internal-guid-42cb1ec8-28a2-4832-deca-428062140742\">Soundcard XOX K10 nổi bật nhất với 16 kiểu echo có sẵn tự chỉnh dành cho hát live cùng những nút chỉnh cơ bản bass, treble, echo, được chỉnh trực tiếp trên thân sound card thay vì bằng phần mềm hoặc driver như XOX P10.</b></p>\n\n<p dir=\"ltr\"><b id=\"docs-internal-guid-42cb1ec8-28a2-4832-deca-428062140742\">Vậy nên nếu bạn không quen thao tác máy tính thì vẫn hoàn toàn có thể điều chỉnh các kiểu bass, treble, echo cho âm thu dựa vào tai nghe một cách dễ dàng, tuy nhiên số âm echo vẫn sẽ bị giới hạn trong con số 16 nhất định.</b></p>\n\n<p dir=\"ltr\"><b id=\"docs-internal-guid-42cb1ec8-28a2-4832-deca-428062140742\">Nếu bạn muốn có nhiều hiệu ứng đa dạng hơn thì có thể tham khảo sound card ICON PRO - với số kiểu vang lên đến 72; hoặc sound card HF5000 Pro/PLUS - với tích hợp autotune và bóp méo giọng “nổi bần bật” không sợ bị lệch tone. Tuy nhiên nếu như bạn chỉ cần dùng đến một vài hiệu ứng cơ bản như bass, treble thôi thì chính XOX K10 ngon-bổ-rẻ lại là lựa chọn hợp lý hơn cả không những về tầm giá mà cả chức năng.</b></p>\n\n<p dir=\"ltr\"><b id=\"docs-internal-guid-42cb1ec8-28a2-4832-deca-428062140742\">=>> Lí do vì sao nên chọn K10 thay cho HF5000Pro/PLUS hoặc P10:</b></p>\n\n<ul>\n <li dir=\"ltr\">\n <p dir=\"ltr\"><b id=\"docs-internal-guid-42cb1ec8-28a2-4832-deca-428062140742\">Về âm thu</b></p>\n </li>\n</ul>\n\n<p dir=\"ltr\"><b id=\"docs-internal-guid-42cb1ec8-28a2-4832-deca-428062140742\">Nếu như tích hợp autotune “ảo lòi” chính là điểm mạnh nhất của HF5000,  thì đối với những bạn thích âm thu chân thực hoặc chuyên hát những thể loại nhạc nhẹ nhàng thì dòng sound card này lại mắc phải một điểm trừ rất lớn: đó là ngay cả nếu tắt hết auto-tune thì âm thu của HF5000 cũng không thể trong vắt như của K10 được.</b></p>\n\n<p dir=\"ltr\"><b id=\"docs-internal-guid-42cb1ec8-28a2-4832-deca-428062140742\">Tuy vậy K10 cũng không hẳn là có âm thu chân thực hoàn toàn, mà có độ vang làm ấm giọng được cài đặt cố định. Độ vang này không thể chỉnh xuống được như auto-tune của HF5000, có thể sẽ không phù hợp với nhu cầu của một số khách hàng khi thu âm nhưng lại là thứ giúp cho âm thu được đảm bảo về độ trong trẻo, mượt mà đặc biệt là khi hát LIVE, livestream,..v.v..</b></p>\n\n<p dir=\"ltr\"><b id=\"docs-internal-guid-42cb1ec8-28a2-4832-deca-428062140742\">Về P10, có thể âm thu của P10 sẽ thật hơn K10 một chút vì P10 thuộc nhóm soundcard trắng nên sẽ có ít độ vang làm ấm giọng hơn; nhưng khi dùng P10 bạn sẽ cần phụ thuộc vào phần mềm nhiều hơn. Vì thế nên nếu bạn có quen với việc sử dụng các phần mềm thì nên tham khảo thêm cả dòng P10 để có được lựa chọn khách quan hơn khi mua hàng.</b></p>\n\n<p dir=\"ltr\"><b id=\"docs-internal-guid-42cb1ec8-28a2-4832-deca-428062140742\">=>>CHỐT LẠI: Trong 3 dòng sound card hát live đình đám P10, K10 và HF5000 nói trên thì K10 là dòng sound card có các chức năng chỉnh sửa cơ bản vừa đủ nhất, dễ sử dụng nhất, có âm thu trong và vocal ấm nhất.</b></p>\n\n<ul>\n <li dir=\"ltr\">\n <p dir=\"ltr\"><b id=\"docs-internal-guid-42cb1ec8-28a2-4832-deca-428062140742\">K10 dễ chỉnh, không cầu kì</b></p>\n </li>\n</ul>\n\n<p dir=\"ltr\"><b id=\"docs-internal-guid-42cb1ec8-28a2-4832-deca-428062140742\">Vì có ít nút chỉnh hiệu ứng hơn, được chỉnh trực tiếp trên thân sound card và đều là các hiệu ứng cơ bản (echo, bass, treble) nên có thể nói Soundcard XOX K10 có cách sử dụng và điều chỉnh đơn giản nhất trong cả 3 dòng.</b></p>\n\n<p dir=\"ltr\"><b id=\"docs-internal-guid-42cb1ec8-28a2-4832-deca-428062140742\">Sau đây sẽ là vài hướng dẫn cơ bản về cách sử dụng sản phẩm:</b></p>\n\n<p dir=\"ltr\"><b id=\"docs-internal-guid-42cb1ec8-28a2-4832-deca-428062140742\"><img height=\"540\" src=\"https://lh6.googleusercontent.com/DnVuv2WOPKNtPaVSdp_C-_ZqdBQmw24ghnFmCNu8GL3PaCyfx834MYueASy5nl_7ZoKt_juWwHMc3_Izn_wxKf-OEmW5nFjZcOW6xOhmyWDEt3PC2w7dsmWu8tAgs9F5mecFvPyV\" width=\"540\"></b></p>\n\n<p dir=\"ltr\"><b id=\"docs-internal-guid-42cb1ec8-28a2-4832-deca-428062140742\">Nút Mode ở góc trên bên trái ngoài việc bấm giữ để bật/tắt soundcard còn chia ra thành nhiều nấc màu cho nhiều mục đích khác nhau.</b></p>\n\n<p dir=\"ltr\"><b id=\"docs-internal-guid-42cb1ec8-28a2-4832-deca-428062140742\">Công dụng của các nấc màu nút MODE:</b></p>\n\n<p dir=\"ltr\"><b id=\"docs-internal-guid-42cb1ec8-28a2-4832-deca-428062140742\">Màu trắng: Music - tự câm micro, phục vụ nghe nhạc, xem phim,...</b></p>\n\n<p dir=\"ltr\"><b id=\"docs-internal-guid-42cb1ec8-28a2-4832-deca-428062140742\">Màu xanh lá cây: Chat - phục vụ nghe/nói chuyện trực tuyến với chất lượng âm thanh tốt.</b></p>\n\n<p dir=\"ltr\"><b id=\"docs-internal-guid-42cb1ec8-28a2-4832-deca-428062140742\">Màu xanh lam: Sing - âm thanh trong, ấm dành cho hát live, karaoke online,..v.v..</b></p>\n\n<p dir=\"ltr\"><b id=\"docs-internal-guid-42cb1ec8-28a2-4832-deca-428062140742\">Màu đỏ: MC - tự động giảm âm lượng nhạc nền, tôn giọng để làm vlog, dẫn chuyện online,..v.v..</b></p>\n\n<p dir=\"ltr\"><b id=\"docs-internal-guid-42cb1ec8-28a2-4832-deca-428062140742\">Công dụng của nút Echo: (nút còn lại góc trên bên phải)</b></p>\n\n<p dir=\"ltr\"><b id=\"docs-internal-guid-42cb1ec8-28a2-4832-deca-428062140742\">Bấm giữ: TẮT và BẬT mic</b></p>\n\n<p dir=\"ltr\"><b id=\"docs-internal-guid-42cb1ec8-28a2-4832-deca-428062140742\">Bấm một lần: 16 chế độ hát live (random qua từng lần bấm)</b></p>\n\n<ul>\n <li dir=\"ltr\">\n <p dir=\"ltr\"><b id=\"docs-internal-guid-42cb1ec8-28a2-4832-deca-428062140742\">Kết hợp được với nhiều thiết bị (cả 3)</b></p>\n </li>\n</ul>\n\n<p dir=\"ltr\"><b id=\"docs-internal-guid-42cb1ec8-28a2-4832-deca-428062140742\">Soundcard XOX K10 tích hợp nhiều cổng jack khác nhau như jack 5V, 3.5mm, 6.3mm giúp kết hợp được với đa dạng micro mà không cần jack chuyển.</b></p>\n\n<p dir=\"ltr\"><b id=\"docs-internal-guid-42cb1ec8-28a2-4832-deca-428062140742\">* CHÚ Ý: Sound card K10 có thể dùng được 2 micro cùng một lúc để cùng thu âm, hát karaoke,..v..v.. nhưng 2 mic được dùng bắt buộc phải là 1 mic nối qua nguồn 48V, 1 mic nối trực tiếp vào sound card. Điều này tương tự với 2 dòng sound card còn lại P10, HF5000Pro/PLUS.</b></p>\n\n<p dir=\"ltr\"><b id=\"docs-internal-guid-42cb1ec8-28a2-4832-deca-428062140742\">Mặt khác, Soundcard XOX K10 có 3 đầu cắm để kết nối với nhạc cụ, laptop/PC/… và smartphone.</b></p>\n\n<ul>\n <li dir=\"ltr\">\n <p dir=\"ltr\"><b id=\"docs-internal-guid-42cb1ec8-28a2-4832-deca-428062140742\">Kích thước nhỏ gọn</b></p>\n </li>\n</ul>\n\n<p dir=\"ltr\"><b id=\"docs-internal-guid-42cb1ec8-28a2-4832-deca-428062140742\">Dù không thể đạt đến “cảnh giới” về giản lược như P10 nhưng Soundcard XOX K10 lại rất gọn nhẹ, không hề cồng kềnh và rất tiện lợi trong quá trình sử dụng.</b></p>\n\n<p dir=\"ltr\"><b id=\"docs-internal-guid-42cb1ec8-28a2-4832-deca-428062140742\"><img height=\"540\" src=\"https://lh5.googleusercontent.com/FBG80qQ7PayRGR0gmjLfQw1lvGVoqxmJayn1evbrh7cFpeydS6I31eyPeqWkU1qljwXhygA4WhpP7bmjhcjvM6B6VwA4hXYcs8XaE-oCtFNWu-NE4LFnhVwAB-YmpxgcYTd8M-Zr\" width=\"540\"></b></p>\n\n<p dir=\"ltr\"><b id=\"docs-internal-guid-42cb1ec8-28a2-4832-deca-428062140742\">####</b></p>\n\n<p dir=\"ltr\"><b id=\"docs-internal-guid-42cb1ec8-28a2-4832-deca-428062140742\">+) KHÁCH HÀNG NỘI THÀNH:</b></p>\n\n<p dir=\"ltr\"><b id=\"docs-internal-guid-42cb1ec8-28a2-4832-deca-428062140742\"> >> Qúy khách có thể mua hàng theo 2 cách :</b></p>\n\n<ul>\n <li dir=\"ltr\">\n <p dir=\"ltr\"><b id=\"docs-internal-guid-42cb1ec8-28a2-4832-deca-428062140742\">Đến trực tiếp cửa hàng của RICKY tại địa chỉ : 203 Đường Bờ Sông - Gần cầu Khỉ - Hoàng Mai - Hà Nội.</b></p>\n </li>\n <li dir=\"ltr\">\n <p dir=\"ltr\"><b id=\"docs-internal-guid-42cb1ec8-28a2-4832-deca-428062140742\">Nhận hàng tại nhà ! Đặt hàng nhanh qua WEB RICKY.VN !</b></p>\n </li>\n <li dir=\"ltr\">\n <p dir=\"ltr\"><b id=\"docs-internal-guid-42cb1ec8-28a2-4832-deca-428062140742\">Hotline đặt hàng : 097.147.7007 - 04.22121.999</b></p>\n </li>\n</ul>\n\n<p dir=\"ltr\"><b id=\"docs-internal-guid-42cb1ec8-28a2-4832-deca-428062140742\">+) KHÁCH HÀNG NGOẠI THÀNH:</b></p>\n\n<ul>\n <li dir=\"ltr\">\n <p dir=\"ltr\"><b id=\"docs-internal-guid-42cb1ec8-28a2-4832-deca-428062140742\">Khách hàng ở xa hoàn toàn có thể nhận hàng tại nhà, thanh toán tiền hàng trực tiếp cho nhân viên giao hàng.</b></p>\n </li>\n <li dir=\"ltr\">\n <p dir=\"ltr\"><b id=\"docs-internal-guid-42cb1ec8-28a2-4832-deca-428062140742\">Thời gian giao hàng thông thường từ 1-3 ngày làm việc.</b></p>\n </li>\n <li dir=\"ltr\">\n <p dir=\"ltr\"><b id=\"docs-internal-guid-42cb1ec8-28a2-4832-deca-428062140742\">RICKY MIỀN NAM địa chỉ tại : 704-Sông Mây-Trảng Bom-Đồng Nai( cho những khách hàng ở khu vực này )</b></p>\n </li>\n <li dir=\"ltr\">\n <p dir=\"ltr\"><b id=\"docs-internal-guid-42cb1ec8-28a2-4832-deca-428062140742\">Hotline đặt hàng : 097.147.7007 - 04.22121.999</b></p>\n </li>\n</ul>\n\n<p dir=\"ltr\"><b id=\"docs-internal-guid-42cb1ec8-28a2-4832-deca-428062140742\">####</b></p>\n\n<p dir=\"ltr\"><b id=\"docs-internal-guid-42cb1ec8-28a2-4832-deca-428062140742\">+) Mọi sản phẩm được đổi trả miễn phí trong vòng 7 ngày đầu với bất cứ lỗi nào của nhà sản xuất.</b></p>\n\n<p dir=\"ltr\"><b id=\"docs-internal-guid-42cb1ec8-28a2-4832-deca-428062140742\">+) Đổi mới sang sản phẩm mới MIỄN PHÍ ( sản phẩm mới có giá trị lớn hơn hoặc tương tương sản phẩm đã mua ) trong thời gian 1-3 ngày đầu kể từ ngày mua hàng.</b></p>\n\n<p dir=\"ltr\"><b id=\"docs-internal-guid-42cb1ec8-28a2-4832-deca-428062140742\">+) Mọi chi tiết liên hệ : 097.147.7007 - 04.22121.999</b></p>\n\n<p dir=\"ltr\"><b id=\"docs-internal-guid-42cb1ec8-28a2-4832-deca-428062140742\">####</b></p>\n\n<p dir=\"ltr\"><b id=\"docs-internal-guid-42cb1ec8-28a2-4832-deca-428062140742\">BẢO HÀNH:</b></p>\n\n<p dir=\"ltr\"><b id=\"docs-internal-guid-42cb1ec8-28a2-4832-deca-428062140742\">2 năm | 24 tháng 1 đổi 1 CHÍNH HÃNG</b></p>\n\n<p dir=\"ltr\"><b id=\"docs-internal-guid-42cb1ec8-28a2-4832-deca-428062140742\">RICKY MIỀN BẮC :</b></p>\n\n<p dir=\"ltr\"><b id=\"docs-internal-guid-42cb1ec8-28a2-4832-deca-428062140742\">Add: 203-Bờ Sông Mới-Hoàng Mai-Hà Nội</b></p>\n\n<p dir=\"ltr\"><b id=\"docs-internal-guid-42cb1ec8-28a2-4832-deca-428062140742\">RICKY MIỀN NAM:</b></p>\n\n<p dir=\"ltr\"><b id=\"docs-internal-guid-42cb1ec8-28a2-4832-deca-428062140742\">Add: 704-Sông Mây-Trảng Bom-Đồng Nai</b></p>\n\n<p dir=\"ltr\"><b id=\"docs-internal-guid-42cb1ec8-28a2-4832-deca-428062140742\">Hotline: 04.22121.999 - 097.147.7007</b></p>\n\n<p dir=\"ltr\"><b id=\"docs-internal-guid-42cb1ec8-28a2-4832-deca-428062140742\">####</b></p>\n\n<p dir=\"ltr\"><b id=\"docs-internal-guid-42cb1ec8-28a2-4832-deca-428062140742\">CAM KẾT:</b></p>\n\n<p dir=\"ltr\"><b id=\"docs-internal-guid-42cb1ec8-28a2-4832-deca-428062140742\">NÓI KHÔNG VỚI HÀNG FAKE, XÁCH TAY, BẢO HÀNH \"MIỆNG\", BỞI CÁ NHÂN, LÁI BUÔN.</b></p>\n\n<p></p>', 1, 3, 1, 1, 3, 2, 0, 0, 0, 2, 650000, 750000, '/1-59e58a04398c4.jpg', '', '120090100', 'SC-K10-SW', '', 350, '2017-10-17 11:30:00', 0, 0, 0, 24, 1, '[\"https://www.youtube.com/watch?v=7V64fkSS08I\",\"https://www.youtube.com/watch?v=W-B6UV20fdQ\",\"https://www.youtube.com/watch?v=lK4U7Wpy_iY&t=56s\",\"https://www.youtube.com/watch?v=UkbGg0ZETI4\"]', 3, '', 3, '2017-10-17 11:41:17', 3, '2018-05-10 11:31:44'),
(16, 'XOX KS108', 'sound-card-xox-ks108', '<p></p>', '<p>&lt;meta charset=\"utf-8\" /&gt;</p>\n\n<p dir=\"ltr\"><b id=\"docs-internal-guid-862bd187-28a4-af14-0b34-d4b4f5c97fda\">####</b></p>\n\n<p dir=\"ltr\"><b id=\"docs-internal-guid-862bd187-28a4-af14-0b34-d4b4f5c97fda\"><img height=\"416\" src=\"https://lh3.googleusercontent.com/-vEBaJJIQPaA3IjlTEAStzxnfd4SfCFhIyX4-vCOC3A4fSVFYRHqpOJRTq92mOxrBholZIsMbIoyutLSLSjLCJIJAcaIjWTIplUuwocUHOjlaF6IzciFhARyycTEzj6zaxYdeg3A\" width=\"602\"></b></p>\n\n<p dir=\"ltr\"><b id=\"docs-internal-guid-862bd187-28a4-af14-0b34-d4b4f5c97fda\">Sound card KS108 : Phiên bản quốc tế của XOX K10</b></p>\n\n<p dir=\"ltr\"><b id=\"docs-internal-guid-862bd187-28a4-af14-0b34-d4b4f5c97fda\">So sánh chi tiết XOX KS108 với XOX K10</b></p>\n\n<p dir=\"ltr\"><b id=\"docs-internal-guid-862bd187-28a4-af14-0b34-d4b4f5c97fda\">Nếu như trước đây, XOX K10 đã quá sức quen thuộc với người dùng, nhưng điểm trừ của dòng sản phẩm này là 100% tiếng trung (Vì bản chất đây là phiên bản nội địa).</b></p>\n\n<p dir=\"ltr\"><b id=\"docs-internal-guid-862bd187-28a4-af14-0b34-d4b4f5c97fda\"><img height=\"416\" src=\"https://lh4.googleusercontent.com/eorGP2xwupI0MYMsLKQnJLaLkvjWStIfs9SSqlwnwai9_ZgT8DMK5W0PAqfM2a7Oj39W6j5HspNHzYiVMCzJZazHaUlB1ixzqKWHPNk7kk7PXEgrpdKN-uaeDFN-gr9tETwntHqG\" width=\"602\"></b></p>\n\n<p dir=\"ltr\"><b id=\"docs-internal-guid-862bd187-28a4-af14-0b34-d4b4f5c97fda\">Sound card XOX KS108 - Chính hãng </b></p>\n\n<p dir=\"ltr\"><b id=\"docs-internal-guid-862bd187-28a4-af14-0b34-d4b4f5c97fda\">Đánh giá chất âm: KS108 gần như không khác biệt gì về công nghệ, khả năng xử lý âm thanh so với XOX K10. vì bản chất cả 2 sử dụng cùng 1 phần cứng, chỉ khác về Driver sử dụng cũng như các phím điều chỉnh được chú thích 100% tiếng anh, đem lại sự tiện lợi khi sử dụng !</b></p>\n\n<p dir=\"ltr\"><b id=\"docs-internal-guid-862bd187-28a4-af14-0b34-d4b4f5c97fda\"><img height=\"416\" src=\"https://lh4.googleusercontent.com/qvgzhkbvh5LlEcuOREpBFOuXyzoOyHILpnvyId3ti-1-JVI85yh-4FOatW4Y7Vtu_wU8t3pAjoz8HgB17PF-Nc66J5Jm81EUfVKJMrCOYwd-sYD95ZPtXb4pDMXA2EjQymyp7ZyE\" width=\"602\"></b></p>\n\n<p dir=\"ltr\"><b id=\"docs-internal-guid-862bd187-28a4-af14-0b34-d4b4f5c97fda\">Trọn bộ sản phẩm đi kèm</b></p>\n\n<p dir=\"ltr\"><b id=\"docs-internal-guid-862bd187-28a4-af14-0b34-d4b4f5c97fda\">####</b></p>\n\n<p dir=\"ltr\"><b id=\"docs-internal-guid-862bd187-28a4-af14-0b34-d4b4f5c97fda\">+) KHÁCH HÀNG NỘI THÀNH:</b></p>\n\n<p dir=\"ltr\"><b id=\"docs-internal-guid-862bd187-28a4-af14-0b34-d4b4f5c97fda\"> >> Qúy khách có thể mua hàng theo 2 cách :</b></p>\n\n<ul>\n <li dir=\"ltr\">\n <p dir=\"ltr\"><b id=\"docs-internal-guid-862bd187-28a4-af14-0b34-d4b4f5c97fda\">Đến trực tiếp cửa hàng của RICKY tại địa chỉ : 203 Đường Bờ Sông - Gần cầu Khỉ - Hoàng Mai - Hà Nội.</b></p>\n </li>\n <li dir=\"ltr\">\n <p dir=\"ltr\"><b id=\"docs-internal-guid-862bd187-28a4-af14-0b34-d4b4f5c97fda\">Nhận hàng tại nhà ! Đặt hàng nhanh qua WEB RICKY.VN !</b></p>\n </li>\n <li dir=\"ltr\">\n <p dir=\"ltr\"><b id=\"docs-internal-guid-862bd187-28a4-af14-0b34-d4b4f5c97fda\">Hotline đặt hàng : 097.147.7007 - 04.22121.999</b></p>\n </li>\n</ul>\n\n<p dir=\"ltr\"><b id=\"docs-internal-guid-862bd187-28a4-af14-0b34-d4b4f5c97fda\">+) KHÁCH HÀNG NGOẠI THÀNH:</b></p>\n\n<ul>\n <li dir=\"ltr\">\n <p dir=\"ltr\"><b id=\"docs-internal-guid-862bd187-28a4-af14-0b34-d4b4f5c97fda\">Khách hàng ở xa hoàn toàn có thể nhận hàng tại nhà, thanh toán tiền hàng trực tiếp cho nhân viên giao hàng.</b></p>\n </li>\n <li dir=\"ltr\">\n <p dir=\"ltr\"><b id=\"docs-internal-guid-862bd187-28a4-af14-0b34-d4b4f5c97fda\">Thời gian giao hàng thông thường từ 1-3 ngày làm việc.</b></p>\n </li>\n <li dir=\"ltr\">\n <p dir=\"ltr\"><b id=\"docs-internal-guid-862bd187-28a4-af14-0b34-d4b4f5c97fda\">RICKY MIỀN NAM địa chỉ tại : 704-Sông Mây-Trảng Bom-Đồng Nai( cho những khách hàng ở khu vực này )</b></p>\n </li>\n <li dir=\"ltr\">\n <p dir=\"ltr\"><b id=\"docs-internal-guid-862bd187-28a4-af14-0b34-d4b4f5c97fda\">Hotline đặt hàng : 097.147.7007 - 04.22121.999</b></p>\n </li>\n</ul>\n\n<p dir=\"ltr\"><b id=\"docs-internal-guid-862bd187-28a4-af14-0b34-d4b4f5c97fda\">####</b></p>\n\n<p dir=\"ltr\"><b id=\"docs-internal-guid-862bd187-28a4-af14-0b34-d4b4f5c97fda\">+) Mọi sản phẩm được đổi trả miễn phí trong vòng 7 ngày đầu với bất cứ lỗi nào của nhà sản xuất.</b></p>\n\n<p dir=\"ltr\"><b id=\"docs-internal-guid-862bd187-28a4-af14-0b34-d4b4f5c97fda\">+) Đổi mới sang sản phẩm mới MIỄN PHÍ ( sản phẩm mới có giá trị lớn hơn hoặc tương tương sản phẩm đã mua ) trong thời gian 1-3 ngày đầu kể từ ngày mua hàng.</b></p>\n\n<p dir=\"ltr\"><b id=\"docs-internal-guid-862bd187-28a4-af14-0b34-d4b4f5c97fda\">+) Mọi chi tiết liên hệ : 097.147.7007 - 04.22121.999</b></p>\n\n<p dir=\"ltr\"><b id=\"docs-internal-guid-862bd187-28a4-af14-0b34-d4b4f5c97fda\">####</b></p>\n\n<p dir=\"ltr\"><b id=\"docs-internal-guid-862bd187-28a4-af14-0b34-d4b4f5c97fda\">BẢO HÀNH:</b></p>\n\n<p dir=\"ltr\"><b id=\"docs-internal-guid-862bd187-28a4-af14-0b34-d4b4f5c97fda\">2 năm | 24 tháng 1 đổi 1 CHÍNH HÃNG</b></p>\n\n<p dir=\"ltr\"><b id=\"docs-internal-guid-862bd187-28a4-af14-0b34-d4b4f5c97fda\">RICKY MIỀN BẮC :</b></p>\n\n<p dir=\"ltr\"><b id=\"docs-internal-guid-862bd187-28a4-af14-0b34-d4b4f5c97fda\">Add: 203-Bờ Sông Mới-Hoàng Mai-Hà Nội</b></p>\n\n<p dir=\"ltr\"><b id=\"docs-internal-guid-862bd187-28a4-af14-0b34-d4b4f5c97fda\">RICKY MIỀN NAM:</b></p>\n\n<p dir=\"ltr\"><b id=\"docs-internal-guid-862bd187-28a4-af14-0b34-d4b4f5c97fda\">Add: 704-Sông Mây-Trảng Bom-Đồng Nai</b></p>\n\n<p dir=\"ltr\"><b id=\"docs-internal-guid-862bd187-28a4-af14-0b34-d4b4f5c97fda\">Hotline: 04.22121.999 - 097.147.7007</b></p>\n\n<p dir=\"ltr\"><b id=\"docs-internal-guid-862bd187-28a4-af14-0b34-d4b4f5c97fda\">####</b></p>\n\n<p dir=\"ltr\"><b id=\"docs-internal-guid-862bd187-28a4-af14-0b34-d4b4f5c97fda\">CAM KẾT:</b></p>\n\n<p dir=\"ltr\"><b id=\"docs-internal-guid-862bd187-28a4-af14-0b34-d4b4f5c97fda\">NÓI KHÔNG VỚI HÀNG FAKE, XÁCH TAY, BẢO HÀNH \"MIỆNG\", BỞI CÁ NHÂN, LÁI BUÔN.</b></p>\n\n<p></p>', 1, 2, 1, 1, 1, 2, 0, 0, 0, 2, 750000, 950000, '/2-59f5498e9ca3e.jpg', '', '120200100', 'SC-KS108-SW', '', 400, '2017-10-17 11:30:00', 0, 0, 0, 24, 1, '[\"https://www.youtube.com/watch?v=7V64fkSS08I&t=6s\",\"https://www.youtube.com/watch?v=wPtFBPc8vM0\",\"https://www.youtube.com/watch?v=ZmunHEjfr8o&t=1s\"]', 2, '', 3, '2017-10-17 11:47:59', 3, '2018-04-21 20:55:14'),
(17, 'Edifier R1200TII', 'loa-kiem-am-edifier-r1200tii', '<p></p>', '<p>&lt;meta charset=\"utf-8\" /&gt;</p>\n\n<p dir=\"ltr\"><b id=\"docs-internal-guid-eb398250-28d1-6e4b-2707-e46d3ce71b9e\">Loa kiểm âm Edifier R1200TII</b></p>\n\n<p dir=\"ltr\"></p>\n\n<p dir=\"ltr\"><b id=\"docs-internal-guid-eb398250-28d1-6e4b-2707-e46d3ce71b9e\">Ảnh tư liệu thực tế Loa kiểm âm Edifier R1200TII</b></p>\n\n<p dir=\"ltr\"><b id=\"docs-internal-guid-eb398250-28d1-6e4b-2707-e46d3ce71b9e\">Nếu như bạn đang tìm một chiếc loa cho ra những âm thanh trong trẻo, trung thực để phục vụ cho nhu cầu nghe nhạc, xem phim hay hát live, hát karaoke, kiểm tra âm thanh trong thu âm,.v..v.., thì một chiếc loa kiểm âm tốt là một sự lựa chọn rất đáng cân nhắc. Loa kiểm âm Edifier R1200TII thuộc dòng loa kiểm âm có bề ngoài trang nhã, giá cả phải chăng, có chất âm trong trẻo, mềm mại, trung thực, phù hợp với các nhu cầu như xem phim, nghe nhạc hay kiểm âm tại các phòng thu gia đình vừa và nhỏ.</b></p>\n\n<p dir=\"ltr\"><b id=\"docs-internal-guid-eb398250-28d1-6e4b-2707-e46d3ce71b9e\">Vậy loa kiểm âm là gì?</b></p>\n\n<p dir=\"ltr\"><b id=\"docs-internal-guid-eb398250-28d1-6e4b-2707-e46d3ce71b9e\">Hiểu nôm na thì giống như Tai nghe kiểm âm, Loa kiểm âm là phụ kiện chuyên dụng được sử dụng trong các phòng thu để KIỂM TRA ÂM THANH trong quá trình thu âm, có chức năng đưa ra âm thanh chân thực với mục đích đầu tiên là để phục vụ cho việc duyệt âm trong những dự án âm nhạc.</b></p>\n\n<p dir=\"ltr\"><b id=\"docs-internal-guid-eb398250-28d1-6e4b-2707-e46d3ce71b9e\">Chi tiết về sản phẩm:</b></p>\n\n<p dir=\"ltr\"></p>\n\n<p dir=\"ltr\"><b id=\"docs-internal-guid-eb398250-28d1-6e4b-2707-e46d3ce71b9e\">Loa kiểm âm Edifier R1200TII</b></p>\n\n<p dir=\"ltr\"><b id=\"docs-internal-guid-eb398250-28d1-6e4b-2707-e46d3ce71b9e\">Loa kiểm âm Edifier R1200TII đưa âm thanh trung thực, mềm mại, trong trẻo phù hợp để nghe nhạc, xem phim hay kiểm âm trong các phòng thu âm vừa và nhỏ.</b></p>\n\n<p dir=\"ltr\"><b id=\"docs-internal-guid-eb398250-28d1-6e4b-2707-e46d3ce71b9e\">####</b></p>\n\n<p dir=\"ltr\"><b id=\"docs-internal-guid-eb398250-28d1-6e4b-2707-e46d3ce71b9e\">+) KHÁCH HÀNG NỘI THÀNH:</b></p>\n\n<p dir=\"ltr\"><b id=\"docs-internal-guid-eb398250-28d1-6e4b-2707-e46d3ce71b9e\"> >> Qúy khách có thể mua hàng theo 2 cách :</b></p>\n\n<ul>\n <li dir=\"ltr\">\n <p dir=\"ltr\"><b id=\"docs-internal-guid-eb398250-28d1-6e4b-2707-e46d3ce71b9e\">Đến trực tiếp cửa hàng của RICKY tại địa chỉ : 203 Đường Bờ Sông - Gần cầu Khỉ - Hoàng Mai - Hà Nội.</b></p>\n </li>\n <li dir=\"ltr\">\n <p dir=\"ltr\"><b id=\"docs-internal-guid-eb398250-28d1-6e4b-2707-e46d3ce71b9e\">Nhận hàng tại nhà ! Đặt hàng nhanh qua WEB RICKY.VN !</b></p>\n </li>\n <li dir=\"ltr\">\n <p dir=\"ltr\"><b id=\"docs-internal-guid-eb398250-28d1-6e4b-2707-e46d3ce71b9e\">Hotline đặt hàng : 097.147.7007 - 04.22121.999</b></p>\n </li>\n</ul>\n\n<p dir=\"ltr\"><b id=\"docs-internal-guid-eb398250-28d1-6e4b-2707-e46d3ce71b9e\">+) KHÁCH HÀNG NGOẠI THÀNH:</b></p>\n\n<ul>\n <li dir=\"ltr\">\n <p dir=\"ltr\"><b id=\"docs-internal-guid-eb398250-28d1-6e4b-2707-e46d3ce71b9e\">Khách hàng ở xa hoàn toàn có thể nhận hàng tại nhà, thanh toán tiền hàng trực tiếp cho nhân viên giao hàng.</b></p>\n </li>\n <li dir=\"ltr\">\n <p dir=\"ltr\"><b id=\"docs-internal-guid-eb398250-28d1-6e4b-2707-e46d3ce71b9e\">Thời gian giao hàng thông thường từ 1-3 ngày làm việc.</b></p>\n </li>\n <li dir=\"ltr\">\n <p dir=\"ltr\"><b id=\"docs-internal-guid-eb398250-28d1-6e4b-2707-e46d3ce71b9e\">RICKY MIỀN NAM địa chỉ tại : 704-Sông Mây-Trảng Bom-Đồng Nai( cho những khách hàng ở khu vực này )</b></p>\n </li>\n <li dir=\"ltr\">\n <p dir=\"ltr\"><b id=\"docs-internal-guid-eb398250-28d1-6e4b-2707-e46d3ce71b9e\">Hotline đặt hàng : 097.147.7007 - 04.22121.999</b></p>\n </li>\n</ul>\n\n<p dir=\"ltr\"><b id=\"docs-internal-guid-eb398250-28d1-6e4b-2707-e46d3ce71b9e\">####</b></p>\n\n<p dir=\"ltr\"><b id=\"docs-internal-guid-eb398250-28d1-6e4b-2707-e46d3ce71b9e\">+) Mọi sản phẩm được đổi trả miễn phí trong vòng 7 ngày đầu với bất cứ lỗi nào của nhà sản xuất.</b></p>\n\n<p dir=\"ltr\"><b id=\"docs-internal-guid-eb398250-28d1-6e4b-2707-e46d3ce71b9e\">+) Đổi mới sang sản phẩm mới MIỄN PHÍ ( sản phẩm mới có giá trị lớn hơn hoặc tương tương sản phẩm đã mua ) trong thời gian 1-3 ngày đầu kể từ ngày mua hàng.</b></p>\n\n<p dir=\"ltr\"><b id=\"docs-internal-guid-eb398250-28d1-6e4b-2707-e46d3ce71b9e\">+) Mọi chi tiết liên hệ : 097.147.7007 - 04.22121.999</b></p>\n\n<p dir=\"ltr\"><b id=\"docs-internal-guid-eb398250-28d1-6e4b-2707-e46d3ce71b9e\">####</b></p>\n\n<p dir=\"ltr\"><b id=\"docs-internal-guid-eb398250-28d1-6e4b-2707-e46d3ce71b9e\">BẢO HÀNH:</b></p>\n\n<p dir=\"ltr\"><b id=\"docs-internal-guid-eb398250-28d1-6e4b-2707-e46d3ce71b9e\">2 năm | 24 tháng 1 đổi 1 CHÍNH HÃNG</b></p>\n\n<p dir=\"ltr\"><b id=\"docs-internal-guid-eb398250-28d1-6e4b-2707-e46d3ce71b9e\">RICKY MIỀN BẮC :</b></p>\n\n<p dir=\"ltr\"><b id=\"docs-internal-guid-eb398250-28d1-6e4b-2707-e46d3ce71b9e\">Add: 203-Bờ Sông Mới-Hoàng Mai-Hà Nội</b></p>\n\n<p dir=\"ltr\"><b id=\"docs-internal-guid-eb398250-28d1-6e4b-2707-e46d3ce71b9e\">RICKY MIỀN NAM:</b></p>\n\n<p dir=\"ltr\"><b id=\"docs-internal-guid-eb398250-28d1-6e4b-2707-e46d3ce71b9e\">Add: 704-Sông Mây-Trảng Bom-Đồng Nai</b></p>\n\n<p dir=\"ltr\"><b id=\"docs-internal-guid-eb398250-28d1-6e4b-2707-e46d3ce71b9e\">Hotline: 04.22121.999 - 097.147.7007</b></p>\n\n<p dir=\"ltr\"><b id=\"docs-internal-guid-eb398250-28d1-6e4b-2707-e46d3ce71b9e\">####</b></p>\n\n<p></p>', 1, 2, 1, 1, 1, 2, 0, 0, 0, 1, 2150000, 0, '/1-59e59619bb9e2.jpg', '', '130300100', 'PKS-R1200TII-BR', '', 1700, '0000-00-00 00:00:00', 0, 0, 0, 24, 1, '[\"https://www.youtube.com/watch?v=Is9Z5Tjl5IU\",\"https://www.youtube.com/watch?v=0sv5c0V9Nw4\",\"https://www.youtube.com/watch?v=tkgM03PC3SU&t=3s\"]', 2, '', 3, '2017-10-17 12:35:59', 3, '2018-05-09 11:10:43');
INSERT INTO `products` (`ProductId`, `ProductName`, `ProductSlug`, `ProductShortDesc`, `ProductDesc`, `ProductTypeId`, `ProductStatusId`, `ProductKindId`, `VATStatusId`, `ProductDisplayTypeId`, `ProductLevelId`, `ParentProductId`, `SupplierId`, `ManufacturerId`, `IsContactPrice`, `Price`, `OldPrice`, `ProductImage`, `ProductCode`, `BarCode`, `Sku`, `IMEI`, `Weight`, `PublishDateTime`, `ProductFormalStatusId`, `ProductUsageStatusId`, `ProductAccessoryStatusId`, `GuaranteeMonth`, `ProductUnitId`, `VideoUrls`, `ProductWebStatusId`, `ProductWebStatusComment`, `CrUserId`, `CrDateTime`, `UpdateUserId`, `UpdateDateTime`) VALUES
(18, 'M-Audio BX5', 'loa-kiem-am-m-audio-bx5', '<p></p>', '<p><meta charset=\"utf-8\" /></p>\n\n<p dir=\"ltr\"><b id=\"docs-internal-guid-844549a9-28d5-843a-17c8-226e44489655\">Loa kiểm &acirc;m M-Audio BX5</b></p>\n\n<p dir=\"ltr\"><b id=\"docs-internal-guid-844549a9-28d5-843a-17c8-226e44489655\">H&igrave;nh ảnh thực tế Loa kiểm &acirc;m M-Audio BX5</b></p>\n\n<p dir=\"ltr\"><b id=\"docs-internal-guid-844549a9-28d5-843a-17c8-226e44489655\">Th&ocirc;ng số kĩ thuật:</b></p>\n\n<p dir=\"ltr\"><b id=\"docs-internal-guid-844549a9-28d5-843a-17c8-226e44489655\">&bull; Dải tần: 53Hz &ndash; 22kHz.</b></p>\n\n<p dir=\"ltr\"><b id=\"docs-internal-guid-844549a9-28d5-843a-17c8-226e44489655\">&bull; C&ocirc;ng suất: 70W.</b></p>\n\n<p dir=\"ltr\"><b id=\"docs-internal-guid-844549a9-28d5-843a-17c8-226e44489655\">&bull; T&iacute;n hiệu g&acirc;y m&eacute;o tiếng &gt;100dB.</b></p>\n\n<p dir=\"ltr\"><b id=\"docs-internal-guid-844549a9-28d5-843a-17c8-226e44489655\">&bull; RMS SPL: 101.5 dB @ 1 meter</b></p>\n\n<p dir=\"ltr\"><b id=\"docs-internal-guid-844549a9-28d5-843a-17c8-226e44489655\">&bull; Đường k&iacute;nh loa bass: 12.7cm.</b></p>\n\n<p dir=\"ltr\"><b id=\"docs-internal-guid-844549a9-28d5-843a-17c8-226e44489655\">&bull; Đường k&iacute;nh loa treble: 2.54cm.</b></p>\n\n<p dir=\"ltr\"><b id=\"docs-internal-guid-844549a9-28d5-843a-17c8-226e44489655\">&bull; Input: Jack canon hoặc 6ly.</b></p>\n\n<p dir=\"ltr\"><b id=\"docs-internal-guid-844549a9-28d5-843a-17c8-226e44489655\">&bull; Điện &aacute;p sử dụng: 110V hoặc 220V ~50/60Hz.</b></p>\n\n<p dir=\"ltr\"><b id=\"docs-internal-guid-844549a9-28d5-843a-17c8-226e44489655\">&bull; K&iacute;ch thước: 19.5cm x 17.6cm x 25.2cm(H-W-D).</b></p>\n\n<p dir=\"ltr\"><b id=\"docs-internal-guid-844549a9-28d5-843a-17c8-226e44489655\">&bull; Trọng lượng: 5Kg/c&aacute;i.</b></p>\n\n<p dir=\"ltr\"><b id=\"docs-internal-guid-844549a9-28d5-843a-17c8-226e44489655\">Nếu như bạn đang t&igrave;m một chiếc loa cho ra những &acirc;m thanh trong trẻo, trung thực để phục vụ cho nhu cầu nghe nhạc, xem phim hay h&aacute;t live, h&aacute;t karaoke, kiểm tra &acirc;m thanh trong thu &acirc;m,.v..v.., th&igrave; một chiếc loa kiểm &acirc;m tốt l&agrave; một sự lựa chọn rất đ&aacute;ng c&acirc;n nhắc. Loa kiểm &acirc;m M-Audio BX5 thuộc d&ograve;ng loa kiểm &acirc;m c&oacute; bề ngo&agrave;i bắt mắt, gi&aacute; cả phải chăng, c&oacute; chất &acirc;m trung thực v&agrave; độ khuếch đại lớn, ph&ugrave; hợp với c&aacute;c nhu cầu như xem phim, nghe nhạc, chơi game hay kiểm &acirc;m tại c&aacute;c ph&ograve;ng thu chuy&ecirc;n nghiệp.</b></p>\n\n<p dir=\"ltr\"><b id=\"docs-internal-guid-844549a9-28d5-843a-17c8-226e44489655\">Vậy loa kiểm &acirc;m l&agrave; g&igrave;?</b></p>\n\n<p dir=\"ltr\"><b id=\"docs-internal-guid-844549a9-28d5-843a-17c8-226e44489655\">Giống như Tai nghe kiểm &acirc;m, Loa kiểm &acirc;m l&agrave; phụ kiện chuy&ecirc;n dụng được sử dụng trong c&aacute;c ph&ograve;ng thu để KIỂM TRA &Acirc;M THANH trong qu&aacute; tr&igrave;nh thu &acirc;m, c&oacute; chức năng đưa ra &acirc;m thanh ch&acirc;n thực với mục đ&iacute;ch đầu ti&ecirc;n l&agrave; để phục vụ cho việc duyệt &acirc;m trong những dự &aacute;n &acirc;m nhạc.</b></p>\n\n<p dir=\"ltr\"><b id=\"docs-internal-guid-844549a9-28d5-843a-17c8-226e44489655\"><img height=\"540\" src=\"https://lh3.googleusercontent.com/j5aF00DpIaN2uA10gomG7MdyVVzS5l4cF646sInCgEI1kt_Qk6Ssvi1CUUJbCL9EzZJ2VBI-rM7rioiYdblHRJBtWw3IbCj-kBOWTNGeqaIsUFJuhbLDktYIWgvuvUMfEUCtgvqF\" width=\"540\" /></b></p>\n\n<p dir=\"ltr\"><b id=\"docs-internal-guid-844549a9-28d5-843a-17c8-226e44489655\">Loa kiểm &acirc;m M-Audio BX5</b></p>\n\n<p dir=\"ltr\"><b id=\"docs-internal-guid-844549a9-28d5-843a-17c8-226e44489655\">Chi tiết về sản phẩm:</b></p>\n\n<p dir=\"ltr\"><b id=\"docs-internal-guid-844549a9-28d5-843a-17c8-226e44489655\">Loa kiểm &acirc;m M-Audio BX5 đưa &acirc;m thanh trung thực, ph&ugrave; hợp cho việc nghe nhạc, xem phim, chơi game hay kiểm &acirc;m trong c&aacute;c ph&ograve;ng thu &acirc;m chuy&ecirc;n nghiệp.</b></p>\n\n<p dir=\"ltr\"><b id=\"docs-internal-guid-844549a9-28d5-843a-17c8-226e44489655\">####</b></p>\n\n<p dir=\"ltr\"><b id=\"docs-internal-guid-844549a9-28d5-843a-17c8-226e44489655\">+) KH&Aacute;CH H&Agrave;NG NỘI TH&Agrave;NH:</b></p>\n\n<p dir=\"ltr\"><b id=\"docs-internal-guid-844549a9-28d5-843a-17c8-226e44489655\">&nbsp;&gt;&gt; Q&uacute;y kh&aacute;ch c&oacute; thể mua h&agrave;ng theo 2 c&aacute;ch :</b></p>\n\n<ul>\n	<li dir=\"ltr\">\n	<p dir=\"ltr\"><b id=\"docs-internal-guid-844549a9-28d5-843a-17c8-226e44489655\">Đến trực tiếp cửa h&agrave;ng của RICKY tại địa chỉ : 203 Đường Bờ S&ocirc;ng - Gần cầu Khỉ - Ho&agrave;ng Mai - H&agrave; Nội.</b></p>\n	</li>\n	<li dir=\"ltr\">\n	<p dir=\"ltr\"><b id=\"docs-internal-guid-844549a9-28d5-843a-17c8-226e44489655\">Nhận h&agrave;ng tại nh&agrave; ! Đặt h&agrave;ng nhanh qua WEB RICKY.VN !</b></p>\n	</li>\n	<li dir=\"ltr\">\n	<p dir=\"ltr\"><b id=\"docs-internal-guid-844549a9-28d5-843a-17c8-226e44489655\">Hotline đặt h&agrave;ng : 097.147.7007 - 04.22121.999</b></p>\n	</li>\n</ul>\n\n<p dir=\"ltr\"><b id=\"docs-internal-guid-844549a9-28d5-843a-17c8-226e44489655\">+) KH&Aacute;CH H&Agrave;NG NGOẠI TH&Agrave;NH:</b></p>\n\n<ul>\n	<li dir=\"ltr\">\n	<p dir=\"ltr\"><b id=\"docs-internal-guid-844549a9-28d5-843a-17c8-226e44489655\">Kh&aacute;ch h&agrave;ng ở xa ho&agrave;n to&agrave;n c&oacute; thể nhận h&agrave;ng tại nh&agrave;, thanh to&aacute;n tiền h&agrave;ng trực tiếp cho nh&acirc;n vi&ecirc;n giao h&agrave;ng.</b></p>\n	</li>\n	<li dir=\"ltr\">\n	<p dir=\"ltr\"><b id=\"docs-internal-guid-844549a9-28d5-843a-17c8-226e44489655\">Thời gian giao h&agrave;ng th&ocirc;ng thường từ 1-3 ng&agrave;y l&agrave;m việc.</b></p>\n	</li>\n	<li dir=\"ltr\">\n	<p dir=\"ltr\"><b id=\"docs-internal-guid-844549a9-28d5-843a-17c8-226e44489655\">RICKY MIỀN NAM địa chỉ tại : 704-S&ocirc;ng M&acirc;y-Trảng Bom-Đồng Nai( cho những kh&aacute;ch h&agrave;ng ở khu vực n&agrave;y )</b></p>\n	</li>\n	<li dir=\"ltr\">\n	<p dir=\"ltr\"><b id=\"docs-internal-guid-844549a9-28d5-843a-17c8-226e44489655\">Hotline đặt h&agrave;ng : 097.147.7007 - 04.22121.999</b></p>\n	</li>\n</ul>\n\n<p dir=\"ltr\"><b id=\"docs-internal-guid-844549a9-28d5-843a-17c8-226e44489655\">####</b></p>\n\n<p dir=\"ltr\"><b id=\"docs-internal-guid-844549a9-28d5-843a-17c8-226e44489655\">+) Mọi sản phẩm được đổi trả miễn ph&iacute; trong v&ograve;ng 7 ng&agrave;y đầu với bất cứ lỗi n&agrave;o của nh&agrave; sản xuất.</b></p>\n\n<p dir=\"ltr\"><b id=\"docs-internal-guid-844549a9-28d5-843a-17c8-226e44489655\">+) Đổi mới sang sản phẩm mới MIỄN PH&Iacute; ( sản phẩm mới c&oacute; gi&aacute; trị lớn hơn hoặc tương tương sản phẩm đ&atilde; mua ) trong thời gian 1-3 ng&agrave;y đầu kể từ ng&agrave;y mua h&agrave;ng.</b></p>\n\n<p dir=\"ltr\"><b id=\"docs-internal-guid-844549a9-28d5-843a-17c8-226e44489655\">+) Mọi chi tiết li&ecirc;n hệ : 097.147.7007 - 04.22121.999</b></p>\n\n<p dir=\"ltr\"><b id=\"docs-internal-guid-844549a9-28d5-843a-17c8-226e44489655\">####</b></p>\n\n<p dir=\"ltr\"><b id=\"docs-internal-guid-844549a9-28d5-843a-17c8-226e44489655\">BẢO H&Agrave;NH:</b></p>\n\n<p dir=\"ltr\"><b id=\"docs-internal-guid-844549a9-28d5-843a-17c8-226e44489655\">1 năm | 12 th&aacute;ng 1 đổi 1 CH&Iacute;NH H&Atilde;NG</b></p>\n\n<p dir=\"ltr\"><b id=\"docs-internal-guid-844549a9-28d5-843a-17c8-226e44489655\">RICKY MIỀN BẮC :</b></p>\n\n<p dir=\"ltr\"><b id=\"docs-internal-guid-844549a9-28d5-843a-17c8-226e44489655\">Add: 203-Bờ S&ocirc;ng Mới-Ho&agrave;ng Mai-H&agrave; Nội</b></p>\n\n<p dir=\"ltr\"><b id=\"docs-internal-guid-844549a9-28d5-843a-17c8-226e44489655\">RICKY MIỀN NAM:</b></p>\n\n<p dir=\"ltr\"><b id=\"docs-internal-guid-844549a9-28d5-843a-17c8-226e44489655\">Add: 704-S&ocirc;ng M&acirc;y-Trảng Bom-Đồng Nai</b></p>\n\n<p dir=\"ltr\"><b id=\"docs-internal-guid-844549a9-28d5-843a-17c8-226e44489655\">Hotline: 04.22121.999 - 097.147.7007</b></p>\n\n<p dir=\"ltr\"><b id=\"docs-internal-guid-844549a9-28d5-843a-17c8-226e44489655\">####</b></p>\n\n<p dir=\"ltr\"><b id=\"docs-internal-guid-844549a9-28d5-843a-17c8-226e44489655\">CAM KẾT:</b></p>\n\n<p dir=\"ltr\"><b id=\"docs-internal-guid-844549a9-28d5-843a-17c8-226e44489655\">N&Oacute;I KH&Ocirc;NG VỚI H&Agrave;NG FAKE, X&Aacute;CH TAY, BẢO H&Agrave;NH &quot;MIỆNG&quot;, BỞI C&Aacute; NH&Acirc;N, L&Aacute;I BU&Ocirc;N.</b></p>\n\n<p></p>', 1, 2, 1, 1, 1, 2, 0, 0, 0, 1, 5850000, 5900000, '/bx5-2-59e5977155baa.jpg', '', '130450100', 'PKS-BX5-SW', '', 0, '0000-00-00 00:00:00', 0, 0, 0, 12, 1, '[\"https://www.youtube.com/watch?v=Is9Z5Tjl5IU\",\"https://www.youtube.com/watch?v=tkgM03PC3SU\",\"https://www.youtube.com/watch?v=Awg6wrNkQgE\",\"https://www.youtube.com/watch?v=HqhAJtApUZg&t=2s\",\"https://www.youtube.com/watch?v=BKO1F6BV_p4\"]', 2, '', 3, '2017-10-17 12:40:29', 19, '2018-03-09 22:11:53'),
(19, 'Takstar PCK600', 'micro-takstar-pc-k600-chinh-hang', '<p></p>', '<p dir=\"ltr\"><b id=\"docs-internal-guid-b4085e70-28d9-d423-bdb9-c9f25c7354e5\">MICRO TAKSTAR PC-K600 | Phi&ecirc;n bản micro thu &acirc;m của K200</b></p>\n\n<p dir=\"ltr\"><b id=\"docs-internal-guid-b4085e70-28d9-d423-bdb9-c9f25c7354e5\">TH&Ocirc;NG SỐ KỸ THUẬT:</b></p>\n\n<ol>\n	<li dir=\"ltr\">\n	<p dir=\"ltr\"><b id=\"docs-internal-guid-b4085e70-28d9-d423-bdb9-c9f25c7354e5\">Cấu tạo mic: Condenser</b></p>\n	</li>\n	<li dir=\"ltr\">\n	<p dir=\"ltr\"><b id=\"docs-internal-guid-b4085e70-28d9-d423-bdb9-c9f25c7354e5\">Hướng thu: Cardioid</b></p>\n	</li>\n	<li dir=\"ltr\">\n	<p dir=\"ltr\"><b id=\"docs-internal-guid-b4085e70-28d9-d423-bdb9-c9f25c7354e5\">Tần số đ&aacute;p ứng: 20Hz-20kHz</b></p>\n	</li>\n	<li dir=\"ltr\">\n	<p dir=\"ltr\"><b id=\"docs-internal-guid-b4085e70-28d9-d423-bdb9-c9f25c7354e5\">Độ nhạy: -36dB&plusmn;3dB (0dB=1V/Pa at1kHz)</b></p>\n	</li>\n	<li dir=\"ltr\">\n	<p dir=\"ltr\"><b id=\"docs-internal-guid-b4085e70-28d9-d423-bdb9-c9f25c7354e5\">Trở kh&aacute;ng đầu ra: &le;100&Omega; (at 1kHz)</b></p>\n	</li>\n	<li dir=\"ltr\">\n	<p dir=\"ltr\"><b id=\"docs-internal-guid-b4085e70-28d9-d423-bdb9-c9f25c7354e5\">Điện trở tải: &ge;1000&Omega;</b></p>\n	</li>\n	<li dir=\"ltr\">\n	<p dir=\"ltr\"><b id=\"docs-internal-guid-b4085e70-28d9-d423-bdb9-c9f25c7354e5\">Mức độ tiếng ồn: &le;10dB (IEC 581-5)</b></p>\n	</li>\n	<li dir=\"ltr\">\n	<p dir=\"ltr\"><b id=\"docs-internal-guid-b4085e70-28d9-d423-bdb9-c9f25c7354e5\">Mức &aacute;p lực &acirc;m thanh đầu v&agrave;o tối đa: 140dB (THD &le;1.0% at 1kHz)</b></p>\n	</li>\n	<li dir=\"ltr\">\n	<p dir=\"ltr\"><b id=\"docs-internal-guid-b4085e70-28d9-d423-bdb9-c9f25c7354e5\">Chuẩn kết nối đầu ra: XLRM</b></p>\n	</li>\n	<li dir=\"ltr\">\n	<p dir=\"ltr\"><b id=\"docs-internal-guid-b4085e70-28d9-d423-bdb9-c9f25c7354e5\">Nguồn sử dụng: 48V Phantom Power</b></p>\n	</li>\n	<li dir=\"ltr\">\n	<p dir=\"ltr\"><b id=\"docs-internal-guid-b4085e70-28d9-d423-bdb9-c9f25c7354e5\">K&iacute;ch thước mic: 50 mm x 188mm(đường k&iacute;nh x chiều cao)</b></p>\n	</li>\n	<li dir=\"ltr\">\n	<p dir=\"ltr\"><b id=\"docs-internal-guid-b4085e70-28d9-d423-bdb9-c9f25c7354e5\">Trọng lượng 480g</b></p>\n	</li>\n</ol>\n\n<p dir=\"ltr\"></p>\n\n<p dir=\"ltr\"><b id=\"docs-internal-guid-b4085e70-28d9-d423-bdb9-c9f25c7354e5\">Micro TAKSTAR K600 l&agrave; phi&ecirc;n bản mới hơn của d&ograve;ng micro<a href=\"http://ricky.vn/products/micro-pc-k200\"> TAKSTAR K200</a> đ&igrave;nh đ&aacute;m, được cải tiến th&ecirc;m về khả năng thu &acirc;m v&agrave; chất &acirc;m, gi&uacute;p cho &acirc;m thu được d&agrave;y v&agrave; ấm hơn so với bản cũ.</b></p>\n\n<ul>\n	<li dir=\"ltr\">\n	<p dir=\"ltr\"><b id=\"docs-internal-guid-b4085e70-28d9-d423-bdb9-c9f25c7354e5\">Vocal d&agrave;y dạn hơn K200</b></p>\n	</li>\n</ul>\n\n<p dir=\"ltr\"><b id=\"docs-internal-guid-b4085e70-28d9-d423-bdb9-c9f25c7354e5\">Nếu như K200 nổi bật với chất &acirc;m trong, s&aacute;ng, c&oacute; phần hơi sắc th&igrave; ở K600, chất &acirc;m lại được cải tiến để trở n&ecirc;n d&agrave;y hơn, mượt m&agrave; hơn, c&oacute; thể che được khuyết điểm của những chất giọng vốn đ&atilde; sắc từ trước - điều ngược lại với K200. D&ugrave; c&oacute; &acirc;m thu tối v&agrave; d&agrave;y hơn, nhưng độ trong trẻo v&agrave; tr&ograve;n trịa của &acirc;m thanh vẫn được giữ nguy&ecirc;n, v&igrave; vậy c&oacute; thể sẽ ph&ugrave; hợp với việc thu &acirc;m hơn so với d&ograve;ng K200 cũ.</b></p>\n\n<ul>\n	<li dir=\"ltr\">\n	<p dir=\"ltr\"><b id=\"docs-internal-guid-b4085e70-28d9-d423-bdb9-c9f25c7354e5\">Hướng thu cardiod loại bỏ tạp &acirc;m tốt</b></p>\n	</li>\n</ul>\n\n<p dir=\"ltr\"><b id=\"docs-internal-guid-b4085e70-28d9-d423-bdb9-c9f25c7354e5\">Với hướng thu cardiod - hướng thu h&igrave;nh tr&aacute;i tim - chỉ thu những &acirc;m từ ph&iacute;a trước v&agrave; kh&ocirc;ng thu những &acirc;m từ ph&iacute;a sau hay 2 b&ecirc;n, micro sẽ c&oacute; thể loại bỏ được một phần đ&aacute;ng kể những tạp &acirc;m kh&ocirc;ng mong muốn khi thu như tiếng mở cửa, tiếng giậm ch&acirc;n,..v.v..</b></p>\n\n<ul>\n	<li dir=\"ltr\">\n	<p dir=\"ltr\"><b id=\"docs-internal-guid-b4085e70-28d9-d423-bdb9-c9f25c7354e5\">Thiết kế chắc chắn, kh&ocirc;ng ố, rỉ</b></p>\n	</li>\n</ul>\n\n<p dir=\"ltr\"><b id=\"docs-internal-guid-b4085e70-28d9-d423-bdb9-c9f25c7354e5\">Tuy kh&ocirc;ng được thiết kế b&oacute;ng bẩy như K200 v&agrave; c&oacute; phần giống những chiếc micro b&igrave;nh d&acirc;n nhưng K600 c&oacute; thể đảm bảo về l&acirc;u d&agrave;i chất lượng b&ecirc;n ngo&agrave;i của mic, kh&oacute; bị ố hay rỉ s&eacute;t d&ugrave; để l&acirc;u, tất nhi&ecirc;n trong điều kiện bảo quản mic kh&ocirc;ng ẩm thấp, n&oacute;ng chảy.</b></p>\n\n<p dir=\"ltr\"><b id=\"docs-internal-guid-b4085e70-28d9-d423-bdb9-c9f25c7354e5\"><img height=\"540\" src=\"https://lh5.googleusercontent.com/fTAEOupLRq_GnNaWofSiPzTCFfSsCPFq4XdJHm4_MKTmkKcSyFPMga3N-kZ1NKI9g8ff3v4am5_BsWBbvD5vx_FlnocHGTTET8IjdKCmvNUpD8jf0jtfxiH1JtVJ2zGcd-6lXRvL\" width=\"540\" /></b></p>\n\n<p dir=\"ltr\"><b id=\"docs-internal-guid-b4085e70-28d9-d423-bdb9-c9f25c7354e5\">H&igrave;nh ảnh thực tế: Micro Takstar PC-K600.</b></p>\n\n<p dir=\"ltr\"><b id=\"docs-internal-guid-b4085e70-28d9-d423-bdb9-c9f25c7354e5\">Ứng dụng</b></p>\n\n<p dir=\"ltr\"><b id=\"docs-internal-guid-b4085e70-28d9-d423-bdb9-c9f25c7354e5\">Micro TAKSTAR K600 tương th&iacute;ch với hầu hết c&aacute;c loại soundcard, tuy nhi&ecirc;n n&ecirc;n kết hợp với những d&ograve;ng soundcard thu &acirc;m để c&oacute; thể khai th&aacute;c được hết khả năng của cả mic lẫn soundcard.</b></p>\n\n<p dir=\"ltr\"><b id=\"docs-internal-guid-b4085e70-28d9-d423-bdb9-c9f25c7354e5\">Tuy nhi&ecirc;n nếu muốn, c&aacute;c bạn cũng ho&agrave;n to&agrave;n c&oacute; thể d&ugrave;ng Micro TAKSTAR K600 như một chiếc microphone để h&aacute;t live, livestream v&agrave; quay video&hellip; t&ugrave;y theo nhu cầu sử dụng, chỉ l&agrave; sẽ kh&ocirc;ng hay được bằng thu &acirc;m.</b></p>\n\n<h4 dir=\"ltr\"><b id=\"docs-internal-guid-b4085e70-28d9-d423-bdb9-c9f25c7354e5\">BỘ SẢN PHẨM BAO GỒM</b></h4>\n\n<p dir=\"ltr\"><b id=\"docs-internal-guid-b4085e70-28d9-d423-bdb9-c9f25c7354e5\">01 Microphone Takstar PC-K600</b></p>\n\n<p dir=\"ltr\"><b id=\"docs-internal-guid-b4085e70-28d9-d423-bdb9-c9f25c7354e5\">01 Sockmount</b></p>\n\n<p dir=\"ltr\"><b id=\"docs-internal-guid-b4085e70-28d9-d423-bdb9-c9f25c7354e5\">01 B&ocirc;ng lọc</b></p>\n\n<p dir=\"ltr\"><b id=\"docs-internal-guid-b4085e70-28d9-d423-bdb9-c9f25c7354e5\">01 Phiếu bảo h&agrave;nh ch&iacute;nh h&atilde;ng (to&agrave;n cầu)</b></p>\n\n<p dir=\"ltr\"><b id=\"docs-internal-guid-b4085e70-28d9-d423-bdb9-c9f25c7354e5\">01 S&aacute;ch hướng dẫn sử dụng</b></p>\n\n<p dir=\"ltr\"><b id=\"docs-internal-guid-b4085e70-28d9-d423-bdb9-c9f25c7354e5\">01 Hộp sản phẩm.</b></p>\n\n<p dir=\"ltr\"><b id=\"docs-internal-guid-b4085e70-28d9-d423-bdb9-c9f25c7354e5\">####</b></p>\n\n<p dir=\"ltr\"><b id=\"docs-internal-guid-b4085e70-28d9-d423-bdb9-c9f25c7354e5\">+) KH&Aacute;CH H&Agrave;NG NỘI TH&Agrave;NH:</b></p>\n\n<p dir=\"ltr\"><b id=\"docs-internal-guid-b4085e70-28d9-d423-bdb9-c9f25c7354e5\">&nbsp;&gt;&gt; Q&uacute;y kh&aacute;ch c&oacute; thể mua h&agrave;ng theo 2 c&aacute;ch :</b></p>\n\n<ul>\n	<li dir=\"ltr\">\n	<p dir=\"ltr\"><b id=\"docs-internal-guid-b4085e70-28d9-d423-bdb9-c9f25c7354e5\">Đến trực tiếp cửa h&agrave;ng của RICKY tại địa chỉ : 203 Đường Bờ S&ocirc;ng - Gần cầu Khỉ - Ho&agrave;ng Mai - H&agrave; Nội.</b></p>\n	</li>\n	<li dir=\"ltr\">\n	<p dir=\"ltr\"><b id=\"docs-internal-guid-b4085e70-28d9-d423-bdb9-c9f25c7354e5\">Nhận h&agrave;ng tại nh&agrave; ! Đặt h&agrave;ng nhanh qua WEB RICKY.VN !</b></p>\n	</li>\n	<li dir=\"ltr\">\n	<p dir=\"ltr\"><b id=\"docs-internal-guid-b4085e70-28d9-d423-bdb9-c9f25c7354e5\">Hotline đặt h&agrave;ng : 097.147.7007 - 04.22121.999</b></p>\n	</li>\n</ul>\n\n<p dir=\"ltr\"><b id=\"docs-internal-guid-b4085e70-28d9-d423-bdb9-c9f25c7354e5\">+) KH&Aacute;CH H&Agrave;NG NGOẠI TH&Agrave;NH:</b></p>\n\n<ul>\n	<li dir=\"ltr\">\n	<p dir=\"ltr\"><b id=\"docs-internal-guid-b4085e70-28d9-d423-bdb9-c9f25c7354e5\">Kh&aacute;ch h&agrave;ng ở xa ho&agrave;n to&agrave;n c&oacute; thể nhận h&agrave;ng tại nh&agrave;, thanh to&aacute;n tiền h&agrave;ng trực tiếp cho nh&acirc;n vi&ecirc;n giao h&agrave;ng.</b></p>\n	</li>\n	<li dir=\"ltr\">\n	<p dir=\"ltr\"><b id=\"docs-internal-guid-b4085e70-28d9-d423-bdb9-c9f25c7354e5\">Thời gian giao h&agrave;ng th&ocirc;ng thường từ 1-3 ng&agrave;y l&agrave;m việc.</b></p>\n	</li>\n	<li dir=\"ltr\">\n	<p dir=\"ltr\"><b id=\"docs-internal-guid-b4085e70-28d9-d423-bdb9-c9f25c7354e5\">RICKY MIỀN NAM địa chỉ tại : 704-S&ocirc;ng M&acirc;y-Trảng Bom-Đồng Nai( cho những kh&aacute;ch h&agrave;ng ở khu vực n&agrave;y )</b></p>\n	</li>\n	<li dir=\"ltr\">\n	<p dir=\"ltr\"><b id=\"docs-internal-guid-b4085e70-28d9-d423-bdb9-c9f25c7354e5\">Hotline đặt h&agrave;ng : 097.147.7007 - 04.22121.999</b></p>\n	</li>\n</ul>\n\n<p dir=\"ltr\"><b id=\"docs-internal-guid-b4085e70-28d9-d423-bdb9-c9f25c7354e5\">####</b></p>\n\n<p dir=\"ltr\"><b id=\"docs-internal-guid-b4085e70-28d9-d423-bdb9-c9f25c7354e5\">+) Mọi sản phẩm được đổi trả miễn ph&iacute; trong v&ograve;ng 7 ng&agrave;y đầu với bất cứ lỗi n&agrave;o của nh&agrave; sản xuất.</b></p>\n\n<p dir=\"ltr\"><b id=\"docs-internal-guid-b4085e70-28d9-d423-bdb9-c9f25c7354e5\">+) Đổi mới sang sản phẩm mới MIỄN PH&Iacute; ( sản phẩm mới c&oacute; gi&aacute; trị lớn hơn hoặc tương tương sản phẩm đ&atilde; mua ) trong thời gian 1-3 ng&agrave;y đầu kể từ ng&agrave;y mua h&agrave;ng.</b></p>\n\n<p dir=\"ltr\"><b id=\"docs-internal-guid-b4085e70-28d9-d423-bdb9-c9f25c7354e5\">+) Mọi chi tiết li&ecirc;n hệ : 097.147.7007 - 04.22121.999</b></p>\n\n<p dir=\"ltr\"><b id=\"docs-internal-guid-b4085e70-28d9-d423-bdb9-c9f25c7354e5\">####</b></p>\n\n<p dir=\"ltr\"><b id=\"docs-internal-guid-b4085e70-28d9-d423-bdb9-c9f25c7354e5\">BẢO H&Agrave;NH:</b></p>\n\n<p dir=\"ltr\"><b id=\"docs-internal-guid-b4085e70-28d9-d423-bdb9-c9f25c7354e5\">2 năm | 24 th&aacute;ng 1 đổi 1 CH&Iacute;NH H&Atilde;NG</b></p>\n\n<p dir=\"ltr\"><b id=\"docs-internal-guid-b4085e70-28d9-d423-bdb9-c9f25c7354e5\">RICKY MIỀN BẮC :</b></p>\n\n<p dir=\"ltr\"><b id=\"docs-internal-guid-b4085e70-28d9-d423-bdb9-c9f25c7354e5\">Add: 203-Bờ S&ocirc;ng Mới-Ho&agrave;ng Mai-H&agrave; Nội</b></p>\n\n<p dir=\"ltr\"><b id=\"docs-internal-guid-b4085e70-28d9-d423-bdb9-c9f25c7354e5\">RICKY MIỀN NAM:</b></p>\n\n<p dir=\"ltr\"><b id=\"docs-internal-guid-b4085e70-28d9-d423-bdb9-c9f25c7354e5\">Add: 704-S&ocirc;ng M&acirc;y-Trảng Bom-Đồng Nai</b></p>\n\n<p dir=\"ltr\"><b id=\"docs-internal-guid-b4085e70-28d9-d423-bdb9-c9f25c7354e5\">Hotline: 04.22121.999 - 097.147.7007</b></p>\n\n<p dir=\"ltr\"><b id=\"docs-internal-guid-b4085e70-28d9-d423-bdb9-c9f25c7354e5\">####</b></p>\n\n<p dir=\"ltr\"><b id=\"docs-internal-guid-b4085e70-28d9-d423-bdb9-c9f25c7354e5\">CAM KẾT:</b></p>\n\n<p dir=\"ltr\"><b id=\"docs-internal-guid-b4085e70-28d9-d423-bdb9-c9f25c7354e5\">N&Oacute;I KH&Ocirc;NG VỚI H&Agrave;NG FAKE, X&Aacute;CH TAY, BẢO H&Agrave;NH &quot;MIỆNG&quot;, BỞI C&Aacute; NH&Acirc;N, L&Aacute;I BU&Ocirc;N.</b></p>', 1, 2, 1, 1, 3, 2, 0, 1, 1, 1, 2200000, 0, '//1-59f8362abd91d.jpg', '', '110100100', 'MC-PCK600-SW', '', 0, '0000-00-00 00:00:00', 0, 0, 0, 24, 1, '[]', 2, '', 3, '2017-10-17 12:46:23', 7, '2018-01-23 21:24:06'),
(20, 'ICON UPOD Pro', 'icon-upod-pro', '<p></p>', '<p><meta charset=\"utf-8\" /></p>\n\n<p dir=\"ltr\"><b id=\"docs-internal-guid-32e68e68-28e0-8a34-53fd-c2fb0f1cbdf9\">Soundcard ICON PRO | Phi&ecirc;n bản đa dạng hiệu ứng của K10(S)</b></p>\n\n<p dir=\"ltr\"><b id=\"docs-internal-guid-32e68e68-28e0-8a34-53fd-c2fb0f1cbdf9\">Chất lượng ổn định, điều chỉnh dễ d&agrave;ng, đặc biệt hỗ trợ tốt h&aacute;t LIVE với tận 72 hiệu ứng đi k&egrave;m, sound card ICON PRO được coi như l&agrave; phi&ecirc;n bản đa năng hơn của<a href=\"http://ricky.vn/products/soundcard-xox-k10\"> XOX K10</a>- một d&ograve;ng sound card h&aacute;t live đ&atilde; qu&aacute; nổi tiếng tr&ecirc;n thị trường suốt thời gian qua, v&igrave; những điểm sau:</b></p>\n\n<p dir=\"ltr\"></p>\n\n<p dir=\"ltr\"><b id=\"docs-internal-guid-32e68e68-28e0-8a34-53fd-c2fb0f1cbdf9\">H&igrave;nh ảnh thực tế: Soun<img alt=\"\" src=\"/assets/uploads/images/dgbh-59f19890d7f37.jpg\" style=\"width: 750px; height: 510px; float: left;\" />dcard ICON PRO</b></p>\n\n<p dir=\"ltr\"></p>\n\n<p dir=\"ltr\"></p>\n\n<p dir=\"ltr\"></p>\n\n<p dir=\"ltr\"></p>\n\n<p dir=\"ltr\"></p>\n\n<p dir=\"ltr\"></p>\n\n<p dir=\"ltr\"></p>\n\n<p dir=\"ltr\"></p>\n\n<p dir=\"ltr\"></p>\n\n<p dir=\"ltr\"></p>\n\n<p dir=\"ltr\"></p>\n\n<p dir=\"ltr\"></p>\n\n<p dir=\"ltr\"></p>\n\n<p dir=\"ltr\"></p>\n\n<p dir=\"ltr\"></p>\n\n<p dir=\"ltr\"></p>\n\n<p dir=\"ltr\"><b id=\"docs-internal-guid-32e68e68-28e0-8a34-53fd-c2fb0f1cbdf9\">Những điểm nổi bật của Soundcard ICON PRO</b></p>\n\n<ul>\n	<li dir=\"ltr\">\n	<p dir=\"ltr\"><b id=\"docs-internal-guid-32e68e68-28e0-8a34-53fd-c2fb0f1cbdf9\">&Acirc;m thanh mạnh mẽ, t&iacute;ch hợp 72 hiệu ứng echo kh&aacute;c nhau cho h&aacute;t live</b></p>\n	</li>\n</ul>\n\n<p dir=\"ltr\"><b id=\"docs-internal-guid-32e68e68-28e0-8a34-53fd-c2fb0f1cbdf9\">D&ugrave; chất &acirc;m kh&ocirc;ng được trong trẻo như K10 nhưng với 72 hiệu ứng được t&iacute;ch hợp (hơn hẳn K10 chỉ c&oacute; 16 hiệu ứng) v&agrave; được chỉnh rất dễ d&agrave;ng, kh&ocirc;ng cần d&ugrave;ng đến phần mềm, ICON PRO ho&agrave;n to&agrave;n c&oacute; thể được xem như &ldquo;một ch&iacute;n một mười&rdquo; với d&ograve;ng sound card tr&ecirc;n. Đ&acirc;y ch&iacute;nh l&agrave; điểm m&agrave; bạn n&ecirc;n c&acirc;n nhắc nhất khi chọn giữa cả 2 d&ograve;ng khi mua h&agrave;ng, nhất l&agrave; khi gi&aacute; tiền của ICON PRO lại c&ograve;n xấp xỉ gấp đ&ocirc;i K10</b></p>\n\n<ul>\n	<li dir=\"ltr\">\n	<p dir=\"ltr\"><b id=\"docs-internal-guid-32e68e68-28e0-8a34-53fd-c2fb0f1cbdf9\">Cổng &acirc;m thanh đầy đủ, hợp l&yacute;</b></p>\n	</li>\n</ul>\n\n<p dir=\"ltr\"><b id=\"docs-internal-guid-32e68e68-28e0-8a34-53fd-c2fb0f1cbdf9\">C&aacute;ch sử dụng c&aacute;c cổng &acirc;m thanh cho sound card ICON PRO:</b></p>\n\n<ol>\n	<li dir=\"ltr\">\n	<p dir=\"ltr\"><b id=\"docs-internal-guid-32e68e68-28e0-8a34-53fd-c2fb0f1cbdf9\">2 CỔNG XLR t&iacute;ch hợp nguồn 48V hỗ trợ 2 micro c&ugrave;ng l&uacute;c;</b></p>\n	</li>\n	<li dir=\"ltr\">\n	<p dir=\"ltr\"><b id=\"docs-internal-guid-32e68e68-28e0-8a34-53fd-c2fb0f1cbdf9\">2 CỔNG CHO TAI NGHE;</b></p>\n	</li>\n	<li dir=\"ltr\">\n	<p dir=\"ltr\"><b id=\"docs-internal-guid-32e68e68-28e0-8a34-53fd-c2fb0f1cbdf9\">2 CỔNG CHO LOA;</b></p>\n	</li>\n	<li dir=\"ltr\">\n	<p dir=\"ltr\"><b id=\"docs-internal-guid-32e68e68-28e0-8a34-53fd-c2fb0f1cbdf9\">2 CỔNG KẾT NỐI &Acirc;M THANH VỚI ĐIỆN THOẠI;</b></p>\n	</li>\n	<li dir=\"ltr\">\n	<p dir=\"ltr\"><b id=\"docs-internal-guid-32e68e68-28e0-8a34-53fd-c2fb0f1cbdf9\">1 CỔNG CHO NHẠC CỤ (bass, guitar).</b></p>\n	</li>\n</ol>\n\n<p dir=\"ltr\"><b id=\"docs-internal-guid-32e68e68-28e0-8a34-53fd-c2fb0f1cbdf9\">Đ&acirc;y l&agrave; điểm rất c&oacute; lợi của Soundcard ICON PRO cho việc thu &acirc;m do bạn sẽ c&oacute; thể thực hiện được c&aacute;c thao t&aacute;c thu &acirc;m v&agrave; kiểm &acirc;m, chỉnh &acirc;m dễ d&agrave;ng.</b></p>\n\n<ul>\n	<li dir=\"ltr\">\n	<p dir=\"ltr\"><b id=\"docs-internal-guid-32e68e68-28e0-8a34-53fd-c2fb0f1cbdf9\">Kết hợp được với đa dạng thiết bị</b></p>\n	</li>\n</ul>\n\n<p dir=\"ltr\"><b id=\"docs-internal-guid-32e68e68-28e0-8a34-53fd-c2fb0f1cbdf9\">Do c&oacute; t&iacute;ch hợp nguồn 48V n&ecirc;n ICON PRO c&oacute; thể kết hợp được với nhiều loại micro cao cấp m&agrave; kh&ocirc;ng cần phải gh&eacute;p th&ecirc;m cục nguồn 48V với gi&aacute; th&agrave;nh vốn kh&ocirc;ng phải l&agrave; b&eacute;.</b></p>\n\n<ul>\n	<li dir=\"ltr\">\n	<p dir=\"ltr\"><b id=\"docs-internal-guid-32e68e68-28e0-8a34-53fd-c2fb0f1cbdf9\">N&uacute;t vặn EQ dễ điều chỉnh</b></p>\n	</li>\n</ul>\n\n<p dir=\"ltr\"><b id=\"docs-internal-guid-32e68e68-28e0-8a34-53fd-c2fb0f1cbdf9\">C&aacute;c n&uacute;t vặn chỉnh &acirc;m của Soundcard ICON PRO đều được cấu tạo ở mặt tr&ecirc;n, c&oacute; chia khấc v&agrave; c&oacute; đ&egrave;n Led hiển thị số tương ứng gi&uacute;p việc chỉnh sửa &acirc;m thanh trở n&ecirc;n dễ d&agrave;ng v&agrave; trực quan hơn, &acirc;m thanh sau khi chỉnh cũng được thật v&agrave; ch&iacute;nh x&aacute;c hơn.</b></p>\n\n<p dir=\"ltr\"></p>\n\n<p dir=\"ltr\"><b id=\"docs-internal-guid-32e68e68-28e0-8a34-53fd-c2fb0f1cbdf9\">+) KH&Aacute;CH H&Agrave;NG NỘI TH&Agrave;NH:</b></p>\n\n<p dir=\"ltr\"><b id=\"docs-internal-guid-32e68e68-28e0-8a34-53fd-c2fb0f1cbdf9\">&nbsp;&gt;&gt; Q&uacute;y kh&aacute;ch c&oacute; thể mua h&agrave;ng theo 2 c&aacute;ch :</b></p>\n\n<ul>\n	<li dir=\"ltr\">\n	<p dir=\"ltr\"><b id=\"docs-internal-guid-32e68e68-28e0-8a34-53fd-c2fb0f1cbdf9\">Đến trực tiếp cửa h&agrave;ng của RICKY tại địa chỉ : 203 Đường Bờ S&ocirc;ng - Gần cầu Khỉ - Ho&agrave;ng Mai - H&agrave; Nội.</b></p>\n	</li>\n	<li dir=\"ltr\">\n	<p dir=\"ltr\"><b id=\"docs-internal-guid-32e68e68-28e0-8a34-53fd-c2fb0f1cbdf9\">Nhận h&agrave;ng tại nh&agrave; ! Đặt h&agrave;ng nhanh qua WEB RICKY.VN !</b></p>\n	</li>\n	<li dir=\"ltr\">\n	<p dir=\"ltr\"><b id=\"docs-internal-guid-32e68e68-28e0-8a34-53fd-c2fb0f1cbdf9\">Hotline đặt h&agrave;ng : 097.147.7007 - 04.22121.999</b></p>\n	</li>\n</ul>\n\n<p dir=\"ltr\"><b id=\"docs-internal-guid-32e68e68-28e0-8a34-53fd-c2fb0f1cbdf9\">+) KH&Aacute;CH H&Agrave;NG NGOẠI TH&Agrave;NH:</b></p>\n\n<ul>\n	<li dir=\"ltr\">\n	<p dir=\"ltr\"><b id=\"docs-internal-guid-32e68e68-28e0-8a34-53fd-c2fb0f1cbdf9\">Kh&aacute;ch h&agrave;ng ở xa ho&agrave;n to&agrave;n c&oacute; thể nhận h&agrave;ng tại nh&agrave;, thanh to&aacute;n tiền h&agrave;ng trực tiếp cho nh&acirc;n vi&ecirc;n giao h&agrave;ng.</b></p>\n	</li>\n	<li dir=\"ltr\">\n	<p dir=\"ltr\"><b id=\"docs-internal-guid-32e68e68-28e0-8a34-53fd-c2fb0f1cbdf9\">Thời gian giao h&agrave;ng th&ocirc;ng thường từ 1-3 ng&agrave;y l&agrave;m việc.</b></p>\n	</li>\n	<li dir=\"ltr\">\n	<p dir=\"ltr\"><b id=\"docs-internal-guid-32e68e68-28e0-8a34-53fd-c2fb0f1cbdf9\">RICKY MIỀN NAM địa chỉ tại : 704-S&ocirc;ng M&acirc;y-Trảng Bom-Đồng Nai( cho những kh&aacute;ch h&agrave;ng ở khu vực n&agrave;y )</b></p>\n	</li>\n	<li dir=\"ltr\">\n	<p dir=\"ltr\"><b id=\"docs-internal-guid-32e68e68-28e0-8a34-53fd-c2fb0f1cbdf9\">Hotline đặt h&agrave;ng : 097.147.7007 - 04.22121.999</b></p>\n	</li>\n</ul>\n\n<p dir=\"ltr\"><b id=\"docs-internal-guid-32e68e68-28e0-8a34-53fd-c2fb0f1cbdf9\">####</b></p>\n\n<p dir=\"ltr\"><b id=\"docs-internal-guid-32e68e68-28e0-8a34-53fd-c2fb0f1cbdf9\">+) Mọi sản phẩm được đổi trả miễn ph&iacute; trong v&ograve;ng 7 ng&agrave;y đầu với bất cứ lỗi n&agrave;o của nh&agrave; sản xuất.</b></p>\n\n<p dir=\"ltr\"><b id=\"docs-internal-guid-32e68e68-28e0-8a34-53fd-c2fb0f1cbdf9\">+) Đổi mới sang sản phẩm mới MIỄN PH&Iacute; ( sản phẩm mới c&oacute; gi&aacute; trị lớn hơn hoặc tương tương sản phẩm đ&atilde; mua ) trong thời gian 1-3 ng&agrave;y đầu kể từ ng&agrave;y mua h&agrave;ng.</b></p>\n\n<p dir=\"ltr\"><b id=\"docs-internal-guid-32e68e68-28e0-8a34-53fd-c2fb0f1cbdf9\">+) Mọi chi tiết li&ecirc;n hệ : 097.147.7007 - 04.22121.999</b></p>\n\n<p dir=\"ltr\"><b id=\"docs-internal-guid-32e68e68-28e0-8a34-53fd-c2fb0f1cbdf9\">####</b></p>\n\n<p dir=\"ltr\"><b id=\"docs-internal-guid-32e68e68-28e0-8a34-53fd-c2fb0f1cbdf9\">BẢO H&Agrave;NH:</b></p>\n\n<p dir=\"ltr\"><b id=\"docs-internal-guid-32e68e68-28e0-8a34-53fd-c2fb0f1cbdf9\">2 năm | 24 th&aacute;ng 1 đổi 1 CH&Iacute;NH H&Atilde;NG</b></p>\n\n<p dir=\"ltr\"><b id=\"docs-internal-guid-32e68e68-28e0-8a34-53fd-c2fb0f1cbdf9\">Thương hiệu ICON, RICKY ỦY QUYỀN tại Việt Nam</b></p>\n\n<p dir=\"ltr\"><b id=\"docs-internal-guid-32e68e68-28e0-8a34-53fd-c2fb0f1cbdf9\">RICKY MIỀN BẮC :</b></p>\n\n<p dir=\"ltr\"><b id=\"docs-internal-guid-32e68e68-28e0-8a34-53fd-c2fb0f1cbdf9\">Add: 203-Bờ S&ocirc;ng Mới-Ho&agrave;ng Mai-H&agrave; Nội</b></p>\n\n<p dir=\"ltr\"><b id=\"docs-internal-guid-32e68e68-28e0-8a34-53fd-c2fb0f1cbdf9\">RICKY MIỀN NAM:</b></p>\n\n<p dir=\"ltr\"><b id=\"docs-internal-guid-32e68e68-28e0-8a34-53fd-c2fb0f1cbdf9\">Add: 704-S&ocirc;ng M&acirc;y-Trảng Bom-Đồng Nai</b></p>\n\n<p dir=\"ltr\"><b id=\"docs-internal-guid-32e68e68-28e0-8a34-53fd-c2fb0f1cbdf9\">Hotline: 04.22121.999 - 097.147.7007</b></p>\n\n<p dir=\"ltr\"></p>\n\n<p dir=\"ltr\"><b id=\"docs-internal-guid-32e68e68-28e0-8a34-53fd-c2fb0f1cbdf9\">CAM KẾT:</b></p>\n\n<p dir=\"ltr\"><b id=\"docs-internal-guid-32e68e68-28e0-8a34-53fd-c2fb0f1cbdf9\">N&Oacute;I KH&Ocirc;NG VỚI H&Agrave;NG FAKE, X&Aacute;CH TAY, BẢO H&Agrave;NH &quot;MIỆNG&quot;, BỞI C&Aacute; NH&Acirc;N, L&Aacute;I BU&Ocirc;N.</b></p>\n\n<p></p>', 1, 2, 1, 1, 1, 2, 0, 0, 0, 1, 2250000, 2250000, '/4-59f197654b330.jpg', '', '120050100', 'SC-ICONPro-SW', '', 0, '0000-00-00 00:00:00', 0, 0, 0, 24, 1, '[\"https://www.youtube.com/watch?v=riHBavu-8YI\",\"https://www.youtube.com/watch?v=iLN0fNKUxaw&t=3s\",\"https://www.youtube.com/watch?v=wJv63Warvgg\"]', 2, '', 3, '2017-10-17 12:54:16', 19, '2018-03-10 15:30:18'),
(21, 'Micro AMI BM900 | CHÍNH HÃNG', 'micro-ami-bm900', '<p></p>', '<p></p>', 1, 2, 1, 1, 3, 2, 0, 0, 0, 1, 690, 800, '/2-59f3259a9a777.jpg', '', '110250100', 'MC-BM900-SW', '', 450, '2017-10-26 16:30:00', 0, 0, 0, 0, 1, '[]', 2, '', 3, '2017-10-26 16:49:35', 19, '2018-03-28 23:39:51'),
(22, 'AMI BM800', 'micro-bm800-v5--loai-tot-nhat', '<p></p>', '<p></p>', 1, 0, 1, 1, 3, 2, 0, 11, 0, 1, 0, 0, '/bm-800-condenser-microphone-arm-stand-pop-filter-tokmate-usb-sound-card-earphone-c7a7cca3814ccf462cea6731d03266c9-59f3256d6d8a5.jpg', '', 'MC-BM800-SW', 'MC-BM800-SW', '', 450, '2017-10-26 16:45:00', 0, 0, 0, 24, 1, '[]', 0, '', 3, '2017-10-26 16:50:45', 3, '2017-11-25 17:43:27'),
(23, 'ISK MG K300', 'micro-isk-mg-k300', '<p></p>', '<p></p>', 1, 3, 1, 1, 3, 2, 0, 0, 0, 1, 1, 1, '/vuong-2-59f425ea3d081.jpg', '', '110141000', 'MC-K300-RT', '', 1850, '2017-10-26 16:45:00', 0, 0, 0, 24, 1, '[]', 3, '', 3, '2017-10-26 16:51:28', 3, '2018-05-07 10:30:39'),
(24, 'Soundcard XOX P10/S10 | Chính hãng', 'sound-card-xox-p10-s10', '<p></p>', '<p></p>', 1, 0, 1, 1, 1, 2, 0, 0, 0, 1, 0, 0, '', '', '42342332', '23423', '', 23, '2017-10-26 16:45:00', 0, 0, 0, 0, 1, '[]', 0, '', 3, '2017-10-26 16:53:20', 3, '2017-10-28 13:03:14'),
(25, 'Cáp 3.5-3.5', 'day-3-5-3-5', '<p></p>', '<p></p>', 1, 2, 1, 1, 3, 2, 0, 0, 0, 1, 30000, 30000, '', '', '130060100', 'PKS-3.5-3.5-SW', '', 23, '2017-10-26 16:45:00', 0, 0, 0, 3, 1, '[]', 2, '', 3, '2017-10-26 16:54:06', 19, '2018-03-29 00:02:12'),
(26, 'Cáp 3.5-AV', 'cap-3-5-av-chinh-hang', '<p></p>', '<p></p>', 1, 2, 1, 1, 1, 2, 0, 0, 0, 1, 50000, 0, '/1-59f32427bc57c.png', '', '130120100', 'PKS-3.5-AV -SW', '', 100, '2017-10-26 16:45:00', 0, 0, 0, 3, 1, '[]', 2, '', 3, '2017-10-26 16:54:51', 3, '2018-05-09 11:11:21'),
(27, 'Cáp V30', 'cap-live-stream-dien-thoai', '<p></p>', '<p></p>', 1, 2, 1, 1, 3, 2, 0, 0, 0, 1, 250000, 230000, '/1-59f3236022198.jpg', '', '130080100', 'PKS-V30-SW', '', 33, '2017-10-26 16:45:00', 0, 0, 0, 3, 1, '[]', 2, '', 3, '2017-10-26 16:55:49', 3, '2018-05-10 11:30:27'),
(28, 'XOX MA1', 'cap-live-smartphone-xox-ma1', '<p></p>', '<p></p>', 1, 2, 1, 1, 3, 2, 0, 0, 0, 1, 230000, 230000, '/5-59f322be75340.jpg', '', '130090100', 'PKS-MA1-SW', '', 49, '2017-10-26 16:45:00', 0, 0, 0, 3, 1, '[]', 2, '', 3, '2017-10-26 16:58:26', 3, '2018-05-10 11:29:52'),
(29, 'Cáp XLR-3.5', 'day-xlr-3-5mm', '<p></p>', '<p></p>', 1, 2, 1, 1, 3, 2, 0, 0, 0, 1, 120000, 0, '', '', '130050100', 'PKS-XLR-3.5-SW', '', 150, '2017-10-26 16:45:00', 0, 0, 0, 3, 1, '[]', 2, '', 3, '2017-10-26 17:00:24', 19, '2018-03-29 00:01:27'),
(30, 'Chân để bàn Stand-Mini', 'chan-de-ban-stand-mini', '<p></p>', '<p></p>', 1, 2, 1, 1, 3, 2, 0, 0, 0, 1, 150000, 150000, '', '', '130460100', 'PKS-Mini-SW', '', 0, '2017-10-26 17:00:00', 0, 0, 0, 0, 1, '[]', 2, '', 3, '2017-10-26 17:01:40', 19, '2018-03-30 14:17:24'),
(31, 'chân đứng RStand', 'chan-dung-r-stand', '<p></p>', '<p></p>', 1, 2, 1, 1, 3, 2, 0, 0, 0, 1, 380000, 0, '', '', '130370100', 'PKS-RStand-SW', '', 0, '2017-10-26 17:00:00', 0, 0, 0, 3, 1, '[]', 2, '', 3, '2017-10-26 17:02:32', 19, '2018-02-25 19:19:45'),
(32, 'Chân kẹp R250', 'chan-kep-ban-r-25', '<p></p>', '<p></p>', 1, 2, 1, 1, 1, 2, 0, 0, 0, 1, 250000, 220000, '//1-59f321a6ba7d2.png', '', '130350100', 'PKS-R250-SW', '', 560, '2017-10-26 17:00:00', 0, 0, 0, 3, 1, '[]', 2, '', 3, '2017-10-26 17:03:38', 19, '2018-02-25 16:02:50'),
(33, 'Chân kẹp R350-R', 'chan-kep-ban-r-35', '<p></p>', '<p></p>', 1, 0, 1, 1, 1, 2, 0, 2, 1, 1, 330, 0, '', '', '130360100', 'PKS-R350-R-SW', '', 1035, '2017-10-26 17:00:00', 0, 0, 0, 3, 1, '[]', 0, '', 3, '2017-10-26 17:04:42', 19, '2018-03-02 00:23:08'),
(34, 'Jack chuyển 3.5-6.3 mm', 'dau-chuyen-3-5-6-3', '<p></p>', '<p></p>', 1, 2, 1, 1, 1, 2, 0, 0, 0, 1, 30000, 30000, '/1-59f320c9d3e07.jpg', '', '130420100', 'PKS-3.5-6.3-GE', '', 3, '2017-10-26 17:00:00', 0, 0, 0, 3, 1, '[]', 2, '', 3, '2017-10-26 17:05:17', 19, '2018-03-06 08:31:32'),
(35, 'Jack chuyển 6.3-3.5mm', 'jack-chuyen-6-3-3-5-mm', '<p></p>', '<p></p>', 1, 2, 1, 1, 1, 2, 0, 0, 0, 1, 30000, 30000, '/2-59f3206a0dacf.jpg', '', '130110100', 'PKS-6.3-3.5-GE', '', 0, '2017-10-26 17:00:00', 0, 0, 0, 3, 1, '[]', 2, '', 3, '2017-10-26 17:05:51', 19, '2018-03-05 23:47:19'),
(36, 'Màng lọc âm POPV1', 'mang-loc-am-pop-psi', '<p></p>', '<p></p>', 1, 2, 1, 1, 1, 2, 0, 1, 1, 1, 150000, 0, '/1-59f424ddc678c.jpg', '', '130380100', 'PKS-POPV1-SW', '', 0, '2017-10-26 17:00:00', 0, 0, 0, 3, 1, '[]', 2, '', 3, '2017-10-26 17:06:34', 7, '2018-01-23 21:54:48'),
(37, 'POP Lọc âm chụp Vòm Kim loại PV1', 'pop-am-chup-kim-loai-v1', '<p></p>', '<p></p>', 1, 0, 1, 1, 3, 2, 0, 0, 0, 1, 0, 0, '', '', '4234234', '23423', '', 23423423, '2017-10-26 17:00:00', 0, 0, 0, 0, 1, '[]', 0, '', 3, '2017-10-26 17:08:00', 3, '2017-10-28 13:36:19'),
(38, 'R-C270', 'webcam-r-c270', '<p></p>', '<p></p>', 1, 0, 1, 1, 3, 2, 0, 2, 0, 1, 0, 0, '', '', 'PKS-R-C270-SW', 'PKS-R-C270-SW', '', 0, '2017-10-26 17:00:00', 0, 0, 0, 3, 1, '[]', 0, '', 3, '2017-10-26 17:08:43', 7, '2017-11-26 18:29:36'),
(39, 'Loa kiểm âm Monkey Banana Gibbon 5', 'loa-kiem-am-monkey-banana-gibbon-5-red', '<p></p>\n\n<p><meta charset=\"utf-8\" /></p>\n\n<p dir=\"ltr\"><b id=\"docs-internal-guid-267fa831-617e-b7c6-cbbf-e2adce13194e\">Đến từ h&atilde;ng Monkey ( của Đức ) : Mokey đầu ti&ecirc;n l&agrave; một đơn vị sản xuất loa ph&aacute;t thanh cho khu vực địa phương từ năm 2004 v&agrave; trong bối cảnh l&agrave; Những người n&oacute;i chuyện với ch&uacute;ng t&ocirc;i đ&atilde; kh&ocirc;ng đ&aacute;p ứng được y&ecirc;u cầu của ch&uacute;ng t&ocirc;i</b></p>\n\n<p dir=\"ltr\"><b id=\"docs-internal-guid-267fa831-617e-b7c6-cbbf-e2adce13194e\">V&agrave; sau 6 năm nghi&ecirc;m cứu cũng như ph&aacute;t triển họ đ&atilde; c&oacute; quy tr&igrave;nh sản xuất c&aacute;c thiết bị loa kiểm &acirc;m mang t&ecirc;n Monkey Banana v&agrave;o năm 2010<br />\nTiếp nối những th&agrave;nh c&ocirc;ng của c&aacute;c d&ograve;ng sản phẩm chuy&ecirc;n nghiệp , b&aacute;n chuy&ecirc;n nghiệp Monkay đ&atilde; c&oacute; một chỗ đứng vững chắc trong giới Producer, DJ v&agrave; nhiều ng&agrave;nh nghề li&ecirc;n quan tới &acirc;m thanh ! &nbsp;</b></p>', '<p></p>\n\n<p><meta charset=\"utf-8\" /></p>\n\n<p dir=\"ltr\"><b id=\"docs-internal-guid-267fa831-6180-110f-3900-8e32d30c421d\">Gibbon 5 l&agrave; sản phẩm mới của Monkey Banana, được giới thiệu đầu ti&ecirc;n tại NAMM Show 2013 v&agrave; g&acirc;y được sự ngạc nhi&ecirc;n bởi chất lượng &acirc;m thanh, c&ocirc;ng suất mạnh mẽ v&agrave; mức gi&aacute; rất hợp l&yacute;</b></p>\n\n<p dir=\"ltr\"><b id=\"docs-internal-guid-267fa831-6180-110f-3900-8e32d30c421d\">D&ugrave; thiết kế th&ugrave;ng loa b&ecirc;n ngo&agrave;i kh&ocirc;ng c&oacute; g&igrave; kh&aacute;c biệt với nhiều c&aacute;c sản phẩm kh&aacute;c tr&ecirc;n thị trường nhưng Gibbon 5 thừa hưởng c&aacute;c t&iacute;nh &acirc;m của d&ograve;ng loa Turbo nổi tiếng của h&atilde;ng</b></p>\n\n<p dir=\"ltr\"><b id=\"docs-internal-guid-267fa831-6180-110f-3900-8e32d30c421d\">EQ c&acirc;n bằng đều 3 dải tần (đ&acirc;y l&agrave; điểm g&acirc;y ấn tượng rất mạnh, v&igrave; tuy c&aacute;c h&atilde;ng đều sx loa kiểm &acirc;m nhưng đạt đc ti&ecirc;u chuẩn n&agrave;y cũng konhiều loại), &acirc;m thanh chi tiết, t&aacute;ch bạch,). T&iacute;nh năng hiệu chỉnh tần số tối ưu cho ph&ograve;ng nghe, tại tần số cao 10kHz v&agrave; tần số thấp 100Hz Gibbon 5 c&oacute; nhiều lựa chọn thay đổi từ -6dB tới +6dB</b></p>\n\n<p dir=\"ltr\"><b id=\"docs-internal-guid-267fa831-6180-110f-3900-8e32d30c421d\">Gibbon c&oacute; c&aacute;c ng&otilde; v&agrave;o &acirc;m thanh chuẩn Analog như XLR, TRS v&agrave; RCA.</b></p>\n\n<p dir=\"ltr\"><strong>Th&ocirc;ng số kỹ thuật ch&iacute;nh:<br />\nK&iacute;ch thước m&agrave;ng bass: 5 &frac14;-inch<br />\nK&iacute;ch thước m&agrave;ng treb: 1-inch<br />\nC&ocirc;ng suất hiệu dụng RMS: 80 watts (LF 45w; HF 35w)<br />\nĐ&aacute;p ứng tần số: 48Hz-22kHz<br />\nTỉ lệ t&iacute;n hiệu tr&ecirc;n nhiễu: HF&gt;90dB; LF&gt;95dB<br />\nNhiễu h&agrave;i tổng: HF 0.02%, LF 0.05%<br />\nTrọng lượng: 5.9kg<br />\nK&iacute;ch thước: 215 x 190 x 277 mm</strong></p>\n\n<p dir=\"ltr\"></p>', 1, 2, 2, 2, 1, 2, 0, 1, 1, 1, 8700000, 0, '/loa-gibbon-5-1-59f417dd600a3.jpg', '', '130200000', 'PKS-GB5', '', 59, '0000-00-00 00:00:00', 0, 0, 0, 12, 1, '[]', 2, '', 3, '2017-10-28 12:43:51', 7, '2018-01-23 23:09:13'),
(40, 'Monkey Gibbon Air', 'monkey-gibbon-air', '<p></p>\n\n<p><meta charset=\"utf-8\" /></p>\n\n<p dir=\"ltr\"><b id=\"docs-internal-guid-267fa831-6182-5517-7047-d4158b8cc5da\">Gibbon Air l&agrave; phi&ecirc;n bản mới ra năm 2016, c&oacute; được c&aacute;c ưu điểm của phi&ecirc;n bản th&agrave;nh c&ocirc;ng Gibbon 5 trước đ&oacute;. Gibbon Air l&agrave; loa đi theo bộ 2 chiếc, c&oacute; c&aacute;c ng&otilde; v&agrave;o l&agrave; RCA v&agrave; Aux 3.5mm. C&aacute;c ng&otilde; ra cho phone v&agrave; sub. Volume của loa nằm ph&iacute;a trước thuận tiện cho kiểm &acirc;m trong kh&ocirc;ng gian hẹp.</b></p>', '<p>Th&ocirc;ng số kỹ thuật ch&iacute;nh:<br />\nK&iacute;ch thước m&agrave;ng bass: 4-inch<br />\nK&iacute;ch thước m&agrave;ng treb: 3/4-inch<br />\nC&ocirc;ng suất hiệu dụng RMS: 30 watts<br />\nĐ&aacute;p ứng tần số: 60Hz-22kHz<br />\nTỉ lệ t&iacute;n hiệu tr&ecirc;n nhiễu: &gt;90dB<br />\nNhiễu h&agrave;i tổng: HF 0.05%, LF 0.02%<br />\nTrọng lượng: 5.6kg<br />\nK&iacute;ch thước: 181 x 150 x 219 mm</p>\n\n<p><img alt=\"\" src=\"/assets/uploads/images/monkey-air-5a1c1f33089da.jpg\" style=\"width: 737px; height: 510px;\" /></p>\n\n<p><img alt=\"\" src=\"/assets/uploads/images/blue-spark---air-5a1c1f51dcf0e.jpg\" style=\"width: 737px; height: 510px;\" /><img alt=\"\" src=\"/assets/uploads/images/mxl---air2-5a1c1f6632ea1.jpg\" style=\"width: 737px; height: 510px;\" /></p>', 1, 2, 2, 2, 1, 2, 0, 1, 1, 1, 5800000, 0, '/air-1-59f4197ecc455.jpg', '', '130440000', 'PKS-GBAIR-SW', '', 5600, '0000-00-00 00:00:00', 0, 0, 0, 12, 1, '[]', 2, '', 3, '2017-10-28 12:57:08', 7, '2018-01-23 23:05:03'),
(41, 'Avantone CV12', 'avantone-cv12', '<p>Micro thu &acirc;m sử dụng c&ocirc;ng nghệ khuếch đại b&oacute;ng điện tử (tube) với 7 t&iacute;nh hướng &acirc;m đ&aacute;p ứng nhiều m&agrave;u sắc &acirc;m thanh cho nhiều thể loại &acirc;m nhạc v&agrave; giọng h&aacute;t. CV12 được ca sỹ nổi tiếng Taylor Swift lựa chon thu Album cho m&igrave;nh.</p>', '<p>Cấu tạo: Tube-Type True Condenser Microphone<br />\nM&agrave;ng thu: Dual-sided 32mm center-terminated gold-sputtered Mylar (6 micron)<br />\nT&iacute;nh &acirc;m: 9 patterns selectable at PS-12 power supply<br />\nĐ&aacute;p ứng tần số: 20Hz - 20kHz +/- 3dB<br />\nTrở kh&aacute;ng ra: &lt;=250 Ohms / transformer isolated<br />\n&Aacute;p lực &acirc;m thanh tối đa: 136dB (0.5% THD @1000Hz) 146dB with pad engaged<br />\nĐộ nhạy: -35dB<br />\nĐầu nối: Male XLR 7 pin w/ special power supply &amp; cables<br />\nB&oacute;ng điện tử khuếch đại: 6072A<br />\nLọc tần số thấp: 80 Hz 6dB/octave Switch<br />\nCắt độ nhạy: -10dB Switch<br />\nNguồn điện: dedicated PS-12 Power Supply w/ selectable 115/230 VAC capability<br />\nTrọng lượng: 0.8 kgs / 1.8 lbs<br />\nK&iacute;ch thước: 237mm x 46mm / 9.5&quot; x 1.8&quot;</p>\n\n<p><span style=\"color:#008080;\"><strong>Bộ micro gồm:</strong></span><br />\n-Th&acirc;n Micro Avantone CV-12<br />\n-Chống sốc: Avantone Custom Retro Shockmount<br />\n-Nguồn v&agrave; d&acirc;y micro: Avantone PS-12 Multi-Pattern Power supply with cables<br />\n-Hộp gỗ đựng micro<br />\n-B&oacute;ng điện tử: Premium Grade 6072A Tube<br />\n-Hộp lưu động: Padded aluminum storage / travel case<br />\n-S&aacute;ch hướng dẫn: Owner&#39;s Manual</p>', 1, 2, 1, 1, 1, 2, 0, 1, 1, 1, 13900000, 0, '/1-59f41f7d2b364.jpg', '', '110261000', 'MC-CV12-RT', '', 0, '2017-10-28 13:00:00', 0, 0, 0, 12, 1, '[]', 2, '', 3, '2017-10-28 13:12:52', 7, '2018-01-23 21:30:11'),
(42, 'Focusrite Scarlett 6i6 G2', 'focusrite-scarlett-6i6-gen2', '<p></p>', '<p>Cạc âm thanh với 6 in/out kết nối máy tính giao diện USB2.0 và Ipad. Scarlett 6i6 nổi bật với 2 ngõ vào micro hỗ trợ phantom 48V ổn định cho micro thu âm và preamp mạnh mẽ, chất lượng cao đã được khẳng định qua nhiều năm của Focusrite.</p>\n\n<p><span xss=\"removed\"><em>Thế hệ thứ 2 được nâng cấp toàn diện để dòng sản phẩm Scarlett vẫn là Best selling. 1-Độ trễ của card được nâng cấp xuống thấp hơn 2.74ms (96kH, 32 samples) và có thể hoạt động ở 192kHz; 2-Volumn được thay bằng kim loại tạo dáng vẻ mới và giúp người sử dụng hiệu chỉnh chính xác; 3-Preamp được nâng cấp tốt hơn phiên bản trước.</em></span></p>', 1, 1, 1, 1, 1, 2, 0, 0, 0, 1, 6200000, 0, '/6i6-1-59f4205b9d530.jpg', '', '120031000', 'SC-FS6I6G2-RT', '', 560, '2017-10-28 13:00:00', 0, 0, 0, 12, 1, '[]', 1, 'thích không bán nữa', 3, '2017-10-28 13:15:21', 1, '2018-05-24 14:08:26'),
(43, 'Audient ID14', 'soundcard-audient-id14', '<p>Cạc &acirc;m thanh chuy&ecirc;n d&ugrave;ng cho studio giao diện USB2.0 với 2 ng&otilde; v&agrave;o analog cho micro v&agrave; nhạc cụ được trang bị preamp v&agrave; converter chất lượng cao như trong c&aacute;c b&agrave;n console cao cấp của h&atilde;ng Audient. Khả năng vận h&agrave;nh của iD14 rất mạnh mẽ v&agrave; th&ocirc;ng minh với t&iacute;nh năng Scroll Control ph&ugrave; hợp cho hệ thống home studio đơn giản v&agrave; hiệu quả</p>', '<p>Cạc &acirc;m thanh chuy&ecirc;n d&ugrave;ng cho studio giao diện USB2.0 với 2 ng&otilde; v&agrave;o analog cho micro v&agrave; nhạc cụ được trang bị preamp v&agrave; converter chất lượng cao như trong c&aacute;c b&agrave;n console cao cấp của h&atilde;ng Audient. Khả năng vận h&agrave;nh của iD14 rất mạnh mẽ v&agrave; th&ocirc;ng minh với t&iacute;nh năng Scroll Control ph&ugrave; hợp cho hệ thống home studio đơn giản v&agrave; hiệu quả</p>\n\n<p><strong>Giới thiệu h&atilde;ng Audient:</strong><br />\nAudient l&agrave; h&atilde;ng chuy&ecirc;n sản xuất c&aacute;c sản phẩm thu &acirc;m chất lượng cao từ Anh Quốc. Số lượng sản phẩm của h&atilde;ng kh&ocirc;ng nhiều, tập chung v&agrave;o Recording console, Audio interface v&agrave; Preamp nhưng mỗi sản phẩm của Audient lu&ocirc;n được đ&aacute;nh gi&aacute; cao về chất lượng v&agrave; t&iacute;nh ứng dụng cao.</p>\n\n<p><strong>Đặc t&iacute;nh c&ocirc;ng nghệ v&agrave; th&ocirc;ng số kỹ thuật:</strong><br />\n- iD14 được thiết kế với 2 in v&agrave; 4 out analog, bộ converter danh tiếng Burr Brown c&oacute; ph&acirc;n dải &acirc;m thanh 24bit/96kHz hiệu suất cao cho dải động &acirc;m thanh l&ecirc;n tới 116dB/117dB;<br />\n- 2 ng&otilde; v&agrave;o micro t&iacute;ch hợp 2 preamp hạng A c&oacute; mức gain l&ecirc;n tới 66dB v&agrave; Phantom +48V. Chất lượng preamp của Audient đ&atilde; được khẳng định tr&ecirc;n to&agrave;n thế giới với hơn 60 ngh&igrave;n đơn vị được sử dụng trong m&ocirc;i trường chuy&ecirc;n nghiệp;<br />\n- 1 ng&otilde; v&agrave;o hỗ trợ c&ocirc;ng nghệ JFET cho nhạc cụ như guitar điện;<br />\n- Ng&otilde; ra headphone sử dụng c&ocirc;ng nghệ chủ động trở kh&aacute;ng chất lượng cao đ&aacute;p ứng mọi loại tai nghe kiểm &acirc;m, với n&uacute;t chức năng v&agrave; một n&uacute;m lớn người d&ugrave;ng c&oacute; thể điều khiển &acirc;m lượng độc lập;<br />\n- Ng&otilde; ra loa với cặp stereo out chuẩn c&acirc;n bằng TRS, với n&uacute;t chức năng v&agrave; một n&uacute;m lớn người d&ugrave;ng c&oacute; thể điều khiển &acirc;m lượng độc lập;&nbsp;<br />\n- Mixer ảo đẹp v&agrave; l&agrave; m&ocirc;i trường dễ l&agrave;m việc với độ trễ cực thấp thấp 0.565ms<br />\n- Ng&otilde; v&agrave;o ADAT cho ph&eacute;p n&acirc;ng cấp th&ecirc;m 8 in thu đồng thời l&ecirc;n tới 10 in, 4 out;<br />\n- N&uacute;t iD k&iacute;ch hoạt chức năng Scroll Control th&ocirc;ng minh, cho ph&eacute;p người sử dụng điều khiển th&ocirc;ng số của một chức năng tr&ecirc;n phần mềm hoặc plugins một c&aacute;ch đơn giản nhất;<br />\n- N&uacute;t iD cũng c&oacute; thể g&aacute;n tr&ecirc;n tr&igrave;nh điều khiển của iD14 với c&aacute;c chức năng kh&aacute;c như Mono (kiểm &acirc;m cộng 2 k&ecirc;nh), Polarity (đảo pha tần số), Dim (giảm chiết &aacute;p), Cut (c&acirc;m), Talkback (giao tiếp) v&agrave; Cue mix (ng&otilde; ra tạm thời). Những chức năng tr&ecirc;n l&agrave;m cho iD14 trở n&ecirc;n một giao diện &acirc;m thanh to&agrave;n diện v&agrave; th&ocirc;ng minh;<br />\n- iD14 được l&agrave;m chắc chắn bằng vỏ kim loại;<br />\n- Nguồn ngo&agrave;i Adapter 12VDC gi&uacute;p ổn định chức năng Phantom, Bộ xử l&yacute; trung t&acirc;m Digital processing core v&agrave; AD/DA converter<br />\n- Hệ điều h&agrave;nh: MAC OS 10. 7.5 trở l&ecirc;n, PC Window 7 &amp; 8 (32/64bit).</p>', 1, 2, 1, 1, 1, 2, 0, 1, 1, 1, 6900000, 0, '/id14-1-59f4213de2996.jpg', '', '120210100', 'SC-ID14-SW', '', 0, '2017-10-28 13:15:00', 0, 0, 0, 12, 1, '[]', 2, '', 3, '2017-10-28 13:18:48', 7, '2018-01-23 21:36:47'),
(44, 'NI Komplete Audio 6', 'ni-komplete-audio-6', '<p>NI Komplete Audio 6</p>\n\n<p>Cạc thu 6 channel giao diện USB2.0 thương hiệu nổi tiếng Native Instruments. Komplete Audio 6 sở hữu bộ convert AD/DA d&ograve;ng cao cấp của h&atilde;ng Cirrus Logic cho &acirc;m thanh trung thực v&agrave; chất lượng cao tới 24-bit/96kHz. Thiết kế tiện dụng, đẹp v&agrave; cứng c&aacute;p.</p>', '<p>NI Komplete Audio 6</p>\n\n<p>Cạc thu 6 channel giao diện USB2.0 thương hiệu nổi tiếng Native Instruments. Komplete Audio 6 sở hữu bộ convert AD/DA d&ograve;ng cao cấp của h&atilde;ng Cirrus Logic cho &acirc;m thanh trung thực v&agrave; chất lượng cao tới 24-bit/96kHz. Thiết kế tiện dụng, đẹp v&agrave; cứng c&aacute;p.</p>\n\n<p></p>\n\n<h3><span style=\"color:#008080;\"><strong>TH&Ocirc;NG TIN KỸ THUẬT:</strong></span></h3>\n\n<p>- Điều khiển độc lập monitor v&agrave; headphone với big Knob điều khiển mọi phần mềm tr&ecirc;n hệ Mackie Control<br />\n- T&iacute;ch hợp phần mềm điều khiển c&aacute;c phần mềm DAW như Cubase, Nuendo, Logic,.. như một midi control<br />\n- Đi k&egrave;m l&agrave; c&aacute;c phần mềm v&agrave; hộp tiếng của Native Instrument: Komplete Elements, Cubase 5LE, Kore Player, Kore Selection, Guitar Rig3LE, TrackTor 2LE.<br />\n- Ng&otilde; v&agrave;o cho 2 Micro c&oacute; chức năng phantom 48V, preamp chất lượng cao v&agrave; AD của Cirrus Logic danh tiếng<br />\n- Hệ tiếng Asio, Core Audio v&agrave; Direct Sound<br />\n- Hệ điều h&agrave;nh tr&ecirc;n mọi PC v&agrave; Mac<br />\n- Giao diện USB2.0 cao cấp v&agrave; c&oacute; độ trễ cực thấp 1ms<br />\n- 2 in analog chuẩn TRS(1/4inch) ph&iacute;a sau, 2 in/out SPDIF ph&iacute;a sau<br />\n- 4 out analog với volumn độc lập (theo cặp stereo)<br />\n- Vỏ kim loại cứng c&aacute;p v&agrave; tinh xảo, đẹp mắt.</p>\n\n<p><img alt=\"\" src=\"/assets/uploads/images/ni-komplete-5a1c20175cc1f.jpg\" style=\"width: 737px; height: 510px;\" /></p>\n\n<p><img alt=\"\" src=\"/assets/uploads/images/ni-komplete2-5a1c202f28de5.jpg\" style=\"width: 737px; height: 510px;\" /><img alt=\"\" src=\"/assets/uploads/images/ni-komplete4-5a1c2060907c8.jpg\" style=\"width: 737px; height: 510px;\" /></p>\n\n<p><img alt=\"\" src=\"/assets/uploads/images/ni-komplete3-5a1c2080ee6c6.jpg\" style=\"width: 737px; height: 510px;\" /><img alt=\"\" src=\"/assets/uploads/images/ni-komplete5-5a1c209230640.jpg\" style=\"width: 737px; height: 510px;\" /><img alt=\"\" src=\"/assets/uploads/images/ni-komplete--db-5-2-5a1c20a25ee4b.jpg\" style=\"width: 737px; height: 510px;\" /></p>\n\n<p></p>', 1, 2, 1, 2, 1, 2, 0, 1, 1, 1, 5900000, 0, '/audio-6-1-59f422d63161a.jpg', '', '120170100', 'SC-NI6-SW', '', 0, '2017-10-28 13:15:00', 0, 0, 0, 12, 1, '[]', 2, '', 3, '2017-10-28 13:25:01', 7, '2018-01-23 21:35:46');
INSERT INTO `products` (`ProductId`, `ProductName`, `ProductSlug`, `ProductShortDesc`, `ProductDesc`, `ProductTypeId`, `ProductStatusId`, `ProductKindId`, `VATStatusId`, `ProductDisplayTypeId`, `ProductLevelId`, `ParentProductId`, `SupplierId`, `ManufacturerId`, `IsContactPrice`, `Price`, `OldPrice`, `ProductImage`, `ProductCode`, `BarCode`, `Sku`, `IMEI`, `Weight`, `PublishDateTime`, `ProductFormalStatusId`, `ProductUsageStatusId`, `ProductAccessoryStatusId`, `GuaranteeMonth`, `ProductUnitId`, `VideoUrls`, `ProductWebStatusId`, `ProductWebStatusComment`, `CrUserId`, `CrDateTime`, `UpdateUserId`, `UpdateDateTime`) VALUES
(45, '', '', '<p>Cạc &acirc;m thanh chuy&ecirc;n d&ugrave;ng cho studio giao diện USB2.0 với 2 ng&otilde; v&agrave;o analog cho micro v&agrave; nhạc cụ được trang bị preamp v&agrave; converter chất lượng cao như trong c&aacute;c b&agrave;n console cao cấp của h&atilde;ng Audient. Khả năng vận h&agrave;nh của iD14 rất mạnh mẽ v&agrave; th&ocirc;ng minh với t&iacute;nh năng Scroll Control ph&ugrave; hợp cho hệ thống home studio đơn giản v&agrave; hiệu quả</p>', '<p><font color=\"#008080\"><b>Tổng quan :</b></font></p>\r\n\r\n<p>Cạc &acirc;m thanh chuy&ecirc;n d&ugrave;ng cho studio giao diện USB2.0 với 2 ng&otilde; v&agrave;o analog cho micro v&agrave; nhạc cụ được trang bị preamp v&agrave; converter chất lượng cao như trong c&aacute;c b&agrave;n console cao cấp của h&atilde;ng Audient. Khả năng vận h&agrave;nh của iD14 rất mạnh mẽ v&agrave; th&ocirc;ng minh với t&iacute;nh năng Scroll Control ph&ugrave; hợp cho hệ thống home studio đơn giản v&agrave; hiệu quả</p>\r\n\r\n<p><span style=\"color:#008080;\"><strong>Giới thiệu h&atilde;ng Audient:</strong></span><br />\r\nAudient l&agrave; h&atilde;ng chuy&ecirc;n sản xuất c&aacute;c sản phẩm thu &acirc;m chất lượng cao từ Anh Quốc. Số lượng sản phẩm của h&atilde;ng kh&ocirc;ng nhiều, tập chung v&agrave;o Recording console, Audio interface v&agrave; Preamp nhưng mỗi sản phẩm của Audient lu&ocirc;n được đ&aacute;nh gi&aacute; cao về chất lượng v&agrave; t&iacute;nh ứng dụng cao.</p>\r\n\r\n<p><span style=\"color:#008080;\"><strong>Đặc t&iacute;nh c&ocirc;ng nghệ v&agrave; th&ocirc;ng số kỹ thuật:</strong></span><br />\r\n- iD14 được thiết kế với 2 in v&agrave; 4 out analog, bộ converter danh tiếng Burr Brown c&oacute; ph&acirc;n dải &acirc;m thanh 24bit/96kHz hiệu suất cao cho dải động &acirc;m thanh l&ecirc;n tới 116dB/117dB;<br />\r\n- 2 ng&otilde; v&agrave;o micro t&iacute;ch hợp 2 preamp hạng A c&oacute; mức gain l&ecirc;n tới 66dB v&agrave; Phantom +48V. Chất lượng preamp của Audient đ&atilde; được khẳng định tr&ecirc;n to&agrave;n thế giới với hơn 60 ngh&igrave;n đơn vị được sử dụng trong m&ocirc;i trường chuy&ecirc;n nghiệp;<br />\r\n- 1 ng&otilde; v&agrave;o hỗ trợ c&ocirc;ng nghệ JFET cho nhạc cụ như guitar điện;<br />\r\n- Ng&otilde; ra headphone sử dụng c&ocirc;ng nghệ chủ động trở kh&aacute;ng chất lượng cao đ&aacute;p ứng mọi loại tai nghe kiểm &acirc;m, với n&uacute;t chức năng v&agrave; một n&uacute;m lớn người d&ugrave;ng c&oacute; thể điều khiển &acirc;m lượng độc lập;<br />\r\n- Ng&otilde; ra loa với cặp stereo out chuẩn c&acirc;n bằng TRS, với n&uacute;t chức năng v&agrave; một n&uacute;m lớn người d&ugrave;ng c&oacute; thể điều khiển &acirc;m lượng độc lập;&nbsp;<br />\r\n- Mixer ảo đẹp v&agrave; l&agrave; m&ocirc;i trường dễ l&agrave;m việc với độ trễ cực thấp thấp 0.565ms<br />\r\n- Ng&otilde; v&agrave;o ADAT cho ph&eacute;p n&acirc;ng cấp th&ecirc;m 8 in thu đồng thời l&ecirc;n tới 10 in, 4 out;<br />\r\n- N&uacute;t iD k&iacute;ch hoạt chức năng Scroll Control th&ocirc;ng minh, cho ph&eacute;p người sử dụng điều khiển th&ocirc;ng số của một chức năng tr&ecirc;n phần mềm hoặc plugins một c&aacute;ch đơn giản nhất;<br />\r\n- N&uacute;t iD cũng c&oacute; thể g&aacute;n tr&ecirc;n tr&igrave;nh điều khiển của iD14 với c&aacute;c chức năng kh&aacute;c như Mono (kiểm &acirc;m cộng 2 k&ecirc;nh), Polarity (đảo pha tần số), Dim (giảm chiết &aacute;p), Cut (c&acirc;m), Talkback (giao tiếp) v&agrave; Cue mix (ng&otilde; ra tạm thời). Những chức năng tr&ecirc;n l&agrave;m cho iD14 trở n&ecirc;n một giao diện &acirc;m thanh to&agrave;n diện v&agrave; th&ocirc;ng minh;<br />\r\n- iD14 được l&agrave;m chắc chắn bằng vỏ kim loại;<br />\r\n- Nguồn ngo&agrave;i Adapter 12VDC gi&uacute;p ổn định chức năng Phantom, Bộ xử l&yacute; trung t&acirc;m Digital processing core v&agrave; AD/DA converter<br />\r\n- Hệ điều h&agrave;nh: MAC OS 10. 7.5 trở l&ecirc;n, PC Window 7 &amp; 8 (32/64bit).</p>', 1, 0, 0, 1, 0, 2, 0, 0, 0, 0, 0, 0, '', '', '', '', '', 0, '2017-10-28 13:48:03', 0, 0, 0, 0, 1, '', 0, '', 3, '2017-10-28 13:48:03', 3, '2017-11-03 10:31:15'),
(46, 'Bluebird SL', 'microphone-bluebird-sl', '<p></p>', '<p></p>', 1, 2, 1, 1, 1, 2, 0, 1, 1, 1, 8300000, 0, '/2-59f4616d5a49c.jpg', '', '110190200', 'MC-SL-BL', '', 0, '2017-10-28 17:45:00', 0, 0, 0, 12, 1, '[]', 2, '', 3, '2017-10-28 17:57:44', 7, '2018-01-23 21:28:23'),
(47, 'Microphone Blue Spark SL', 'microphone-blue-spark-sl', '<p></p>', '<p></p>', 1, 0, 1, 1, 3, 2, 0, 2, 0, 1, 5600000, 0, '/2-59f46303b0973.jpg', '', '3445', '3445', '', 45, '2017-10-28 17:45:00', 0, 0, 0, 12, 1, '[]', 0, '', 3, '2017-10-28 18:01:10', 3, '2017-11-25 09:34:22'),
(48, 'MXL V67G HE', 'mxl-v67g-he', '<p></p>', '<p></p>', 1, 2, 1, 1, 1, 2, 0, 0, 0, 1, 4800000, 0, '/1-59f463c9cc2c6.jpg', '', '110240400', 'MC-V67GHE-GN', '', 156, '2017-10-28 18:00:00', 0, 0, 0, 12, 1, '[]', 2, '', 3, '2017-10-28 18:04:00', 3, '2018-05-07 10:31:13'),
(49, 'Mogami STUDIO25', 'cable-mogami-gold-studio-25', '<p>D&acirc;y microphone c&oacute; đầu nối chất lượng cao, d&agrave;i 25 feet. D&acirc;y Mogami Neglex Quad l&agrave; loại 4 l&otilde;i cao cấp nhất của Mogami được sản xuất tại Nhật chuy&ecirc;n d&agrave;nh cho microphone thu &acirc;m chất lượng cao. Đầu giắc Neutrik được sản xuất tại Ch&acirc;u &Acirc;U, sản phẩm được đ&oacute;ng g&oacute;i tại Mỹ.</p>', '<p>D&acirc;y microphone c&oacute; đầu nối chất lượng cao, d&agrave;i 25 feet. D&acirc;y Mogami Neglex Quad l&agrave; loại 4 l&otilde;i cao cấp nhất của Mogami được sản xuất tại Nhật chuy&ecirc;n d&agrave;nh cho microphone thu &acirc;m chất lượng cao. Đầu giắc Neutrik được sản xuất tại Ch&acirc;u &Acirc;U, sản phẩm được đ&oacute;ng g&oacute;i tại Mỹ.</p>', 1, 2, 1, 1, 1, 2, 0, 1, 1, 1, 2200000, 0, '/2-59f533e59d91e.jpg', '', '130250100', 'PKS-STUDIO25-SW', '', 0, '2017-10-29 08:45:00', 0, 0, 0, 12, 1, '[]', 2, '', 3, '2017-10-29 08:50:39', 7, '2018-01-23 21:50:35'),
(50, 'Audient iD4', 'audient-id4', '<p>Cạc thu &acirc;m micro v&agrave; guitar giao diện USB2.0, l&agrave; giải ph&aacute;p nhỏ gọn v&agrave; lưu động với 2 ng&otilde; v&agrave;o analog cho micro v&agrave; guitar được trang bị preamp v&agrave; converter chất lượng cao như trong c&aacute;c b&agrave;n console cao cấp của h&atilde;ng Audient. Khả năng vận h&agrave;nh tối ưu v&agrave; th&ocirc;ng minh của iD4 với t&iacute;nh năng Scroll Control ph&ugrave; hợp cho thu &acirc;m tại nh&agrave; hoặc lưu động đơn giản v&agrave; hiệu quả.</p>', '<p>Cạc thu &acirc;m micro v&agrave; guitar giao diện USB2.0, l&agrave; giải ph&aacute;p nhỏ gọn v&agrave; lưu động với 2 ng&otilde; v&agrave;o analog cho micro v&agrave; guitar được trang bị preamp v&agrave; converter chất lượng cao như trong c&aacute;c b&agrave;n console cao cấp của h&atilde;ng Audient. Khả năng vận h&agrave;nh tối ưu v&agrave; th&ocirc;ng minh của iD4 với t&iacute;nh năng Scroll Control ph&ugrave; hợp cho thu &acirc;m tại nh&agrave; hoặc lưu động đơn giản v&agrave; hiệu quả.</p>\n\n<p><span style=\"color:#008080;\"><strong>Giới thiệu h&atilde;ng Audient:</strong></span><br />\nAudient l&agrave; h&atilde;ng chuy&ecirc;n sản xuất c&aacute;c sản phẩm thu &acirc;m chất lượng cao từ Anh Quốc. Số lượng sản phẩm của h&atilde;ng kh&ocirc;ng nhiều, tập chung v&agrave;o Recording console, Audio interface v&agrave; Preamp nhưng mỗi sản phẩm của Audient lu&ocirc;n được đ&aacute;nh gi&aacute; cao về chất lượng v&agrave; t&iacute;nh ứng dụng cao</p>\n\n<p><span style=\"color:#008080;\"><strong>Đặc t&iacute;nh c&ocirc;ng nghệ v&agrave; th&ocirc;ng số kỹ thuật:</strong></span><br />\n- iD4 được thiết kế với 1 ng&otilde; v&agrave;o micro giắc combo, 1 ng&otilde; v&agrave;o guitar, 2 ng&otilde; ra loa TRS v&agrave; một ng&otilde; ra tai nghe TRS/3.5mm.<br />\n- Bộ converter danh tiếng Burr Brown c&oacute; ph&acirc;n dải &acirc;m thanh 24bit/96kHz hiệu suất cao cho dải động &acirc;m thanh l&ecirc;n tới 114dB/115dBA;<br />\n- Ng&otilde; v&agrave;o micro t&iacute;ch hợp preamp hạng A c&oacute; mức gain l&ecirc;n tới 58dB v&agrave; Phantom +48V. Chất lượng preamp của Audient đ&atilde; được khẳng định tr&ecirc;n to&agrave;n thế giới với hơn 60 ngh&igrave;n đơn vị được sử dụng trong m&ocirc;i trường chuy&ecirc;n nghiệp;<br />\n- Ng&otilde; v&agrave;o guitar (D.I) c&ocirc;ng nghệ JFET c&oacute; mức khuếch đại l&ecirc;n tới 35dB v&agrave; nhiễu h&agrave;i 0.05% tại 0dBu<br />\n- Ng&otilde; ra headphone k&eacute;p (giắc &frac14; v&agrave; 3.5mm) sử dụng c&ocirc;ng nghệ chủ động trở kh&aacute;ng chất lượng cao đ&aacute;p ứng mọi loại tai nghe kiểm &acirc;m;<br />\n- Ng&otilde; ra loa với cặp stereo out chuẩn c&acirc;n bằng TRS, với n&uacute;t chức năng v&agrave; một n&uacute;m lớn người d&ugrave;ng c&oacute; thể điều khiển &acirc;m lượng độc lập;&nbsp;<br />\n- Mixer ảo đẹp v&agrave; l&agrave; m&ocirc;i trường dễ l&agrave;m việc với độ trễ cực thấp thấp 0.565ms<br />\n- N&uacute;t iD k&iacute;ch hoạt chức năng Scroll Control th&ocirc;ng minh, cho ph&eacute;p người sử dụng điều khiển th&ocirc;ng số của một chức năng tr&ecirc;n phần mềm hoặc plugins một c&aacute;ch đơn giản nhất;<br />\n- N&uacute;t iD cũng c&oacute; thể g&aacute;n tr&ecirc;n tr&igrave;nh điều khiển của iD14 với c&aacute;c chức năng kh&aacute;c như Mono (kiểm &acirc;m cộng 2 k&ecirc;nh), Polarity (đảo pha tần số), Dim (giảm chiết &aacute;p), Cut (c&acirc;m), Talkback (giao tiếp) v&agrave; Cue mix (ng&otilde; ra tạm thời). Những chức năng tr&ecirc;n l&agrave;m cho iD14 trở n&ecirc;n một giao diện &acirc;m thanh to&agrave;n diện v&agrave; th&ocirc;ng minh;<br />\n- iD4 được l&agrave;m chắc chắn bằng vỏ kim loại;<br />\n- Hệ điều h&agrave;nh: MAC OS 10. 7.5 trở l&ecirc;n, PC Window 7 trở l&ecirc;n, iOS 6 trở l&ecirc;n. Lưu &yacute;: để sử dụng iD4 tr&ecirc;n thiết bị iOS người d&ugrave;ng phải c&oacute; th&ecirc;m bộ camera adapter kit v&agrave; power USB2.0 hub</p>\n\n<p><img alt=\"\" src=\"/assets/uploads/images/id-4-5a1c27180c216.jpg\" style=\"width: 737px; height: 510px;\" /></p>\n\n<p><img alt=\"\" src=\"/assets/uploads/images/id43-5a1c272e58ecd.jpg\" style=\"width: 737px; height: 510px;\" /></p>\n\n<p><img alt=\"\" src=\"/assets/uploads/images/id46-5a1c27445e7d0.jpg\" style=\"width: 737px; height: 510px;\" /></p>\n\n<p><img alt=\"\" src=\"/assets/uploads/images/id4-db5-2-5a1c276c9629d.jpg\" style=\"width: 737px; height: 510px;\" /></p>', 1, 2, 1, 2, 1, 2, 0, 1, 1, 1, 4500000, 0, '/3-59f534d953982.jpg', '', '120220100', 'SC-ID4-SW', '', 0, '2017-10-29 08:45:00', 0, 0, 0, 12, 1, '[]', 2, '', 3, '2017-10-29 08:54:59', 7, '2018-01-23 21:37:06'),
(51, 'Audio Technica ATR6550', 'audio-technica-atr6550', '<p>Audio-Technica ATR6550</p>\n\n<p>Micro shortgun cho ph&oacute;ng vi&ecirc;n hoặc thu tiếng cho video. ATR6550 c&oacute; 2 chế độ l&agrave;m việc, thu xa &quot;Tele&quot; v&agrave; thu gần &quot;Normal&quot; đ&aacute;p ứng nhiều mục đ&iacute;ch thu v&agrave; giảm độ ồn.</p>', '<p><span style=\"font-size:14px;\"><span style=\"color:#008080;\">Audio-Technica ATR6550</span></span></p>\n\n<p><span style=\"font-size:14px;\">Micro shortgun cho ph&oacute;ng vi&ecirc;n hoặc thu tiếng cho video. ATR6550 c&oacute; 2 chế độ l&agrave;m việc, thu xa &quot;Tele&quot; v&agrave; thu gần &quot;Normal&quot; đ&aacute;p ứng nhiều mục đ&iacute;ch thu v&agrave; giảm độ ồn.</span></p>\n\n<p><span style=\"font-size:14px;\">Cấu tạo: Condenser - điện dung, sử dụng Pin tiểu 1.5V<br />\nDải tần số: 70Hz-18kHz<br />\nĐộ nhạy: Tele -45dB; Normal - 56dB<br />\nTrọng lượng: 113g<br />\nChiều d&agrave;i d&acirc;y c&oacute; đầu nối 3.5mm: 1 m&eacute;t<br />\nPhụ kiện: m&uacute;t chắn gi&oacute;, gi&aacute; đỡ cầm tay, gi&aacute; đỡ cho Camera v&agrave; Pin1.5V</span></p>', 1, 2, 1, 1, 1, 2, 0, 1, 1, 1, 2200000, 0, '/3-59f536fce31e0.jpg', '', '110050100', 'MC-ATR6550-SW', '', 0, '2017-10-29 09:00:00', 0, 0, 0, 12, 1, '[]', 2, '', 3, '2017-10-29 09:03:52', 7, '2018-01-23 21:20:33'),
(52, 'Cable Mogami GOLD-TRSXLRF-06', 'cable-mogami-gold-trsxlrf-06', '<p>Mogami GOLD-TRSXLRF-06</p>\n\n<p>D&acirc;y t&iacute;n hiệu c&oacute; đầu nối chất lượng cao, d&agrave;i 6 feet. Sử dụng để kết nối c&aacute;c thiết bị xử l&yacute; cho micro thu &acirc;m như Preamp, Compressor. D&acirc;y Mogami Neglex Quad l&agrave; loại 4 l&otilde;i cao cấp nhất của Mogami được sản xuất tại Nhật chuy&ecirc;n d&agrave;nh cho microphone thu &acirc;m chất lượng cao. Đầu giắc Neutrik được sản xuất tại Ch&acirc;u &Acirc;U, sản phẩm được đ&oacute;ng g&oacute;i tại Mỹ.</p>', '<p><span style=\"color:#008080;\">Mogami GOLD-TRSXLRF-06</span></p>\n\n<p>D&acirc;y t&iacute;n hiệu c&oacute; đầu nối chất lượng cao, d&agrave;i 6 feet. Sử dụng để kết nối c&aacute;c thiết bị xử l&yacute; cho micro thu &acirc;m như Preamp, Compressor. D&acirc;y Mogami Neglex Quad l&agrave; loại 4 l&otilde;i cao cấp nhất của Mogami được sản xuất tại Nhật chuy&ecirc;n d&agrave;nh cho microphone thu &acirc;m chất lượng cao. Đầu giắc Neutrik được sản xuất tại Ch&acirc;u &Acirc;U, sản phẩm được đ&oacute;ng g&oacute;i tại Mỹ.</p>\n\n<p></p>', 1, 2, 1, 1, 1, 2, 0, 2, 1, 1, 1400000, 0, '/3-59f5381142297.jpg', '', '130240100', 'PKS-TRSXLRF-06-SW', '', 20, '2017-10-29 09:00:00', 0, 0, 0, 12, 1, '[]', 2, '', 3, '2017-10-29 09:08:36', 7, '2018-01-23 21:50:22'),
(53, 'ICON PF-01', 'mang-loc-am-icon-pf-01', '<p>M&agrave;ng lọc &acirc;m vải hai lớp, k&iacute;ch thước 15cm sử dụng cho microphone thu &acirc;m điện dung (condenser). C&oacute; kẹp điều chỉnh v&agrave; cần cổ ngỗng tiện dung để điều chỉnh vị tr&iacute; chắn micro.</p>', '<p>M&agrave;ng lọc &acirc;m vải hai lớp, k&iacute;ch thước 15cm sử dụng cho microphone thu &acirc;m điện dung (condenser). C&oacute; kẹp điều chỉnh v&agrave; cần cổ ngỗng tiện dung để điều chỉnh vị tr&iacute; chắn micro.</p>', 1, 2, 1, 1, 1, 2, 0, 1, 1, 1, 690000, 0, '/2-59f538d4628da.jpg', '', '130230100', 'PKS-PF-01-SW', '', 0, '2017-10-29 09:00:00', 0, 0, 0, 12, 1, '[]', 2, '', 3, '2017-10-29 09:11:35', 7, '2018-01-23 21:50:05'),
(54, 'Stedman PS101', 'mang-loc-am-stedman-ps101', '<p>M&agrave;ng lọc bằng kim loại cho micro thu &acirc;m, c&oacute; k&iacute;ch thước 4.6 inch, được sử dụng để loại bỏ tiếng lụp bụp trong thu ca. L&agrave; sản phẩm của h&atilde;ng Stedman nổi tiếng, với thiết kế đặc biệt PS101 sử dụng hiệu quả hơn so với c&aacute;c m&agrave;ng lọc th&ocirc;ng thường bằng vải.</p>', '<p><span style=\"font-family:Tahoma,Geneva,sans-serif;\"><span style=\"font-size:14px;\"><span style=\"color:#008080;\">Stedman PS101</span></span></span></p>\n\n<p><span style=\"font-family:Tahoma,Geneva,sans-serif;\"><span style=\"font-size:14px;\">M&agrave;ng lọc bằng kim loại cho micro thu &acirc;m, c&oacute; k&iacute;ch thước 4.6 inch, được sử dụng để loại bỏ tiếng lụp bụp trong thu ca. L&agrave; sản phẩm của h&atilde;ng Stedman nổi tiếng, với thiết kế đặc biệt PS101 sử dụng hiệu quả hơn so với c&aacute;c m&agrave;ng lọc th&ocirc;ng thường bằng vải.</span></span></p>\n\n<h3><span style=\"font-family:Tahoma,Geneva,sans-serif;\"><span style=\"font-size:14px;\"><font color=\"#008080\">TỔNG QUAN:</font></span></span></h3>\n\n<h3><span style=\"font-family:Tahoma,Geneva,sans-serif;\"><span style=\"font-size:14px;\">Thay v&igrave; đơn giản l&agrave; khuếch t&aacute;n v&agrave; cản trở c&aacute;c tiếng lụp bụp như c&aacute;c m&agrave;ng lọc bằng vải th&ocirc;ng thường, PS101 được thiết kế để l&agrave;m chuyển hướng c&aacute;c tiếng sạn lụp bụp n&agrave;y ra khỏi vị tr&iacute; micro. Ngay cả l&uacute;c thu giọng h&aacute;t ở khoảng c&aacute;c gần micro th&igrave; tiếng bụp g&acirc;y ra bởi ph&aacute;t &acirc;m chữ c&aacute;i P v&agrave; B cũng bị loại bỏ triệt để m&agrave; kh&ocirc;ng ảnh hưởng đến chất lượng ghi &acirc;m v&agrave; m&agrave;u sắc giọng h&aacute;t.</span></span></h3>\n\n<p><span style=\"font-family:Tahoma,Geneva,sans-serif;\"><span style=\"font-size:14px;\">Với cấu tr&uacute;c l&agrave;m chuyển hướng luồng hơi kh&ocirc;ng c&oacute; lợi cho &acirc;m thanh ra khỏi vị tr&iacute; của micro, m&agrave;ng lọc &acirc;m PS101 c&oacute; t&aacute;c dụng giảm hiện tượng vỡ tiếng v&agrave; gi&uacute;p kỹ sư thu &acirc;m tối đa ho&aacute; được &acirc;m lượng ghi.</span></span></p>\n\n<p><span style=\"font-family:Tahoma,Geneva,sans-serif;\"><span style=\"font-size:14px;\">M&agrave;ng kim loại của Proscreen XL được tr&aacute;ng 1 lớp kh&aacute;ng khuẩn v&agrave; cho ph&eacute;p bạn rửa sau một thời gian sử dụng.</span></span></p>\n\n<p><span style=\"font-family:Tahoma,Geneva,sans-serif;\"><span style=\"font-size:14px;\">L&agrave; sản phẩm chuy&ecirc;n nghiệp chất lượng cao do Stedman danh tiếng sản xuất, PS101 c&oacute; bằng s&aacute;ng chế trong ng&agrave;nh c&ocirc;ng nghệ thu &acirc;m hơn 20 năm qua v&agrave; được sản xuất tại Mỹ với 100% qui tr&igrave;nh.</span></span></p>\n\n<h3><span style=\"font-family:Tahoma,Geneva,sans-serif;\"><span style=\"font-size:14px;\"><font color=\"#008080\">TH&Ocirc;NG SỐ KĨ THUẬT:</font></span></span></h3>\n\n<h3><span style=\"font-family:Tahoma,Geneva,sans-serif;\"><span style=\"font-size:14px;\">Chiều d&agrave;i cổ xoay kim loại: 20 inch<br />\nĐường k&iacute;nh m&agrave;ng lọc: 4.6 inch<br />\nTrọng lượng: 165 gram</span></span></h3>\n\n<p></p>', 1, 2, 1, 1, 1, 2, 0, 1, 1, 1, 1550000, 0, '/2-59f53ca1dc035.jpg', '', '130260100', 'PKS-PS101-SW', '', 0, '2017-10-29 09:15:00', 0, 0, 0, 12, 1, '[]', 2, '', 3, '2017-10-29 09:28:18', 7, '2018-01-23 21:50:50'),
(55, 'Loa kiểm âm Monkey Turbo 5', 'loa-kiem-am-monkey-turbo-5', '<p>Loa kiểm âm có kích thước màng bass 5 inch, tích hợp ampli khuếch đại có công suất hiệu quả lên tới 80 watts. Turbo 5 là sản phẩm của hãng sản xuất từ nước Đức – Monkey Banana. Là sản phẩm mới và nổi bật với thiết kế mới tiên tiến và công nghệ ứng dụng cao. Hãy khám phá trước khi bạn sở hữu sản phẩm này…</p>', '<p><span xss=removed><strong><span xss=removed>Monkey-Banana Turbo 5 Red</span></strong></span></p>\n\n<p>Loa kiểm âm có kích thước màng bass 5 inch, tích hợp ampli khuếch đại có công suất hiệu quả lên tới 80 watts. Turbo 5 là sản phẩm của hãng sản xuất từ nước Đức – Monkey Banana. Là sản phẩm mới và nổi bật với thiết kế mới tiên tiến và công nghệ ứng dụng cao. Hãy khám phá trước khi bạn sở hữu sản phẩm này…</p>\n\n<h3><span xss=removed><strong>THÔNG TIN KỸ THUẬT:</strong></span></h3>\n\n<p>Thiết kế thùng loa hình lục giác không chỉ tạo nên sự khác biệt, bắt mắt tạo cảm hứng nghệ thuật mà thực chất hình dạng của Turbo được thiết kế nhằm giảm cộng hưởng tối thiểu, chính vì vậy dù lỗ thoát âm phía sau nhưng không gây ra hiện tưởng phản xạ tạp âm ra phía trước. Âm thanh lọt ra lỗ thoát âm là âm thanh siêu trầm, vô hướng, và có tần số dưới 60Hz.</p>\n\n<p>Turbo 5 có màng bass mạnh mẽ với công suất 50watts, tần số đáp ứng xuống 55Hz nhưng chỉ có độ nhiễu hài thấp 0.05% nên Turbo 5 có âm thanh trầm rất chi tiết và sạch sẽ.</p>\n\n<p>Màng treb có tần số cao hiếm gặp lên tới 30kHz và độ nhiễu hài cực thấp 0.02% không chỉ cho phép Turbo 5 đáp ứng được các tần số cao và phức tạp của nhạc điện tử mà còn phản ánh không khí tự nhiên, trong suốt cho âm vực cao của nhạc cổ điển.</p>\n\n<p>Tính năng hiệu chỉnh tần số tối ưu cho phòng nghe, tại tần số cao 10kHz và tần số thấp 100Hz Turbo có nhiều lựa chọn thay đổi từ -6dB tới +6dB</p>\n\n<p>Không chỉ đáp ứng các ngõ vào âm thanh chuẩn Analog như XLR, TRS và RCA. Turbo còn có ngõ kết nối Digital với chuẩn SPDIF cho âm thanh sạch sẽ và dải động cao.</p>\n\n<p>Thông số kỹ thuật chính:<br>\nKích thước màng bass: 5 ¼-inch<br>\nKích thước màng treb: 1-inch<br>\nCông suất hiệu dụng RMS: 80 watts (LF 50w; HF 30w)<br>\nĐáp ứng tần số: 55Hz-30kHz<br>\nTỉ lệ tín hiệu trên nhiễu: HF>90dB; LF>95dB<br>\nNhiễu hài tổng: HF 0.02%, LF 0.05%<br>\nTrọng lượng: 5.9kg<br>\nKích thước: 222 x 192 x 275 mm</p>\n\n<p><em><strong>Đi kèm loa là dây nguồn, sách hướng dẫn, đế cao su.</strong></em></p>', 1, 2, 2, 1, 1, 2, 0, 0, 0, 1, 16500000, 0, '/6-59f53def7dffc.jpg', '', '130210100', 'PKS-TB5', '', 5900, '2017-10-29 09:30:00', 0, 0, 0, 12, 1, '[\"https://www.youtube.com/watch?v=un2l_Z1xTnE\"]', 2, '', 3, '2017-10-29 09:35:38', 3, '2018-05-09 10:32:24'),
(56, 'Audio Technia AT2035', 'audio-technia-at2035', '<p></p>', '<p></p>', 1, 2, 1, 2, 1, 2, 0, 1, 1, 1, 4200000, 0, '/1-59f57caa55a1f.jpg', '', '110040100', 'MC-AT2035-SW', '', 2323, '2017-10-29 13:45:00', 0, 0, 0, 12, 1, '[]', 2, '', 3, '2017-10-29 14:01:12', 7, '2018-01-23 21:19:47'),
(57, 'Audio Technica M20X', 'tai-nghe-kiem-am-audio-technica-ath-m20x', '<p></p>', '<p></p>', 1, 2, 1, 1, 1, 2, 0, 0, 0, 1, 1600000, 0, '//m20x-59f7edf992846.jpg', '', '130140100', 'PKS-M20X-SW', '', 750, '2017-10-31 10:15:00', 0, 0, 0, 12, 1, '[\"https://www.youtube.com/watch?v=Awg6wrNkQgE\"]', 2, '', 3, '2017-10-31 10:31:22', 19, '2018-03-29 00:10:03'),
(58, 'Audio Technica M30X', 'tai-nghe-kiem-am-audio-technica-ath-m30x', '<p></p>', '<p></p>', 1, 2, 1, 1, 1, 2, 0, 0, 0, 1, 2100000, 0, '//m30x2-59f9439fdefc3.jpg', '', '130160100', 'PKS-M30X-SW', '', 817, '2017-10-31 10:30:00', 0, 0, 0, 12, 1, '[\"https://www.youtube.com/watch?v=-Uq6ifQZ4_U\",\"https://www.youtube.com/watch?v=HqhAJtApUZg\"]', 2, '', 3, '2017-10-31 10:35:09', 19, '2018-03-29 00:11:21'),
(59, 'Audio Technica M50X', 'tai-nghe-kiem-am-audio-technica-ath-m50x', '<p></p>', '<p></p>', 1, 2, 1, 1, 1, 2, 0, 0, 0, 1, 4190000, 0, '//1-59f8376bf0249.jpg', '', '130180100', 'PKS-M50X-SW', '', 1041, '2017-10-31 10:30:00', 0, 0, 0, 12, 1, '[\"https://www.youtube.com/watch?v=BKO1F6BV_p4\"]', 2, '', 3, '2017-10-31 10:38:46', 19, '2018-03-29 00:12:04'),
(60, 'Micro Takstar PC-K320', 'micro-takstar-pc-k320', '<p></p>', '<p><a href=\"https://www.hieuhien.vn/micro-thu-am-takstar-pc-k320\" target=\"_self\"><strong>Micro thu &acirc;m Takstar PC-K320</strong></a> l&agrave; micro condenser (điện dung) hiệu suất cao, đ&aacute;p ứng tần số rộng, &acirc;m thanh r&otilde; r&agrave;ng v&agrave; tự nhi&ecirc;n. Mic thu &acirc;m Takstar PC K320 được sử dụng rộng r&atilde;i trong c&aacute;c bản thu &acirc;m giọng h&aacute;t, bản ghi &acirc;m nhạc, thu &acirc;m c&aacute; nh&acirc;n, chương tr&igrave;nh radio v&agrave; h&aacute;t karaoke online, h&aacute;t live stream.</p>\n\n<p>Đặc điểm nổi bật của micro h&aacute;t karaoke livestream Takstar PC-K320</p>\n\n<p>- Cả m&agrave;u sắc lẫn kiểu d&aacute;ng đều rất sang trọng, thiết kế bắt mắt, mẫu m&atilde; thời trang</p>\n\n<p>- Nhỏ gọn cầm rất chắc v&agrave; đầm tay</p>\n\n<p>- Hướng thu chuẩn l&agrave; hướng logo Takstar tr&ecirc;n mic</p>\n\n<p>- Takstar PC-K320 cần nguồn phantom 48V để cung cấp điện.</p>\n\n<div>\n<h3>T&iacute;nh năng của micro thu &acirc;m Takstar PC-K320</h3>\n\n<p>- Micro condenser hiệu suất cao</p>\n\n<p>- &Acirc;m thanh r&otilde; r&agrave;ng, trung thực v&agrave; chi tiết</p>\n\n<p>- Cản &acirc;m gi&oacute;, giảm tiếng ồn tốt v&agrave; hiệu suất l&agrave;m việc ổn định</p>\n\n<p>- Độ nhạy mic cao -32dB &plusmn; 3dB</p>\n\n<p>- Thiết kế chắc chắn v&agrave; thời trang</p>\n\n<p><strong>Shockmount SH-600</strong>&nbsp;thiết kế chắc chắn v&agrave; đẹp mắt. Gắn kết được với tất cả c&aacute;c d&ograve;ng ch&acirc;n đế. Cố định v&agrave; chống rung cho micro.</p>\n\n<p><strong>Ch&acirc;n micro để b&agrave;n ST-105</strong>&nbsp;với thiết kế hợp kim nh&ocirc;m c&oacute; t&iacute;nh năng đ&agrave;n hồi. Gắn kết với shockmount l&agrave;m giảm sự rung lắc của micro khi sử dụng.</p>\n</div>', 1, 2, 2, 1, 3, 2, 0, 0, 0, 2, 1400000, 1700000, '//3-59f8239a75171.jpg', '', '110080000', 'MC-PCK320', '', 800, '2017-10-31 14:15:00', 0, 0, 0, 24, 1, '[\"https://www.youtube.com/watch?v=m1M3d7d8Tno\",\"https://www.youtube.com/watch?v=ArRppqaiVOw\"]', 2, '', 3, '2017-10-31 14:22:53', 19, '2018-03-28 23:34:31'),
(61, 'M-Audio Fast Track C400', 'soundcard-m-audio-fast-track-c400', '<p></p>', '<p></p>', 1, 2, 1, 1, 1, 2, 0, 0, 0, 1, 4200000, 0, '//6-59f9a8c70f98f.jpg', '', '120150100', 'SC-MA-C400-SW', '', 1225, '2017-10-31 14:15:00', 0, 0, 0, 12, 1, '[\"https://www.youtube.com/watch?v=wJW91yy0tQU\"]', 2, '', 3, '2017-10-31 14:38:12', 19, '2018-03-28 23:42:56'),
(62, 'Gorsun GS778', 'tai-nghe-gorsun-gs778', '<p></p>', '<p></p>', 1, 2, 1, 1, 1, 2, 0, 1, 1, 1, 230000, 0, '//2-59f829ac33543.jpg', '', '130340100', 'PKS-GS778-SW', '', 235, '2017-10-31 14:30:00', 0, 0, 0, 3, 1, '[]', 2, '', 3, '2017-10-31 14:44:51', 7, '2018-01-23 21:53:10'),
(63, 'Cydblue VST600', 'nguon-phantom-vst-600', '<p></p>', '<p></p>', 1, 0, 1, 1, 1, 2, 0, 1, 1, 1, 370000, 0, '//1-59f8333ee2392.jpg', '', '130410100', 'PKS-VST600-SW', '', 360, '2017-10-31 14:45:00', 0, 0, 0, 3, 1, '[]', 0, '', 3, '2017-10-31 14:53:35', 19, '2018-02-25 11:46:10'),
(64, 'Phantom VIP(XLR)', 'phantom-vip-48v-co-cap-xlr-xlr', '<p></p>', '<p></p>', 1, 2, 1, 1, 3, 2, 0, 0, 0, 1, 0, 0, '//4-59f82c5119544.jpg', '', '130130100', 'PKS-VIP(XLR)-SW', '', 610, '2017-10-31 14:45:00', 0, 0, 0, 3, 1, '[]', 2, '', 3, '2017-10-31 14:55:18', 19, '2018-03-29 00:09:31'),
(65, 'RODE NT2A', 'micro-rode-nt2a', '<p></p>', '<p><strong>Th&ocirc;ng số kĩ thuật:</strong><br />\n- Đ&aacute;p ứng dải tần số 20Hz - 20kHz<br />\n- Trở kh&aacute;ng đầu ra 200&Omega;<br />\n- Mức tiếng ồn &lt;7 dBA<br />\n- Tối đa SPL 147dB SPL (@ 1kHz, 1% THD into 1K&Omega; load)<br />\n- Độ nhạy -36.0dB re 1 Volt/Pascal (16.00mV @ 94 dB SPL) +/- 2 dB @ 1kHz<br />\n- Hướng thu(3): h&igrave;nh tr&ograve;n, số 8 &amp; h&igrave;nh tim<br />\n- Trọng lượng 860.00gm<br />\n- K&iacute;ch thước 200(H) x 55(W) x 55(D)<br />\n- Output: XLR</p>\n\n<p><img alt=\"\" src=\"/assets/uploads/images/rodent2a-1-5a1c280f114a7.jpg\" style=\"width: 737px; height: 510px;\" /></p>\n\n<p><img alt=\"\" src=\"/assets/uploads/images/rodent2a-2-5a1c29d83a131.jpg\" style=\"width: 737px; height: 510px;\" /><br />\n&nbsp;</p>', 1, 2, 1, 1, 1, 2, 0, 1, 1, 1, 9200000, 0, '//1-59f831ac7d60d.jpg', '', '110021100', 'MC-NT2A-SL', '', 0, '2017-10-31 15:00:00', 0, 0, 0, 12, 1, '[]', 2, '', 3, '2017-10-31 15:08:05', 7, '2018-01-23 21:18:53'),
(66, 'Tesst', 'tesst', '<p></p>', '<p></p>', 1, 0, 2, 1, 3, 2, 0, 2, 0, 1, 0, 0, '//1-59e582b7ee91b.jpg', '', '10', '10', '', 0, '2017-11-24 15:47:10', 0, 0, 0, 0, 1, '[]', 0, '', 3, '2017-11-24 15:47:10', 3, '2017-11-25 17:17:49'),
(67, 'Takstar SM8B', 'takstar-sm8b', '<p></p>', '<p></p>', 1, 0, 1, 1, 3, 2, 0, 7, 0, 1, 1400000, 0, '', '', 'MC-SM8B-SW', 'MC-SM8B-SW', '', 0, '2017-11-24 16:15:00', 0, 0, 0, 24, 1, '[]', 0, '', 7, '2017-11-24 16:23:33', 3, '2017-11-25 17:51:41'),
(68, 'Libablue K3000', 'libablue-k3000', '<p></p>', '<p></p>', 1, 0, 1, 1, 3, 2, 0, 6, 0, 1, 0, 0, '', '', 'MC-K3000-BL', 'MC-K3000-BL', '', 0, '2017-11-24 16:15:00', 0, 0, 0, 24, 1, '[]', 0, '', 7, '2017-11-24 16:25:48', 7, '2018-01-23 22:51:13'),
(69, 'ISK A66F', 'isk-a66f', '<p></p>', '<p></p>', 1, 0, 2, 1, 1, 2, 0, 8, 0, 1, 1250000, 0, '', '', 'MC-A66F-SW', 'MC-A66F-SW', '', 1850, '2017-11-24 16:15:00', 0, 0, 0, 24, 1, '[]', 0, '', 7, '2017-11-24 16:28:01', 7, '2017-11-25 08:37:17'),
(70, 'Yogmedi U55', 'yogmedi-u55', '<p></p>', '<p></p>', 1, 0, 1, 1, 3, 2, 0, 10, 0, 1, 0, 0, '', '', 'MC-U55-RT', 'MC-U55-RT', '', 0, '2017-11-24 16:30:00', 0, 0, 0, 24, 1, '[]', 0, '', 7, '2017-11-24 16:32:21', 7, '2018-01-23 22:51:13'),
(71, 'Blue SparkSL', 'blue--sparksl', '<p></p>', '<p></p>', 1, 0, 2, 1, 1, 2, 0, 12, 0, 1, 5600000, 0, '', '', 'MC-SparkSL-BL', 'MC-SparkSL-BL', '', 0, '2017-11-24 16:30:00', 0, 0, 0, 12, 1, '[]', 0, '', 7, '2017-11-24 16:35:32', 3, '2017-11-25 10:27:44'),
(72, 'MXL V67GHE', 'mxl-v67ghe', '<p></p>', '<p></p>', 1, 0, 1, 1, 1, 2, 0, 13, 0, 1, 4800000, 0, '', '', 'MC-V67GHE-GN', 'MC-V67GHE-GN', '', 0, '2017-11-24 16:30:00', 0, 0, 0, 12, 1, '[]', 0, '', 7, '2017-11-24 16:36:38', 3, '2017-11-25 10:48:46'),
(73, 'Cydblues AK950', 'cydblues--ak950', '<p></p>', '<p></p>', 1, 0, 1, 1, 3, 2, 0, 15, 0, 1, 0, 0, '', '', 'MC-AK950-SW', 'MC-AK950-SW', '', 0, '2017-11-24 16:30:00', 0, 0, 0, 24, 1, '[]', 0, '', 7, '2017-11-24 16:38:45', 7, '2018-01-23 22:51:13'),
(74, 'Tianyun K15', 'tianyun-k15', '<p></p>', '<p></p>', 1, 0, 1, 1, 3, 2, 0, 16, 0, 1, 0, 0, '', '', 'MC-K15-RT', 'MC-K15-RT', '', 0, '2017-11-24 16:30:00', 0, 0, 0, 24, 1, '[]', 0, '', 7, '2017-11-24 16:39:32', 7, '2018-01-23 22:51:13'),
(75, 'Tianyun T2000', 'tianyun-t2000', '<p></p>', '<p></p>', 1, 0, 1, 1, 3, 2, 0, 16, 0, 1, 0, 0, '', '', 'MC-T2000-SW', 'MC-T2000-SW', '', 0, '2017-11-24 16:30:00', 0, 0, 0, 24, 1, '[]', 0, '', 7, '2017-11-24 16:43:15', 7, '2018-01-23 22:51:13'),
(76, 'Tianyun TY990', 'tianyun-ty990', '<p></p>', '<p></p>', 1, 0, 1, 1, 3, 2, 0, 16, 0, 1, 0, 0, '', '', 'MC-TY990-SW', 'MC-TY990-SW', '', 0, '2017-11-24 16:30:00', 0, 0, 0, 24, 1, '[]', 0, '', 7, '2017-11-24 16:44:22', 7, '2018-01-23 22:51:13'),
(77, 'Superlux H08', 'superlux--h08', '<p></p>', '<p></p>', 1, 0, 1, 1, 3, 2, 0, 17, 0, 1, 0, 0, '', '', 'MC-H08-SW', 'MC-H08-SW', '', 0, '2017-11-24 16:30:00', 0, 0, 0, 24, 1, '[]', 0, '', 7, '2017-11-24 16:45:22', 7, '2018-01-23 22:51:13'),
(78, 'Focusrite Scarlett Solo G2', 'focusrite-scarlett-solo-g2', '<p></p>', '<p></p>', 1, 0, 1, 1, 3, 2, 0, 18, 0, 1, 0, 0, '', '', 'SC-FSSLG2-RT', 'SC-FSSLG2-RT', '', 0, '2017-11-24 16:45:00', 0, 0, 0, 12, 1, '[]', 0, '', 7, '2017-11-24 16:49:30', 7, '2018-01-23 22:51:13'),
(79, 'Shengming HF5000 Pro', 'shengming-hf5000-pro', '<p></p>', '<p></p>', 1, 0, 1, 1, 3, 2, 0, 20, 0, 1, 0, 0, '', '', 'SC-HF5000-SW', 'SC-HF5000-SW', '', 795, '2017-11-24 16:45:00', 0, 0, 0, 24, 1, '[]', 0, '', 7, '2017-11-24 16:51:33', 7, '2018-01-23 22:51:13'),
(80, 'XOX P10', 'xox-p10', '<p></p>', '<p></p>', 1, 0, 1, 1, 3, 2, 0, 21, 0, 1, 0, 0, '', '', 'SC-P10-SW', 'SC-P10-SW', '', 0, '2017-11-24 16:45:00', 0, 0, 0, 24, 1, '[]', 0, '', 7, '2017-11-24 16:52:18', 7, '2018-01-23 22:51:13'),
(81, 'XOX S10', 'xox-s10', '<p></p>', '<p></p>', 1, 0, 1, 1, 3, 2, 0, 21, 0, 1, 0, 0, '', '', 'SC-S10-SW', 'SC-S10-SW', '', 0, '2017-11-24 16:45:00', 0, 0, 0, 24, 1, '[]', 0, '', 7, '2017-11-24 16:53:08', 7, '2018-01-23 22:51:13'),
(82, 'XOX K10S', 'xox-k10s', '<p></p>', '<p></p>', 1, 2, 2, 1, 3, 2, 0, 0, 0, 1, 1250000, 1250000, '', '', '120100100', 'SC-K10S-SW', '', 350, '2017-11-24 16:45:00', 0, 0, 0, 24, 1, '[]', 2, '', 7, '2017-11-24 16:54:22', 19, '2018-03-02 14:28:51'),
(83, 'XOX PK3', 'xox-pk3', '<p></p>', '<p></p>', 1, 0, 1, 1, 3, 2, 0, 21, 0, 1, 0, 0, '', '', 'SC-PK3', 'SC-PK3-SW', '', 0, '2017-11-24 16:45:00', 0, 0, 0, 24, 1, '[]', 0, '', 7, '2017-11-24 16:55:25', 7, '2018-01-23 23:07:58'),
(84, 'XOX KX2', 'xox-kx2', '<p></p>', '<p></p>', 1, 0, 1, 1, 3, 2, 0, 21, 0, 1, 0, 0, '', '', 'SC-KX2', 'SC-KX2-SW', '', 0, '2017-11-24 16:45:00', 0, 0, 0, 24, 1, '[]', 0, '', 7, '2017-11-24 16:56:14', 7, '2018-01-23 23:07:58'),
(85, 'CydBlues CYDQ8', 'cydblues-cydq8', '<p></p>', '<p></p>', 1, 0, 1, 1, 3, 2, 0, 15, 0, 1, 0, 0, '', '', 'SC-CYDQ8-SW', 'SC-CYDQ8-SW', '', 0, '2017-11-24 16:45:00', 0, 0, 0, 24, 1, '[]', 0, '', 7, '2017-11-24 16:58:42', 7, '2018-01-23 23:07:58'),
(86, 'M-Audio M TRACK', 'm-audio-m-track', '<p></p>', '<p></p>', 1, 2, 1, 1, 3, 2, 0, 0, 0, 1, 3500000, 3500000, '', '', '120140100', 'SC-M-TRACK-SW', '', 0, '2017-11-24 16:45:00', 0, 0, 0, 12, 1, '[]', 2, '', 7, '2017-11-24 16:59:31', 19, '2018-04-03 13:30:07'),
(87, 'YOMEDI V1', 'yomedi-v1', '<p></p>', '<p></p>', 1, 0, 1, 1, 3, 2, 0, 23, 0, 1, 0, 0, '', '', 'SC-V1-SW', 'SC-V1-SW', '', 0, '2017-11-24 17:00:00', 0, 0, 0, 24, 1, '[]', 0, '', 7, '2017-11-24 17:01:16', 7, '2018-01-23 23:11:23'),
(88, 'NI Komplete Audio NI6', 'ni-komplete-audio--ni6', '<p></p>', '<p></p>', 1, 0, 1, 1, 1, 2, 0, 24, 0, 1, 5900000, 0, '', '', 'SC-NI6-SW', 'SC-NI6-SW', '', 0, '2017-11-24 17:00:00', 0, 0, 0, 24, 1, '[]', 0, '', 7, '2017-11-24 17:02:33', 7, '2017-11-25 08:21:14'),
(89, 'ISK AT1000', 'isk-at1000', '<p></p>', '<p></p>', 1, 2, 1, 1, 3, 2, 0, 0, 0, 1, 0, 0, '', '', '130310100', 'PKS-AT1000-SW', '', 0, '2017-11-24 17:00:00', 0, 0, 0, 3, 1, '[]', 2, '', 7, '2017-11-24 17:07:40', 19, '2018-02-25 20:29:53'),
(90, 'ISK PRO', 'isk--pro', '<p></p>', '<p></p>', 1, 3, 1, 1, 3, 2, 0, 1, 1, 1, 0, 0, '', '', '130320100', 'PKS-PRO-SW', '', 0, '2017-11-24 17:00:00', 0, 0, 0, 3, 1, '[]', 3, '', 7, '2017-11-24 17:09:33', 7, '2018-01-23 21:52:36'),
(91, 'Takstar HD2000', 'takstar--hd2000', '<p></p>', '<p></p>', 1, 3, 1, 1, 3, 2, 0, 1, 1, 1, 0, 0, '', '', '130330100', 'PKS-HD2000-SW', '', 0, '2017-11-24 17:00:00', 0, 0, 0, 3, 1, '[]', 3, '', 7, '2017-11-24 17:10:47', 7, '2018-01-23 21:52:50'),
(92, 'KMIC', 'kmic', '<p></p>', '<p></p>', 1, 0, 1, 1, 3, 2, 0, 2, 1, 1, 0, 0, '', '', '130400100', 'PKS-KMIC-SW', '', 0, '2017-11-24 17:00:00', 0, 0, 0, 3, 1, '[]', 0, '', 7, '2017-11-24 17:14:18', 3, '2018-04-24 21:49:47'),
(93, 'Chân kẹp R350 cao cấp', 'chan-kep-r350-cao-cap', '<p></p>', '<p></p>', 1, 2, 1, 1, 3, 2, 0, 0, 0, 1, 330000, 0, '/3-5a1964279e07b.jpg', '', '130390100', 'PKS-CKR350-SW', '', 790, '2017-11-24 17:00:00', 0, 0, 0, 3, 1, '[]', 2, '', 7, '2017-11-24 17:15:07', 19, '2018-03-02 00:22:07'),
(94, 'Shockmount MI5', 'shockmount-mi5', '<p></p>', '<p></p>', 1, 2, 1, 1, 3, 2, 0, 0, 0, 1, 0, 0, '', '', '130010100', 'PKS-MI5-SW', '', 176, '2017-11-24 17:15:00', 0, 0, 0, 3, 1, '[]', 2, '', 7, '2017-11-24 17:16:40', 19, '2018-03-28 23:59:26'),
(95, 'Cáp 6.3-6.3 V1', 'cap-6.3-6.3', '<p></p>', '<p></p>', 1, 2, 1, 1, 3, 2, 0, 0, 0, 1, 75000, 0, '', '', '130070100', 'PKS-6.3-6.3-SW', '', 0, '2017-11-24 17:15:00', 0, 0, 0, 3, 1, '[]', 2, '', 7, '2017-11-24 17:18:40', 3, '2018-05-09 11:11:43'),
(96, 'XOX MA2', 'xox-ma2', '<p></p>', '<p></p>', 1, 2, 1, 1, 3, 2, 0, 0, 0, 1, 230000, 230000, '', '', '130150100', 'PKS-MA2-SW', '', 33, '2017-11-24 17:15:00', 0, 0, 0, 3, 1, '[]', 2, '', 7, '2017-11-24 17:22:07', 19, '2018-03-29 00:10:41'),
(97, 'Audio Technica M40X', 'audio-technica-m40x', '<p></p>', '<p></p>', 1, 2, 1, 1, 3, 2, 0, 1, 1, 1, 0, 0, '', '', '130170100', 'PKS-M40X-SW', '', 0, '2017-11-24 17:15:00', 0, 0, 0, 12, 1, '[]', 2, '', 7, '2017-11-24 17:23:26', 7, '2018-01-23 21:47:36'),
(98, 'Monkey Banana GB5', 'monkey-banana-gb5', '<p></p>', '<p></p>', 1, 0, 1, 1, 1, 2, 0, 38, 0, 1, 8700000, 0, '', '', 'PKS-GB5-RT', 'PKS-GB5-RT', '', 0, '2017-11-24 17:15:00', 0, 0, 0, 12, 1, '[]', 0, '', 7, '2017-11-24 17:25:23', 3, '2017-11-25 17:29:02'),
(99, 'Monkey Banana TB5', 'monkey-banana-tb5', '<p></p>', '<p></p>', 1, 0, 1, 1, 1, 2, 0, 38, 0, 1, 16500000, 0, '', '', 'PKS-TB5-GE', 'PKS-TB5-GE', '', 0, '2017-11-24 17:15:00', 0, 0, 0, 12, 1, '[]', 0, '', 7, '2017-11-24 17:26:09', 3, '2017-11-25 17:25:08'),
(100, 'Monkey Banana GBAIR', 'monkey-banana-gbair', '<p></p>', '<p></p>', 1, 0, 1, 1, 1, 2, 0, 38, 0, 1, 5800000, 0, '', '', 'PKS-GBAIR-SW', 'PKS-GBAIR-SW', '', 0, '2017-11-24 17:15:00', 0, 0, 0, 12, 1, '[]', 0, '', 7, '2017-11-24 17:26:41', 3, '2017-11-25 17:32:13'),
(101, 'Màng lọc âm Alctron MAO19 Kim loại', 'alctron-mao19', '<p></p>', '<p></p>', 1, 2, 1, 1, 3, 2, 0, 0, 0, 1, 300000, 0, '', '', '130270100', 'PKS-MAO19-SW', '', 0, '2017-11-24 17:15:00', 0, 0, 0, 3, 1, '[]', 2, '', 7, '2017-11-24 17:29:45', 3, '2018-05-07 20:50:16'),
(102, 'Shockmount PS-3', 'shockmount-ps-3', '<p></p>', '<p></p>', 1, 2, 1, 1, 3, 2, 0, 0, 0, 1, 100000, 100000, '', '', '130280100', 'PKS-PS-3-SW', '', 0, '2017-11-24 17:30:00', 0, 0, 0, 3, 1, '[]', 2, '', 7, '2017-11-24 17:30:20', 19, '2018-03-05 23:23:07'),
(103, 'Alctron HP280', 'alctron-hp280', '<p></p>', '<p><img alt=\"\" src=\"/assets/uploads/images/hp280-5a19423f77fb3.jpg\" style=\"width: 650px; height: 450px;\" /></p>\n\n<p><img alt=\"\" src=\"/assets/uploads/images/hp280-2-(2)-5a1942571e303.jpg\" style=\"width: 650px; height: 450px;\" /></p>\n\n<p><img alt=\"\" src=\"/assets/uploads/images/hp280-4-5a194265ea55d.jpg\" style=\"width: 650px; height: 450px;\" /><img alt=\"\" src=\"/assets/uploads/images/hp280-6-5a19427b0c023.jpg\" style=\"width: 650px; height: 450px;\" /></p>', 1, 2, 2, 1, 3, 2, 0, 0, 0, 1, 780000, 780000, '', '', '130290000', 'PKS-HP280-SW', '', 678, '2017-11-24 17:30:00', 0, 0, 0, 3, 1, '[]', 2, '', 7, '2017-11-24 17:31:17', 19, '2018-03-29 00:13:10'),
(104, 'TASCAM VL-S5', 'tascam-vl-s5', '<p></p>', '<p></p>', 1, 0, 1, 1, 3, 2, 0, 41, 0, 1, 0, 0, '', '', 'PKS-VL-S5-SW', 'PKS-VL-S5-SW', '', 0, '2017-11-24 17:30:00', 0, 0, 0, 3, 1, '[]', 0, '', 7, '2017-11-24 17:32:11', 7, '2018-01-23 22:50:46'),
(105, 'ISK 960B', 'isk--960b', '<p></p>', '<p></p>', 1, 0, 1, 1, 3, 2, 0, 8, 0, 1, 0, 0, '', '', 'PKS-960B-SW', 'PKS-960B-SW', '', 0, '2017-11-24 17:30:00', 0, 0, 0, 3, 1, '[]', 0, '', 7, '2017-11-24 17:32:54', 7, '2018-01-23 22:50:46'),
(106, 'JKR 201', 'jkr-201', '<p></p>', '<p></p>', 1, 0, 1, 1, 3, 2, 0, 42, 0, 1, 0, 0, '', '', 'PKS-201-SW', 'PKS-201-SW', '', 400, '2017-11-24 17:30:00', 0, 0, 0, 3, 1, '[]', 0, '', 7, '2017-11-24 17:33:53', 7, '2018-01-23 22:50:46'),
(107, 'TH320', 'th320', '<p></p>', '<p></p>', 1, 0, 1, 1, 3, 2, 0, 2, 0, 1, 0, 0, '', '', 'PKS-TH320-SW', 'PKS-TH320-SW', '', 0, '2017-11-24 17:30:00', 0, 0, 0, 3, 1, '[]', 0, '', 7, '2017-11-24 17:34:43', 7, '2017-11-26 18:23:56'),
(108, 'ISK 980', 'isk-980', '<p></p>', '<p></p>', 1, 0, 1, 1, 3, 2, 0, 8, 0, 1, 0, 0, '', '', 'PKS-980-SW', 'PKS-980-SW', '', 0, '2017-11-24 17:30:00', 0, 0, 0, 3, 1, '[]', 0, '', 7, '2017-11-24 17:35:22', 7, '2018-01-23 22:50:46'),
(109, 'Sony ZX-310', 'sony-zx-310', '<p></p>', '<p></p>', 1, 0, 1, 1, 3, 2, 0, 43, 0, 1, 0, 0, '', '', 'PKS-ZX-310-SW', 'PKS-ZX-310-SW', '', 0, '2017-11-24 17:30:00', 0, 0, 0, 3, 1, '[]', 0, '', 7, '2017-11-24 17:35:55', 7, '2018-01-23 22:50:46'),
(110, 'Sony XB450AP', 'sony--xb450ap', '<p></p>', '<p></p>', 1, 0, 1, 1, 3, 2, 0, 43, 0, 1, 0, 0, '', '', 'PKS-XB450AP-SW', 'PKS-XB450AP-SW', '', 0, '2017-11-24 17:30:00', 0, 0, 0, 3, 1, '[]', 0, '', 7, '2017-11-24 17:36:19', 7, '2018-01-23 22:50:46'),
(111, 'Sennheiser HD201', 'sennheiser-hd201', '<p></p>', '<p></p>', 1, 0, 1, 1, 3, 2, 0, 44, 0, 1, 0, 0, '', '', 'PKS-HD201-SW', 'PKS-HD201-SW', '', 290, '2017-11-24 17:30:00', 0, 0, 0, 3, 1, '[]', 0, '', 7, '2017-11-24 17:36:55', 7, '2018-01-23 22:50:46'),
(112, 'G782', 'g782', '<p></p>', '<p></p>', 1, 0, 1, 1, 3, 2, 0, 2, 0, 1, 0, 0, '', '', 'PKS-G782-SW', 'PKS-G782-SW', '', 0, '2017-11-24 17:30:00', 0, 0, 0, 3, 1, '[]', 0, '', 7, '2017-11-24 17:37:43', 7, '2017-11-26 18:24:12'),
(113, 'T80', 't80', '<p></p>', '<p></p>', 1, 0, 1, 1, 3, 2, 0, 2, 0, 1, 0, 0, '', '', 'PKS-T80-SW', 'PKS-T80-SW', '', 0, '2017-11-24 17:30:00', 0, 0, 0, 3, 1, '[]', 0, '', 7, '2017-11-24 17:38:03', 7, '2018-01-23 22:50:46'),
(114, 'R-C920', 'r-c920', '<p></p>', '<p></p>', 1, 0, 1, 1, 3, 2, 0, 2, 0, 1, 0, 0, '', '', 'PKS-R-C920-SW', 'PKS-R-C920-SW', '', 0, '2017-11-24 17:30:00', 0, 0, 0, 3, 1, '[]', 0, '', 7, '2017-11-24 17:38:52', 7, '2018-01-23 22:50:46'),
(115, 'Shockmount SH100', 'shockmount-sh100', '<p></p>', '<p></p>', 1, 0, 1, 1, 3, 2, 0, 2, 0, 1, 0, 0, '', '', 'PKS-SH100-SW', 'PKS-SH100-SW', '', 0, '2017-11-24 17:30:00', 0, 0, 0, 3, 1, '[]', 0, '', 7, '2017-11-24 17:39:23', 7, '2018-01-23 22:50:46'),
(116, 'C-21', 'c-21', '<p></p>', '<p></p>', 1, 0, 1, 1, 3, 2, 0, 2, 0, 1, 0, 0, '', '', 'PKS-C-21-SW', 'PKS-C-21-SW', '', 0, '2017-11-24 17:30:00', 0, 0, 0, 3, 1, '[]', 0, '', 7, '2017-11-24 17:40:12', 7, '2018-01-23 22:50:46'),
(117, 'V20', 'v20', '<p></p>', '<p></p>', 1, 0, 1, 1, 3, 2, 0, 2, 0, 1, 0, 0, '', '', 'PKS-V20-SW', 'PKS-V20-SW', '', 0, '2017-11-24 17:30:00', 0, 0, 0, 3, 1, '[]', 0, '', 7, '2017-11-24 17:40:37', 7, '2017-11-26 18:19:50'),
(118, 'Mini', 'mini', '<p></p>', '<p></p>', 1, 0, 1, 1, 3, 2, 0, 33, 0, 1, 0, 0, '', '', 'PKS-Mini-SW', 'PKS-Mini-SW', '', 0, '2017-11-24 17:30:00', 0, 0, 0, 3, 1, '[]', 0, '', 7, '2017-11-24 17:41:06', 3, '2017-11-25 17:33:50'),
(119, 'USB7.1', 'usb7.1', '<p></p>', '<p></p>', 1, 0, 1, 1, 3, 2, 0, 2, 0, 1, 0, 0, '', '', 'PKS-USB7.1-SW', 'PKS-USB7.1-SW', '', 0, '2017-11-24 17:30:00', 0, 0, 0, 3, 1, '[]', 0, '', 7, '2017-11-24 17:41:41', 7, '2017-11-26 18:19:17'),
(120, 'speakerled', 'speakerled', '<p></p>', '<p></p>', 1, 0, 1, 1, 3, 2, 0, 2, 0, 1, 0, 0, '', '', 'PKS-speakerled-', 'PKS-speakerled-', '', 0, '2017-11-24 17:30:00', 0, 0, 0, 0, 1, '[]', 0, '', 7, '2017-11-24 17:42:10', 7, '2017-11-26 18:17:56'),
(121, 'PHONEV1', 'phonev1', '<p></p>', '<p></p>', 1, 0, 1, 1, 3, 2, 0, 2, 0, 1, 0, 0, '', '', 'PKS-PHONEV1-SW', 'PKS-PHONEV1-SW', '', 0, '2017-11-24 17:30:00', 0, 0, 0, 3, 1, '[]', 0, '', 7, '2017-11-24 17:42:43', 7, '2018-01-23 22:50:46'),
(122, '10000mah', 'sac-du-phong-1000mah', '<p></p>', '<p></p>', 1, 0, 1, 1, 3, 2, 0, 2, 0, 1, 0, 0, '', '', 'PKS-10000mah-SW', 'PKS-10000mah-SW', '', 0, '2017-11-24 17:30:00', 0, 0, 0, 3, 1, '[]', 0, '', 7, '2017-11-24 17:45:32', 7, '2017-11-26 18:18:44'),
(123, 'loa  LEDV1', 'loa--ledv1', '<p></p>', '<p></p>', 1, 0, 1, 1, 3, 2, 0, 2, 0, 1, 0, 0, '', '', 'PKS-LEDV1-SW', 'PKS-LEDV1-SW', '', 0, '2017-11-24 17:45:00', 0, 0, 0, 0, 1, '[]', 0, '', 7, '2017-11-24 17:46:02', 7, '2018-01-23 22:50:46'),
(124, 'Cáp 3.5-6.3', 'cap-3.5-6.3', '<p></p>', '<p></p>', 1, 2, 1, 1, 3, 2, 0, 0, 0, 1, 25000, 0, '', '', '130100100', 'PKS-3.5-6.3-SW', '', 9, '2017-11-24 17:45:00', 0, 0, 0, 3, 1, '[]', 2, '', 7, '2017-11-24 17:46:59', 3, '2018-05-09 11:12:01'),
(125, 'Cáp 6.3-3.5', 'cap-6.3-3.5', '<p></p>', '<p></p>', 1, 0, 1, 1, 1, 2, 0, 36, 0, 1, 0, 0, '', '', 'PKS-6.3-3.5-SW', 'PKS-6.3-3.5-SW', '', 0, '2017-11-24 17:45:00', 0, 0, 0, 3, 1, '[]', 0, '', 7, '2017-11-24 17:47:37', 3, '2017-11-25 17:37:42'),
(126, 'Audio Technica AT2021', 'audio-technica-at2021', '<p></p>', '<p><img alt=\"\" src=\"/assets/uploads/images/at2021-3-5a18d4bb72363.jpg\" style=\"width: 650px; height: 450px;\" /><img alt=\"\" src=\"/assets/uploads/images/at2021-2-5a18d5166150c.jpg\" style=\"width: 650px; height: 450px;\" /><img alt=\"\" src=\"/assets/uploads/images/at2021-6-5a18d5295a3f2.jpg\" style=\"width: 650px; height: 450px;\" /><img alt=\"\" src=\"/assets/uploads/images/at2021-2-5a18d546befe6.jpg\" style=\"width: 650px; height: 450px;\" /></p>', 1, 2, 1, 1, 1, 2, 0, 1, 1, 1, 2800000, 0, '/at2021-1-5a18d5a0a3f3d.jpg', '', '110060100', 'MC-AT2021-SW', '', 340, '2017-11-24 17:45:00', 0, 0, 0, 12, 1, '[]', 2, '', 7, '2017-11-24 17:49:50', 7, '2018-01-23 21:21:00'),
(127, 'Audio Technica AT2035', 'audio-technica-at2035', '<p></p>', '<p></p>', 1, 0, 1, 1, 1, 2, 0, 5, 0, 1, 4200000, 0, '', '', 'MC-AT2035-SW', 'MC-AT2035-SW', '', 0, '2017-11-24 17:45:00', 0, 0, 0, 12, 1, '[]', 0, '', 7, '2017-11-24 17:50:45', 7, '2017-11-25 08:34:06'),
(128, 'RODE NT1A', 'rode-nt1a', '<p></p>', '<p></p>', 1, 2, 1, 2, 1, 2, 0, 1, 1, 1, 5700000, 0, '/rode-nt1-a-3-5a19631dd968a.jpg', '', '110011100', 'MC-NT1A-SL', '', 0, '2017-11-24 17:45:00', 0, 0, 0, 12, 1, '[]', 2, '', 7, '2017-11-24 17:51:30', 7, '2018-01-23 20:43:05'),
(129, 'Libablue LDK600', 'libablue-ldk600', '', '', 1, 0, 1, 1, 3, 2, 0, 6, 0, 1, 0, 0, '', '', 'MC-LDK600-SW', 'MC-LDK600-SW', '', 0, '2017-11-24 20:33:58', 0, 0, 0, 24, 1, '', 0, '', 7, '2017-11-24 20:33:58', 7, '2018-01-23 23:06:17'),
(130, 'Takstar PCK320', 'takstar-pck320', '', '', 1, 0, 2, 1, 1, 2, 0, 7, 0, 1, 1750000, 0, '', '', 'MC-PCK320-SW', 'MC-PCK320-SW', '', 800, '2017-11-24 20:33:58', 0, 0, 0, 24, 1, '', 0, '', 7, '2017-11-24 20:33:58', 3, '2017-11-25 10:37:34'),
(131, 'Blue SparkSL', 'blue-sparksl', '<p>Blue Spark SL</p>\n\n<p>Ph&aacute;t triển tr&ecirc;n chiếc microphone thu &acirc;m Top 10 b&aacute;n chạy nhất thế giới 2016, Spark SL l&agrave; phi&ecirc;n bản mới 2017 với sự n&acirc;ng cấp đ&aacute;ng kể về t&iacute;nh năng v&agrave; chất lượng. Ngo&agrave;i sự bổ sung t&iacute;nh năng Highpass Filter v&agrave; Pad -20dB, phi&ecirc;n bản SL c&ograve;n được n&acirc;ng cấp m&agrave;ng dung với khả năng chịu được &aacute;p lực &acirc;m thanh cao hơn, ph&ugrave; hợp với nhiều nguồn thu hơn. Spark SL ph&ugrave; hợp thu vocal, drum v&agrave; guitar.</p>', '<p>Blue l&agrave; một trong 3 h&agrave;ng chuy&ecirc;n sản xuất micro thu &acirc;m lớn nhất Thế giới. Hơn 25 năm kinh nghiệm v&agrave; ph&aacute;t triển, c&aacute;c sản phẩm Blue c&oacute; thiết kế tối ưu v&agrave; h&igrave;nh d&aacute;ng cổ điển, đặc trưng dễ nhận biết. H&atilde;ng Blue c&oacute; nhiều cải tiến c&ocirc;ng nghệ mang t&iacute;nh ti&ecirc;n phong cho microphone thu &acirc;m m&agrave; cho tới nay c&oacute; rất nhiều h&atilde;ng kh&aacute;c sử dụng.</p>\n\n<p><img alt=\"\" src=\"/assets/uploads/images/blue-spark---air-5a1c261aa02b2.jpg\" style=\"width: 737px; height: 510px;\" /></p>\n\n<p><img alt=\"\" src=\"/assets/uploads/images/blue-spark-2--7-5a1c262cee6b9.jpg\" style=\"width: 737px; height: 510px;\" /></p>\n\n<p><img alt=\"\" src=\"/assets/uploads/images/blue-spark-2--bd5-5a1c2640aa515.jpg\" style=\"width: 737px; height: 510px;\" /></p>\n\n<p><img alt=\"\" src=\"/assets/uploads/images/blue-spark-2-5a1c2655cf19b.jpg\" style=\"width: 737px; height: 510px;\" /></p>\n\n<p><img alt=\"\" src=\"/assets/uploads/images/blue-spark-3-5a1c266b2cd02.jpg\" style=\"width: 737px; height: 510px;\" /></p>\n\n<p><img alt=\"\" src=\"/assets/uploads/images/blue-spark-5a1c267dd318f.jpg\" style=\"width: 737px; height: 510px;\" /></p>\n\n<p><img alt=\"\" src=\"/assets/uploads/images/bluespark-5a1c26968e7df.jpg\" style=\"width: 737px; height: 510px;\" /></p>\n\n<p><img alt=\"\" src=\"/assets/uploads/images/bluespark2-5a1c26acb1cb7.jpg\" style=\"width: 737px; height: 510px;\" /><br />\n<strong>Th&ocirc;ng số kỹ thuật</strong><br />\nCấu tạo: Condenser - điện dung (cần nguồn phantom 48v)<br />\nB&uacute;p hướng: cardioid - h&igrave;nh tr&aacute;i tim<br />\nDải tần số: 20Hz-20kHz<br />\nĐộ nhạy: 34.9mV/Pa at 1kHz (1pa = 94dB SPL)<br />\nTrở kh&aacute;ng: 50 ohms<br />\n&Aacute;p lực cao nhất: 136dB SPL (1kHz, THD 0.5%)<br />\nDải động: 119.6dB<br />\nChức năng Highpass Filter: 100Hz, 12dB per Octave<br />\nChức năng Pad: -20dB<br />\nChiều d&agrave;i: 220mm<br />\nTrọng lượng: 336g<br />\nPhụ kiện đi k&egrave;m gồm: chống rung, hộp gỗ bảo vệ</p>\n\n<p></p>', 1, 2, 2, 2, 1, 2, 0, 1, 1, 1, 5600000, 0, '/3-5a18e3b2074a3.jpg', '', '110230000', 'MC-SparkSL', '', 0, '2017-11-24 20:33:58', 0, 0, 0, 12, 1, '[]', 2, '', 7, '2017-11-24 20:33:58', 7, '2018-01-23 21:29:04'),
(132, 'Tianyun TY660', 'tianyun-ty660', '', '', 1, 0, 2, 1, 3, 2, 0, 16, 0, 1, 0, 0, '', '', 'MC-TY660-WS', 'MC-TY660-WS', '', 635, '2017-11-24 20:33:58', 0, 0, 0, 24, 1, '', 0, '', 7, '2017-11-24 20:33:58', 7, '2017-11-26 18:17:13'),
(133, 'Tianyun T5000', 'tianyun-t5000', '', '', 1, 0, 2, 1, 3, 2, 0, 16, 0, 1, 0, 0, '', '', 'MC-T5000-RT', 'MC-T5000-RT', '', 0, '2017-11-24 20:33:58', 0, 0, 0, 24, 1, '', 0, '', 7, '2017-11-24 20:33:58', 7, '2018-01-23 22:50:46'),
(134, 'Libablue LDK600', 'libablue-ldk600', '', '', 1, 0, 1, 1, 3, 2, 0, 6, 0, 1, 0, 0, '', '', 'MC-LDK600-SW', 'MC-LDK600-SW', '', 0, '2017-11-24 20:34:00', 0, 0, 0, 24, 1, '', 0, '', 7, '2017-11-24 20:34:00', 7, '2018-01-23 23:06:17'),
(135, 'Libablue K3000', 'libablue-k3000', '', '', 1, 0, 1, 1, 3, 2, 0, 6, 0, 1, 0, 0, '', '', 'MC-K3000-BL', 'MC-K3000-BL', '', 0, '2017-11-24 20:34:00', 0, 0, 0, 24, 1, '', 0, '', 7, '2017-11-24 20:34:00', 7, '2018-01-23 23:06:17'),
(136, 'Yogmedi U55', 'yogmedi-u55', '', '', 1, 0, 1, 1, 3, 2, 0, 10, 0, 1, 0, 0, '', '', 'MC-U55-RT', 'MC-U55-RT', '', 0, '2017-11-24 20:34:00', 0, 0, 0, 24, 1, '', 0, '', 7, '2017-11-24 20:34:00', 7, '2018-01-23 23:06:17'),
(137, 'AMI BM800', 'ami-bm800', '', '', 1, 0, 1, 1, 3, 2, 0, 11, 0, 1, 0, 0, '', '', 'MC-BM800-SW', 'MC-BM800-SW', '', 450, '2017-11-24 20:34:00', 0, 0, 0, 24, 1, '', 0, '', 7, '2017-11-24 20:34:00', 3, '2017-11-25 17:43:27'),
(138, 'Cydblues AK950', 'cydblues-ak950', '', '', 1, 0, 1, 1, 3, 2, 0, 15, 0, 1, 0, 0, '', '', 'MC-AK950-SW', 'MC-AK950-SW', '', 0, '2017-11-24 20:34:00', 0, 0, 0, 24, 1, '', 0, '', 7, '2017-11-24 20:34:00', 7, '2018-01-23 23:06:17'),
(139, 'Tianyun K15', 'tianyun-k15', '', '', 1, 0, 1, 1, 3, 2, 0, 16, 0, 1, 0, 0, '', '', 'MC-K15-RT', 'MC-K15-RT', '', 0, '2017-11-24 20:34:00', 0, 0, 0, 24, 1, '', 0, '', 7, '2017-11-24 20:34:00', 7, '2018-01-23 23:06:17'),
(140, 'Tianyun T2000', 'tianyun-t2000', '', '', 1, 0, 1, 1, 3, 2, 0, 16, 0, 1, 0, 0, '', '', 'MC-T2000-SW', 'MC-T2000-SW', '', 0, '2017-11-24 20:34:00', 0, 0, 0, 24, 1, '', 0, '', 7, '2017-11-24 20:34:00', 7, '2018-01-23 23:06:17'),
(141, 'Tianyun TY990', 'tianyun-ty990', '', '', 1, 0, 1, 1, 3, 2, 0, 16, 0, 1, 0, 0, '', '', 'MC-TY990-SW', 'MC-TY990-SW', '', 0, '2017-11-24 20:34:00', 0, 0, 0, 24, 1, '', 0, '', 7, '2017-11-24 20:34:00', 7, '2018-01-23 23:06:17'),
(142, 'Libablue LDK600', 'libablue-ldk600', '', '', 1, 0, 1, 1, 3, 2, 0, 6, 0, 1, 0, 0, '', '', 'MC-LDK600-SW', 'MC-LDK600-SW', '', 0, '2017-11-24 20:34:02', 0, 0, 0, 24, 1, '', 0, '', 7, '2017-11-24 20:34:02', 7, '2018-01-23 23:06:17'),
(143, 'Libablue K3000', 'libablue-k3000', '', '', 1, 0, 1, 1, 3, 2, 0, 6, 0, 1, 0, 0, '', '', 'MC-K3000-BL', 'MC-K3000-BL', '', 0, '2017-11-24 20:34:02', 0, 0, 0, 24, 1, '', 0, '', 7, '2017-11-24 20:34:02', 7, '2018-01-23 23:06:17'),
(144, 'Yogmedi U55', 'yogmedi-u55', '', '', 1, 0, 1, 1, 3, 2, 0, 10, 0, 1, 0, 0, '', '', 'MC-U55-RT', 'MC-U55-RT', '', 0, '2017-11-24 20:34:02', 0, 0, 0, 24, 1, '', 0, '', 7, '2017-11-24 20:34:02', 7, '2018-01-23 23:06:17'),
(145, 'AMI BM800', 'ami-bm800', '', '', 1, 0, 1, 1, 3, 2, 0, 11, 0, 1, 0, 0, '', '', 'MC-BM800-SW', 'MC-BM800-SW', '', 450, '2017-11-24 20:34:02', 0, 0, 0, 24, 1, '', 0, '', 7, '2017-11-24 20:34:02', 3, '2017-11-25 17:43:27'),
(146, 'Cydblues AK950', 'cydblues-ak950', '', '', 1, 0, 1, 1, 3, 2, 0, 15, 0, 1, 0, 0, '', '', 'MC-AK950-SW', 'MC-AK950-SW', '', 0, '2017-11-24 20:34:02', 0, 0, 0, 24, 1, '', 0, '', 7, '2017-11-24 20:34:02', 7, '2018-01-23 23:06:17'),
(147, 'Tianyun K15', 'tianyun-k15', '', '', 1, 0, 1, 1, 3, 2, 0, 16, 0, 1, 0, 0, '', '', 'MC-K15-RT', 'MC-K15-RT', '', 0, '2017-11-24 20:34:02', 0, 0, 0, 24, 1, '', 0, '', 7, '2017-11-24 20:34:02', 7, '2018-01-23 23:06:17');
INSERT INTO `products` (`ProductId`, `ProductName`, `ProductSlug`, `ProductShortDesc`, `ProductDesc`, `ProductTypeId`, `ProductStatusId`, `ProductKindId`, `VATStatusId`, `ProductDisplayTypeId`, `ProductLevelId`, `ParentProductId`, `SupplierId`, `ManufacturerId`, `IsContactPrice`, `Price`, `OldPrice`, `ProductImage`, `ProductCode`, `BarCode`, `Sku`, `IMEI`, `Weight`, `PublishDateTime`, `ProductFormalStatusId`, `ProductUsageStatusId`, `ProductAccessoryStatusId`, `GuaranteeMonth`, `ProductUnitId`, `VideoUrls`, `ProductWebStatusId`, `ProductWebStatusComment`, `CrUserId`, `CrDateTime`, `UpdateUserId`, `UpdateDateTime`) VALUES
(148, 'Tianyun T2000', 'tianyun-t2000', '', '', 1, 0, 1, 1, 3, 2, 0, 16, 0, 1, 0, 0, '', '', 'MC-T2000-SW', 'MC-T2000-SW', '', 0, '2017-11-24 20:34:02', 0, 0, 0, 24, 1, '', 0, '', 7, '2017-11-24 20:34:02', 7, '2018-01-23 23:06:17'),
(149, 'Tianyun TY990', 'tianyun-ty990', '', '', 1, 0, 1, 1, 3, 2, 0, 16, 0, 1, 0, 0, '', '', 'MC-TY990-SW', 'MC-TY990-SW', '', 0, '2017-11-24 20:34:02', 0, 0, 0, 24, 1, '', 0, '', 7, '2017-11-24 20:34:02', 7, '2018-01-23 23:06:17'),
(150, 'Libablue LDK600', 'libablue-ldk600', '', '', 1, 0, 1, 1, 3, 2, 0, 6, 0, 1, 0, 0, '', '', 'MC-LDK600-SW', 'MC-LDK600-SW', '', 0, '2017-11-24 20:34:27', 0, 0, 0, 24, 1, '', 0, '', 7, '2017-11-24 20:34:27', 7, '2018-01-23 22:48:51'),
(151, 'Libablue K3000', 'libablue-k3000', '', '', 1, 0, 1, 1, 3, 2, 0, 6, 0, 1, 0, 0, '', '', 'MC-K3000-BL', 'MC-K3000-BL', '', 0, '2017-11-24 20:34:27', 0, 0, 0, 24, 1, '', 0, '', 7, '2017-11-24 20:34:27', 7, '2018-01-23 22:48:51'),
(152, 'Yogmedi U55', 'yogmedi-u55', '', '', 1, 0, 1, 1, 3, 2, 0, 10, 0, 1, 0, 0, '', '', 'MC-U55-RT', 'MC-U55-RT', '', 0, '2017-11-24 20:34:27', 0, 0, 0, 24, 1, '', 0, '', 7, '2017-11-24 20:34:27', 7, '2018-01-23 22:48:51'),
(153, 'AMI BM800', 'ami-bm800', '', '', 1, 0, 1, 1, 3, 2, 0, 11, 0, 1, 0, 0, '', '', 'MC-BM800-SW', 'MC-BM800-SW', '', 450, '2017-11-24 20:34:27', 0, 0, 0, 24, 1, '', 0, '', 7, '2017-11-24 20:34:27', 3, '2017-11-25 17:43:27'),
(154, 'Cydblues AK950', 'cydblues-ak950', '', '', 1, 0, 1, 1, 3, 2, 0, 15, 0, 1, 0, 0, '', '', 'MC-AK950-SW', 'MC-AK950-SW', '', 0, '2017-11-24 20:34:27', 0, 0, 0, 24, 1, '', 0, '', 7, '2017-11-24 20:34:27', 7, '2018-01-23 22:48:51'),
(155, 'Tianyun K15', 'tianyun-k15', '', '', 1, 0, 1, 1, 3, 2, 0, 16, 0, 1, 0, 0, '', '', 'MC-K15-RT', 'MC-K15-RT', '', 0, '2017-11-24 20:34:27', 0, 0, 0, 24, 1, '', 0, '', 7, '2017-11-24 20:34:27', 7, '2018-01-23 22:48:51'),
(156, 'Tianyun T2000', 'tianyun-t2000', '', '', 1, 0, 1, 1, 3, 2, 0, 16, 0, 1, 0, 0, '', '', 'MC-T2000-SW', 'MC-T2000-SW', '', 0, '2017-11-24 20:34:27', 0, 0, 0, 24, 1, '', 0, '', 7, '2017-11-24 20:34:27', 7, '2018-01-23 23:06:17'),
(157, 'Tianyun TY990', 'tianyun-ty990', '', '', 1, 0, 1, 1, 3, 2, 0, 16, 0, 1, 0, 0, '', '', 'MC-TY990-SW', 'MC-TY990-SW', '', 0, '2017-11-24 20:34:27', 0, 0, 0, 24, 1, '', 0, '', 7, '2017-11-24 20:34:27', 7, '2018-01-23 23:06:17'),
(158, 'Libablue LDK600', 'libablue-ldk600', '', '', 1, 0, 1, 1, 3, 2, 0, 6, 0, 1, 0, 0, '', '', 'MC-LDK600-SW', 'MC-LDK600-SW', '', 0, '2017-11-24 20:35:56', 0, 0, 0, 24, 1, '', 0, '', 7, '2017-11-24 20:35:56', 7, '2018-01-23 22:48:51'),
(159, 'Libablue K3000', 'libablue-k3000', '', '', 1, 0, 1, 1, 3, 2, 0, 6, 0, 1, 0, 0, '', '', 'MC-K3000-BL', 'MC-K3000-BL', '', 0, '2017-11-24 20:35:56', 0, 0, 0, 24, 1, '', 0, '', 7, '2017-11-24 20:35:56', 7, '2018-01-23 22:48:51'),
(160, 'Yogmedi U55', 'yogmedi-u55', '', '', 1, 0, 1, 1, 3, 2, 0, 10, 0, 1, 0, 0, '', '', 'MC-U55-RT', 'MC-U55-RT', '', 0, '2017-11-24 20:35:56', 0, 0, 0, 24, 1, '', 0, '', 7, '2017-11-24 20:35:56', 7, '2018-01-23 22:48:51'),
(161, 'AMI BM800', 'ami-bm800', '', '', 1, 0, 1, 1, 3, 2, 0, 11, 0, 1, 0, 0, '', '', 'MC-BM800-SW', 'MC-BM800-SW', '', 450, '2017-11-24 20:35:56', 0, 0, 0, 24, 1, '', 0, '', 7, '2017-11-24 20:35:56', 3, '2017-11-25 17:43:27'),
(162, 'Cydblues AK950', 'cydblues-ak950', '', '', 1, 0, 1, 1, 3, 2, 0, 15, 0, 1, 0, 0, '', '', 'MC-AK950-SW', 'MC-AK950-SW', '', 0, '2017-11-24 20:35:56', 0, 0, 0, 24, 1, '', 0, '', 7, '2017-11-24 20:35:56', 7, '2018-01-23 22:48:51'),
(163, 'Tianyun K15', 'tianyun-k15', '', '', 1, 0, 1, 1, 3, 2, 0, 16, 0, 1, 0, 0, '', '', 'MC-K15-RT', 'MC-K15-RT', '', 0, '2017-11-24 20:35:56', 0, 0, 0, 24, 1, '', 0, '', 7, '2017-11-24 20:35:56', 7, '2018-01-23 22:48:51'),
(164, 'Tianyun T2000', 'tianyun-t2000', '', '', 1, 0, 1, 1, 3, 2, 0, 16, 0, 1, 0, 0, '', '', 'MC-T2000-SW', 'MC-T2000-SW', '', 0, '2017-11-24 20:35:56', 0, 0, 0, 24, 1, '', 0, '', 7, '2017-11-24 20:35:56', 7, '2018-01-23 22:48:51'),
(165, 'Tianyun TY990', 'tianyun-ty990', '', '', 1, 0, 1, 1, 3, 2, 0, 16, 0, 1, 0, 0, '', '', 'MC-TY990-SW', 'MC-TY990-SW', '', 0, '2017-11-24 20:35:56', 0, 0, 0, 24, 1, '', 0, '', 7, '2017-11-24 20:35:56', 7, '2018-01-23 22:48:51'),
(166, 'Libablue LDK600', 'libablue-ldk600', '', '', 1, 0, 1, 1, 3, 2, 0, 6, 0, 1, 0, 0, '', '', 'MC-LDK600-SW', 'MC-LDK600-SW', '', 0, '2017-11-24 20:37:49', 0, 0, 0, 24, 1, '', 0, '', 7, '2017-11-24 20:37:49', 3, '2018-01-20 00:24:16'),
(167, 'Libablue K3000', 'libablue-k3000', '', '', 1, 0, 1, 1, 3, 2, 0, 6, 0, 1, 0, 0, '', '', 'MC-K3000-BL', 'MC-K3000-BL', '', 0, '2017-11-24 20:37:49', 0, 0, 0, 24, 1, '', 0, '', 7, '2017-11-24 20:37:49', 7, '2018-01-23 22:48:51'),
(168, 'Yogmedi U55 hihi', 'yogmedi-u55', '<p></p>', '<p></p>', 1, 0, 1, 1, 3, 2, 0, 1, 1, 1, 0, 0, '', '', 'MC-U55-RT', 'MC-U55-RT', '', 0, '2017-11-24 20:37:49', 0, 0, 0, 24, 1, '[]', 0, '', 7, '2017-11-24 20:37:49', 19, '2018-02-24 10:13:14'),
(169, 'AMI BM800', 'ami-bm800', '', '', 1, 0, 1, 1, 3, 2, 0, 11, 0, 1, 0, 0, '', '', 'MC-BM800-SW', 'MC-BM800-SW', '', 450, '2017-11-24 20:37:49', 0, 0, 0, 24, 1, '', 0, '', 7, '2017-11-24 20:37:49', 3, '2017-11-25 17:43:27'),
(170, 'Cydblues AK950', 'cydblues-ak950', '', '', 1, 0, 1, 1, 3, 2, 0, 15, 0, 1, 0, 0, '', '', 'MC-AK950-SW', 'MC-AK950-SW', '', 0, '2017-11-24 20:37:49', 0, 0, 0, 24, 1, '', 0, '', 7, '2017-11-24 20:37:49', 7, '2018-01-23 22:48:51'),
(171, 'Tianyun K15', 'tianyun-k15', '', '', 1, 0, 1, 1, 3, 2, 0, 16, 0, 1, 0, 0, '', '', 'MC-K15-RT', 'MC-K15-RT', '', 0, '2017-11-24 20:37:49', 0, 0, 0, 24, 1, '', 0, '', 7, '2017-11-24 20:37:49', 7, '2018-01-23 22:48:51'),
(172, 'Tianyun T2000', 'tianyun-t2000', '', '', 1, 0, 1, 1, 3, 2, 0, 16, 0, 1, 0, 0, '', '', 'MC-T2000-SW', 'MC-T2000-SW', '', 0, '2017-11-24 20:37:49', 0, 0, 0, 24, 1, '', 0, '', 7, '2017-11-24 20:37:49', 7, '2018-01-23 22:48:51'),
(173, 'Tianyun TY990', 'tianyun-ty990', '', '', 1, 0, 1, 1, 3, 2, 0, 16, 0, 1, 0, 0, '', '', 'MC-TY990-SW', 'MC-TY990-SW', '', 0, '2017-11-24 20:37:49', 0, 0, 0, 24, 1, '', 0, '', 7, '2017-11-24 20:37:49', 7, '2018-01-23 22:48:51'),
(174, 'Phonic Firefly302', 'phonic-firefly302', '', '', 1, 0, 1, 1, 1, 2, 0, 26, 0, 1, 2500000, 0, '', '', 'SC-Firefly302-SW', 'SC-Firefly302-SW', '', 1765, '2017-11-25 08:04:22', 0, 0, 0, 24, 1, '', 0, '', 7, '2017-11-25 08:04:22', 3, '2017-11-25 10:34:57'),
(175, 'Cáp XLR-XLR 3020', 'cap-xlr-xlr-3020', '<p></p>', '<p></p>', 1, 2, 2, 1, 3, 2, 0, 0, 0, 1, 200000, 0, '/1-59e582b7ee91b.jpg', '', '130020000', 'PKS-2XLR3020', '', 150, '2017-11-25 08:04:22', 0, 0, 0, 3, 1, '[]', 2, '', 7, '2017-11-25 08:04:22', 19, '2018-03-04 14:38:19'),
(176, 'Cáp 2XLR3020-5', 'cap-2xlr3020-5', '', '', 1, 0, 1, 1, 3, 2, 0, 36, 0, 1, 0, 0, '', '', 'PKS-2XLR3020-5-SW', 'PKS-2XLR3020-5-SW', '', 0, '2017-11-25 08:04:22', 0, 0, 0, 3, 1, '', 0, '', 7, '2017-11-25 08:04:22', 3, '2017-11-26 12:01:53'),
(177, 'Cáp XLR-XLR V1', 'cap-xlr-xlr-v1', '<p></p>', '<p></p>', 1, 0, 1, 1, 3, 2, 0, 2, 0, 1, 90000, 0, '', '', 'PKS-11', 'PKS-2XLR-SW', '', 0, '2017-11-25 08:04:22', 0, 0, 0, 3, 1, '[]', 0, '', 7, '2017-11-25 08:04:22', 7, '2018-01-23 22:48:17'),
(178, 'Mogami TRSXLRF-06', 'mogami-trsxlrf-06', '', '', 1, 0, 1, 1, 1, 2, 0, 39, 0, 1, 1400000, 0, '', '', 'PKS-TRSXLRF-06-SW', 'PKS-TRSXLRF-06-SW', '', 0, '2017-11-25 08:04:22', 0, 0, 0, 12, 1, '', 0, '', 7, '2017-11-25 08:04:22', 3, '2017-11-25 10:33:06'),
(179, 'Loa bluetooth cảm ứng', 'loa-bluetooth-cam-ung', '<p></p>', '<p></p>', 1, 0, 1, 1, 3, 2, 0, 2, 1, 1, 0, 0, '', '', 'PKS-speakerled-SW', 'PKS-speakerled-SW', '', 0, '2017-11-25 08:04:22', 0, 0, 0, 3, 1, '[]', 0, '', 7, '2017-11-25 08:04:22', 7, '2018-01-23 23:11:16'),
(180, 'AMI BM 900', 'ami-bm-900', '<p></p>', '<p></p>', 1, 0, 1, 1, 3, 2, 0, 11, 0, 1, 0, 0, '', '', 'MC-BM800-SW', 'MC-BM800-SW', '', 500, '2017-11-25 17:30:00', 0, 0, 0, 24, 1, '[]', 0, '', 3, '2017-11-25 17:46:16', 3, '2017-11-25 17:54:52'),
(181, 'TEST', 'test', '<p></p>', '<p></p>', 1, 0, 1, 1, 3, 2, 0, 2, 0, 1, 1222, 0, '', '', '12345', 'TEST', '', 123, '2017-11-26 22:15:00', 0, 0, 0, 0, 1, '[]', 0, '', 7, '2017-11-26 22:19:50', 3, '2017-12-13 12:29:55'),
(182, 'test 8 số', 'test-8-so', '<p></p>', '<p></p>', 1, 0, 1, 1, 3, 2, 0, 2, 0, 1, 0, 0, '', '', '12345678', '2gtgv', '', 45, '2017-11-26 23:30:00', 0, 0, 0, 0, 1, '[]', 0, '', 7, '2017-11-26 23:44:54', 3, '2017-12-13 12:29:55'),
(183, 'test 9 số', 'test-9-so', '<p></p>', '<p></p>', 1, 0, 1, 1, 3, 2, 0, 2, 0, 1, 0, 0, '', '', '123456789', '12313e', '', 23, '2017-11-26 23:30:00', 0, 0, 0, 3, 1, '[]', 0, '', 7, '2017-11-26 23:45:40', 3, '2017-12-13 12:29:55'),
(184, 'COMBO TEST 1', 'combo-test-1', '<p></p>', '<p></p>', 1, 0, 3, 1, 1, 2, 0, 0, 0, 1, 999999, 0, 'assets/uploads/images/assets/uploads/images/', '', '2323232', '1233232', '', 19000, '2018-01-09 10:30:00', 0, 0, 0, 0, 1, '[]', 0, '', 3, '2018-01-09 10:47:42', 3, '2018-01-18 13:19:52'),
(185, 'Phantom VST 600', 'phantom-vst600', '<p></p>', '<p></p>', 1, 2, 1, 1, 3, 1, 0, 0, 0, 1, 350000, 400000, '', '', '130410100', 'PKS-vst600', '', 50, '2018-02-24 10:00:00', 0, 0, 0, 3, 1, '[]', 2, '', 19, '2018-02-24 10:12:58', 3, '2018-05-09 11:05:42'),
(186, 'Màng lọc sóng tròn', 'mang-loc-song-tron', '<p></p>', '<p></p>', 1, 2, 1, 2, 3, 2, 0, 0, 0, 1, 150000, 150000, '', '', '130490100', 'SC-22', '', 12, '2018-02-24 10:00:00', 0, 0, 0, 3, 1, '[]', 2, '', 19, '2018-02-24 10:14:25', 19, '2018-03-04 14:36:58'),
(187, 'Headphone cao cấp', 'headphone-cao-cap', '<p></p>', '<p></p>', 1, 2, 1, 1, 3, 2, 0, 0, 0, 1, 250000, 250000, '', '', '130510100', 'PKS-caocap', '', 50, '2018-02-24 10:15:00', 0, 0, 0, 0, 1, '[]', 2, '', 19, '2018-02-24 10:17:24', 19, '2018-02-25 14:16:39'),
(188, 'AMI BM800', 'ami-bm800', '<p></p>', '<p></p>', 1, 3, 1, 1, 3, 2, 0, 0, 0, 1, 800000, 800000, '', '', '110370100', 'MC-BM800', '', 665, '2018-02-24 10:15:00', 0, 0, 0, 24, 1, '[]', 3, '', 19, '2018-02-24 10:23:49', 3, '2018-05-07 10:35:35'),
(189, 'Taskstar SM8B', 'taskstar-sm8b', '<p></p>', '<p></p>', 1, 2, 1, 1, 3, 2, 0, 0, 0, 1, 1300000, 1350000, '', '', '110120100', 'MC-SM8B', '', 1448, '2018-02-24 10:30:00', 0, 0, 0, 24, 1, '[]', 2, '', 19, '2018-02-24 10:35:28', 3, '2018-05-09 11:03:21'),
(190, 'Takstar PCK200 Full', 'takstar-pck200-full', '<p></p>', '<p></p>', 1, 0, 3, 1, 1, 2, 0, 0, 0, 1, 0, 0, '', '', '11111', '11111', '', 2147483647, '2018-02-24 21:45:00', 0, 0, 0, 0, 1, '[]', 0, '', 3, '2018-02-24 21:53:30', 19, '2018-02-25 11:55:50'),
(191, 'PCK200 Full  VST 600', 'pck200-full-vst-600', '<p></p>', '<p></p>', 1, 0, 3, 1, 3, 2, 0, 0, 0, 1, 1450000, 1790000, 'assets/uploads/images/', '', '111111', '11111', '', 500, '2018-02-25 11:30:00', 0, 0, 0, 24, 1, '[]', 0, '', 19, '2018-02-25 11:55:37', 3, '2018-02-25 12:00:33'),
(192, 'Chân kẹp điện thoại', 'chan-kep-dien-thoai', '<p></p>', '<p></p>', 1, 2, 1, 1, 3, 1, 0, 0, 0, 1, 50000, 50000, '', '', '130520100', '130520100', '', 12, '2018-02-25 14:00:00', 0, 0, 0, 3, 1, '[]', 2, '', 19, '2018-02-25 14:14:30', 19, '2018-02-26 17:14:51'),
(193, 'Jack chia tai nghe', 'jack-chia-tai-nghe', '<p></p>', '<p></p>', 1, 2, 1, 1, 3, 2, 0, 0, 0, 1, 30000, 30000, '', '', '130530100', '130530100', '', 10, '2018-02-25 15:30:00', 0, 0, 0, 3, 1, '[]', 2, '', 19, '2018-02-25 15:38:25', 19, '2018-03-02 00:21:47'),
(194, 'Chân - Màng -live', 'chan-mang-live', '<p></p>', '<p></p>', 1, 0, 3, 1, 1, 2, 0, 0, 0, 1, 570000, 0, '', '', '1', '1', '', 1, '2018-02-25 15:30:00', 0, 0, 0, 0, 1, '[]', 0, '', 19, '2018-02-25 15:52:16', 19, '2018-02-25 15:54:19'),
(195, 'k200 full', 'k200-full', '<p></p>', '<p></p>', 1, 0, 3, 1, 1, 2, 0, 0, 0, 1, 12323, 0, '', '', '2', '2', '', 20, '2018-02-25 15:45:00', 0, 0, 0, 0, 1, '[]', 0, '', 19, '2018-02-25 15:53:43', 19, '2018-02-25 15:54:19'),
(196, 'A66F-ĐEN-KS108', 'a66f-den-ks108', '<p></p>', '<p></p>', 1, 0, 3, 1, 3, 2, 0, 0, 0, 1, 3080000, 2400000, '', '', '1', '1', '', 12, '2018-02-25 15:45:00', 0, 0, 0, 24, 1, '[]', 0, '', 19, '2018-02-25 15:57:16', 19, '2018-02-25 16:20:30'),
(197, 'A66f-XANH-KS108', 'a66f-xanh-ks108', '<p></p>', '<p></p>', 1, 0, 3, 1, 3, 2, 0, 0, 0, 1, 3080000, 2400000, '', '', '2', '2', '', 500, '2018-02-25 15:45:00', 0, 0, 0, 24, 1, '[]', 0, '', 19, '2018-02-25 16:00:09', 19, '2018-02-25 16:20:30'),
(198, 'A66F-ĐEN -K10', 'a66f-den-k10', '<p></p>', '<p></p>', 1, 0, 3, 1, 1, 2, 0, 0, 0, 1, 2300000, 2980000, '', '', '3', '3', '', 50, '2018-02-25 16:00:00', 0, 0, 0, 0, 1, '[]', 0, '', 19, '2018-02-25 16:05:53', 19, '2018-02-25 16:20:30'),
(199, 'A66F-XANH-K10', 'a66f-xanh-k10', '<p></p>', '<p></p>', 1, 0, 3, 1, 1, 2, 0, 0, 0, 1, 2300000, 2980000, '', '', '4', '4', '', 40, '2018-02-25 16:00:00', 0, 0, 0, 24, 1, '[]', 0, '', 19, '2018-02-25 16:08:52', 19, '2018-02-25 16:20:30'),
(200, 'Tai nghe JKR 201B', 'jkr-201b', '<p></p>', '<p></p>', 1, 2, 1, 1, 3, 1, 0, 0, 0, 1, 0, 0, '', '', '130540900', 'PKS-201B', '', 50, '2018-02-25 16:30:00', 0, 0, 0, 0, 1, '[]', 2, '', 19, '2018-02-25 16:42:49', 3, '2018-02-25 23:29:52'),
(201, 'Tai nghe ISK 980B', 'isk-980b', '<p></p>', '<p></p>', 1, 2, 1, 1, 3, 1, 0, 0, 0, 1, 0, 0, '', '', '130550100', 'PKS-980', '', 30, '2018-02-25 16:30:00', 0, 0, 0, 3, 1, '[]', 2, '', 19, '2018-02-25 16:43:37', 3, '2018-02-25 23:30:26'),
(202, 'TH 320', 'th-320', '<p></p>', '<p></p>', 1, 2, 1, 1, 3, 1, 0, 0, 0, 1, 0, 0, '', '', '10560100', '10560100', '', 50, '2018-02-25 20:45:00', 0, 0, 0, 3, 1, '[]', 2, '', 19, '2018-02-25 20:47:43', NULL, NULL),
(203, 'Sockmount  K200', 'sockmount-k200', '<p></p>', '<p></p>', 1, 2, 1, 1, 3, 1, 0, 0, 0, 2, 300000, 300000, '', '', '130570100', '130570100', '', 50, '2018-02-26 23:15:00', 0, 0, 0, 3, 1, '[]', 2, '', 19, '2018-02-26 23:21:17', 19, '2018-04-06 14:17:32'),
(210, 'Sockmount  BM800', 'sockmount-bm800', '<p></p>', '<p></p>', 1, 2, 1, 1, 3, 2, 0, 0, 0, 1, 50000, 50000, '', '', '130580000', '130580100', '', 50, '2018-02-26 23:15:00', 0, 0, 0, 3, 1, '[]', 2, '', 19, '2018-02-26 23:23:42', NULL, NULL),
(211, 'Pop chụp kim loại', 'pop-chup-kim-loai', '<p></p>', '<p></p>', 1, 2, 1, 1, 3, 2, 0, 0, 0, 1, 150000, 150000, '', '', '130580100', '130580100', '', 20, '2018-03-01 15:15:00', 0, 0, 0, 0, 1, '[]', 2, '', 19, '2018-03-01 15:17:21', NULL, NULL),
(212, 'Vòng tay Supreme', 'vong-tay-supreme', '<p></p>', '<p></p>', 1, 2, 1, 1, 3, 2, 0, 0, 0, 1, 35000, 35000, '', '', '1111', '1111', '', 30, '2018-03-12 16:15:00', 0, 0, 0, 12, 1, '[]', 2, '', 3, '2018-03-12 16:19:19', 3, '2018-03-12 16:32:36'),
(213, 'Mũ len Supreme', 'mu-len-supreme', '<p></p>', '<p></p>', 1, 2, 1, 1, 3, 2, 0, 0, 0, 1, 99000, 99000, '', '', '1112', '1112', '', 40, '2018-03-12 16:15:00', 0, 0, 0, 12, 1, '[]', 2, '', 3, '2018-03-12 16:20:01', 3, '2018-03-12 16:32:30'),
(214, 'Súng bắn tiền Supreme REP', 'sung-ban-tien-supreme-rep', '<p></p>', '<p></p>', 1, 2, 1, 1, 3, 2, 0, 0, 0, 1, 320000, 320000, '', '', '1114', '1114', '', 300, '2018-03-12 16:15:00', 0, 0, 0, 12, 1, '[]', 2, '', 3, '2018-03-12 16:21:46', 3, '2018-03-12 16:32:24'),
(215, 'Tệp tiền Supreme (Cao cấp)', 'sap-tien-supreme-cao-cap', '<p></p>', '<p></p>', 1, 2, 1, 1, 3, 2, 0, 0, 0, 1, 70000, 70000, '', '', '111123', '111123', '', 30, '2018-03-12 17:00:00', 0, 0, 0, 12, 1, '[]', 2, '', 3, '2018-03-12 17:14:44', 3, '2018-03-26 09:04:33'),
(216, 'Shockmount SH100', 'shockmount-sh100', '<p></p>', '<p></p>', 1, 2, 1, 1, 1, 2, 0, 0, 0, 1, 380000, 0, '', '', '1111111111', '1111111111', '', 300, '2018-04-03 10:15:00', 0, 0, 0, 0, 1, '[]', 2, '', 3, '2018-04-03 10:30:41', NULL, NULL),
(217, 'XOX K108X (English Version)', 'xox-k108x-english-version', '<p></p>', '<p></p>', 1, 2, 1, 1, 3, 2, 0, 0, 0, 1, 1300000, 0, '', '', '1111113232323', '1111113232323', '', 400, '2018-04-04 13:45:00', 0, 0, 0, 24, 1, '[]', 2, '', 3, '2018-04-04 13:59:38', 3, '2018-04-20 23:20:16'),
(218, 'Cáp USB AB ( Cho soundcard )', 'cap-usb', '<p></p>', '<p></p>', 1, 2, 1, 1, 3, 2, 0, 0, 0, 2, 60000, 0, '', '', '00000000', '00000000', '', 20, '2018-04-15 09:15:00', 0, 0, 0, 0, 1, '[]', 2, '', 19, '2018-04-15 09:14:38', 3, '2018-05-07 10:29:57'),
(219, 'COMBO TEST', 'combo-test', '<p></p>', '<p></p>', 1, 2, 3, 1, 3, 2, 0, 0, 0, 1, 13500000, 0, 'assets/uploads/images/assets/uploads/images/', '', '121212', '121212', '', 0, '2018-04-30 13:30:00', 0, 0, 0, 0, 1, '[]', 2, '', 3, '2018-04-30 13:35:49', 11, '2018-06-07 18:06:54'),
(220, 'Soundcard H2 (Pin)', 'soundcard-hv4-pin', '<p></p>', '<p></p>', 1, 2, 1, 1, 1, 2, 0, 0, 0, 1, 990000, 0, '/1525321851354-5aea9a3e2070c.png', '', 'sc11212121a', 'sc11212121a', '', 500, '0000-00-00 00:00:00', 0, 0, 0, 6, 1, '[]', 1, 'thích', 3, '2018-05-03 12:13:22', 1, '2018-05-25 10:52:44'),
(221, 'XOX RX PRO - ĐẶT CỌC', 'xox-rx-pro', '<p></p>', '<p></p>', 1, 2, 1, 1, 3, 2, 0, 0, 0, 1, 1000000, 0, '', '', '212121212', '1212121', '', 1000, '2018-05-04 17:00:00', 0, 0, 0, 12, 1, '[]', 2, '', 3, '2018-05-04 17:04:23', 3, '2018-05-04 17:08:59'),
(222, '', '', 'xbb', '', 0, 2, 1, 1, 3, 1, 221, 0, 0, 2, 0, 0, '', '', '', '', '123456789', 0, '0000-00-00 00:00:00', 1, 1, 1, 0, 1, '', 2, '', 1, '2018-05-19 11:15:18', 11, '2018-06-04 16:58:41'),
(223, '', '', 'a', '', 0, 2, 1, 1, 3, 1, 221, 0, 0, 2, 0, 0, '', '', '', '', '1234567', 0, '0000-00-00 00:00:00', 2, 2, 2, 0, 1, '', 2, '', 1, '2018-05-19 11:18:29', 1, '2018-05-23 10:33:12'),
(224, '', '', 'b', '', 0, 2, 1, 1, 3, 1, 221, 0, 0, 2, 0, 0, '', '', '', '', '12345678', 0, '0000-00-00 00:00:00', 1, 2, 1, 0, 1, '', 2, '', 1, '2018-05-20 17:07:28', 1, '2018-05-23 10:33:36'),
(225, '', '', 'c', '', 0, 2, 1, 1, 3, 1, 221, 0, 0, 2, 0, 0, '', '', '', '', '123487', 0, '0000-00-00 00:00:00', 2, 1, 2, 0, 1, '', 2, '', 1, '2018-05-23 10:34:00', NULL, NULL),
(226, '', '', 'gbugu', '', 0, 2, 1, 1, 3, 1, 221, 0, 0, 2, 0, 0, '', '', '', '', '01887169694', 0, '0000-00-00 00:00:00', 2, 1, 2, 0, 1, '', 0, '', 11, '2018-06-04 16:59:39', NULL, NULL);

-- --------------------------------------------------------

--
-- Table structure for table `producttypes`
--

CREATE TABLE `producttypes` (
  `ProductTypeId` smallint(6) NOT NULL,
  `ProductTypeName` varchar(250) NOT NULL,
  `StatusId` tinyint(4) NOT NULL,
  `ActiveDate` datetime NOT NULL,
  `IsShare` tinyint(4) NOT NULL,
  `CrUserId` int(11) NOT NULL,
  `CrDateTime` datetime NOT NULL,
  `UpdateUserId` int(11) DEFAULT NULL,
  `UpdateDateTime` datetime DEFAULT NULL
) ENGINE=InnoDB DEFAULT CHARSET=utf8;

--
-- Dumping data for table `producttypes`
--

INSERT INTO `producttypes` (`ProductTypeId`, `ProductTypeName`, `StatusId`, `ActiveDate`, `IsShare`, `CrUserId`, `CrDateTime`, `UpdateUserId`, `UpdateDateTime`) VALUES
(1, 'Thiết bị Studio', 2, '2017-10-01 00:00:00', 1, 3, '2017-10-15 09:56:28', NULL, NULL),
(2, 'Thời trang', 2, '2017-11-09 00:00:00', 2, 3, '2017-11-09 15:57:11', 3, '2017-11-09 15:57:19'),
(3, 'Supreme', 2, '2018-03-07 00:00:00', 1, 3, '2018-03-12 16:18:16', NULL, NULL);

-- --------------------------------------------------------

--
-- Table structure for table `productunits`
--

CREATE TABLE `productunits` (
  `ProductUnitId` smallint(6) NOT NULL,
  `ProductUnitName` varchar(250) NOT NULL,
  `StatusId` tinyint(4) NOT NULL
) ENGINE=InnoDB DEFAULT CHARSET=utf8;

--
-- Dumping data for table `productunits`
--

INSERT INTO `productunits` (`ProductUnitId`, `ProductUnitName`, `StatusId`) VALUES
(1, 'Cái', 2);

-- --------------------------------------------------------

--
-- Table structure for table `productusagestatus`
--

CREATE TABLE `productusagestatus` (
  `ProductUsageStatusId` smallint(6) NOT NULL,
  `ProductUsageStatusName` varchar(250) NOT NULL,
  `StatusId` tinyint(4) NOT NULL
) ENGINE=InnoDB DEFAULT CHARSET=utf8;

--
-- Dumping data for table `productusagestatus`
--

INSERT INTO `productusagestatus` (`ProductUsageStatusId`, `ProductUsageStatusName`, `StatusId`) VALUES
(1, 'Sử dụng 1', 2),
(2, 'Sử dụng 2', 2);

-- --------------------------------------------------------

--
-- Table structure for table `promotions`
--

CREATE TABLE `promotions` (
  `PromotionId` int(11) NOT NULL,
  `PromotionName` varchar(250) NOT NULL,
  `PromotionTypeId` tinyint(4) NOT NULL,
  `PromotionStatusId` tinyint(4) NOT NULL,
  `ReduceTypeId` tinyint(4) NOT NULL,
  `BeginDate` datetime NOT NULL,
  `EndDate` datetime DEFAULT NULL,
  `IsSharePromotion` varchar(45) NOT NULL COMMENT 'su dung chung vs chuong trinh KM',
  `IsUnLimit` tinyint(4) NOT NULL,
  `NumberUse` int(11) NOT NULL,
  `ReduceNumber` int(11) NOT NULL COMMENT 'so luong giam (%, vnd)',
  `MinimumCost` int(11) NOT NULL COMMENT 'tri gia don hang tu...,',
  `ProvinceId` tinyint(4) NOT NULL,
  `PromotionItemId` int(11) NOT NULL COMMENT 'doi tuong KM',
  `PromotionItemTypeId` tinyint(4) NOT NULL COMMENT 'loai doi tuong KM',
  `ProductNumber` smallint(6) NOT NULL COMMENT 'so luong sp ap dung',
  `DiscountTypeId` tinyint(4) NOT NULL,
  `CrUserId` int(11) NOT NULL,
  `CrDateTime` datetime NOT NULL,
  `UpdateUserId` int(11) DEFAULT NULL,
  `UpdateDateTime` datetime DEFAULT NULL
) ENGINE=InnoDB DEFAULT CHARSET=utf8;

--
-- Dumping data for table `promotions`
--

INSERT INTO `promotions` (`PromotionId`, `PromotionName`, `PromotionTypeId`, `PromotionStatusId`, `ReduceTypeId`, `BeginDate`, `EndDate`, `IsSharePromotion`, `IsUnLimit`, `NumberUse`, `ReduceNumber`, `MinimumCost`, `ProvinceId`, `PromotionItemId`, `PromotionItemTypeId`, `ProductNumber`, `DiscountTypeId`, `CrUserId`, `CrDateTime`, `UpdateUserId`, `UpdateDateTime`) VALUES
(1, 'KMCB', 1, 2, 1, '2018-03-12 00:00:00', NULL, '1', 2, 0, 104000, 0, 0, 0, 0, 0, 1, 3, '2018-03-12 16:28:47', 3, '2018-03-12 16:29:23');

-- --------------------------------------------------------

--
-- Table structure for table `promotiontypes`
--

CREATE TABLE `promotiontypes` (
  `PromotionTypeId` smallint(6) NOT NULL,
  `PromotionTypeName` varchar(250) NOT NULL,
  `StatusId` tinyint(4) NOT NULL
) ENGINE=InnoDB DEFAULT CHARSET=utf8;

-- --------------------------------------------------------

--
-- Table structure for table `provinces`
--

CREATE TABLE `provinces` (
  `ProvinceId` tinyint(4) NOT NULL,
  `ProvinceName` varchar(45) NOT NULL,
  `DisplayOrder` tinyint(4) NOT NULL
) ENGINE=InnoDB DEFAULT CHARSET=utf8;

--
-- Dumping data for table `provinces`
--

INSERT INTO `provinces` (`ProvinceId`, `ProvinceName`, `DisplayOrder`) VALUES
(1, 'Hà Nội', 1),
(2, 'Hà Giang', 1),
(3, 'Cao Bằng', 1),
(4, 'Bắc Kạn', 1),
(5, 'Tuyên Quang', 1),
(6, 'Lào Cai', 1),
(7, 'Điện Biên', 1),
(8, 'Lai Châu', 1),
(9, 'Sơn La', 1),
(10, 'Yên Bái', 1),
(11, 'Hòa Bình', 1),
(12, 'Thái Nguyên', 1),
(13, 'Lạng Sơn', 1),
(14, 'Quảng Ninh', 1),
(15, 'Bắc Giang', 1),
(16, 'Phú Thọ', 1),
(17, 'Vĩnh Phúc', 1),
(18, 'Bắc Ninh', 1),
(19, 'Hải Dương', 1),
(20, 'Hải Phòng', 1),
(21, 'Hưng Yên', 1),
(22, 'Thái Bình', 1),
(23, 'Hà Nam', 1),
(24, 'Nam Định', 1),
(25, 'Ninh Bình', 1),
(26, 'Thanh Hóa', 1),
(27, 'Nghệ An', 1),
(28, 'Hà Tĩnh', 1),
(29, 'Quảng Bình', 1),
(30, 'Quảng Trị', 1),
(31, 'Thừa Thiên Huế', 1),
(32, 'Đà Nẵng', 1),
(33, 'Quảng Nam', 1),
(34, 'Quảng Ngãi', 1),
(35, 'Bình Định', 1),
(36, 'Phú Yên', 1),
(37, 'Khánh Hòa', 1),
(38, 'Ninh Thuận', 1),
(39, 'Bình Thuận', 1),
(40, 'Kon Tum', 1),
(41, 'Gia Lai', 1),
(42, 'Đắk Lắk', 1),
(43, 'Đắk Nông', 1),
(44, 'Lâm Đồng', 1),
(45, 'Bình Phước', 1),
(46, 'Tây Ninh', 1),
(47, 'Bình Dương', 1),
(48, 'Đồng Nai', 1),
(49, 'Bà Rịa - Vũng Tàu', 1),
(50, 'Hồ Chí Minh', 1),
(51, 'Long An', 1),
(52, 'Tiền Giang', 1),
(53, 'Bến Tre', 1),
(54, 'Trà Vinh', 1),
(55, 'Vĩnh Long', 1),
(56, 'Đồng Tháp', 1),
(57, 'An Giang', 1),
(58, 'Kiên Giang', 1),
(59, 'Cần Thơ', 1),
(60, 'Hậu Giang', 1),
(61, 'Sóc Trăng', 1),
(62, 'Bạc Liêu', 1),
(63, 'Cà Mau', 1);

-- --------------------------------------------------------

--
-- Table structure for table `receipttypes`
--

CREATE TABLE `receipttypes` (
  `ReceiptTypeId` smallint(6) NOT NULL,
  `ReceiptTypeName` varchar(250) NOT NULL,
  `StatusId` tinyint(4) NOT NULL
) ENGINE=InnoDB DEFAULT CHARSET=utf8;

--
-- Dumping data for table `receipttypes`
--

INSERT INTO `receipttypes` (`ReceiptTypeId`, `ReceiptTypeName`, `StatusId`) VALUES
(1, 'Bưu điện', 2),
(2, 'Xe ôm', 2),
(3, 'Khách đến trực tiếp', 2);

-- --------------------------------------------------------

--
-- Table structure for table `remindcomments`
--

CREATE TABLE `remindcomments` (
  `RemindCommentId` int(11) NOT NULL,
  `RemindId` int(11) NOT NULL,
  `UserId` int(11) NOT NULL,
  `Comment` varchar(250) NOT NULL,
  `CrDateTime` datetime NOT NULL
) ENGINE=InnoDB DEFAULT CHARSET=utf8;

--
-- Dumping data for table `remindcomments`
--

INSERT INTO `remindcomments` (`RemindCommentId`, `RemindId`, `UserId`, `Comment`, `CrDateTime`) VALUES
(1, 9, 3, 'khách bảo đéo mua, bảo chờ lương tháng sau', '2018-03-02 20:55:57'),
(2, 10, 3, 'sdhdh', '2018-03-02 20:58:14'),
(3, 10, 3, 'dfhdfhdfh', '2018-03-02 20:58:16'),
(4, 15, 3, '324234234324', '2018-03-12 15:21:07'),
(5, 16, 3, 'gọi nhưung chả nghe máy', '2018-03-12 15:45:41'),
(6, 16, 3, 'đã gọi rồi, an tâm', '2018-03-12 15:46:01'),
(7, 18, 3, 'chưa mau, hẹn tháng nữa', '2018-03-14 20:25:46'),
(8, 19, 21, 'Đã thanh toán', '2018-03-15 20:59:01'),
(9, 26, 21, 'Đã chuyển khoản', '2018-03-17 17:12:09'),
(10, 29, 23, 'Kiểm tra trạng thái giao hàng', '2018-03-19 22:26:14'),
(11, 36, 3, 'vmgkk', '2018-04-15 15:35:14'),
(12, 37, 3, '23232323', '2018-05-07 18:53:06'),
(13, 41, 27, 'đangh gạ at250+ k109 riooiif, khách chờ nhận lương', '2018-05-08 22:59:01'),
(14, 41, 27, 'đã gọi tvl nnhwung ẫn chưa mua, đangh hẹn có luong tháng sau', '2018-05-08 22:59:33'),
(15, 42, 3, 'Khách Duyên ( 0972309217),  Vương Tùng đã tư vấn nhưng chưa ăn thua - thái gọi lại thì không thấy nghe máy,', '2018-05-09 14:48:55'),
(16, 42, 3, 'đã gọi tiếp và khách đã đổ 90%  >> đang chờ thu xếp tài chính', '2018-05-09 18:28:03'),
(17, 45, 3, 'http://prntscr.com/jg7um0  thái tư vấn a-z :)) AT2020+ ID4 + CHÂN ĐỨNG + POP + TAI KIỂM ÂM ALCTRON  - đã tư vấn rất kĩ, chắc chắn sẽ mua, khách hẹn 3 tháng nữa đủ tiền mua. 1 combo gần 9 triệu.', '2018-05-11 00:06:29'),
(18, 46, 3, 'thái tư vấn a-z :)) AT2020+ ID4 + CHÂN ĐỨNG + POP + TAI KIỂM ÂM ALCTRON - hẹn 3 tháng nữa có tiền mua - đã tư vấn rất kĩ         http://prntscr.com/jg7wos', '2018-05-11 00:08:51');

-- --------------------------------------------------------

--
-- Table structure for table `reminds`
--

CREATE TABLE `reminds` (
  `RemindId` int(11) NOT NULL,
  `RemindCode` varchar(45) DEFAULT NULL,
  `RemindTitle` varchar(250) NOT NULL,
  `RemindDate` datetime NOT NULL,
  `IsRepeat` tinyint(4) NOT NULL,
  `RepeatDay` tinyint(4) NOT NULL,
  `RepeatHour` tinyint(4) NOT NULL,
  `RemindStatusId` tinyint(4) NOT NULL,
  `RemindTypeId` tinyint(4) NOT NULL,
  `UserId` int(11) NOT NULL,
  `PartId` smallint(6) NOT NULL,
  `OrderId` int(11) NOT NULL,
  `CustomerId` int(11) NOT NULL,
  `OwnCost` int(11) NOT NULL,
  `OutOfDate` tinyint(4) DEFAULT NULL,
  `TimeProcessed` tinyint(4) NOT NULL,
  `CrUserId` int(11) NOT NULL,
  `CrDateTime` datetime NOT NULL,
  `UpdateUserId` int(11) DEFAULT NULL,
  `UpdateDateTime` datetime DEFAULT NULL
) ENGINE=InnoDB DEFAULT CHARSET=utf8;

--
-- Dumping data for table `reminds`
--

INSERT INTO `reminds` (`RemindId`, `RemindCode`, `RemindTitle`, `RemindDate`, `IsRepeat`, `RepeatDay`, `RepeatHour`, `RemindStatusId`, `RemindTypeId`, `UserId`, `PartId`, `OrderId`, `CustomerId`, `OwnCost`, `OutOfDate`, `TimeProcessed`, `CrUserId`, `CrDateTime`, `UpdateUserId`, `UpdateDateTime`) VALUES
(1, 'NN-10001', 'Nhắc khách thanh toán 350,000 VNĐ tiền đơn hàng DH-10064', '2018-02-28 00:25:00', 1, 0, 0, 4, 2, 19, 0, 64, 62, 350000, NULL, 0, 19, '2018-02-28 00:25:35', 21, '2018-03-02 20:52:16'),
(2, 'NN-10002', 'Nhắc khách thanh toán 650,000 VNĐ tiền đơn hàng DH-10065', '2018-02-28 17:55:00', 1, 0, 0, 4, 2, 19, 0, 65, 52, 650000, NULL, 0, 19, '2018-02-28 00:29:00', 21, '2018-03-02 20:52:16'),
(3, 'NN-10003', 'Nhắc khách thanh toán 1,250,000 VNĐ tiền đơn hàng DH-10066', '2018-02-28 18:30:00', 1, 0, 0, 4, 2, 19, 0, 66, 53, 1250000, NULL, 0, 19, '2018-02-28 00:31:14', 21, '2018-03-02 20:52:16'),
(4, 'NN-10004', 'Tư vấn Khách hàng Yan Yan Lee (0908955229) về sản phẩm Alctron U16K MKII', '2018-03-03 01:00:00', 1, 0, 0, 4, 3, 21, 0, 0, 74, 0, NULL, 0, 21, '2018-03-02 20:51:33', 21, '2018-03-02 20:52:16'),
(5, 'NN-10005', 'Tư vấn Khách hàng Yan Yan Lee (0908955229) về sản phẩm Alctron U16K MKII', '2018-03-03 01:00:00', 1, 0, 0, 4, 3, 21, 0, 0, 74, 0, NULL, 0, 21, '2018-03-02 20:52:16', 21, '2018-03-02 20:53:48'),
(6, 'NN-10006', 'Tư vấn Khách hàng Lê Văn Sơn (0988802228) về sản phẩm ', '2018-03-03 13:10:00', 1, 0, 0, 4, 3, 21, 0, 0, 75, 0, NULL, 0, 21, '2018-03-02 20:53:40', 21, '2018-03-02 20:53:48'),
(7, 'NN-10007', 'Tư vấn Khách hàng Lê Văn Sơn (0988802228) về sản phẩm Micro ISK AT250', '2018-03-03 13:10:00', 1, 0, 0, 4, 3, 21, 0, 0, 75, 0, NULL, 0, 21, '2018-03-02 20:53:48', 3, '2018-03-02 20:54:47'),
(8, 'NN-10008', 'Tư vấn Khách hàng Thái Nguyễn (01666092779) về sản phẩm Pop chụp kim loại', '2018-03-05 15:50:00', 1, 0, 0, 4, 3, 3, 0, 0, 2, 0, NULL, 0, 3, '2018-03-02 20:54:03', 3, '2018-03-02 20:54:47'),
(9, 'NN-10009', 'Tư vấn Khách hàng Thái Nguyễn (01666092779) về sản phẩm Pop chụp kim loại', '2018-03-15 15:50:00', 1, 0, 0, 6, 3, 3, 0, 0, 2, 0, 1, 1, 3, '2018-03-02 20:54:47', 3, '2018-03-02 20:56:35'),
(10, 'NN-10010', 'Tư vấn Khách hàng nguyễn tuấn ngàn (0973752542) về sản phẩm Pop chụp kim loại', '2018-03-22 21:55:00', 1, 0, 0, 4, 3, 3, 0, 0, 5, 0, 1, 1, 3, '2018-03-02 20:57:36', 19, '2018-03-09 13:25:51'),
(11, 'NN-10011', 'Tư vấn Khách hàng Kendu Dat Tam Trang (0914736400) về sản phẩm ', '2018-03-03 13:50:00', 1, 0, 0, 4, 3, 21, 0, 0, 76, 0, NULL, 0, 21, '2018-03-02 20:58:04', 19, '2018-03-09 13:25:51'),
(12, 'NN-10012', 'Tư vấn Khách hàng Van Tan Nguyen (0938666047) về sản phẩm ', '2018-03-03 13:55:00', 1, 0, 0, 4, 3, 21, 0, 0, 77, 0, NULL, 0, 21, '2018-03-02 20:59:47', 19, '2018-03-09 13:25:51'),
(13, 'NN-10013', 'Tư vấn Khách hàng Tien Quoc (0973823254) về sản phẩm XOX K10S (ĐỎ)', '2018-03-09 16:10:00', 1, 0, 0, 4, 3, 19, 0, 0, 111, 0, NULL, 0, 19, '2018-03-09 08:13:39', 19, '2018-03-09 13:25:51'),
(14, 'NN-10014', 'Tư vấn Khách hàng Tien Quoc (0973823254) về sản phẩm XOX K10S', '2018-03-09 16:10:00', 1, 0, 0, 4, 3, 19, 0, 0, 111, 0, NULL, 0, 19, '2018-03-09 13:25:51', 14, '2018-03-22 09:38:47'),
(15, 'NN-10015', 'MAI GỌI HỎI THÊM GÌ DẤY', '2018-03-13 12:25:00', 1, 0, 0, 4, 0, 0, 11, 0, 0, 0, 1, 0, 3, '2018-03-12 15:21:07', 14, '2018-03-22 09:38:47'),
(16, 'NN-10016', 'dsgsdgsdg', '2018-03-13 15:55:00', 1, 0, 0, 5, 1, 3, 0, 0, 0, 0, 1, 1, 3, '2018-03-12 15:45:25', 3, '2018-03-12 15:46:04'),
(17, 'NN-10017', 'jgjhghg', '2018-03-15 20:20:00', 1, 0, 0, 4, 0, 0, 11, 0, 0, 0, 1, 0, 3, '2018-03-14 20:23:16', 14, '2018-03-22 09:38:47'),
(18, 'NN-10018', 'kgsdghsdgd', '2018-03-29 22:25:00', 1, 0, 0, 5, 1, 3, 0, 0, 0, 0, 1, 1, 3, '2018-03-14 20:25:22', 3, '2018-03-14 20:25:52'),
(19, 'NN-10019', 'Nhắc khách thanh toán 6,260,000 VNĐ tiền đơn hàng DH-10213', '2018-03-15 21:55:00', 1, 0, 0, 4, 2, 21, 0, 213, 173, 6260000, NULL, 0, 21, '2018-03-15 20:59:01', 14, '2018-03-22 09:38:47'),
(20, 'NN-10020', 'Tư vấn Khách hàng Trần Văn Minh (0968589936) về sản phẩm ', '2018-03-31 09:00:00', 1, 0, 0, 4, 3, 14, 0, 0, 180, 0, NULL, 0, 14, '2018-03-16 11:30:32', 14, '2018-03-22 09:38:47'),
(21, 'NN-10021', 'Tư vấn Khách hàng Trần Văn Cảnh (0942203398) về sản phẩm ', '2018-03-22 09:00:00', 1, 0, 0, 4, 3, 14, 0, 0, 151, 0, NULL, 0, 14, '2018-03-16 11:32:06', 14, '2018-03-22 09:38:47'),
(22, 'NN-10022', 'Tư vấn Khách hàng Nguyễn Văn Vũ (0976762497) về sản phẩm ', '2018-03-24 10:00:00', 1, 0, 0, 4, 3, 14, 0, 0, 70, 0, NULL, 0, 14, '2018-03-16 11:33:10', 14, '2018-03-22 09:38:47'),
(23, 'NN-10023', 'Tư vấn Khách hàng Phan Vũ Linh (0949351147) về sản phẩm ', '2018-03-20 10:00:00', 1, 0, 0, 4, 3, 14, 0, 0, 87, 0, NULL, 0, 14, '2018-03-16 21:34:00', 14, '2018-03-22 09:38:47'),
(24, 'NN-10024', 'Tư vấn Khách hàng Lê Quang Minh (01267659958) về sản phẩm ', '2018-03-22 10:00:00', 1, 0, 0, 4, 3, 14, 0, 0, 186, 0, NULL, 0, 14, '2018-03-17 16:32:14', 14, '2018-03-22 09:38:47'),
(25, 'NN-10025', 'Tư vấn Khách hàng Trần Quốc Huy (01288949777) về sản phẩm ', '2018-03-31 09:30:00', 1, 0, 0, 4, 3, 14, 0, 0, 187, 0, NULL, 0, 14, '2018-03-17 16:33:46', 14, '2018-03-22 09:38:47'),
(26, 'NN-10026', 'Nhắc khách thanh toán 2,810,000 VNĐ tiền đơn hàng DH-10236', '2018-03-19 14:10:00', 1, 0, 0, 4, 2, 21, 0, 236, 190, 2810000, NULL, 0, 21, '2018-03-17 17:12:09', 14, '2018-03-22 09:38:47'),
(27, 'NN-10027', 'Tư vấn Khách hàng Cao Quang Minh (01629500353) về sản phẩm Alctron U16K MKII', '2018-03-31 09:25:00', 1, 0, 0, 4, 3, 19, 0, 0, 33, 0, NULL, 0, 19, '2018-03-18 09:30:34', 14, '2018-03-22 09:38:47'),
(28, 'NN-10028', 'Tư vấn Khách hàng Phan Minh Trí (01639481614) về sản phẩm ', '2018-03-24 07:10:00', 1, 0, 0, 4, 3, 21, 0, 0, 202, 0, NULL, 0, 21, '2018-03-19 15:05:53', 14, '2018-03-22 09:38:47'),
(29, 'NN-10029', 'Check đơn', '2018-03-20 12:20:00', 1, 0, 0, 4, 0, 23, 0, 0, 0, 0, 1, 0, 23, '2018-03-19 22:26:14', 14, '2018-03-22 09:38:47'),
(30, 'NN-10030', 'Tư vấn Khách hàng Anh Tùng (0976016947) về sản phẩm Alctron U16K MKII', '2018-03-30 13:25:00', 1, 0, 0, 4, 3, 19, 0, 0, 209, 0, NULL, 0, 19, '2018-03-21 13:26:54', 14, '2018-03-22 09:38:47'),
(31, 'NN-10031', 'Tư vấn Khách hàng Anh Tùng (0976016947) về sản phẩm Alctron U16K MKII', '2018-03-31 13:25:00', 1, 0, 0, 4, 3, 19, 0, 0, 209, 0, NULL, 0, 19, '2018-03-21 13:28:00', 14, '2018-03-22 09:38:47'),
(32, 'NN-10032', 'Tư vấn Khách hàng Quang Nguyễn (01679918116) về sản phẩm ', '2018-04-15 09:30:00', 1, 0, 0, 4, 3, 14, 0, 0, 218, 0, NULL, 0, 14, '2018-03-22 09:36:56', 14, '2018-03-22 09:38:47'),
(33, 'NN-10033', 'Tư vấn Khách hàng Trần Văn Cảnh (0942203398) về sản phẩm Micro ISK AT250', '2018-03-25 09:30:00', 1, 0, 0, 4, 3, 14, 0, 0, 151, 0, NULL, 0, 14, '2018-03-22 09:38:47', 14, '2018-03-22 09:39:23'),
(34, 'NN-10034', 'Tư vấn Khách hàng Phan Vũ Linh (0949351147) về sản phẩm Micro ISK AT250', '2018-03-25 09:30:00', 1, 0, 0, 4, 3, 14, 0, 0, 87, 0, NULL, 0, 14, '2018-03-22 09:39:23', 14, '2018-03-22 09:39:58'),
(35, 'NN-10035', 'Tư vấn Khách hàng Lê Quang Minh (01267659958) về sản phẩm Micro ISK AT250', '2018-03-25 09:30:00', 1, 0, 0, 5, 3, 14, 0, 0, 186, 0, 2, 0, 14, '2018-03-22 09:39:58', 14, '2018-03-26 08:18:58'),
(36, 'NN-10036', 'Tư vấn Khách hàng Quang Nguyễn (01679918116) về sản phẩm Micro ISK AT250', '2018-04-15 09:30:00', 1, 0, 0, 4, 3, 3, 0, 0, 218, 0, 2, 0, 3, '2018-03-31 11:00:48', 3, '2018-04-15 15:35:18'),
(37, 'NN-10037', 'Tư vấn Khách hàng nguyễn tuấn ngàn (0973752542) về sản phẩm XOX K108X (English Version)', '2018-04-17 19:35:00', 1, 0, 0, 4, 3, 3, 0, 0, 5, 0, 2, 0, 3, '2018-04-10 19:38:00', 3, '2018-04-18 17:43:54'),
(38, 'NN-10038', 'Tư vấn Khách hàng Nguyễn Hoàng Sơn (0909356936) về sản phẩm Audio Technica AT2020', '2018-04-30 09:00:00', 1, 0, 0, 4, 3, 14, 0, 0, 407, 0, NULL, 0, 14, '2018-04-19 09:50:39', 14, '2018-04-19 09:50:43'),
(39, 'NN-10039', 'Tư vấn Khách hàng Nguyễn Hoàng Sơn (0909356936) về sản phẩm Audio Technica AT2020', '2018-04-30 09:00:00', 1, 0, 0, 5, 3, 14, 0, 0, 407, 0, 2, 0, 14, '2018-04-19 09:50:43', 14, '2018-05-02 08:09:23'),
(40, 'NN-10040', 'gọi kachsn đặt cọc thẻ', '2018-05-09 09:00:00', 1, 0, 0, 1, 1, 0, 11, 0, 0, 0, 1, 0, 27, '2018-05-08 22:57:40', NULL, NULL),
(41, 'NN-10041', 'Chờ khách Giang Anh đặt cọc 50K chốt đơn hàng', '2018-05-09 09:10:00', 1, 0, 0, 5, 1, 27, 0, 0, 0, 0, 2, 3, 27, '2018-05-08 22:58:06', 27, '2018-05-09 19:26:46'),
(42, 'NN-10042', 'Tư vấn lại mua hàng - khách vip |', '2018-05-12 10:00:00', 1, 0, 0, 1, 1, 3, 0, 0, 0, 0, 1, 2, 3, '2018-05-09 14:48:55', 3, '2018-05-11 09:56:49'),
(43, 'NN-10043', 'Khách vip - thân thiện,  vip | 01685272116', '2018-05-11 20:00:00', 1, 0, 0, 1, 1, 3, 0, 0, 0, 0, 1, 0, 3, '2018-05-10 21:53:21', NULL, NULL),
(44, 'NN-10044', 'Giao hàng', '2018-05-11 14:00:00', 1, 0, 0, 1, 1, 0, 15, 0, 0, 0, 1, 0, 27, '2018-05-10 22:01:46', NULL, NULL),
(45, 'NN-10045', 'KHÁCH SIÊU VIP', '2018-06-09 23:55:00', 1, 0, 0, 1, 1, 0, 11, 0, 0, 0, 1, 0, 3, '2018-05-11 00:06:29', NULL, NULL),
(46, 'NN-10046', 'thái tư vấn SIÊU VIP', '2018-06-30 19:55:00', 1, 0, 0, 1, 1, 3, 0, 0, 0, 0, 1, 0, 3, '2018-05-11 00:08:51', NULL, NULL),
(47, 'NN-10047', 'Gọi điện xác nhận', '2018-05-11 13:35:00', 1, 0, 0, 1, 1, 27, 0, 0, 0, 0, 1, 0, 27, '2018-05-11 10:17:02', NULL, NULL),
(48, 'NN-10048', 'Gọi khách xác nhận', '2018-05-11 14:00:00', 1, 0, 0, 1, 1, 27, 0, 0, 0, 0, 1, 0, 27, '2018-05-11 10:18:18', NULL, NULL),
(49, 'NN-10049', 'vvffffff', '2018-05-11 15:50:00', 1, 0, 0, 5, 1, 1, 0, 0, 0, 0, 2, 0, 1, '2018-05-11 15:37:48', 1, '2018-05-11 16:14:57'),
(50, 'NN-10050', 'Tersst hgw benmd dmd       m', '2018-05-11 21:10:00', 1, 0, 0, 4, 1, 1, 0, 0, 0, 0, 2, 1, 1, '2018-05-11 20:49:16', 1, '2018-05-11 22:29:07');

-- --------------------------------------------------------

--
-- Table structure for table `returngoodproducts`
--

CREATE TABLE `returngoodproducts` (
  `ReturnGoodProductId` int(11) NOT NULL,
  `ReturnGoodId` int(11) NOT NULL,
  `ProductId` int(11) NOT NULL,
  `ProductChildId` int(11) NOT NULL,
  `Quantity` int(11) NOT NULL
) ENGINE=InnoDB DEFAULT CHARSET=utf8;

--
-- Dumping data for table `returngoodproducts`
--

INSERT INTO `returngoodproducts` (`ReturnGoodProductId`, `ReturnGoodId`, `ProductId`, `ProductChildId`, `Quantity`) VALUES
(1, 1, 3, 149, 1),
(2, 1, 15, 0, 1),
(3, 1, 93, 0, 1),
(4, 1, 96, 0, 1),
(5, 2, 3, 149, 1),
(6, 2, 15, 0, 1);

-- --------------------------------------------------------

--
-- Table structure for table `returngoods`
--

CREATE TABLE `returngoods` (
  `ReturnGoodId` int(11) NOT NULL,
  `ReturnGoodCode` varchar(15) DEFAULT NULL,
  `CustomerId` int(11) NOT NULL,
  `CustomerAddressId` int(11) NOT NULL,
  `TransportStatusId` tinyint(4) NOT NULL,
  `ReturnGoodTypeId` tinyint(4) NOT NULL,
  `StoreId` smallint(6) NOT NULL,
  `Comment` varchar(650) DEFAULT NULL,
  `CrUserId` int(11) NOT NULL,
  `CrDateTime` datetime NOT NULL,
  `UpdateUserId` int(11) DEFAULT NULL,
  `UpdateDateTime` datetime DEFAULT NULL
) ENGINE=InnoDB DEFAULT CHARSET=utf8;

--
-- Dumping data for table `returngoods`
--

INSERT INTO `returngoods` (`ReturnGoodId`, `ReturnGoodCode`, `CustomerId`, `CustomerAddressId`, `TransportStatusId`, `ReturnGoodTypeId`, `StoreId`, `Comment`, `CrUserId`, `CrDateTime`, `UpdateUserId`, `UpdateDateTime`) VALUES
(1, 'HDH-10001', 57, 0, 1, 1, 6, '', 4, '2018-03-17 22:48:59', NULL, NULL),
(2, 'HDH-10002', 181, 0, 1, 1, 6, '', 4, '2018-03-29 00:22:31', NULL, NULL);

-- --------------------------------------------------------

--
-- Table structure for table `roleactions`
--

CREATE TABLE `roleactions` (
  `RoleActionId` int(11) NOT NULL,
  `RoleId` tinyint(4) NOT NULL,
  `ActionId` smallint(6) NOT NULL,
  `PartId` smallint(6) NOT NULL,
  `CrUserId` int(11) NOT NULL,
  `CrDateTime` datetime NOT NULL
) ENGINE=InnoDB DEFAULT CHARSET=utf8;

--
-- Dumping data for table `roleactions`
--

INSERT INTO `roleactions` (`RoleActionId`, `RoleId`, `ActionId`, `PartId`, `CrUserId`, `CrDateTime`) VALUES
(34, 2, 24, 15, 3, '2017-11-11 16:02:25'),
(35, 2, 23, 15, 3, '2017-11-11 16:02:25'),
(36, 2, 25, 15, 3, '2017-11-11 16:02:25'),
(37, 2, 26, 15, 3, '2017-11-11 16:02:25'),
(38, 2, 27, 15, 3, '2017-11-11 16:02:25'),
(39, 2, 48, 15, 3, '2017-11-11 16:02:25'),
(40, 2, 49, 15, 3, '2017-11-11 16:02:25'),
(41, 2, 50, 15, 3, '2017-11-11 16:02:25'),
(42, 2, 51, 15, 3, '2017-11-11 16:02:25'),
(43, 2, 124, 15, 3, '2017-11-11 16:02:25'),
(44, 2, 52, 15, 3, '2017-11-11 16:02:25'),
(45, 2, 53, 15, 3, '2017-11-11 16:02:25'),
(46, 2, 54, 15, 3, '2017-11-11 16:02:25'),
(47, 2, 55, 15, 3, '2017-11-11 16:02:25'),
(48, 2, 57, 15, 3, '2017-11-11 16:02:25'),
(60, 1, 1, 11, 3, '2018-01-15 14:11:56'),
(61, 1, 2, 11, 3, '2018-01-15 14:11:56'),
(62, 1, 28, 11, 3, '2018-01-15 14:11:56'),
(63, 1, 29, 11, 3, '2018-01-15 14:11:56'),
(64, 1, 30, 11, 3, '2018-01-15 14:11:56'),
(65, 1, 47, 11, 3, '2018-01-15 14:11:56'),
(66, 1, 50, 11, 3, '2018-01-15 14:11:56'),
(67, 1, 58, 11, 3, '2018-01-15 14:11:56'),
(68, 1, 133, 11, 3, '2018-01-15 14:11:56'),
(69, 1, 118, 11, 3, '2018-01-15 14:11:56'),
(70, 1, 130, 11, 3, '2018-01-15 14:11:56'),
(99, 1, 22, 15, 3, '2018-01-18 13:36:24'),
(100, 1, 24, 15, 3, '2018-01-18 13:36:24'),
(101, 1, 25, 15, 3, '2018-01-18 13:36:24'),
(102, 1, 26, 15, 3, '2018-01-18 13:36:24'),
(103, 1, 27, 15, 3, '2018-01-18 13:36:24'),
(104, 1, 43, 15, 3, '2018-01-18 13:36:24'),
(105, 1, 47, 15, 3, '2018-01-18 13:36:24'),
(106, 1, 48, 15, 3, '2018-01-18 13:36:24'),
(107, 1, 49, 15, 3, '2018-01-18 13:36:24'),
(108, 1, 50, 15, 3, '2018-01-18 13:36:24'),
(109, 1, 147, 15, 3, '2018-01-18 13:36:24'),
(110, 1, 148, 15, 3, '2018-01-18 13:36:24'),
(111, 1, 51, 15, 3, '2018-01-18 13:36:24'),
(112, 1, 124, 15, 3, '2018-01-18 13:36:24');

-- --------------------------------------------------------

--
-- Table structure for table `roles`
--

CREATE TABLE `roles` (
  `RoleId` smallint(6) NOT NULL,
  `RoleName` varchar(250) NOT NULL,
  `PartId` smallint(6) NOT NULL,
  `StatusId` tinyint(4) NOT NULL
) ENGINE=InnoDB DEFAULT CHARSET=utf8;

--
-- Dumping data for table `roles`
--

INSERT INTO `roles` (`RoleId`, `RoleName`, `PartId`, `StatusId`) VALUES
(1, 'Nhân Viên Bộ phận', 0, 0),
(2, 'Giám đốc kinh doanh', 5, 0),
(3, 'Nhân viên Giám sát', 0, 0),
(4, 'Quản lý cao câp', 0, 0),
(5, 'Boss', 0, 0),
(6, 'NHÂN VIÊN VC + SALE', 0, 0),
(7, 'Nhân viên sale', 0, 0),
(8, 'Nhân viên kho vận', 0, 0),
(9, 'Nhắc nhở - BPKT', 0, 0),
(10, 'Nhân viên kinh doanh', 11, 2),
(11, 'Nhân viên kĩ thuật', 7, 2),
(12, 'Nhân viên kho vận', 15, 2),
(13, 'Nhân viên thủ quỹ', 21, 2),
(14, 'Nhân viên Truyền thông-Marketing', 19, 2),
(15, 'Trưởng phòng kĩ thuật', 7, 2),
(16, 'Trưởng phòng kinh doanh', 11, 2),
(17, 'Trưởng phòng Truyền thông-Marketing', 19, 2),
(18, 'CEO', 5, 2),
(19, 'Giám đốc kinh doanh (CCO)', 5, 2);

-- --------------------------------------------------------

--
-- Table structure for table `scanbarcodes`
--

CREATE TABLE `scanbarcodes` (
  `ScanBarCodeId` int(11) NOT NULL,
  `ScanName` varchar(250) NOT NULL,
  `ScanTypeId` tinyint(4) NOT NULL,
  `ItemId` int(11) NOT NULL,
  `StoreId` smallint(6) NOT NULL,
  `ScanDateTime` datetime NOT NULL,
  `CrUserId` int(11) NOT NULL,
  `CrDateTime` datetime NOT NULL
) ENGINE=InnoDB DEFAULT CHARSET=utf8;

-- --------------------------------------------------------

--
-- Table structure for table `scanproducts`
--

CREATE TABLE `scanproducts` (
  `ScanProductId` int(11) NOT NULL,
  `ScanBarCodeId` int(11) NOT NULL,
  `BarCode` varchar(15) NOT NULL,
  `Quantity` int(11) NOT NULL
) ENGINE=InnoDB DEFAULT CHARSET=utf8;

-- --------------------------------------------------------

--
-- Table structure for table `sendsmsstatus`
--

CREATE TABLE `sendsmsstatus` (
  `SendSMSStatusId` int(11) NOT NULL,
  `SMSLogId` int(11) NOT NULL,
  `TranId` varchar(45) NOT NULL,
  `ResponseJson` text NOT NULL,
  `StatusName` varchar(45) NOT NULL,
  `ErrorCode` varchar(3) NOT NULL,
  `ErrorMessage` varchar(650) NOT NULL,
  `CrUserId` int(11) NOT NULL,
  `CrDateTime` datetime NOT NULL
) ENGINE=InnoDB DEFAULT CHARSET=utf8;

-- --------------------------------------------------------

--
-- Table structure for table `sliders`
--

CREATE TABLE `sliders` (
  `SliderId` smallint(6) NOT NULL,
  `SliderName` varchar(250) DEFAULT NULL,
  `SliderImage` varchar(250) NOT NULL,
  `SliderLink` varchar(250) DEFAULT NULL,
  `DisplayOrder` smallint(6) NOT NULL,
  `SliderTypeId` tinyint(4) NOT NULL
) ENGINE=InnoDB DEFAULT CHARSET=utf8;

-- --------------------------------------------------------

--
-- Table structure for table `smscampaigns`
--

CREATE TABLE `smscampaigns` (
  `SMSCampaignId` int(11) NOT NULL,
  `SMSCampaignName` varchar(250) NOT NULL,
  `SMSCampaignDesc` varchar(650) NOT NULL,
  `StatusId` tinyint(4) NOT NULL,
  `CustomerGroupId` smallint(6) NOT NULL,
  `CrUserId` int(11) NOT NULL,
  `CrDateTime` datetime NOT NULL
) ENGINE=InnoDB DEFAULT CHARSET=utf8;

-- --------------------------------------------------------

--
-- Table structure for table `smslogs`
--

CREATE TABLE `smslogs` (
  `SMSLogId` int(11) NOT NULL,
  `TranId` varchar(45) NOT NULL,
  `TotalSMS` smallint(6) NOT NULL,
  `TotalPrice` int(11) NOT NULL,
  `InvalidPhones` text NOT NULL,
  `SendJson` text NOT NULL,
  `ResponseJson` text NOT NULL,
  `SMSCampaignId` int(11) NOT NULL,
  `SendPhones` text NOT NULL,
  `SendContent` varchar(250) NOT NULL,
  `SMSTypeId` tinyint(4) NOT NULL,
  `SenderName` varchar(45) NOT NULL,
  `StatusName` varchar(45) NOT NULL,
  `ErrorCode` varchar(3) NOT NULL,
  `ErrorMessage` varchar(650) NOT NULL,
  `CrUserId` int(11) NOT NULL,
  `CrDateTime` datetime NOT NULL
) ENGINE=InnoDB DEFAULT CHARSET=utf8;

-- --------------------------------------------------------

--
-- Table structure for table `storecirculationcomments`
--

CREATE TABLE `storecirculationcomments` (
  `StoreCirculationCommentId` int(11) NOT NULL,
  `StoreCirculationId` int(11) NOT NULL,
  `UserId` int(11) NOT NULL,
  `Comment` varchar(250) NOT NULL,
  `CrDateTime` datetime NOT NULL
) ENGINE=InnoDB DEFAULT CHARSET=utf8;

--
-- Dumping data for table `storecirculationcomments`
--

INSERT INTO `storecirculationcomments` (`StoreCirculationCommentId`, `StoreCirculationId`, `UserId`, `Comment`, `CrDateTime`) VALUES
(1, 4, 14, 'Khôi đã nhận ngày 4-4', '2018-04-04 10:39:29'),
(2, 4, 14, 'chị quỳnh tạo nhầm CS xuất là 704SM rồi nên Nhím không click duyệt nhận hàng được ;(((', '2018-04-04 10:40:49'),
(3, 15, 14, 'Sockmount K200 là loại có pop kim loại', '2018-04-06 13:49:15');

-- --------------------------------------------------------

--
-- Table structure for table `storecirculationproducts`
--

CREATE TABLE `storecirculationproducts` (
  `StoreCirculationProductId` int(11) NOT NULL,
  `StoreCirculationId` int(11) NOT NULL,
  `ProductId` int(11) NOT NULL,
  `ProductChildId` int(11) NOT NULL,
  `Quantity` int(11) NOT NULL
) ENGINE=MyISAM DEFAULT CHARSET=utf8 COLLATE=utf8_unicode_ci;

--
-- Dumping data for table `storecirculationproducts`
--

INSERT INTO `storecirculationproducts` (`StoreCirculationProductId`, `StoreCirculationId`, `ProductId`, `ProductChildId`, `Quantity`) VALUES
(1, 1, 15, 0, 1),
(2, 1, 10, 133, 1),
(3, 1, 96, 0, 1),
(4, 1, 32, 0, 1),
(5, 2, 3, 148, 5),
(6, 2, 3, 149, 3),
(7, 2, 175, 137, 8),
(8, 3, 60, 128, 1),
(9, 3, 32, 0, 1),
(10, 3, 36, 0, 1),
(11, 4, 214, 0, 3),
(12, 4, 212, 0, 5),
(13, 4, 96, 0, 8),
(14, 4, 15, 0, 3),
(15, 4, 7, 152, 2),
(16, 4, 7, 153, 4),
(17, 5, 16, 0, 1),
(18, 5, 62, 0, 1),
(19, 5, 185, 0, 2),
(20, 5, 7, 152, 1),
(21, 6, 96, 0, 1),
(22, 6, 6, 0, 1),
(23, 6, 175, 137, 2),
(24, 6, 29, 0, 3),
(25, 7, 16, 0, 2),
(26, 7, 185, 0, 3),
(27, 7, 7, 153, 1),
(28, 7, 175, 137, 2),
(29, 7, 3, 148, 2),
(30, 7, 10, 133, 1),
(31, 7, 10, 134, 1),
(32, 8, 93, 0, 1),
(33, 8, 62, 0, 2),
(34, 9, 16, 0, 2),
(35, 9, 96, 0, 2),
(36, 9, 36, 0, 4),
(37, 9, 20, 0, 1),
(38, 9, 8, 0, 1),
(39, 9, 19, 0, 1),
(40, 10, 8, 0, 1),
(41, 10, 96, 0, 1),
(42, 10, 36, 0, 1),
(43, 11, 32, 0, 4),
(44, 11, 36, 0, 3),
(45, 11, 96, 0, 4),
(46, 11, 8, 0, 1),
(47, 11, 60, 128, 1),
(48, 11, 29, 0, 4),
(49, 11, 175, 137, 1),
(50, 11, 175, 138, 2),
(51, 11, 16, 0, 4),
(52, 11, 7, 153, 1),
(53, 11, 186, 0, 1),
(54, 11, 185, 0, 2),
(55, 11, 15, 0, 1),
(56, 11, 10, 134, 1),
(57, 11, 62, 0, 2),
(58, 11, 3, 148, 1),
(59, 11, 34, 0, 5),
(60, 12, 217, 0, 1),
(61, 13, 82, 195, 1),
(62, 13, 8, 0, 1),
(63, 14, 93, 0, 6),
(64, 14, 31, 0, 2),
(65, 14, 192, 0, 7),
(66, 14, 8, 0, 1),
(67, 14, 16, 0, 5),
(68, 14, 217, 0, 3),
(69, 14, 32, 0, 2),
(70, 14, 62, 0, 5),
(80, 15, 28, 0, 2),
(79, 15, 203, 0, 2),
(78, 15, 211, 0, 5),
(77, 15, 6, 0, 1),
(76, 15, 56, 0, 1),
(81, 15, 30, 0, 5),
(82, 16, 8, 0, 3),
(83, 16, 36, 0, 5),
(84, 16, 16, 0, 4),
(85, 16, 217, 0, 2),
(86, 16, 32, 0, 5),
(87, 16, 96, 0, 5),
(88, 17, 14, 0, 3),
(89, 17, 175, 137, 10),
(90, 17, 27, 0, 20),
(91, 17, 29, 0, 10),
(92, 18, 16, 0, 1),
(93, 18, 3, 148, 1),
(94, 18, 175, 137, 2),
(95, 19, 62, 0, 10),
(96, 19, 36, 0, 12),
(97, 20, 14, 0, 2),
(98, 20, 27, 0, 5),
(99, 21, 175, 137, 2),
(100, 21, 27, 0, 5),
(101, 21, 3, 148, 1),
(102, 21, 3, 149, 1),
(103, 21, 14, 0, 1),
(104, 21, 60, 128, 1),
(105, 21, 10, 133, 2),
(106, 21, 36, 0, 5),
(107, 21, 187, 0, 2),
(108, 21, 93, 0, 2),
(109, 21, 16, 0, 2),
(110, 22, 3, 148, 5),
(111, 22, 3, 149, 5),
(112, 22, 32, 0, 10),
(113, 22, 175, 137, 10),
(114, 22, 29, 0, 10),
(115, 23, 7, 152, 4),
(116, 23, 14, 0, 2),
(117, 24, 8, 0, 2),
(118, 24, 36, 0, 7),
(119, 24, 32, 0, 5),
(120, 25, 7, 152, 4),
(121, 26, 86, 0, 2),
(122, 27, 7, 153, 1),
(123, 28, 187, 0, 6),
(124, 28, 3, 149, 2),
(125, 28, 14, 0, 2),
(126, 28, 96, 0, 10),
(127, 29, 3, 149, 4),
(128, 29, 32, 0, 6),
(129, 29, 36, 0, 10),
(130, 30, 16, 0, 10),
(131, 31, 175, 137, 2),
(132, 31, 185, 0, 3),
(133, 31, 20, 0, 1),
(134, 31, 29, 0, 3),
(135, 31, 36, 0, 1),
(136, 31, 32, 0, 1),
(137, 31, 16, 0, 1),
(138, 31, 8, 0, 1),
(139, 32, 218, 0, 10),
(140, 32, 216, 0, 1),
(141, 33, 6, 0, 3),
(142, 34, 16, 0, 10),
(146, 35, 34, 0, 10),
(145, 35, 185, 0, 10),
(147, 36, 185, 0, 2),
(148, 37, 94, 0, 1),
(149, 38, 6, 0, 1),
(150, 38, 175, 137, 3);

-- --------------------------------------------------------

--
-- Table structure for table `storecirculations`
--

CREATE TABLE `storecirculations` (
  `StoreCirculationId` int(11) NOT NULL,
  `StoreCirculationCode` varchar(45) COLLATE utf8_unicode_ci DEFAULT NULL,
  `StoreSourceId` smallint(6) NOT NULL,
  `StoreDestinationId` smallint(6) NOT NULL,
  `StoreCirculationStatusId` tinyint(4) NOT NULL,
  `CrUserId` int(11) NOT NULL,
  `CrDateTime` datetime NOT NULL,
  `UpdateUserId` int(11) DEFAULT NULL,
  `UpdateDateTime` datetime DEFAULT NULL
) ENGINE=MyISAM DEFAULT CHARSET=utf8 COLLATE=utf8_unicode_ci;

--
-- Dumping data for table `storecirculations`
--

INSERT INTO `storecirculations` (`StoreCirculationId`, `StoreCirculationCode`, `StoreSourceId`, `StoreDestinationId`, `StoreCirculationStatusId`, `CrUserId`, `CrDateTime`, `UpdateUserId`, `UpdateDateTime`) VALUES
(1, 'LCK-10001', 6, 7, 3, 19, '2018-03-19 22:16:15', 19, '2018-03-19 22:16:22'),
(2, 'LCK-10002', 2, 6, 3, 14, '2018-03-26 09:11:02', 4, '2018-03-29 21:23:41'),
(3, 'LCK-10003', 6, 7, 3, 4, '2018-03-26 21:41:03', 4, '2018-03-26 21:41:20'),
(4, 'LCK-10004', 6, 2, 3, 4, '2018-03-27 15:50:44', 4, '2018-04-04 14:33:24'),
(5, 'LCK-10005', 6, 7, 3, 4, '2018-03-27 15:58:29', 4, '2018-03-29 21:24:15'),
(6, 'LCK-10006', 6, 7, 3, 4, '2018-03-29 00:20:03', 4, '2018-03-29 00:20:22'),
(7, 'LCK-10007', 6, 7, 3, 4, '2018-03-29 21:26:21', 4, '2018-03-31 22:50:13'),
(8, 'LCK-10008', 6, 7, 3, 4, '2018-03-31 22:48:27', 4, '2018-03-31 22:48:36'),
(9, 'LCK-10009', 6, 7, 3, 4, '2018-03-31 22:51:55', 4, '2018-03-31 22:52:07'),
(10, 'LCK-10010', 6, 7, 3, 4, '2018-04-02 22:20:02', 4, '2018-04-04 14:33:53'),
(11, 'LCK-10011', 6, 7, 3, 4, '2018-04-04 15:00:06', 4, '2018-04-04 15:00:18'),
(12, 'LCK-10012', 6, 7, 3, 4, '2018-04-04 15:04:20', 4, '2018-04-04 15:04:31'),
(13, 'LCK-10013', 6, 2, 2, 4, '2018-04-04 20:37:00', 4, '2018-04-04 20:37:08'),
(14, 'LCK-10014', 6, 2, 2, 4, '2018-04-04 20:41:27', 4, '2018-04-04 20:41:35'),
(15, 'LCK-10015', 2, 6, 3, 14, '2018-04-06 13:49:15', 4, '2018-04-16 14:57:25'),
(16, 'LCK-10016', 6, 2, 3, 4, '2018-04-06 15:07:27', 14, '2018-04-16 14:56:28'),
(17, 'LCK-10017', 6, 2, 3, 4, '2018-04-09 15:04:42', 14, '2018-04-16 14:55:58'),
(18, 'LCK-10018', 6, 7, 3, 4, '2018-04-09 15:07:41', 4, '2018-04-16 14:56:16'),
(19, 'LCK-10019', 6, 2, 3, 4, '2018-04-09 15:55:05', 14, '2018-04-16 14:57:56'),
(20, 'LCK-10020', 6, 7, 3, 4, '2018-04-09 16:25:26', 4, '2018-04-16 14:56:00'),
(21, 'LCK-10021', 6, 7, 3, 4, '2018-04-12 21:39:27', 4, '2018-04-16 14:54:11'),
(22, 'LCK-10022', 6, 2, 3, 4, '2018-04-16 15:03:46', 14, '2018-04-24 08:41:57'),
(23, 'LCK-10023', 6, 2, 3, 4, '2018-04-16 15:04:24', 14, '2018-04-24 08:42:11'),
(24, 'LCK-10024', 6, 2, 3, 4, '2018-04-16 15:05:05', 14, '2018-04-22 14:26:57'),
(25, 'LCK-10025', 6, 2, 3, 4, '2018-04-16 15:07:02', 14, '2018-04-24 08:42:21'),
(26, 'LCK-10026', 2, 6, 3, 14, '2018-04-18 10:47:13', 4, '2018-05-02 22:17:31'),
(27, 'LCK-10027', 7, 6, 3, 4, '2018-04-23 15:55:15', 4, '2018-04-23 15:56:18'),
(28, 'LCK-10028', 6, 2, 3, 4, '2018-04-27 16:18:59', 14, '2018-04-29 08:44:50'),
(29, 'LCK-10029', 6, 2, 3, 4, '2018-04-27 16:19:56', 14, '2018-04-29 08:44:31'),
(30, 'LCK-10030', 6, 2, 3, 4, '2018-04-27 16:21:14', 14, '2018-04-29 08:45:15'),
(31, 'LCK-10031', 6, 7, 3, 4, '2018-04-27 16:24:01', 4, '2018-05-02 22:05:42'),
(32, 'LCK-10032', 6, 2, 4, 3, '2018-04-28 15:02:33', 3, '2018-04-28 15:02:57'),
(33, 'LCK-10033', 6, 2, 3, 4, '2018-05-02 22:03:48', 14, '2018-05-08 08:28:38'),
(34, 'LCK-10034', 6, 2, 3, 4, '2018-05-04 22:04:31', 4, '2018-05-04 22:05:16'),
(35, 'LCK-10035', 2, 6, 2, 14, '2018-05-07 14:27:31', 14, '2018-05-10 10:58:33'),
(36, 'LCK-10036', 7, 6, 3, 4, '2018-05-09 10:53:31', 4, '2018-05-09 10:54:18'),
(37, 'LCK-10037', 7, 6, 3, 4, '2018-05-09 10:56:05', 4, '2018-05-09 10:56:39'),
(38, 'LCK-10038', 6, 7, 3, 4, '2018-05-09 23:35:48', 4, '2018-05-09 23:36:37');

-- --------------------------------------------------------

--
-- Table structure for table `storecirculationtransportcomments`
--

CREATE TABLE `storecirculationtransportcomments` (
  `StoreCirculationTransportCommentId` int(11) NOT NULL,
  `StoreCirculationTransportId` int(11) NOT NULL,
  `UserId` int(11) NOT NULL,
  `Comment` varchar(250) NOT NULL,
  `CrDateTime` datetime NOT NULL
) ENGINE=InnoDB DEFAULT CHARSET=utf8;

--
-- Dumping data for table `storecirculationtransportcomments`
--

INSERT INTO `storecirculationtransportcomments` (`StoreCirculationTransportCommentId`, `StoreCirculationTransportId`, `UserId`, `Comment`, `CrDateTime`) VALUES
(1, 15, 14, 'khôi chỉ nhận được 8 KS108', '2018-04-29 08:45:11');

-- --------------------------------------------------------

--
-- Table structure for table `storecirculationtransports`
--

CREATE TABLE `storecirculationtransports` (
  `StoreCirculationTransportId` int(11) NOT NULL,
  `StoreCirculationId` int(11) NOT NULL,
  `TransportCode` varchar(15) DEFAULT NULL,
  `TransportStatusId` tinyint(4) NOT NULL,
  `PendingStatusId` smallint(6) NOT NULL,
  `TransportTypeId` smallint(6) NOT NULL,
  `TransporterId` smallint(6) NOT NULL,
  `Tracking` varchar(15) NOT NULL,
  `Weight` int(11) NOT NULL,
  `ShipCost` int(11) NOT NULL,
  `Comment` varchar(650) NOT NULL,
  `CancelReasonId` smallint(6) DEFAULT NULL,
  `CancelComment` varchar(650) DEFAULT NULL,
  `CrUserId` int(11) NOT NULL,
  `CrDateTime` datetime NOT NULL,
  `UpdateUserId` int(11) DEFAULT NULL,
  `UpdateDateTime` datetime DEFAULT NULL
) ENGINE=InnoDB DEFAULT CHARSET=utf8;

--
-- Dumping data for table `storecirculationtransports`
--

INSERT INTO `storecirculationtransports` (`StoreCirculationTransportId`, `StoreCirculationId`, `TransportCode`, `TransportStatusId`, `PendingStatusId`, `TransportTypeId`, `TransporterId`, `Tracking`, `Weight`, `ShipCost`, `Comment`, `CancelReasonId`, `CancelComment`, `CrUserId`, `CrDateTime`, `UpdateUserId`, `UpdateDateTime`) VALUES
(1, 15, 'VC-LCK-10015', 5, 0, 1, 1, '', 3411, 0, '', 1, '', 14, '2018-04-06 13:49:34', 14, '2018-04-06 14:14:34'),
(2, 15, 'VC-LCK-10015-L2', 4, 0, 1, 1, '', 3411, 0, '', 0, '', 14, '2018-04-06 14:14:58', 4, '2018-04-16 14:57:25'),
(3, 17, 'VC-LCK-10017', 4, 0, 1, 3, '', 3660, 0, '', 0, '', 4, '2018-04-09 15:05:08', 14, '2018-04-16 14:55:58'),
(4, 16, 'VC-LCK-10016', 4, 0, 1, 3, '', 7690, 0, '', 0, '', 4, '2018-04-09 15:05:33', 14, '2018-04-16 14:56:28'),
(5, 18, 'VC-LCK-10018', 4, 0, 1, 3, '', 1450, 0, '', 0, '', 4, '2018-04-09 15:08:20', 4, '2018-04-16 14:56:16'),
(6, 19, 'VC-LCK-10019', 4, 0, 1, 3, '', 2350, 0, '', 0, '', 4, '2018-04-09 15:55:23', 14, '2018-04-16 14:57:56'),
(7, 20, 'VC-LCK-10020', 4, 0, 1, 3, '', 165, 0, '', 0, '', 4, '2018-04-09 16:25:45', 4, '2018-04-16 14:56:00'),
(8, 21, 'VC-LCK-10021', 4, 0, 4, 0, '', 4611, 0, '', 0, '', 4, '2018-04-12 21:39:50', 4, '2018-04-16 14:54:11'),
(9, 22, 'VC-LCK-10022', 4, 0, 1, 3, '', 16100, 0, '', 0, '', 4, '2018-04-16 15:05:32', 14, '2018-04-24 08:41:57'),
(10, 23, 'VC-LCK-10023', 4, 0, 1, 3, '', 7400, 0, '', 0, '', 4, '2018-04-16 15:05:42', 14, '2018-04-24 08:42:11'),
(11, 24, 'VC-LCK-10024', 4, 0, 1, 3, '', 4350, 0, '', 0, '', 4, '2018-04-16 15:05:54', 14, '2018-04-22 14:26:57'),
(12, 25, 'VC-LCK-10025', 4, 0, 1, 3, '', 7400, 0, '', 0, '', 4, '2018-04-16 15:07:17', 14, '2018-04-24 08:42:21'),
(13, 26, 'VC-LCK-10026', 4, 0, 1, 1, '', 0, 0, '', 0, '', 14, '2018-04-18 10:47:24', 4, '2018-05-02 22:17:31'),
(14, 27, 'VC-LCK-10027', 4, 0, 4, 4, '', 1850, 0, '', 0, '', 4, '2018-04-23 15:55:32', 4, '2018-04-23 15:56:18'),
(15, 30, 'VC-LCK-10030', 4, 0, 1, 3, '', 4000, 0, '', 0, '', 4, '2018-04-27 16:21:46', 14, '2018-04-29 08:45:15'),
(16, 29, 'VC-LCK-10029', 4, 0, 1, 3, '', 6360, 0, '', 0, '', 4, '2018-04-27 16:22:05', 14, '2018-04-29 08:44:31'),
(17, 28, 'VC-LCK-10028', 4, 0, 1, 3, '', 2130, 0, '', 0, '', 4, '2018-04-27 16:22:14', 14, '2018-04-29 08:44:50'),
(18, 31, 'VC-LCK-10031', 4, 0, 1, 3, '', 2635, 0, '', 0, '', 4, '2018-04-27 16:24:24', 4, '2018-05-02 22:05:42'),
(19, 33, 'VC-LCK-10033', 4, 0, 1, 3, '', 2370, 0, '', 0, '', 4, '2018-05-02 22:04:07', 14, '2018-05-08 08:28:38'),
(20, 34, 'VC-LCK-10034', 4, 0, 1, 3, '', 4000, 0, '', 0, '', 4, '2018-05-04 22:04:50', 4, '2018-05-04 22:05:16'),
(21, 36, 'VC-LCK-10036', 4, 0, 4, 4, '', 100, 0, '', 0, '', 4, '2018-05-09 10:53:56', 4, '2018-05-09 10:54:18'),
(22, 37, 'VC-LCK-10037', 4, 0, 1, 0, '', 176, 0, '', 0, '', 4, '2018-05-09 10:56:22', 4, '2018-05-09 10:56:39'),
(23, 38, 'VC-LCK-10038', 4, 0, 4, 0, '', 1240, 0, '', 0, '', 4, '2018-05-09 23:36:09', 4, '2018-05-09 23:36:37'),
(24, 35, 'VC-LCK-10035', 1, 0, 1, 1, '', 530, 0, '', 0, '', 14, '2018-05-10 10:58:33', NULL, NULL);

-- --------------------------------------------------------

--
-- Table structure for table `storefunds`
--

CREATE TABLE `storefunds` (
  `StoreFundId` int(11) NOT NULL,
  `StoreId` smallint(6) NOT NULL,
  `FundId` smallint(6) NOT NULL
) ENGINE=InnoDB DEFAULT CHARSET=utf8 COLLATE=utf8_unicode_ci;

--
-- Dumping data for table `storefunds`
--

INSERT INTO `storefunds` (`StoreFundId`, `StoreId`, `FundId`) VALUES
(1, 6, 1),
(2, 7, 1),
(6, 2, 2);

-- --------------------------------------------------------

--
-- Table structure for table `stores`
--

CREATE TABLE `stores` (
  `StoreId` smallint(6) NOT NULL,
  `StoreCode` varchar(45) NOT NULL,
  `StoreName` varchar(250) NOT NULL,
  `ItemStatusId` tinyint(4) NOT NULL,
  `StoreTypeId` tinyint(4) NOT NULL,
  `ProvinceId` tinyint(4) NOT NULL,
  `DistrictId` smallint(6) NOT NULL,
  `WardId` smallint(6) NOT NULL,
  `Address` varchar(250) NOT NULL,
  `HeadUserId` int(11) NOT NULL,
  `Comment` varchar(650) NOT NULL,
  `CrUserId` int(11) NOT NULL,
  `CrDateTime` datetime NOT NULL,
  `UpdateUserId` int(11) DEFAULT NULL,
  `UpdateDateTime` datetime DEFAULT NULL
) ENGINE=InnoDB DEFAULT CHARSET=utf8;

--
-- Dumping data for table `stores`
--

INSERT INTO `stores` (`StoreId`, `StoreCode`, `StoreName`, `ItemStatusId`, `StoreTypeId`, `ProvinceId`, `DistrictId`, `WardId`, `Address`, `HeadUserId`, `Comment`, `CrUserId`, `CrDateTime`, `UpdateUserId`, `UpdateDateTime`) VALUES
(1, 'HN 1', 'Hà Nội 1', 0, 3, 1, 0, 0, 'Hà Nội', 3, 'ghi chú', 3, '2017-08-25 22:15:01', 3, '2017-11-09 16:35:26'),
(2, 'TB-DN', '704 SM Trảng Bom-Đồng Nai', 2, 3, 48, 694, 0, '704 Sông Mây, Trảng Bom, Đồng Nai', 14, '', 3, '2017-08-25 22:24:55', NULL, NULL),
(3, 'HCM1', 'Hồ Chí Minh 1', 0, 3, 50, 485, 0, 'Hồ Chí Minh 1', 3, '', 3, '2017-09-12 14:47:19', 3, '2017-11-09 16:35:31'),
(4, 'HN2', 'Hà Nội 2', 0, 3, 1, 10, 0, 'Hà Nội', 1, '', 3, '2017-09-12 14:48:29', 3, '2017-11-09 16:35:34'),
(5, 'HCM2', 'Hồ Chí Minh 2', 0, 3, 50, 466, 0, 'HCM 2', 2, '', 3, '2017-09-12 14:49:28', 3, '2017-11-09 16:35:37'),
(6, 'NAN-HN', '136 Nguyễn An Ninh - HN', 2, 1, 1, 5, 0, '136-nguyễn an ninh-hà nội', 4, 'VĂN PHÒNG', 3, '2017-11-09 14:45:58', NULL, NULL),
(7, '203BSM-HN', '203 Bờ Sông Sét, HN', 2, 3, 1, 5, 0, '203 Bờ Sông Sét, Tương Mai, Hà Nội', 4, '', 3, '2017-11-09 16:39:43', NULL, NULL),
(8, '203BSM-HN', '203 Bờ Sông Sét, HN', 0, 3, 1, 5, 0, '203 Bờ Sông Sét, Tương Mai, Hà Nội', 4, '', 3, '2017-11-09 16:39:44', 3, '2017-11-09 16:40:02'),
(9, 'TD-HN', 'Trương Định - HN', 0, 1, 1, 5, 0, 'Trương Định, HN', 5, '', 3, '2017-11-09 16:40:44', 3, '2018-01-14 23:59:53'),
(10, 'TD-HN', 'Trương Định - HN', 0, 1, 1, 5, 0, 'Trương Định, HN', 5, '', 3, '2017-11-09 16:40:46', 3, '2017-11-09 16:40:59');

-- --------------------------------------------------------

--
-- Table structure for table `storeusers`
--

CREATE TABLE `storeusers` (
  `StoreUserId` int(11) NOT NULL,
  `StoreId` smallint(6) NOT NULL,
  `UserId` int(11) NOT NULL,
  `StoreUserTypeId` tinyint(4) NOT NULL
) ENGINE=MyISAM DEFAULT CHARSET=utf8 COLLATE=utf8_unicode_ci;

--
-- Dumping data for table `storeusers`
--

INSERT INTO `storeusers` (`StoreUserId`, `StoreId`, `UserId`, `StoreUserTypeId`) VALUES
(10, 1, 3, 0),
(9, 1, 2, 0),
(8, 1, 1, 0),
(7, 3, 2, 0),
(11, 4, 1, 0),
(12, 4, 2, 0),
(13, 5, 1, 0),
(165, 2, 19, 0),
(188, 7, 28, 0),
(170, 6, 26, 0),
(187, 7, 27, 0),
(23, 8, 4, 0),
(24, 8, 5, 0),
(25, 9, 4, 0),
(26, 9, 5, 0),
(32, 10, 5, 0),
(31, 10, 4, 0),
(169, 6, 23, 0),
(186, 7, 26, 0),
(185, 7, 24, 0),
(164, 2, 14, 0),
(168, 6, 19, 0),
(184, 7, 23, 0),
(163, 2, 11, 0),
(167, 6, 4, 0),
(183, 7, 21, 0),
(162, 2, 4, 0),
(182, 7, 19, 0),
(181, 7, 11, 0),
(166, 2, 26, 0),
(180, 7, 4, 0);

-- --------------------------------------------------------

--
-- Table structure for table `suppliercontacts`
--

CREATE TABLE `suppliercontacts` (
  `SupplierContactId` int(11) NOT NULL,
  `SupplierId` smallint(6) NOT NULL,
  `ContactName` varchar(250) COLLATE utf8_unicode_ci NOT NULL,
  `ContactPhone` varchar(15) COLLATE utf8_unicode_ci NOT NULL,
  `PositionName` varchar(250) COLLATE utf8_unicode_ci NOT NULL
) ENGINE=MyISAM DEFAULT CHARSET=utf8 COLLATE=utf8_unicode_ci;

--
-- Dumping data for table `suppliercontacts`
--

INSERT INTO `suppliercontacts` (`SupplierContactId`, `SupplierId`, `ContactName`, `ContactPhone`, `PositionName`) VALUES
(2, 1, 'dfhdfh', '098654544', 'fdfhdfh');

-- --------------------------------------------------------

--
-- Table structure for table `suppliers`
--

CREATE TABLE `suppliers` (
  `SupplierId` smallint(6) NOT NULL,
  `SupplierCode` varchar(15) COLLATE utf8_unicode_ci NOT NULL,
  `SupplierName` varchar(250) COLLATE utf8_unicode_ci NOT NULL,
  `SupplierTypeId` tinyint(4) NOT NULL,
  `ItemStatusId` tinyint(4) NOT NULL,
  `TaxCode` varchar(15) COLLATE utf8_unicode_ci DEFAULT NULL,
  `HasBill` tinyint(4) NOT NULL,
  `Comment` varchar(650) COLLATE utf8_unicode_ci DEFAULT NULL,
  `CrUserId` int(11) NOT NULL,
  `CrDateTime` datetime NOT NULL,
  `UpdateUserId` int(11) DEFAULT NULL,
  `UpdateDateTime` datetime DEFAULT NULL
) ENGINE=MyISAM DEFAULT CHARSET=utf8 COLLATE=utf8_unicode_ci;

--
-- Dumping data for table `suppliers`
--

INSERT INTO `suppliers` (`SupplierId`, `SupplierCode`, `SupplierName`, `SupplierTypeId`, `ItemStatusId`, `TaxCode`, `HasBill`, `Comment`, `CrUserId`, `CrDateTime`, `UpdateUserId`, `UpdateDateTime`) VALUES
(1, 'RK', 'RICKY', 1, 2, '', 2, 'Khi kiểm kho', 3, '2018-02-22 20:58:02', 3, '2018-02-25 16:17:06');

-- --------------------------------------------------------

--
-- Table structure for table `tablelogs`
--

CREATE TABLE `tablelogs` (
  `TableLogId` int(11) NOT NULL,
  `ItemId` int(11) NOT NULL,
  `ItemTypeId` tinyint(4) NOT NULL,
  `TableName` varchar(250) NOT NULL,
  `PrimaryKeyName` varchar(250) NOT NULL,
  `StatusIdOld` tinyint(4) NOT NULL,
  `IsBack` tinyint(4) NOT NULL,
  `Comment` varchar(250) NOT NULL,
  `CrUserId` int(11) NOT NULL,
  `CrDateTime` datetime NOT NULL,
  `UpdateUserId` int(11) DEFAULT NULL,
  `UpdateDateTime` datetime DEFAULT NULL
) ENGINE=InnoDB DEFAULT CHARSET=utf8;

--
-- Dumping data for table `tablelogs`
--

INSERT INTO `tablelogs` (`TableLogId`, `ItemId`, `ItemTypeId`, `TableName`, `PrimaryKeyName`, `StatusIdOld`, `IsBack`, `Comment`, `CrUserId`, `CrDateTime`, `UpdateUserId`, `UpdateDateTime`) VALUES
(1, 889, 6, 'orders', 'OrderId', 1, 1, 'thich thi xoa', 1, '2018-06-01 22:56:30', NULL, NULL),
(2, 888, 6, 'orders', 'OrderId', 1, 2, 'thich thi xoa', 1, '2018-06-01 22:56:30', 1, '2018-06-01 23:40:43');

-- --------------------------------------------------------

--
-- Table structure for table `tags`
--

CREATE TABLE `tags` (
  `TagId` int(11) NOT NULL,
  `TagName` varchar(250) NOT NULL,
  `TagSlug` varchar(250) NOT NULL,
  `ItemTypeId` tinyint(4) NOT NULL
) ENGINE=InnoDB DEFAULT CHARSET=utf8;

--
-- Dumping data for table `tags`
--

INSERT INTO `tags` (`TagId`, `TagName`, `TagSlug`, `ItemTypeId`) VALUES
(1, 'THÁI', 'thai', 6),
(2, 'CHƯA CÓ LÍ DO', 'chua-co-li-do', 6),
(3, 'Huy', 'huy', 6),
(4, 'LH-12', 'lh-12', 17),
(5, '0982543106', '0982543106', 17),
(6, '2-3-LH12', '2-3-lh12', 17),
(7, 'ĐỔI TRẢ', 'doi-tra', 6),
(8, 'Khách nhận hàng 12h trưa thứ 5', 'khach-nhan-hang-12h-trua-thu-5', 5),
(9, 'Supreme', 'supreme', 3),
(10, 'SUPREME', 'supreme', 6),
(11, 'MK-06', 'mk-06', 17);

-- --------------------------------------------------------

--
-- Table structure for table `transactionbusiness`
--

CREATE TABLE `transactionbusiness` (
  `TransactionBusinessId` int(11) NOT NULL,
  `TransactionTypeId` tinyint(4) NOT NULL,
  `TransactionDate` date NOT NULL,
  `CrUserId` int(11) NOT NULL,
  `CrDateTime` datetime NOT NULL,
  `UpdateUserId` int(11) DEFAULT NULL,
  `UpdateDateTime` datetime DEFAULT NULL
) ENGINE=InnoDB DEFAULT CHARSET=utf8;

--
-- Dumping data for table `transactionbusiness`
--

INSERT INTO `transactionbusiness` (`TransactionBusinessId`, `TransactionTypeId`, `TransactionDate`, `CrUserId`, `CrDateTime`, `UpdateUserId`, `UpdateDateTime`) VALUES
(1, 2, '2018-05-15', 1, '2018-05-15 17:58:52', NULL, NULL);

-- --------------------------------------------------------

--
-- Table structure for table `transactionbusinessitems`
--

CREATE TABLE `transactionbusinessitems` (
  `TransactionBusinessItemId` int(11) NOT NULL,
  `TransactionBusinessId` int(11) NOT NULL,
  `TransactionKindId` smallint(6) NOT NULL,
  `TransactionStatusId` tinyint(4) NOT NULL,
  `PaidCost` int(11) NOT NULL,
  `Comment` varchar(250) NOT NULL,
  `CrUserId` int(11) NOT NULL,
  `CrDateTime` datetime NOT NULL,
  `UpdateUserId` int(11) DEFAULT NULL,
  `UpdateDateTime` datetime DEFAULT NULL
) ENGINE=InnoDB DEFAULT CHARSET=utf8;

--
-- Dumping data for table `transactionbusinessitems`
--

INSERT INTO `transactionbusinessitems` (`TransactionBusinessItemId`, `TransactionBusinessId`, `TransactionKindId`, `TransactionStatusId`, `PaidCost`, `Comment`, `CrUserId`, `CrDateTime`, `UpdateUserId`, `UpdateDateTime`) VALUES
(1, 1, 117, 2, 5000000, 'a', 1, '2018-05-24 00:00:00', 1, '2018-05-25 18:47:38'),
(2, 1, 118, 2, 5000000, 'bv', 0, '2018-05-24 00:00:00', 1, '2018-05-25 18:47:38'),
(3, 1, 119, 2, 3000000, 'vfv', 1, '2018-05-24 22:39:27', 1, '2018-05-25 18:47:38'),
(4, 1, 120, 2, 2000000, 'b', 1, '2018-05-25 17:38:14', 1, '2018-05-25 18:47:38'),
(5, 1, 121, 2, 8000000, 'bv2', 1, '2018-05-25 17:38:14', 1, '2018-05-25 18:47:38');

-- --------------------------------------------------------

--
-- Table structure for table `transactioninternals`
--

CREATE TABLE `transactioninternals` (
  `TransactionInternalId` int(11) NOT NULL,
  `TransactionCode` varchar(45) DEFAULT NULL,
  `TransactionTypeId` tinyint(4) NOT NULL,
  `TransactionStatusId` tinyint(4) NOT NULL,
  `MoneySourceId` tinyint(4) NOT NULL,
  `MoneyPhoneId` smallint(6) NOT NULL,
  `VerifyLevelId` tinyint(4) NOT NULL COMMENT 'cap phe duyet',
  `TransactionKindId` smallint(6) NOT NULL,
  `FundId` smallint(6) NOT NULL,
  `BankId` smallint(6) NOT NULL,
  `BankToText` varchar(250) NOT NULL,
  `PaidCost` int(11) NOT NULL,
  `Comment` varchar(650) NOT NULL,
  `HasDebt` tinyint(4) NOT NULL,
  `PrintStatusId` tinyint(4) NOT NULL,
  `DebtComment` varchar(250) NOT NULL,
  `TreasurerId` int(11) NOT NULL,
  `PayerId` int(11) NOT NULL,
  `CrUserId` int(11) NOT NULL,
  `CrDateTime` datetime NOT NULL,
  `UpdateUserId` int(11) DEFAULT NULL,
  `UpdateDateTime` datetime DEFAULT NULL
) ENGINE=InnoDB DEFAULT CHARSET=utf8;

--
-- Dumping data for table `transactioninternals`
--

INSERT INTO `transactioninternals` (`TransactionInternalId`, `TransactionCode`, `TransactionTypeId`, `TransactionStatusId`, `MoneySourceId`, `MoneyPhoneId`, `VerifyLevelId`, `TransactionKindId`, `FundId`, `BankId`, `BankToText`, `PaidCost`, `Comment`, `HasDebt`, `PrintStatusId`, `DebtComment`, `TreasurerId`, `PayerId`, `CrUserId`, `CrDateTime`, `UpdateUserId`, `UpdateDateTime`) VALUES
(1, 'PCNB-10001', 2, 3, 1, 0, 6, 0, 0, 0, '', 1, '11121', 1, 1, '', 20, 0, 20, '2018-02-28 10:59:29', 3, '2018-02-28 21:18:35'),
(2, 'PCNB-10002', 2, 2, 2, 0, 3, 89, 0, 3, 'anh vũ', 37000000, '', 1, 1, '', 4, 4, 4, '2018-05-07 15:35:54', NULL, NULL),
(3, 'PCNB-10003', 2, 2, 1, 0, 3, 89, 0, 0, '', 80250000, 'lấy mic at2020', 1, 1, '', 4, 4, 4, '2018-05-07 15:36:53', NULL, NULL),
(4, 'PCNB-10004', 2, 2, 1, 0, 3, 91, 0, 0, '', 550000, '', 1, 1, '', 4, 4, 4, '2018-05-07 15:37:37', NULL, NULL),
(5, 'PCNB-10005', 2, 2, 1, 0, 3, 102, 0, 0, '', 2140000, '', 1, 1, '', 4, 23, 4, '2018-05-07 15:37:58', NULL, NULL),
(6, 'PCNB-10006', 2, 2, 1, 0, 3, 89, 0, 0, '', 2200000, 'thanh toán cho anh vũ', 1, 1, '', 4, 4, 4, '2018-05-07 15:38:36', NULL, NULL),
(7, 'PCNB-10007', 2, 2, 1, 0, 3, 107, 0, 0, '', 18000000, 'ck cho bà hồi', 1, 1, '', 4, 4, 4, '2018-05-07 15:39:08', NULL, NULL),
(8, 'PCNB-10008', 2, 2, 2, 0, 3, 107, 0, 1, 'ngân hàng viettin', 49750000, '', 1, 1, '', 4, 11, 4, '2018-05-07 15:40:25', NULL, NULL),
(9, 'PCNB-10009', 2, 2, 2, 0, 3, 100, 0, 3, 'sang vietjcombank của thái', 15000000, '', 1, 1, '', 4, 11, 4, '2018-05-07 15:41:28', NULL, NULL),
(10, 'PCNB-10010', 2, 2, 1, 0, 3, 105, 0, 0, '', 10750000, 'tiền của hầng', 1, 1, '', 4, 4, 4, '2018-05-07 15:42:18', NULL, NULL),
(11, 'PCNB-10011', 2, 2, 1, 0, 3, 91, 0, 0, '', 2324000, 'ship bđ', 1, 1, '', 4, 4, 4, '2018-05-07 15:42:48', NULL, NULL),
(12, 'PCNB-10012', 2, 2, 1, 0, 3, 94, 0, 0, '', 580000, '', 1, 1, '', 4, 11, 4, '2018-05-07 15:43:10', NULL, NULL),
(13, 'PTNB-10013', 1, 2, 1, 0, 3, 78, 0, 0, '', 38330000, 'cod bưu điện', 1, 1, '', 4, 4, 4, '2018-05-07 15:50:00', NULL, NULL),
(14, 'PTNB-10014', 1, 2, 2, 0, 3, 78, 0, 3, 'khach hang', 4500000, '', 1, 1, '', 4, 4, 4, '2018-05-07 15:51:05', NULL, NULL),
(15, 'PTNB-10015', 1, 2, 1, 0, 3, 78, 0, 0, '', 4060000, 'khach noi thanh', 1, 1, '', 4, 4, 4, '2018-05-07 15:51:41', NULL, NULL),
(16, 'PTNB-10016', 1, 2, 1, 0, 3, 78, 0, 0, '', 6650000, 'noi thanh', 1, 1, '', 4, 3, 4, '2018-05-07 15:52:18', NULL, NULL),
(17, 'PTNB-10017', 1, 2, 1, 0, 3, 78, 0, 0, '', 350000, 'noi thanh', 1, 1, '', 4, 4, 4, '2018-05-07 15:52:45', NULL, NULL),
(18, 'PTNB-10018', 1, 2, 1, 0, 3, 78, 0, 0, '', 2565000, 'noi thanh', 1, 1, '', 4, 4, 4, '2018-05-07 15:53:09', NULL, NULL),
(19, 'PTNB-10019', 1, 2, 2, 0, 3, 78, 0, 1, 'khach hang', 1000000, 'khach ck', 1, 1, '', 4, 4, 4, '2018-05-07 15:53:52', NULL, NULL);

-- --------------------------------------------------------

--
-- Table structure for table `transactionkinds`
--

CREATE TABLE `transactionkinds` (
  `TransactionKindId` smallint(6) NOT NULL,
  `TransactionKindName` varchar(250) NOT NULL,
  `TransactionTypeId` tinyint(4) NOT NULL,
  `ParentTransactionKindId` smallint(6) NOT NULL,
  `TransactionKindTypeId` tinyint(4) NOT NULL,
  `StatusId` tinyint(4) NOT NULL
) ENGINE=InnoDB DEFAULT CHARSET=utf8;

--
-- Dumping data for table `transactionkinds`
--

INSERT INTO `transactionkinds` (`TransactionKindId`, `TransactionKindName`, `TransactionTypeId`, `ParentTransactionKindId`, `TransactionKindTypeId`, `StatusId`) VALUES
(1, 'Cha 1', 1, 0, 1, 0),
(2, 'Con 1', 1, 1, 1, 0),
(3, 'Thu nhập cố định', 1, 3, 2, 2),
(4, 'Thu từ lương', 1, 3, 2, 2),
(5, 'Thu từ  tiền gửi lãi', 1, 3, 2, 2),
(6, 'Thu từ kinh doanh', 1, 3, 2, 2),
(7, 'Thu nhập cố định', 1, 0, 2, 2),
(8, 'Thu nhập biến đổi', 1, 0, 2, 2),
(9, 'Thu từ lương', 1, 7, 2, 2),
(10, 'Thu tiền lãi gửi NH', 1, 7, 2, 2),
(11, 'Thu lãi từ kinh doanh', 1, 7, 2, 2),
(12, 'Thu đầu tư', 1, 7, 2, 2),
(13, 'Đòi được tiền nợ cho vay', 1, 8, 2, 2),
(14, 'Vay nợ', 1, 8, 2, 2),
(15, 'Được cho tặng', 1, 8, 2, 2),
(16, 'Thu nhập biến đổi khác', 1, 8, 2, 2),
(17, 'Chi thiết yếu cố định', 2, 0, 2, 2),
(18, 'Chi gửi tiết kiệm', 2, 0, 2, 2),
(19, 'Chi phát triển bản thân', 2, 0, 2, 2),
(20, 'Chi đầu tư', 2, 0, 2, 2),
(21, 'Chi hưởng thụ', 2, 0, 2, 2),
(22, 'Chi cho đi', 2, 0, 2, 2),
(23, 'Mua sắm lớn', 2, 0, 2, 2),
(24, 'Công nợ', 2, 0, 2, 2),
(25, 'Chi phát sinh', 2, 0, 2, 2),
(26, 'Đi lại hàng ngày', 2, 17, 2, 2),
(27, 'Ăn uống hàng ngày', 2, 17, 2, 2),
(28, 'Tiền nhà', 2, 17, 2, 2),
(29, 'Điện', 2, 17, 2, 2),
(30, 'Nước', 2, 17, 2, 2),
(31, 'Mạng, truyền hình', 2, 17, 2, 2),
(32, 'Mua sắm đồ sinh hoạt thiết yếu', 2, 17, 2, 2),
(33, 'Chi linh tinh', 2, 17, 2, 2),
(34, 'Khám bệnh', 2, 17, 2, 2),
(35, 'Cước điện thoại', 2, 17, 2, 2),
(36, 'Sinh nhật, ngày lễ bản thân', 2, 17, 2, 2),
(37, 'Chi phí học hành con cái', 2, 17, 2, 2),
(38, 'Gửi tiết kiệm ngân hàng', 2, 18, 2, 2),
(39, 'Trích vào quỹ dự phòng', 2, 18, 2, 2),
(40, 'Chi mua sách vở', 2, 19, 2, 2),
(41, 'Đăng ký khoá học', 2, 19, 2, 2),
(42, 'Tập GYM', 2, 19, 2, 2),
(43, 'Chi phát triển bản thân khác', 2, 19, 2, 2),
(44, 'Đầu tư kinh doanh', 2, 20, 2, 2),
(45, 'Đầu tư cổ phần', 2, 20, 2, 2),
(46, 'Giao lưu-XD mối quan hệ', 2, 20, 2, 2),
(47, 'Du lịch', 2, 21, 2, 2),
(48, 'Ăn uống bên ngoài', 2, 21, 2, 2),
(49, 'Quần áo mới', 2, 21, 2, 2),
(50, 'Cafe, đi chơi', 2, 21, 2, 2),
(51, 'Mua đồ ăn vặt', 2, 21, 2, 2),
(52, 'Đi xem phim', 2, 21, 2, 0),
(53, 'Đi chơi ngoài', 2, 21, 2, 2),
(54, 'Chi hưởng thụ khác', 2, 21, 2, 2),
(55, 'Làm từ thiện', 2, 22, 2, 2),
(56, 'Các khoản đóng góp cho cộng đồng', 2, 22, 2, 2),
(57, 'Chi giúp bố mẹ', 2, 22, 2, 2),
(58, 'Chi giúp bạn bè', 2, 22, 2, 2),
(59, 'Chi anh em họ hàng', 2, 22, 2, 2),
(60, 'mua quà cho anh em họ hàng', 2, 22, 2, 2),
(61, 'Mua sắm lớn khác', 2, 23, 2, 2),
(62, 'Cưới xin (bản thân)', 2, 23, 2, 2),
(63, 'Mua nhà', 2, 23, 2, 2),
(64, 'Mua đất', 2, 23, 2, 2),
(65, 'Mua xe', 2, 23, 2, 2),
(66, 'Cho vay tiền', 2, 24, 2, 2),
(67, 'Trả nợ', 2, 24, 2, 2),
(68, 'Đi ăn cưới', 2, 25, 2, 2),
(69, 'Đám ma', 2, 25, 2, 2),
(70, 'Ốm đau, bệnh tật', 2, 25, 2, 2),
(71, 'Sữa chữa nhà cửa', 2, 25, 2, 2),
(72, 'Chi pháp lý', 2, 25, 2, 2),
(73, 'Chi phát sinh khác', 2, 25, 2, 2),
(74, 'Chi giúp rồi ghi nợ', 2, 24, 2, 2),
(75, 'Thăm nom người quen', 2, 22, 2, 2),
(76, 'Thu nhập cố định', 1, 0, 1, 2),
(77, 'Thu nhập biến đổi', 1, 0, 1, 2),
(78, 'Thu tiền bán hàng khách trả', 1, 76, 1, 0),
(79, 'Thu góp vốn kinh doanh', 1, 76, 1, 2),
(80, 'Thu tiền lãi ngân hàng', 1, 76, 1, 2),
(81, 'Thu vay tiền kinh doanh', 1, 76, 1, 2),
(82, 'Thu tiền hoàn ứng', 1, 77, 1, 2),
(83, 'Thu tiền phạt', 1, 77, 1, 2),
(84, 'Thu tiền đền bù hàng', 1, 77, 1, 2),
(85, 'Thu nhập cố định khác', 1, 76, 1, 2),
(86, 'Thu nhập biến đổi khác', 1, 77, 1, 2),
(87, 'Chi biến đổi', 2, 0, 1, 2),
(88, 'Chi cố định', 2, 0, 1, 2),
(89, 'Chi nhập hàng', 2, 87, 1, 2),
(90, 'Chi ship bán hàng', 2, 87, 1, 2),
(91, 'Ship hàng bưu điện', 2, 87, 1, 2),
(92, 'Tiền mua dụng cụ đóng gói SP', 2, 87, 1, 2),
(93, 'Chi mua dụng cụ văn phòng', 2, 87, 1, 2),
(94, 'Chi tiếp khách đối tác', 2, 87, 1, 2),
(95, 'Chi tiền quảng cáo, marketing facebook', 2, 87, 1, 2),
(96, 'Chi lương bộ phận bán hàng', 2, 87, 1, 2),
(97, 'Chi tạm ứng cho nhân viên', 2, 87, 1, 2),
(98, 'Chi thưởng nhân viên (nếu có)', 2, 87, 1, 2),
(99, 'Chi ship nhập hàng', 2, 87, 1, 2),
(100, 'Chi biến đổi khác', 2, 87, 1, 2),
(101, 'Làm hệ thống phần mềm', 2, 87, 1, 2),
(102, 'Chi trả lương nhân viên văn phòng', 2, 88, 1, 2),
(103, 'Chi mua đồ lễ mồng 1, 15 hàng tháng', 2, 88, 1, 2),
(104, 'Chi điện nước cửa hàng', 2, 88, 1, 2),
(105, 'Tiền thuê mặt bằng cửa hàng', 2, 88, 1, 2),
(106, 'Chi cố định khác', 2, 88, 1, 2),
(107, 'Trả tiền lãi ngân hàng', 2, 88, 1, 2),
(108, 'Cước điện thoại phục vụ KD', 2, 88, 1, 2),
(109, 'Thu tạm 1', 1, 0, 3, 2),
(110, 'Thu tạm 2', 1, 0, 3, 2),
(111, 'Thu tam 1-1', 1, 109, 3, 2),
(112, 'Thu tạm 1-2', 1, 109, 3, 2),
(113, 'Thu tạm 2-1', 1, 110, 3, 2),
(114, 'Thu tam 2 - 2', 1, 110, 3, 2),
(115, 'Chi tạm 1', 2, 0, 3, 2),
(116, 'Chi tạm 2', 2, 0, 3, 2),
(117, 'Chi tạm 1-1', 2, 115, 3, 2),
(118, 'Chi tạm 1-2', 2, 115, 3, 2),
(119, 'Chi tạm 2-1', 2, 116, 3, 2),
(120, 'Chi tạm 2-2', 2, 116, 3, 2),
(121, 'Chi tạm 3', 2, 0, 3, 2);

-- --------------------------------------------------------

--
-- Table structure for table `transactionreasons`
--

CREATE TABLE `transactionreasons` (
  `TransactionReasonId` smallint(6) NOT NULL,
  `TransactionReasonName` varchar(250) NOT NULL,
  `TransactionTypeId` tinyint(4) NOT NULL,
  `StatusId` tinyint(4) NOT NULL
) ENGINE=InnoDB DEFAULT CHARSET=utf8;

--
-- Dumping data for table `transactionreasons`
--

INSERT INTO `transactionreasons` (`TransactionReasonId`, `TransactionReasonName`, `TransactionTypeId`, `StatusId`) VALUES
(1, 'Thanh toán mua hàng', 1, 2),
(2, 'Trả nợ', 1, 0),
(3, 'Khác', 1, 2),
(4, 'Khác', 2, 2),
(5, 'Trả nợ cũ', 1, 2);

-- --------------------------------------------------------

--
-- Table structure for table `transactions`
--

CREATE TABLE `transactions` (
  `TransactionId` int(11) NOT NULL,
  `TransactionCode` varchar(45) DEFAULT NULL,
  `TransactionTypeId` tinyint(4) NOT NULL,
  `TransactionStatusId` tinyint(4) NOT NULL,
  `VerifyLevelId` tinyint(4) NOT NULL COMMENT 'cap phe duyet',
  `StoreId` smallint(6) NOT NULL,
  `TransactionReasonId` smallint(6) DEFAULT NULL,
  `MoneySourceId` tinyint(4) NOT NULL,
  `MoneyPhoneId` smallint(6) NOT NULL,
  `CustomerId` int(11) NOT NULL,
  `BankId` smallint(6) NOT NULL COMMENT 'dung cho phieu thu',
  `PaidCost` int(11) NOT NULL,
  `OrderId` int(11) NOT NULL,
  `Comment` varchar(650) NOT NULL,
  `HasDebt` tinyint(4) NOT NULL,
  `PrintStatusId` tinyint(4) NOT NULL,
  `DebtComment` varchar(250) NOT NULL,
  `TransportId` int(11) NOT NULL,
  `FundId` smallint(6) NOT NULL,
  `TransactionKindId` smallint(6) NOT NULL,
  `CrUserId` int(11) NOT NULL COMMENT 'co the la thu quy - ng xuat tien',
  `CrDateTime` datetime NOT NULL,
  `UpdateUserId` int(11) DEFAULT NULL,
  `UpdateDateTime` datetime DEFAULT NULL
) ENGINE=InnoDB DEFAULT CHARSET=utf8;

--
-- Dumping data for table `transactions`
--

INSERT INTO `transactions` (`TransactionId`, `TransactionCode`, `TransactionTypeId`, `TransactionStatusId`, `VerifyLevelId`, `StoreId`, `TransactionReasonId`, `MoneySourceId`, `MoneyPhoneId`, `CustomerId`, `BankId`, `PaidCost`, `OrderId`, `Comment`, `HasDebt`, `PrintStatusId`, `DebtComment`, `TransportId`, `FundId`, `TransactionKindId`, `CrUserId`, `CrDateTime`, `UpdateUserId`, `UpdateDateTime`) VALUES
(1, 'PC-10001', 2, 2, 3, 6, 0, 1, 0, 43, 0, 230000, 40, 'Thanh toán đơn hàng DH-10040', 1, 1, '', 0, 0, 0, 19, '2018-02-27 16:21:13', NULL, NULL),
(2, 'PC-10002', 2, 2, 3, 6, 0, 1, 0, 32, 0, 8000000, 28, 'Thanh toán đơn hàng DH-10028', 1, 1, '', 0, 0, 0, 19, '2018-02-27 16:22:05', NULL, NULL),
(3, 'PC-10003', 2, 2, 3, 6, 0, 1, 0, 18, 0, 6180000, 14, 'Thanh toán đơn hàng DH-10014', 1, 1, '', 0, 0, 0, 19, '2018-02-27 16:24:59', NULL, NULL),
(4, 'PC-10004', 2, 2, 3, 6, 0, 1, 0, 11, 0, 2630000, 7, 'Thanh toán đơn hàng DH-10007', 1, 1, '', 0, 0, 0, 19, '2018-02-27 16:25:30', NULL, NULL),
(5, 'PT-10005', 1, 2, 3, 6, 1, 1, 0, 11, 0, 2630000, 0, '', 1, 1, '', 0, 0, 0, 19, '2018-02-27 23:19:45', 4, '2018-03-29 22:28:41'),
(6, 'PT-10006', 1, 2, 3, 6, 1, 1, 0, 18, 0, 6180000, 0, '', 1, 1, '', 0, 0, 0, 19, '2018-02-27 23:20:36', 19, '2018-02-27 23:25:02'),
(7, 'PT-10007', 1, 2, 3, 6, 1, 1, 0, 32, 0, 8000000, 0, '', 1, 1, '', 0, 0, 0, 19, '2018-02-27 23:21:13', 19, '2018-02-27 23:25:10'),
(8, 'PT-10008', 1, 0, 1, 6, 1, 1, 0, 43, 0, 230000, 0, '', 1, 1, '', 0, 0, 0, 19, '2018-02-27 23:21:43', NULL, NULL),
(9, 'PT-10009', 1, 2, 3, 6, 1, 1, 0, 43, 0, 230000, 0, '', 1, 1, '', 0, 0, 0, 19, '2018-02-27 23:21:43', 19, '2018-02-27 23:25:18'),
(10, 'PT-10010', 1, 2, 3, 6, 1, 1, 0, 45, 0, 980000, 0, '', 1, 1, '', 0, 0, 0, 19, '2018-02-27 23:22:32', 19, '2018-02-27 23:25:34'),
(11, 'PT-10011', 1, 2, 3, 7, 1, 1, 0, 46, 0, 2870000, 0, '', 1, 1, '', 0, 0, 0, 19, '2018-02-27 23:22:58', 19, '2018-02-27 23:26:04'),
(12, 'PT-10012', 1, 2, 3, 7, 1, 1, 0, 46, 0, 5600000, 0, '', 1, 1, '', 0, 0, 0, 19, '2018-02-27 23:23:17', 19, '2018-02-27 23:26:15'),
(13, 'PT-10013', 1, 2, 3, 7, 1, 1, 0, 49, 0, 3800000, 0, '', 1, 1, '', 0, 0, 0, 19, '2018-02-27 23:24:21', 19, '2018-02-27 23:26:25'),
(14, 'PT-10014', 1, 2, 3, 7, 1, 1, 0, 53, 0, 1250000, 0, '', 1, 1, '', 0, 0, 0, 19, '2018-02-28 00:33:50', 4, '2018-03-22 00:13:33'),
(15, 'PT-10015', 1, 2, 3, 7, 1, 1, 0, 52, 0, 650000, 0, '', 1, 2, '', 0, 0, 0, 19, '2018-02-28 00:34:15', 4, '2018-03-22 00:13:23'),
(16, 'PT-10016', 1, 2, 3, 2, 1, 1, 0, 62, 0, 350000, 0, '', 1, 2, '', 0, 0, 0, 19, '2018-02-28 00:34:56', 14, '2018-04-18 16:05:12'),
(17, 'PC-10017', 2, 2, 3, 7, 0, 1, 0, 52, 0, 650000, 65, 'Thanh toán đơn hàng DH-10065', 1, 1, '', 0, 0, 0, 19, '2018-02-28 00:46:38', NULL, NULL),
(18, 'PC-10018', 2, 2, 3, 7, 0, 1, 0, 53, 0, 1250000, 66, 'Thanh toán đơn hàng DH-10066', 1, 1, '', 0, 0, 0, 19, '2018-02-28 00:46:42', NULL, NULL),
(19, 'PC-10019', 2, 2, 3, 7, 0, 1, 0, 49, 0, 3800000, 47, 'Thanh toán đơn hàng DH-10047', 1, 1, '', 0, 0, 0, 19, '2018-02-28 00:47:30', NULL, NULL),
(20, 'PC-10020', 2, 2, 3, 7, 0, 1, 0, 46, 0, 5600000, 45, 'Thanh toán đơn hàng DH-10045', 1, 1, '', 0, 0, 0, 19, '2018-02-28 00:47:32', NULL, NULL),
(21, 'PC-10021', 2, 2, 3, 7, 0, 1, 0, 46, 0, 2870000, 44, 'Thanh toán đơn hàng DH-10044', 1, 1, '', 0, 0, 0, 19, '2018-02-28 00:47:35', NULL, NULL),
(22, 'PC-10022', 2, 2, 3, 7, 0, 1, 0, 45, 0, 980000, 42, 'Thanh toán đơn hàng DH-10042', 1, 1, '', 0, 0, 0, 19, '2018-02-28 00:47:37', NULL, NULL),
(23, 'PC-10023', 2, 2, 3, 2, 0, 1, 0, 62, 0, 350000, 64, 'Thanh toán đơn hàng DH-10064', 1, 1, '', 0, 0, 0, 19, '2018-02-28 00:48:55', NULL, NULL),
(24, 'PT-10024', 1, 2, 3, 6, 1, 1, 0, 63, 0, 4320000, 0, '', 1, 1, '', 0, 0, 0, 19, '2018-02-28 16:48:14', 4, '2018-03-02 00:29:53'),
(26, 'PC-10026', 2, 2, 3, 6, 0, 1, 0, 63, 0, 4320000, 67, 'Thanh toán đơn hàng DH-10067', 1, 1, '', 0, 0, 0, 3, '2018-02-28 21:38:44', NULL, NULL),
(27, 'PT-10027', 1, 2, 3, 7, 1, 1, 0, 64, 0, 1900000, 0, '0982543106', 1, 1, '', 0, 0, 0, 21, '2018-02-28 22:07:17', 4, '2018-03-02 00:29:38'),
(28, 'PC-10028', 2, 2, 3, 7, 0, 1, 0, 64, 0, 1900000, 70, 'Thanh toán đơn hàng DH-10070', 1, 1, '', 0, 0, 0, 21, '2018-02-28 22:09:27', NULL, NULL),
(29, 'PT-10029', 1, 2, 3, 7, 1, 1, 0, 65, 0, 6120000, 0, '', 1, 1, '', 0, 0, 0, 19, '2018-02-28 22:11:28', 4, '2018-03-02 00:29:20'),
(30, 'PC-10030', 2, 2, 3, 7, 0, 1, 0, 65, 0, 6120000, 71, 'Thanh toán đơn hàng DH-10071', 1, 1, '', 0, 0, 0, 19, '2018-02-28 22:12:14', NULL, NULL),
(31, 'PT-10031', 1, 2, 3, 7, 1, 1, 0, 66, 0, 1900000, 0, '', 1, 1, '', 0, 0, 0, 19, '2018-02-28 22:12:40', 4, '2018-03-02 00:28:48'),
(32, 'PC-10032', 2, 2, 3, 7, 0, 1, 0, 66, 0, 1900000, 72, 'Thanh toán đơn hàng DH-10072', 1, 1, '', 0, 0, 0, 19, '2018-02-28 22:13:02', NULL, NULL),
(33, 'PT-10033', 1, 2, 3, 0, 3, 2, 0, 71, 1, 2700000, 0, 'Đã chuyển khoản', 1, 2, '', 0, 0, 0, 21, '2018-03-02 17:19:23', 4, '2018-03-04 08:26:36'),
(34, 'PC-10034', 2, 2, 3, 6, 0, 1, 0, 71, 0, 2700000, 80, 'Thanh toán đơn hàng DH-10080', 1, 1, '', 56, 0, 0, 21, '2018-03-02 17:19:53', NULL, NULL),
(35, 'PT-10035', 1, 2, 3, 2, 1, 1, 0, 79, 0, 20000, 0, 'Lưu CHUYỂN khO', 1, 1, '', 0, 0, 0, 14, '2018-03-03 09:46:03', 14, '2018-03-03 09:49:19'),
(36, 'PC-10036', 2, 2, 3, 2, 0, 1, 0, 79, 0, 20000, 85, 'Thanh toán đơn hàng DH-10085', 1, 1, '', 62, 0, 0, 14, '2018-03-03 09:49:56', NULL, NULL),
(37, 'PT-10037', 1, 0, 3, 0, 1, 2, 0, 81, 1, 6270000, 0, '', 1, 2, '', 0, 0, 0, 21, '2018-03-03 11:24:52', 4, '2018-03-04 08:26:14'),
(38, 'PT-10038', 1, 0, 2, 2, 3, 1, 0, 15, 0, 20000, 0, '', 1, 1, '', 0, 0, 0, 14, '2018-03-03 15:56:10', NULL, NULL),
(39, 'PC-10039', 2, 2, 3, 2, 0, 1, 0, 15, 0, 20000, 89, 'Thanh toán đơn hàng DH-10089', 1, 1, '', 66, 0, 0, 14, '2018-03-03 16:00:01', NULL, NULL),
(40, 'PT-10040', 1, 2, 3, 2, 0, 1, 0, 15, 0, 20000, 89, 'Hoàn lại tiền đơn hàng DH-10089 do vận chuyển bị hủy bỏ', 1, 1, '', 66, 0, 0, 14, '2018-03-03 16:03:21', NULL, NULL),
(41, 'PC-10041', 2, 2, 3, 2, 0, 1, 0, 15, 0, 20000, 89, 'Thanh toán đơn hàng DH-10089', 1, 1, '', 67, 0, 0, 14, '2018-03-03 16:03:53', NULL, NULL),
(42, 'PT-10042', 1, 0, 2, 2, 3, 1, 0, 51, 0, 30000, 0, '', 1, 1, '', 0, 0, 0, 14, '2018-03-03 16:13:59', NULL, NULL),
(43, 'PC-10043', 2, 2, 3, 6, 0, 1, 0, 51, 0, 30000, 92, 'Thanh toán đơn hàng DH-10092', 1, 1, '', 70, 0, 0, 14, '2018-03-03 16:15:45', NULL, NULL),
(44, 'PT-10044', 1, 2, 3, 6, 0, 1, 0, 51, 0, 30000, 92, 'Hoàn lại tiền đơn hàng DH-10092 do vận chuyển bị hủy bỏ', 1, 1, '', 70, 0, 0, 14, '2018-03-03 16:20:20', NULL, NULL),
(45, 'PT-10045', 1, 2, 3, 0, 1, 2, 0, 86, 1, 1850000, 0, '', 1, 1, '', 0, 0, 0, 19, '2018-03-03 16:33:27', 19, '2018-03-03 16:33:35'),
(46, 'PC-10046', 2, 2, 3, 6, 0, 1, 0, 86, 0, 1850000, 95, 'Thanh toán đơn hàng DH-10095', 1, 1, '', 73, 0, 0, 19, '2018-03-03 16:33:48', NULL, NULL),
(47, 'PT-10047', 1, 0, 3, 6, 1, 1, 0, 82, 0, 6200000, 0, '', 1, 1, '', 0, 0, 0, 4, '2018-03-04 08:22:59', 4, '2018-03-04 08:25:54'),
(48, 'PT-10048', 1, 2, 3, 7, 1, 1, 0, 90, 0, 2500000, 0, '', 1, 1, '', 0, 0, 0, 19, '2018-03-04 11:37:44', 19, '2018-03-04 11:37:53'),
(49, 'PC-10049', 2, 2, 3, 7, 0, 1, 0, 90, 0, 2500000, 99, 'Thanh toán đơn hàng DH-10099', 1, 1, '', 0, 0, 0, 19, '2018-03-04 11:38:02', NULL, NULL),
(50, 'PT-10050', 1, 2, 3, 2, 1, 1, 0, 97, 0, 6400000, 0, '', 1, 1, '', 0, 0, 0, 14, '2018-03-05 16:00:10', 14, '2018-03-05 16:00:32'),
(51, 'PC-10051', 2, 2, 3, 2, 0, 1, 0, 97, 0, 6400000, 105, 'Thanh toán đơn hàng DH-10105', 1, 1, '', 81, 0, 0, 14, '2018-03-05 16:01:17', NULL, NULL),
(52, 'PT-10052', 1, 2, 3, 0, 1, 3, 3, 98, 0, 50000, 0, '', 1, 1, '', 0, 0, 0, 19, '2018-03-05 16:10:35', 19, '2018-03-05 16:10:44'),
(53, 'PC-10053', 2, 2, 3, 6, 0, 1, 0, 98, 0, 50000, 106, 'Thanh toán đơn hàng DH-10106', 1, 1, '', 82, 0, 0, 19, '2018-03-05 16:10:52', NULL, NULL),
(54, 'PT-10054', 1, 2, 3, 6, 1, 1, 0, 91, 0, 4624000, 0, '', 1, 2, '', 0, 0, 0, 19, '2018-03-05 16:11:51', 19, '2018-03-05 16:11:58'),
(55, 'PT-10055', 1, 2, 3, 6, 1, 1, 0, 32, 0, 3500000, 0, '', 1, 1, '', 0, 0, 0, 19, '2018-03-05 23:51:32', 19, '2018-03-05 23:51:52'),
(56, 'PC-10056', 2, 2, 3, 6, 0, 1, 0, 32, 0, 3150000, 108, 'Thanh toán đơn hàng DH-10108', 1, 1, '', 0, 0, 0, 19, '2018-03-05 23:52:32', NULL, NULL),
(57, 'PT-10057', 1, 2, 3, 6, 0, 1, 0, 98, 0, 50000, 106, 'Hoàn lại tiền đơn hàng DH-10106 do vận chuyển bị hủy bỏ', 1, 1, '', 82, 0, 0, 19, '2018-03-06 16:25:08', NULL, NULL),
(58, 'PC-10058', 2, 2, 3, 6, 0, 1, 0, 98, 0, 50000, 115, 'Thanh toán đơn hàng DH-10115', 1, 1, '', 89, 0, 0, 19, '2018-03-06 16:33:15', NULL, NULL),
(59, 'PT-10059', 1, 2, 3, 6, 1, 1, 0, 32, 0, 4295000, 0, '', 1, 1, '', 0, 0, 0, 19, '2018-03-06 23:15:36', 4, '2018-03-29 22:28:29'),
(60, 'PT-10060', 1, 1, 1, 6, 1, 1, 0, 102, 0, 650000, 0, '', 1, 2, '', 0, 0, 0, 19, '2018-03-06 23:24:27', NULL, NULL),
(61, 'PT-10061', 1, 2, 3, 2, 1, 1, 0, 104, 0, 880000, 0, '', 1, 1, '', 0, 0, 0, 14, '2018-03-07 10:27:04', 14, '2018-03-07 10:57:35'),
(62, 'PC-10062', 2, 2, 3, 2, 0, 1, 0, 104, 0, 880000, 122, 'Thanh toán đơn hàng DH-10122', 1, 1, '', 0, 0, 0, 14, '2018-03-07 10:27:24', NULL, NULL),
(63, 'PT-10063', 1, 2, 3, 7, 1, 1, 0, 105, 0, 1780000, 0, '', 1, 1, '', 0, 0, 0, 19, '2018-03-07 16:05:57', 19, '2018-03-07 16:06:07'),
(64, 'PT-10064', 1, 2, 3, 0, 1, 2, 0, 86, 1, 600000, 0, '', 1, 1, '', 0, 0, 0, 19, '2018-03-08 10:22:12', 4, '2018-04-09 22:01:45'),
(65, 'PC-10065', 2, 2, 3, 6, 0, 1, 0, 86, 0, 600000, 126, 'Thanh toán đơn hàng DH-10126', 1, 1, '', 95, 0, 0, 19, '2018-03-08 10:33:59', NULL, NULL),
(66, 'PT-10066', 1, 2, 3, 0, 1, 2, 0, 108, 1, 6420000, 0, '', 1, 1, '', 0, 0, 0, 14, '2018-03-08 15:32:00', 14, '2018-03-19 15:44:10'),
(67, 'PC-10067', 2, 2, 3, 2, 0, 1, 0, 108, 0, 6420000, 127, 'Thanh toán đơn hàng DH-10127', 1, 1, '', 96, 0, 0, 14, '2018-03-08 15:57:49', NULL, NULL),
(68, 'PT-10068', 1, 2, 3, 2, 0, 1, 0, 108, 0, 6420000, 127, 'Hoàn lại tiền đơn hàng DH-10127 do vận chuyển bị hủy bỏ', 1, 1, '', 96, 0, 0, 14, '2018-03-08 16:23:45', NULL, NULL),
(69, 'PC-10069', 2, 2, 3, 2, 0, 1, 0, 108, 0, 6420000, 127, 'Thanh toán đơn hàng DH-10127', 1, 1, '', 98, 0, 0, 14, '2018-03-08 16:24:36', NULL, NULL),
(70, 'PT-10070', 1, 2, 3, 0, 1, 2, 0, 110, 2, 2780000, 0, '', 1, 1, '', 0, 0, 0, 19, '2018-03-08 17:12:16', 4, '2018-04-09 22:01:52'),
(71, 'PC-10071', 2, 2, 3, 6, 0, 1, 0, 110, 0, 2780000, 129, 'Thanh toán đơn hàng DH-10129', 1, 1, '', 99, 0, 0, 19, '2018-03-08 21:36:43', NULL, NULL),
(72, 'PC-10072', 2, 2, 3, 6, 0, 1, 0, 32, 0, 4295000, 117, 'Thanh toán đơn hàng DH-10117', 1, 1, '', 0, 0, 0, 19, '2018-03-08 21:39:50', NULL, NULL),
(73, 'PC-10073', 2, 2, 3, 6, 0, 1, 0, 91, 0, 4624000, 100, 'Thanh toán đơn hàng DH-10100', 1, 1, '', 0, 0, 0, 19, '2018-03-08 21:41:08', NULL, NULL),
(74, 'PT-10074', 1, 3, 6, 6, 1, 1, 0, 102, 0, 650000, 0, '', 1, 1, '', 0, 0, 0, 19, '2018-03-08 21:43:06', 19, '2018-03-08 21:43:18'),
(75, 'PC-10075', 2, 2, 3, 6, 1, 1, 0, 102, 0, 650000, 0, 'Hoàn tiền phiếu thu PT-10074', 1, 1, '', 0, 0, 0, 19, '2018-03-08 21:43:18', NULL, NULL),
(76, 'PT-10076', 1, 2, 3, 6, 1, 1, 0, 102, 0, 650000, 0, '', 1, 1, '', 0, 0, 0, 19, '2018-03-08 21:43:41', 19, '2018-03-08 21:43:48'),
(77, 'PC-10077', 2, 2, 3, 6, 0, 1, 0, 102, 0, 650000, 118, 'Thanh toán đơn hàng DH-10118', 1, 1, '', 0, 0, 0, 19, '2018-03-08 21:44:03', NULL, NULL),
(78, 'PC-10078', 2, 2, 3, 7, 0, 1, 0, 105, 0, 1780000, 123, 'Thanh toán đơn hàng DH-10123', 1, 1, '', 0, 0, 0, 19, '2018-03-08 21:45:15', NULL, NULL),
(79, 'PT-10079', 1, 2, 3, 7, 1, 1, 0, 120, 0, 1900000, 0, '', 1, 1, '', 0, 0, 0, 19, '2018-03-09 22:31:49', 4, '2018-03-29 22:30:15'),
(80, 'PC-10080', 2, 2, 3, 7, 0, 1, 0, 120, 0, 1900000, 140, 'Thanh toán đơn hàng DH-10140', 1, 1, '', 0, 0, 0, 19, '2018-03-09 22:32:01', NULL, NULL),
(81, 'PT-10081', 1, 2, 3, 7, 1, 1, 0, 114, 0, 4640000, 0, '', 1, 1, '', 0, 0, 0, 19, '2018-03-09 22:32:34', 4, '2018-03-29 22:29:55'),
(82, 'PT-10082', 1, 2, 3, 0, 1, 2, 0, 124, 1, 2550000, 0, '', 1, 1, '', 0, 0, 0, 14, '2018-03-10 10:00:46', 4, '2018-03-22 00:13:04'),
(83, 'PC-10083', 2, 2, 3, 6, 0, 1, 0, 124, 0, 2550000, 145, 'Thanh toán đơn hàng DH-10145', 1, 1, '', 112, 0, 0, 14, '2018-03-10 10:02:10', NULL, NULL),
(84, 'PT-10084', 1, 2, 3, 6, 1, 1, 0, 102, 0, 600000, 0, '', 1, 1, '', 0, 0, 0, 19, '2018-03-10 12:52:35', 19, '2018-03-10 12:52:43'),
(85, 'PT-10085', 1, 2, 3, 7, 1, 1, 0, 128, 0, 6100000, 0, 'khách trực tiếp', 1, 1, '', 0, 0, 0, 24, '2018-03-10 15:08:55', 4, '2018-03-22 00:12:50'),
(86, 'PT-10086', 1, 2, 3, 6, 0, 1, 0, 86, 0, 600000, 126, 'Hoàn lại tiền đơn hàng DH-10126 do vận chuyển bị hủy bỏ', 1, 1, '', 95, 0, 0, 19, '2018-03-10 15:33:07', NULL, NULL),
(87, 'PC-10087', 2, 2, 3, 6, 0, 1, 0, 86, 0, 600000, 126, 'Thanh toán đơn hàng DH-10126', 1, 1, '', 116, 0, 0, 19, '2018-03-10 15:34:45', NULL, NULL),
(88, 'PT-10088', 1, 2, 3, 6, 0, 1, 0, 86, 0, 600000, 126, 'Hoàn lại tiền đơn hàng DH-10126 do vận chuyển bị hủy bỏ', 1, 1, '', 116, 0, 0, 19, '2018-03-10 15:35:14', NULL, NULL),
(89, 'PC-10089', 2, 2, 3, 6, 0, 1, 0, 86, 0, 600000, 153, 'Thanh toán đơn hàng DH-10153', 1, 1, '', 118, 0, 0, 19, '2018-03-10 15:37:41', NULL, NULL),
(90, 'PT-10090', 1, 2, 3, 2, 1, 1, 0, 125, 0, 3100000, 0, '', 1, 1, '', 0, 0, 0, 14, '2018-03-10 15:38:47', 14, '2018-04-18 16:04:09'),
(91, 'PC-10091', 2, 2, 3, 2, 0, 1, 0, 125, 0, 3100000, 154, 'Thanh toán đơn hàng DH-10154', 1, 1, '', 0, 0, 0, 14, '2018-03-10 15:39:30', NULL, NULL),
(92, 'PC-10092', 2, 2, 3, 7, 0, 1, 0, 128, 0, 6100000, 150, 'Thanh toán đơn hàng DH-10150', 1, 1, '', 0, 0, 0, 24, '2018-03-10 15:44:04', NULL, NULL),
(93, 'PC-10093', 2, 2, 3, 6, 0, 1, 0, 102, 0, 600000, 146, 'Thanh toán đơn hàng DH-10146', 1, 1, '', 0, 0, 0, 19, '2018-03-10 15:49:54', NULL, NULL),
(94, 'PC-10094', 2, 2, 3, 7, 0, 1, 0, 114, 0, 4640000, 134, 'Thanh toán đơn hàng DH-10134', 1, 1, '', 0, 0, 0, 19, '2018-03-10 15:50:03', NULL, NULL),
(95, 'PT-10095', 1, 2, 3, 7, 1, 1, 0, 131, 0, 2700000, 0, '', 1, 1, '', 0, 0, 0, 24, '2018-03-10 17:27:08', 4, '2018-03-22 00:12:13'),
(96, 'PC-10096', 2, 2, 3, 7, 0, 1, 0, 131, 0, 2700000, 155, 'Thanh toán đơn hàng DH-10155', 1, 1, '', 0, 0, 0, 24, '2018-03-10 17:39:53', NULL, NULL),
(97, 'PT-10097', 1, 2, 3, 6, 0, 1, 0, 86, 0, 600000, 153, 'Hoàn lại tiền đơn hàng DH-10153 do vận chuyển bị hủy bỏ', 1, 1, '', 118, 0, 0, 19, '2018-03-11 09:35:21', NULL, NULL),
(98, 'PT-10098', 1, 2, 3, 0, 1, 2, 0, 86, 1, 1400000, 0, '', 1, 1, '', 0, 0, 0, 19, '2018-03-11 09:50:29', 4, '2018-03-12 21:35:51'),
(99, 'PC-10099', 2, 2, 3, 6, 0, 1, 0, 86, 0, 2000000, 156, 'Thanh toán đơn hàng DH-10156', 1, 1, '', 120, 0, 0, 19, '2018-03-11 09:56:25', NULL, NULL),
(100, 'PT-10100', 1, 2, 3, 7, 1, 1, 0, 141, 0, 1820000, 0, '', 1, 1, '', 0, 0, 0, 19, '2018-03-12 18:07:32', 4, '2018-03-12 21:34:48'),
(101, 'PC-10101', 2, 2, 3, 6, 0, 1, 0, 141, 0, 1820000, 170, 'Thanh toán đơn hàng DH-10170', 1, 1, '', 134, 0, 0, 19, '2018-03-12 18:08:05', NULL, NULL),
(102, 'PT-10102', 1, 0, 3, 6, 1, 1, 0, 127, 0, 2800000, 0, '', 1, 1, '', 0, 0, 0, 4, '2018-03-12 21:33:46', 4, '2018-03-12 21:34:16'),
(103, 'PT-10103', 1, 0, 3, 6, 1, 1, 0, 144, 0, 400000, 0, '', 1, 1, '', 0, 0, 0, 4, '2018-03-13 21:46:03', 4, '2018-03-13 21:46:19'),
(104, 'PT-10104', 1, 0, 3, 6, 1, 1, 0, 153, 0, 6420000, 0, '', 1, 1, '', 0, 0, 0, 4, '2018-03-13 21:48:06', 4, '2018-03-13 21:48:23'),
(105, 'PT-10105', 1, 0, 3, 6, 1, 1, 0, 152, 0, 260000, 0, '', 1, 1, '', 0, 0, 0, 4, '2018-03-13 21:50:34', 4, '2018-03-13 21:50:48'),
(106, 'PT-10106', 1, 2, 3, 2, 1, 1, 0, 154, 0, 4320000, 0, '', 1, 1, '', 0, 0, 0, 14, '2018-03-14 09:25:20', 14, '2018-04-29 14:24:23'),
(107, 'PC-10107', 2, 2, 3, 2, 0, 1, 0, 154, 0, 4320000, 193, 'Thanh toán đơn hàng DH-10193', 1, 1, '', 0, 0, 0, 14, '2018-03-14 09:25:41', NULL, NULL),
(108, 'PT-10108', 1, 0, 3, 6, 1, 1, 0, 164, 0, 780000, 0, '', 1, 1, '', 0, 0, 0, 4, '2018-03-14 21:47:59', 4, '2018-03-14 21:48:13'),
(109, 'PT-10109', 1, 2, 3, 6, 1, 1, 0, 165, 0, 6100000, 0, '', 1, 1, '', 0, 0, 0, 4, '2018-03-14 21:51:01', 4, '2018-03-14 21:51:13'),
(110, 'PT-10110', 1, 3, 6, 7, 1, 1, 0, 165, 0, 6190000, 0, '', 1, 1, '', 0, 0, 0, 19, '2018-03-15 00:44:10', 19, '2018-03-16 20:05:48'),
(111, 'PT-10111', 1, 3, 6, 2, 1, 1, 0, 62, 0, 500000, 0, '', 1, 1, '', 0, 0, 0, 14, '2018-03-15 11:14:08', 14, '2018-04-21 21:16:46'),
(112, 'PC-10112', 2, 2, 3, 2, 0, 1, 0, 62, 0, 500000, 207, 'Thanh toán đơn hàng DH-10207', 1, 1, '', 0, 0, 0, 14, '2018-03-15 11:14:38', NULL, NULL),
(113, 'PT-10113', 1, 2, 3, 2, 0, 1, 0, 108, 0, 6420000, 127, 'Hoàn lại tiền đơn hàng DH-10127 do vận chuyển bị hủy bỏ', 1, 1, '', 98, 0, 0, 14, '2018-03-15 14:57:59', NULL, NULL),
(114, 'PC-10114', 2, 2, 3, 2, 0, 1, 0, 108, 0, 6420000, 211, 'Thanh toán đơn hàng DH-10211', 1, 1, '', 170, 0, 0, 14, '2018-03-15 15:05:13', NULL, NULL),
(115, 'PT-10115', 1, 2, 3, 0, 1, 2, 0, 173, 1, 6260000, 0, 'Đã chuyển khoản', 1, 2, '', 0, 0, 0, 21, '2018-03-15 20:56:49', 4, '2018-03-22 00:08:26'),
(116, 'PT-10116', 1, 1, 1, 0, 1, 2, 0, 173, 1, 6260000, 0, '', 1, 1, '', 0, 0, 0, 21, '2018-03-15 21:01:03', NULL, NULL),
(117, 'PC-10117', 2, 2, 3, 6, 0, 1, 0, 173, 0, 6260000, 213, 'Thanh toán đơn hàng DH-10213', 1, 1, '', 174, 0, 0, 21, '2018-03-15 21:02:56', NULL, NULL),
(118, 'PC-10118', 2, 2, 3, 7, 1, 1, 0, 165, 0, 6190000, 0, 'Hoàn tiền phiếu thu PT-10110', 1, 1, '', 0, 0, 0, 19, '2018-03-16 20:05:48', NULL, NULL),
(119, 'PT-10119', 1, 2, 3, 7, 1, 1, 0, 165, 0, 90000, 0, '', 1, 1, '', 0, 0, 0, 19, '2018-03-16 20:06:34', 4, '2018-03-29 22:29:39'),
(120, 'PC-10120', 2, 2, 3, 7, 0, 1, 0, 165, 0, 6190000, 203, 'Thanh toán đơn hàng DH-10203', 1, 1, '', 0, 0, 0, 19, '2018-03-16 20:07:04', NULL, NULL),
(121, 'PT-10121', 1, 2, 3, 0, 1, 2, 0, 190, 1, 2810000, 0, 'Đã chuyển khoản', 1, 2, '', 0, 0, 0, 21, '2018-03-17 17:12:59', 4, '2018-03-22 00:11:39'),
(122, 'PC-10122', 2, 2, 3, 7, 0, 1, 0, 190, 0, 2810000, 236, 'Thanh toán đơn hàng DH-10236', 1, 1, '', 0, 0, 0, 21, '2018-03-17 17:18:20', NULL, NULL),
(123, 'PT-10123', 1, 0, 3, 6, 1, 1, 0, 170, 0, 1930000, 0, '', 1, 1, '', 0, 0, 0, 4, '2018-03-17 23:12:36', 4, '2018-03-17 23:13:09'),
(124, 'PT-10124', 1, 2, 3, 2, 1, 1, 0, 192, 0, 2200000, 0, '', 1, 1, '', 0, 0, 0, 14, '2018-03-18 09:47:54', 14, '2018-04-18 16:03:47'),
(125, 'PC-10125', 2, 2, 3, 2, 0, 1, 0, 192, 0, 2200000, 239, 'Thanh toán đơn hàng DH-10239', 1, 1, '', 0, 0, 0, 14, '2018-03-18 09:48:27', NULL, NULL),
(126, 'PT-10126', 1, 0, 3, 6, 1, 1, 0, 197, 0, 2290000, 0, '', 1, 1, '', 0, 0, 0, 4, '2018-03-18 20:52:06', 4, '2018-03-18 20:52:18'),
(127, 'PT-10127', 1, 0, 3, 6, 1, 1, 0, 193, 0, 360000, 0, '', 1, 1, '', 0, 0, 0, 4, '2018-03-18 20:53:50', 4, '2018-03-18 20:54:01'),
(128, 'PT-10128', 1, 0, 3, 6, 1, 1, 0, 185, 0, 340000, 0, '', 1, 1, '', 0, 0, 0, 4, '2018-03-18 20:54:54', 4, '2018-03-18 20:55:05'),
(129, 'PT-10129', 1, 2, 3, 0, 1, 2, 0, 201, 1, 5990000, 0, '', 1, 1, '', 0, 0, 0, 14, '2018-03-19 14:40:02', 4, '2018-03-22 00:07:56'),
(131, 'PT-10131', 1, 2, 3, 6, 1, 1, 0, 32, 0, 2650000, 0, '', 1, 1, '', 0, 0, 0, 19, '2018-03-19 16:04:10', 19, '2018-03-19 16:04:36'),
(132, 'PC-10132', 2, 2, 3, 6, 0, 1, 0, 32, 0, 1130000, 252, 'Thanh toán đơn hàng DH-10252', 1, 1, '', 0, 0, 0, 19, '2018-03-19 16:04:56', NULL, NULL),
(133, 'PT-10133', 1, 0, 3, 6, 1, 1, 0, 203, 0, 840000, 0, '', 1, 2, '', 0, 0, 0, 19, '2018-03-19 22:17:24', 4, '2018-03-29 22:28:07'),
(134, 'PT-10134', 1, 0, 3, 6, 1, 1, 0, 203, 0, 700000, 0, '', 1, 1, '', 0, 0, 0, 4, '2018-03-20 15:00:39', 4, '2018-03-20 15:01:05'),
(135, 'PT-10135', 1, 2, 3, 7, 1, 1, 0, 205, 0, 1395000, 0, '', 1, 1, '', 0, 0, 0, 4, '2018-03-20 15:06:45', 4, '2018-03-20 15:07:00'),
(136, 'PC-10136', 2, 2, 3, 7, 0, 1, 0, 205, 0, 1395000, 255, 'Thanh toán đơn hàng DH-10255', 1, 1, '', 0, 0, 0, 4, '2018-03-20 15:31:11', NULL, NULL),
(137, 'PC-10137', 2, 2, 3, 6, 0, 1, 0, 201, 0, 5990000, 251, 'Thanh toán đơn hàng DH-10251', 1, 1, '', 234, 0, 0, 1, '2018-03-20 17:21:16', NULL, NULL),
(138, 'PT-10138', 1, 2, 4, 7, 1, 1, 0, 205, 0, 1395000, 0, 'Tùng Tạo', 1, 1, '', 0, 0, 0, 23, '2018-03-20 20:36:23', 23, '2018-03-20 20:41:01'),
(139, 'PC-10139', 2, 2, 3, 7, 0, 1, 0, 205, 0, 1395000, 255, 'Thanh toán đơn hàng DH-10255', 1, 1, '', 0, 0, 0, 23, '2018-03-20 21:26:13', NULL, NULL),
(140, 'PT-10140', 1, 0, 3, 6, 1, 1, 0, 208, 0, 10, 0, 'Nháp, TÙng Tạo Để học', 1, 1, '', 0, 0, 0, 23, '2018-03-20 21:34:38', 4, '2018-03-29 22:27:48'),
(141, 'PT-10141', 1, 2, 3, 7, 1, 1, 0, 210, 0, 2400000, 0, '', 1, 1, '', 0, 0, 0, 23, '2018-03-21 15:56:42', 4, '2018-03-22 00:10:08'),
(142, 'PC-10142', 2, 2, 3, 7, 0, 1, 0, 210, 0, 2400000, 266, 'Thanh toán đơn hàng DH-10266', 1, 1, '', 0, 0, 0, 23, '2018-03-21 15:58:26', NULL, NULL),
(143, 'PT-10143', 1, 2, 3, 7, 1, 1, 0, 214, 0, 1350000, 0, '', 1, 1, '', 0, 0, 0, 19, '2018-03-21 22:25:36', 19, '2018-03-21 22:25:59'),
(144, 'PC-10144', 2, 2, 3, 7, 0, 1, 0, 214, 0, 1350000, 270, 'Thanh toán đơn hàng DH-10270', 1, 1, '', 0, 0, 0, 19, '2018-03-21 22:26:04', NULL, NULL),
(145, 'PT-10145', 1, 0, 3, 6, 1, 1, 0, 213, 0, 670000, 0, '', 1, 1, '', 0, 0, 0, 4, '2018-03-22 00:01:22', 4, '2018-03-22 00:01:32'),
(146, 'PT-10146', 1, 0, 3, 6, 1, 1, 0, 212, 0, 2830000, 0, '', 1, 1, '', 0, 0, 0, 4, '2018-03-22 00:02:35', 4, '2018-03-22 00:02:47'),
(147, 'PT-10147', 1, 1, 1, 7, 1, 1, 0, 210, 0, 2400000, 0, '', 1, 1, '', 0, 0, 0, 4, '2018-03-22 00:14:42', NULL, NULL),
(148, 'PT-10148', 1, 2, 3, 6, 1, 1, 0, 220, 0, 2400000, 0, '', 1, 2, '', 0, 0, 0, 19, '2018-03-22 19:52:51', 4, '2018-03-29 22:27:28'),
(149, 'PC-10149', 2, 2, 3, 6, 0, 1, 0, 220, 0, 2400000, 277, 'Thanh toán đơn hàng DH-10277', 1, 1, '', 0, 0, 0, 19, '2018-03-22 19:53:07', NULL, NULL),
(150, 'PT-10150', 1, 2, 3, 6, 1, 1, 0, 32, 0, 1010000, 0, '', 1, 1, '', 0, 0, 0, 19, '2018-03-23 12:31:54', 4, '2018-03-23 23:17:02'),
(151, 'PC-10151', 2, 2, 3, 6, 0, 0, 0, 32, 0, 1010000, 281, 'Thanh toán đơn hàng DH-10281', 1, 1, '', 0, 0, 0, 19, '2018-03-23 12:34:28', NULL, NULL),
(152, 'PT-10152', 1, 2, 3, 6, 0, 0, 0, 32, 0, 1010000, 281, 'Thanh toán đơn hàng DH-10281', 1, 1, '', 0, 0, 0, 19, '2018-03-23 12:34:28', NULL, NULL),
(153, 'PT-10153', 1, 2, 3, 7, 1, 1, 0, 235, 0, 2180000, 0, '', 1, 1, '', 0, 0, 0, 23, '2018-03-23 16:59:15', 4, '2018-03-23 23:02:21'),
(154, 'PT-10154', 1, 2, 3, 7, 1, 1, 0, 236, 0, 2180000, 0, '', 1, 2, '', 0, 0, 0, 23, '2018-03-23 17:53:08', 4, '2018-03-23 23:01:23'),
(155, 'PC-10155', 2, 2, 3, 7, 0, 1, 0, 236, 0, 2180000, 294, 'Thanh toán đơn hàng DH-10294', 1, 1, '', 0, 0, 0, 23, '2018-03-23 17:58:36', NULL, NULL),
(156, 'PT-10156', 1, 0, 3, 7, 0, 1, 0, 236, 0, 2180000, 294, 'Thanh toán đơn hàng DH-10294', 1, 1, '', 0, 0, 0, 23, '2018-03-23 17:58:36', NULL, NULL),
(157, 'PC-10157', 2, 2, 3, 7, 0, 0, 0, 235, 0, 2180000, 293, 'Thanh toán đơn hàng DH-10293', 1, 1, '', 0, 0, 0, 23, '2018-03-23 18:44:38', NULL, NULL),
(158, 'PT-10158', 1, 0, 3, 7, 0, 0, 0, 235, 0, 2180000, 293, 'Thanh toán đơn hàng DH-10293', 1, 1, '', 0, 0, 0, 23, '2018-03-23 18:44:38', NULL, NULL),
(159, 'PT-10159', 1, 2, 3, 7, 1, 1, 0, 237, 0, 1780000, 0, '', 1, 2, '', 0, 0, 0, 23, '2018-03-23 20:55:18', 4, '2018-03-23 23:00:00'),
(160, 'PC-10160', 2, 2, 3, 7, 0, 0, 0, 237, 0, 1780000, 296, 'Thanh toán đơn hàng DH-10296', 1, 1, '', 0, 0, 0, 23, '2018-03-23 20:56:42', NULL, NULL),
(161, 'PT-10161', 1, 0, 3, 7, 0, 0, 0, 237, 0, 1780000, 296, 'Thanh toán đơn hàng DH-10296', 1, 1, '', 0, 0, 0, 23, '2018-03-23 20:56:42', NULL, NULL),
(162, 'PT-10162', 1, 0, 1, 7, 1, 1, 0, 237, 0, 1780000, 0, '', 1, 1, '', 0, 0, 0, 4, '2018-03-23 22:59:43', NULL, NULL),
(163, 'PT-10163', 1, 0, 1, 7, 1, 1, 0, 236, 0, 2180000, 0, '', 1, 1, '', 0, 0, 0, 4, '2018-03-23 23:00:56', NULL, NULL),
(164, 'PT-10164', 1, 0, 1, 7, 1, 1, 0, 235, 0, 2180000, 0, '', 1, 1, '', 0, 0, 0, 4, '2018-03-23 23:02:05', NULL, NULL),
(165, 'PT-10165', 1, 1, 1, 6, 1, 1, 0, 225, 0, 380000, 0, '', 1, 1, '', 0, 0, 0, 4, '2018-03-23 23:14:15', NULL, NULL),
(166, 'PT-10166', 1, 1, 1, 6, 1, 1, 0, 225, 0, 380000, 0, '', 1, 1, '', 0, 0, 0, 4, '2018-03-23 23:16:17', NULL, NULL),
(167, 'PT-10167', 1, 1, 1, 6, 1, 1, 0, 225, 0, 380000, 0, '', 1, 1, '', 0, 0, 0, 4, '2018-03-23 23:17:37', NULL, NULL),
(168, 'PT-10168', 1, 2, 3, 0, 1, 2, 0, 243, 1, 350000, 0, '', 1, 1, '', 0, 0, 0, 14, '2018-03-24 09:17:46', 4, '2018-04-09 22:00:48'),
(169, 'PC-10169', 2, 2, 3, 2, 0, 1, 0, 243, 0, 350000, 303, 'Thanh toán đơn hàng DH-10303', 1, 1, '', 273, 0, 0, 14, '2018-03-24 09:18:26', NULL, NULL),
(170, 'PC-10170', 2, 2, 3, 2, 0, 1, 0, 244, 0, 1200000, 304, 'Thanh toán đơn hàng DH-10304', 1, 1, '', 0, 0, 0, 14, '2018-03-24 10:43:46', NULL, NULL),
(171, 'PT-10171', 1, 2, 3, 2, 0, 1, 0, 244, 0, 1200000, 304, 'Thanh toán đơn hàng DH-10304', 1, 1, '', 0, 0, 0, 14, '2018-03-24 10:43:46', NULL, NULL),
(172, 'PC-10172', 2, 2, 3, 2, 0, 1, 0, 244, 0, 120000, 305, 'Thanh toán đơn hàng DH-10305', 1, 1, '', 0, 0, 0, 14, '2018-03-24 14:56:26', NULL, NULL),
(173, 'PT-10173', 1, 2, 3, 2, 0, 1, 0, 244, 0, 120000, 305, 'Thanh toán đơn hàng DH-10305', 1, 1, '', 0, 0, 0, 14, '2018-03-24 14:56:26', NULL, NULL),
(174, 'PT-10174', 1, 0, 3, 2, 1, 1, 0, 244, 0, 120000, 0, '', 1, 1, '', 0, 0, 0, 14, '2018-03-24 14:56:49', 14, '2018-04-18 16:05:36'),
(175, 'PC-10175', 2, 2, 3, 2, 0, 1, 0, 251, 0, 2990000, 314, 'Thanh toán đơn hàng DH-10314', 1, 1, '', 0, 0, 0, 14, '2018-03-25 14:29:34', NULL, NULL),
(176, 'PT-10176', 1, 2, 3, 2, 0, 1, 0, 251, 0, 2990000, 314, 'Thanh toán đơn hàng DH-10314', 1, 1, '', 0, 0, 0, 14, '2018-03-25 14:29:34', NULL, NULL),
(177, 'PC-10177', 2, 2, 3, 7, 0, 1, 0, 253, 0, 2400000, 319, 'Thanh toán đơn hàng DH-10319', 1, 1, '', 0, 0, 0, 21, '2018-03-25 22:26:57', NULL, NULL),
(178, 'PT-10178', 1, 2, 3, 7, 0, 1, 0, 253, 0, 2400000, 319, 'Thanh toán đơn hàng DH-10319', 1, 1, '', 0, 0, 0, 21, '2018-03-25 22:26:57', NULL, NULL),
(179, 'PC-10179', 2, 2, 3, 7, 0, 1, 0, 254, 0, 3400000, 321, 'Thanh toán đơn hàng DH-10321', 1, 1, '', 0, 0, 0, 21, '2018-03-25 22:31:59', NULL, NULL),
(180, 'PT-10180', 1, 2, 3, 7, 0, 1, 0, 254, 0, 3400000, 321, 'Thanh toán đơn hàng DH-10321', 1, 1, '', 0, 0, 0, 21, '2018-03-25 22:31:59', NULL, NULL),
(181, 'PC-10181', 2, 2, 3, 2, 0, 1, 0, 229, 0, 650000, 325, 'Thanh toán đơn hàng DH-10325', 1, 1, '', 0, 0, 0, 14, '2018-03-26 15:21:09', NULL, NULL),
(182, 'PT-10182', 1, 2, 3, 2, 0, 1, 0, 229, 0, 650000, 325, 'Thanh toán đơn hàng DH-10325', 1, 1, '', 0, 0, 0, 14, '2018-03-26 15:21:09', NULL, NULL),
(183, 'PC-10183', 2, 2, 3, 7, 0, 1, 0, 258, 0, 1450000, 327, 'Thanh toán đơn hàng DH-10327', 1, 1, '', 0, 0, 0, 21, '2018-03-26 16:27:00', NULL, NULL),
(184, 'PT-10184', 1, 2, 3, 7, 0, 1, 0, 258, 0, 1450000, 327, 'Thanh toán đơn hàng DH-10327', 1, 1, '', 0, 0, 0, 21, '2018-03-26 16:27:00', NULL, NULL),
(185, 'PT-10185', 1, 0, 3, 6, 1, 1, 0, 259, 0, 3200000, 0, '', 1, 1, '', 0, 0, 0, 4, '2018-03-26 21:27:45', 4, '2018-03-26 21:27:56'),
(186, 'PC-10186', 2, 2, 3, 7, 0, 1, 0, 262, 0, 3400000, 338, 'Thanh toán đơn hàng DH-10338', 1, 1, '', 0, 0, 0, 21, '2018-03-26 22:23:39', NULL, NULL),
(187, 'PT-10187', 1, 2, 3, 7, 0, 1, 0, 262, 0, 3400000, 338, 'Thanh toán đơn hàng DH-10338', 1, 1, '', 0, 0, 0, 21, '2018-03-26 22:23:39', NULL, NULL),
(188, 'PC-10188', 2, 2, 3, 2, 0, 1, 0, 271, 0, 850000, 349, 'Thanh toán đơn hàng DH-10349', 1, 1, '', 0, 0, 0, 14, '2018-03-27 17:07:19', NULL, NULL),
(189, 'PT-10189', 1, 2, 3, 2, 0, 1, 0, 271, 0, 850000, 349, 'Thanh toán đơn hàng DH-10349', 1, 1, '', 0, 0, 0, 14, '2018-03-27 17:07:19', NULL, NULL),
(190, 'PT-10190', 1, 2, 3, 0, 1, 2, 0, 277, 1, 2400000, 0, '', 1, 1, '', 0, 0, 0, 14, '2018-03-28 09:46:25', NULL, NULL),
(191, 'PC-10191', 2, 2, 3, 2, 0, 1, 0, 277, 0, 2400000, 356, 'Thanh toán đơn hàng DH-10356', 1, 1, '', 331, 0, 0, 14, '2018-03-28 09:46:46', NULL, NULL),
(192, 'PT-10192', 1, 0, 3, 7, 1, 1, 0, 282, 0, 800000, 0, '', 1, 2, '', 0, 0, 0, 21, '2018-03-28 21:58:57', 4, '2018-03-29 22:29:12'),
(193, 'PC-10193', 2, 2, 3, 7, 0, 1, 0, 283, 0, 4200000, 363, 'Thanh toán đơn hàng DH-10363', 1, 1, '', 0, 0, 0, 21, '2018-03-28 22:01:41', NULL, NULL),
(194, 'PT-10194', 1, 2, 3, 7, 0, 1, 0, 283, 0, 4200000, 363, 'Thanh toán đơn hàng DH-10363', 1, 1, '', 0, 0, 0, 21, '2018-03-28 22:01:41', NULL, NULL),
(195, 'PC-10195', 2, 2, 3, 6, 0, 1, 0, 286, 0, 330000, 366, 'Thanh toán đơn hàng DH-10366', 1, 1, '', 0, 0, 0, 4, '2018-03-28 23:43:53', NULL, NULL),
(196, 'PT-10196', 1, 2, 3, 6, 0, 1, 0, 286, 0, 330000, 366, 'Thanh toán đơn hàng DH-10366', 1, 1, '', 0, 0, 0, 4, '2018-03-28 23:43:53', NULL, NULL),
(197, 'PT-10197', 1, 0, 3, 6, 1, 1, 0, 280, 0, 2200000, 0, '', 1, 1, '', 0, 0, 0, 4, '2018-03-28 23:54:56', 4, '2018-03-28 23:55:12'),
(198, 'PT-10198', 1, 0, 3, 6, 1, 1, 0, 279, 0, 3000000, 0, '', 1, 1, '', 0, 0, 0, 4, '2018-03-28 23:56:57', 4, '2018-03-28 23:57:14'),
(199, 'PC-10199', 2, 2, 3, 6, 4, 1, 0, 110, 0, 230000, 0, '', 1, 1, '', 0, 0, 0, 14, '2018-03-29 13:47:33', NULL, NULL),
(200, 'PC-10200', 2, 2, 3, 2, 0, 1, 0, 202, 0, 4570000, 378, 'Thanh toán đơn hàng DH-10378', 1, 1, '', 0, 0, 0, 14, '2018-03-29 17:14:11', NULL, NULL),
(201, 'PT-10201', 1, 2, 3, 2, 0, 1, 0, 202, 0, 4570000, 378, 'Thanh toán đơn hàng DH-10378', 1, 1, '', 0, 0, 0, 14, '2018-03-29 17:14:11', NULL, NULL),
(202, 'PT-10202', 1, 2, 3, 7, 1, 1, 0, 295, 0, 1700000, 0, 'Tùng Tạo', 1, 2, '', 0, 0, 0, 23, '2018-03-29 20:47:15', NULL, NULL),
(203, 'PC-10203', 2, 2, 3, 7, 0, 1, 0, 295, 0, 1700000, 381, 'Thanh toán đơn hàng DH-10381', 1, 1, '', 0, 0, 0, 23, '2018-03-29 20:49:07', NULL, NULL),
(204, 'PT-10204', 1, 0, 3, 7, 0, 1, 0, 295, 0, 1700000, 381, 'Thanh toán đơn hàng DH-10381', 1, 1, '', 0, 0, 0, 23, '2018-03-29 20:49:07', NULL, NULL),
(205, 'PC-10205', 2, 2, 3, 7, 0, 1, 0, 296, 0, 2150000, 383, 'Thanh toán đơn hàng DH-10383', 1, 1, '', 0, 0, 0, 21, '2018-03-29 20:52:26', NULL, NULL),
(206, 'PT-10206', 1, 2, 3, 7, 0, 1, 0, 296, 0, 2150000, 383, 'Thanh toán đơn hàng DH-10383', 1, 1, '', 0, 0, 0, 21, '2018-03-29 20:52:26', NULL, NULL),
(207, 'PC-10207', 2, 2, 3, 7, 0, 1, 0, 206, 0, 2990000, 385, 'Thanh toán đơn hàng DH-10385', 1, 1, '', 0, 0, 0, 21, '2018-03-29 20:57:26', NULL, NULL),
(208, 'PT-10208', 1, 2, 3, 7, 0, 1, 0, 206, 0, 2990000, 385, 'Thanh toán đơn hàng DH-10385', 1, 1, '', 0, 0, 0, 21, '2018-03-29 20:57:26', NULL, NULL),
(209, 'PT-10209', 1, 0, 3, 6, 1, 1, 0, 293, 0, 430000, 0, '', 1, 1, '', 0, 0, 0, 4, '2018-03-29 21:19:17', 4, '2018-03-29 21:19:31'),
(210, 'PT-10210', 1, 0, 3, 7, 1, 1, 0, 304, 0, 2150000, 0, '', 1, 1, '', 0, 0, 0, 4, '2018-03-30 23:24:01', 4, '2018-03-30 23:24:12'),
(211, 'PT-10211', 1, 0, 3, 6, 1, 1, 0, 293, 0, 330000, 0, '', 1, 1, '', 0, 0, 0, 4, '2018-03-30 23:25:30', 4, '2018-03-30 23:25:41'),
(212, 'PC-10212', 2, 2, 3, 7, 0, 1, 0, 310, 0, 2920000, 426, 'Thanh toán đơn hàng DH-10426', 1, 1, '', 0, 0, 0, 21, '2018-03-31 15:08:45', NULL, NULL),
(213, 'PT-10213', 1, 2, 3, 7, 0, 1, 0, 310, 0, 2920000, 426, 'Thanh toán đơn hàng DH-10426', 1, 1, '', 0, 0, 0, 21, '2018-03-31 15:08:45', NULL, NULL),
(214, 'PC-10214', 2, 2, 3, 7, 0, 1, 0, 309, 0, 120000, 433, 'Thanh toán đơn hàng DH-10433', 1, 1, '', 0, 0, 0, 21, '2018-03-31 16:17:16', NULL, NULL),
(215, 'PT-10215', 1, 2, 3, 7, 0, 1, 0, 309, 0, 120000, 433, 'Thanh toán đơn hàng DH-10433', 1, 1, '', 0, 0, 0, 21, '2018-03-31 16:17:16', NULL, NULL),
(216, 'PT-10216', 1, 2, 3, 0, 1, 2, 0, 311, 1, 2920000, 0, '', 1, 2, '', 0, 0, 0, 21, '2018-03-31 17:15:11', 4, '2018-03-31 23:04:09'),
(217, 'PC-10217', 2, 2, 3, 6, 0, 1, 0, 311, 0, 2920000, 434, 'Thanh toán đơn hàng DH-10434', 1, 1, '', 380, 0, 0, 21, '2018-03-31 17:16:02', NULL, NULL),
(218, 'PT-10218', 1, 0, 3, 6, 1, 1, 0, 309, 0, 1130000, 0, '', 1, 1, '', 0, 0, 0, 4, '2018-03-31 22:59:48', NULL, NULL),
(219, 'PT-10219', 1, 0, 3, 6, 1, 1, 0, 316, 0, 3030000, 0, '', 1, 1, '', 0, 0, 0, 4, '2018-04-01 21:54:46', NULL, NULL),
(220, 'PT-10220', 1, 0, 3, 6, 1, 1, 0, 315, 0, 800000, 0, '', 1, 1, '', 0, 0, 0, 4, '2018-04-01 21:55:11', NULL, NULL),
(221, 'PT-10221', 1, 0, 3, 6, 1, 1, 0, 314, 0, 335000, 0, '', 1, 1, '', 0, 0, 0, 4, '2018-04-01 21:55:51', NULL, NULL),
(222, 'PC-10222', 2, 2, 3, 2, 0, 1, 0, 2, 0, 70000, 467, 'Thanh toán đơn hàng DH-10467', 1, 1, '', 0, 0, 0, 14, '2018-04-02 16:05:11', NULL, NULL),
(223, 'PT-10223', 1, 2, 3, 2, 0, 1, 0, 2, 0, 70000, 467, 'Thanh toán đơn hàng DH-10467', 1, 1, '', 0, 0, 0, 14, '2018-04-02 16:05:11', NULL, NULL),
(224, 'PC-10224', 2, 2, 3, 7, 0, 1, 0, 318, 0, 4300000, 469, 'Thanh toán đơn hàng DH-10469', 1, 1, '', 0, 0, 0, 21, '2018-04-02 16:12:42', NULL, NULL),
(225, 'PT-10225', 1, 2, 3, 7, 0, 1, 0, 318, 0, 4300000, 469, 'Thanh toán đơn hàng DH-10469', 1, 1, '', 0, 0, 0, 21, '2018-04-02 16:12:42', NULL, NULL),
(226, 'PT-10226', 1, 0, 3, 6, 1, 1, 0, 317, 0, 2570000, 0, '', 1, 1, '', 0, 0, 0, 4, '2018-04-02 21:54:06', 4, '2018-04-02 21:54:13'),
(227, 'PT-10227', 1, 0, 3, 6, 1, 1, 0, 320, 0, 3050000, 0, '', 1, 1, '', 0, 0, 0, 4, '2018-04-02 21:56:26', NULL, NULL),
(228, 'PT-10228', 1, 0, 3, 6, 1, 1, 0, 322, 0, 2190000, 0, '', 1, 1, '', 0, 0, 0, 4, '2018-04-03 15:57:23', NULL, NULL),
(229, 'PC-10229', 2, 2, 3, 6, 0, 1, 0, 3, 0, 70000, 482, 'Thanh toán đơn hàng DH-10482', 1, 1, '', 0, 0, 0, 3, '2018-04-04 09:43:36', NULL, NULL),
(230, 'PT-10230', 1, 2, 3, 6, 0, 1, 0, 3, 0, 70000, 482, 'Thanh toán đơn hàng DH-10482', 1, 1, '', 0, 0, 0, 3, '2018-04-04 09:43:36', NULL, NULL),
(231, 'PC-10231', 2, 2, 3, 7, 0, 1, 0, 327, 0, 2180000, 483, 'Thanh toán đơn hàng DH-10483', 1, 1, '', 0, 0, 0, 3, '2018-04-04 11:08:36', NULL, NULL),
(232, 'PT-10232', 1, 2, 3, 7, 0, 1, 0, 327, 0, 2180000, 483, 'Thanh toán đơn hàng DH-10483', 1, 1, '', 0, 0, 0, 3, '2018-04-04 11:08:36', NULL, NULL),
(233, 'PT-10233', 1, 0, 3, 7, 1, 1, 0, 253, 0, 350000, 0, '', 1, 2, '', 0, 0, 0, 21, '2018-04-04 22:30:43', 4, '2018-04-09 22:02:27'),
(234, 'PC-10234', 2, 2, 3, 7, 0, 1, 0, 327, 0, 200000, 514, 'Thanh toán đơn hàng DH-10514', 1, 1, '', 0, 0, 0, 21, '2018-04-05 22:06:28', NULL, NULL),
(235, 'PT-10235', 1, 2, 3, 7, 0, 1, 0, 327, 0, 200000, 514, 'Thanh toán đơn hàng DH-10514', 1, 1, '', 0, 0, 0, 21, '2018-04-05 22:06:28', NULL, NULL),
(236, 'PC-10236', 2, 2, 3, 7, 0, 1, 0, 341, 0, 120000, 516, 'Thanh toán đơn hàng DH-10516', 1, 1, '', 0, 0, 0, 21, '2018-04-05 22:14:44', NULL, NULL),
(237, 'PT-10237', 1, 2, 3, 7, 0, 1, 0, 341, 0, 120000, 516, 'Thanh toán đơn hàng DH-10516', 1, 1, '', 0, 0, 0, 21, '2018-04-05 22:14:44', NULL, NULL),
(238, 'PC-10238', 2, 2, 3, 7, 0, 1, 0, 346, 0, 2150000, 525, 'Thanh toán đơn hàng DH-10525', 1, 1, '', 0, 0, 0, 21, '2018-04-06 15:50:33', NULL, NULL),
(239, 'PT-10239', 1, 2, 3, 7, 0, 1, 0, 346, 0, 2150000, 525, 'Thanh toán đơn hàng DH-10525', 1, 1, '', 0, 0, 0, 21, '2018-04-06 15:50:33', NULL, NULL),
(240, 'PC-10240', 2, 2, 3, 7, 0, 1, 0, 333, 0, 1100000, 532, 'Thanh toán đơn hàng DH-10532', 1, 1, '', 0, 0, 0, 21, '2018-04-07 16:56:05', NULL, NULL),
(241, 'PT-10241', 1, 2, 3, 7, 0, 1, 0, 333, 0, 1100000, 532, 'Thanh toán đơn hàng DH-10532', 1, 1, '', 0, 0, 0, 21, '2018-04-07 16:56:05', NULL, NULL),
(242, 'PC-10242', 2, 2, 3, 2, 0, 1, 0, 104, 0, 3350000, 536, 'Thanh toán đơn hàng DH-10536', 1, 1, '', 0, 0, 0, 14, '2018-04-08 11:35:59', NULL, NULL),
(243, 'PT-10243', 1, 2, 3, 2, 0, 1, 0, 104, 0, 3350000, 536, 'Thanh toán đơn hàng DH-10536', 1, 1, '', 0, 0, 0, 14, '2018-04-08 11:35:59', NULL, NULL),
(244, 'PT-10244', 1, 0, 3, 6, 1, 1, 0, 342, 0, 1040000, 0, '', 1, 1, '', 0, 0, 0, 4, '2018-04-08 15:41:27', NULL, NULL),
(245, 'PT-10245', 1, 0, 3, 6, 1, 1, 0, 361, 0, 750000, 0, '', 1, 1, '', 0, 0, 0, 4, '2018-04-09 21:43:30', NULL, NULL),
(246, 'PT-10246', 1, 0, 3, 6, 1, 1, 0, 356, 0, 790000, 0, '', 1, 1, '', 0, 0, 0, 4, '2018-04-09 21:44:02', NULL, NULL),
(247, 'PC-10247', 2, 2, 3, 7, 0, 1, 0, 364, 0, 460000, 566, 'Thanh toán đơn hàng DH-10566', 1, 1, '', 0, 0, 0, 21, '2018-04-09 22:44:27', NULL, NULL),
(248, 'PT-10248', 1, 2, 3, 7, 0, 1, 0, 364, 0, 460000, 566, 'Thanh toán đơn hàng DH-10566', 1, 1, '', 0, 0, 0, 21, '2018-04-09 22:44:27', NULL, NULL),
(249, 'PC-10249', 2, 2, 2, 7, 0, 1, 0, 365, 0, 7250000, 568, 'Thanh toán đơn hàng DH-10568', 1, 1, '', 0, 0, 0, 19, '2018-04-10 09:57:36', NULL, NULL),
(250, 'PT-10250', 1, 2, 3, 7, 0, 1, 0, 365, 0, 7250000, 568, 'Thanh toán đơn hàng DH-10568', 1, 1, '', 0, 0, 0, 19, '2018-04-10 09:57:36', 4, '2018-04-17 21:49:15'),
(251, 'PC-10251', 2, 2, 2, 2, 0, 1, 0, 368, 0, 1650000, 572, 'Thanh toán đơn hàng DH-10572', 1, 1, '', 0, 0, 0, 14, '2018-04-10 15:04:38', NULL, NULL),
(252, 'PT-10252', 1, 2, 3, 2, 0, 1, 0, 368, 0, 1650000, 572, 'Thanh toán đơn hàng DH-10572', 1, 1, '', 0, 0, 0, 14, '2018-04-10 15:04:38', 14, '2018-04-18 16:01:19'),
(253, 'PT-10253', 1, 0, 3, 6, 1, 1, 0, 375, 0, 5930000, 0, '', 1, 1, '', 0, 0, 0, 4, '2018-04-11 15:09:40', NULL, NULL),
(254, 'PC-10254', 2, 2, 2, 2, 0, 1, 0, 125, 0, 500000, 593, 'Thanh toán đơn hàng DH-10593', 1, 1, '', 0, 0, 0, 14, '2018-04-11 15:56:21', NULL, NULL),
(255, 'PT-10255', 1, 3, 6, 2, 0, 1, 0, 125, 0, 500000, 593, 'Thanh toán đơn hàng DH-10593', 1, 1, '', 0, 0, 0, 14, '2018-04-11 15:56:21', 14, '2018-04-18 16:01:56'),
(256, 'PC-10256', 2, 2, 2, 2, 0, 1, 0, 125, 0, 450000, 594, 'Thanh toán đơn hàng DH-10594', 1, 1, '', 0, 0, 0, 14, '2018-04-11 15:59:06', NULL, NULL),
(257, 'PT-10257', 1, 2, 3, 2, 0, 1, 0, 125, 0, 450000, 594, 'Thanh toán đơn hàng DH-10594', 1, 1, '', 0, 0, 0, 14, '2018-04-11 15:59:06', 14, '2018-04-18 16:01:48'),
(258, 'PC-10258', 2, 2, 2, 6, 0, 1, 0, 380, 0, 2550000, 597, 'Thanh toán đơn hàng DH-10597', 1, 1, '', 0, 0, 0, 19, '2018-04-11 18:32:11', NULL, NULL),
(259, 'PT-10259', 1, 2, 3, 6, 0, 1, 0, 380, 0, 2550000, 597, 'Thanh toán đơn hàng DH-10597', 1, 1, '', 0, 0, 0, 19, '2018-04-11 18:32:11', 4, '2018-04-12 21:53:34'),
(260, 'PT-10260', 1, 0, 3, 6, 1, 1, 0, 377, 0, 1980000, 0, '', 1, 1, '', 0, 0, 0, 4, '2018-04-11 21:30:06', NULL, NULL),
(261, 'PT-10261', 1, 2, 3, 7, 1, 1, 0, 381, 0, 200000, 0, '', 1, 2, '', 0, 0, 0, 23, '2018-04-11 22:30:11', NULL, NULL),
(262, 'PC-10262', 2, 2, 2, 7, 0, 1, 0, 381, 0, 200000, 620, 'Thanh toán đơn hàng DH-10620', 1, 1, '', 0, 0, 0, 23, '2018-04-11 22:31:45', NULL, NULL),
(263, 'PT-10263', 1, 0, 3, 7, 0, 1, 0, 381, 0, 200000, 620, 'Thanh toán đơn hàng DH-10620', 1, 1, '', 0, 0, 0, 23, '2018-04-11 22:31:45', 4, '2018-04-17 21:50:02'),
(264, 'PC-10264', 2, 2, 2, 7, 0, 1, 0, 383, 0, 230000, 624, 'Thanh toán đơn hàng DH-10624', 1, 1, '', 0, 0, 0, 23, '2018-04-12 10:33:02', NULL, NULL),
(265, 'PT-10265', 1, 2, 3, 7, 0, 1, 0, 383, 0, 230000, 624, 'Thanh toán đơn hàng DH-10624', 1, 1, '', 0, 0, 0, 23, '2018-04-12 10:33:02', 4, '2018-04-17 21:50:09'),
(266, 'PC-10266', 2, 2, 2, 2, 0, 1, 0, 384, 0, 4300000, 626, 'Thanh toán đơn hàng DH-10626', 1, 1, '', 0, 0, 0, 14, '2018-04-12 16:25:50', NULL, NULL),
(267, 'PT-10267', 1, 2, 3, 2, 0, 1, 0, 384, 0, 4300000, 626, 'Thanh toán đơn hàng DH-10626', 1, 1, '', 0, 0, 0, 14, '2018-04-12 16:25:50', 14, '2018-04-18 16:02:04'),
(268, 'PT-10268', 1, 2, 3, 0, 3, 2, 0, 385, 3, 2400000, 0, '', 1, 2, '', 0, 0, 0, 21, '2018-04-12 16:37:41', 4, '2018-04-12 21:51:58'),
(269, 'PC-10269', 2, 2, 2, 6, 0, 1, 0, 385, 0, 2400000, 627, 'Thanh toán đơn hàng DH-10627', 1, 1, '', 465, 0, 0, 21, '2018-04-12 16:38:00', NULL, NULL),
(270, 'PC-10270', 2, 2, 2, 2, 0, 1, 0, 387, 0, 4300000, 629, 'Thanh toán đơn hàng DH-10629', 1, 1, '', 0, 0, 0, 14, '2018-04-12 18:03:32', NULL, NULL),
(271, 'PT-10271', 1, 2, 3, 2, 0, 1, 0, 387, 0, 4300000, 629, 'Thanh toán đơn hàng DH-10629', 1, 1, '', 0, 0, 0, 14, '2018-04-12 18:03:32', 14, '2018-04-18 16:02:19'),
(272, 'PC-10272', 2, 2, 2, 7, 0, 1, 0, 365, 0, 3300000, 635, 'Thanh toán đơn hàng DH-10635', 1, 1, '', 0, 0, 0, 21, '2018-04-13 15:08:07', NULL, NULL),
(273, 'PT-10273', 1, 2, 3, 7, 0, 1, 0, 365, 0, 3300000, 635, 'Thanh toán đơn hàng DH-10635', 1, 1, '', 0, 0, 0, 21, '2018-04-13 15:08:07', 4, '2018-04-15 16:33:49'),
(274, 'PC-10274', 2, 2, 2, 7, 0, 1, 0, 395, 0, 2080000, 640, 'Thanh toán đơn hàng DH-10640', 1, 1, '', 0, 0, 0, 21, '2018-04-14 14:10:48', NULL, NULL),
(275, 'PT-10275', 1, 2, 3, 7, 0, 1, 0, 395, 0, 2080000, 640, 'Thanh toán đơn hàng DH-10640', 1, 1, '', 0, 0, 0, 21, '2018-04-14 14:10:48', 4, '2018-04-17 23:00:28'),
(276, 'PT-10276', 1, 0, 3, 6, 1, 1, 0, 396, 0, 2440000, 0, '', 1, 1, '', 0, 0, 0, 4, '2018-04-14 20:11:09', NULL, NULL),
(277, 'PT-10277', 1, 2, 3, 0, 1, 2, 0, 359, 2, 2150000, 0, '', 1, 1, '', 0, 0, 0, 14, '2018-04-15 08:32:56', NULL, NULL),
(278, 'PC-10278', 2, 2, 2, 2, 0, 1, 0, 359, 0, 2150000, 540, 'Thanh toán đơn hàng DH-10540', 1, 1, '', 478, 0, 0, 14, '2018-04-15 08:33:08', NULL, NULL),
(279, 'PT-10279', 1, 0, 3, 6, 1, 1, 0, 398, 0, 580000, 0, '', 1, 1, '', 0, 0, 0, 4, '2018-04-15 11:40:45', NULL, NULL),
(280, 'PT-10280', 1, 0, 3, 6, 1, 1, 0, 399, 0, 380000, 0, '', 1, 1, '', 0, 0, 0, 4, '2018-04-15 16:34:42', NULL, NULL),
(281, 'PC-10281', 2, 2, 2, 7, 0, 1, 0, 400, 0, 2520000, 648, 'Thanh toán đơn hàng DH-10648', 1, 1, '', 0, 0, 0, 19, '2018-04-15 17:06:48', NULL, NULL),
(282, 'PT-10282', 1, 2, 3, 7, 0, 1, 0, 400, 0, 2520000, 648, 'Thanh toán đơn hàng DH-10648', 1, 1, '', 0, 0, 0, 19, '2018-04-15 17:06:48', 4, '2018-04-19 23:05:12'),
(283, 'PC-10283', 2, 2, 2, 7, 0, 1, 0, 410, 0, 1250000, 661, 'Thanh toán đơn hàng DH-10661', 1, 1, '', 0, 0, 0, 23, '2018-04-16 16:41:19', NULL, NULL),
(284, 'PT-10284', 1, 2, 2, 7, 0, 1, 0, 410, 0, 1250000, 661, 'Thanh toán đơn hàng DH-10661', 1, 1, '', 0, 0, 0, 23, '2018-04-16 16:41:19', NULL, NULL),
(285, 'PC-10285', 2, 2, 2, 2, 0, 1, 0, 412, 0, 1300000, 663, 'Thanh toán đơn hàng DH-10663', 1, 1, '', 0, 0, 0, 14, '2018-04-16 17:22:04', NULL, NULL),
(286, 'PT-10286', 1, 2, 3, 2, 0, 1, 0, 412, 0, 1300000, 663, 'Thanh toán đơn hàng DH-10663', 1, 1, '', 0, 0, 0, 14, '2018-04-16 17:22:04', 14, '2018-04-18 16:00:35'),
(287, 'PT-10287', 1, 2, 3, 0, 1, 2, 0, 416, 2, 2150000, 0, '', 1, 2, '', 0, 0, 0, 19, '2018-04-17 10:53:52', 19, '2018-04-17 10:59:13'),
(288, 'PC-10288', 2, 2, 2, 6, 0, 1, 0, 416, 0, 2150000, 669, 'Thanh toán đơn hàng DH-10669', 1, 1, '', 507, 0, 0, 19, '2018-04-17 10:59:45', NULL, NULL),
(289, 'PC-10289', 2, 2, 2, 7, 0, 1, 0, 417, 0, 1550000, 671, 'Thanh toán đơn hàng DH-10671', 1, 1, '', 0, 0, 0, 25, '2018-04-17 12:36:54', NULL, NULL),
(290, 'PT-10290', 1, 2, 3, 7, 0, 1, 0, 417, 0, 1550000, 671, 'Thanh toán đơn hàng DH-10671', 1, 1, '', 0, 0, 0, 25, '2018-04-17 12:36:54', 4, '2018-04-17 21:57:20'),
(291, 'PC-10291', 2, 2, 2, 2, 0, 1, 0, 418, 0, 1000000, 672, 'Thanh toán đơn hàng DH-10672', 1, 1, '', 0, 0, 0, 14, '2018-04-17 14:34:50', NULL, NULL),
(292, 'PT-10292', 1, 2, 3, 2, 0, 1, 0, 418, 0, 1000000, 672, 'Thanh toán đơn hàng DH-10672', 1, 1, '', 0, 0, 0, 14, '2018-04-17 14:34:50', 14, '2018-04-18 16:00:20'),
(293, 'PC-10293', 2, 2, 2, 2, 0, 1, 0, 418, 0, 150000, 673, 'Thanh toán đơn hàng DH-10673', 1, 1, '', 0, 0, 0, 14, '2018-04-17 14:42:14', NULL, NULL),
(294, 'PT-10294', 1, 2, 3, 2, 0, 1, 0, 418, 0, 150000, 673, 'Thanh toán đơn hàng DH-10673', 1, 1, '', 0, 0, 0, 14, '2018-04-17 14:42:14', 14, '2018-04-18 16:00:16'),
(295, 'PC-10295', 2, 2, 2, 7, 0, 1, 0, 419, 0, 4600000, 675, 'Thanh toán đơn hàng DH-10675', 1, 1, '', 0, 0, 0, 21, '2018-04-17 16:14:16', NULL, NULL),
(296, 'PT-10296', 1, 2, 3, 7, 0, 1, 0, 419, 0, 4600000, 675, 'Thanh toán đơn hàng DH-10675', 1, 1, '', 0, 0, 0, 21, '2018-04-17 16:14:16', 4, '2018-04-17 23:00:52'),
(297, 'PT-10297', 1, 2, 3, 0, 1, 2, 0, 420, 2, 1150000, 0, '', 1, 1, '', 0, 0, 0, 19, '2018-04-17 17:31:00', NULL, NULL),
(298, 'PC-10298', 2, 2, 2, 6, 0, 1, 0, 420, 0, 1150000, 677, 'Thanh toán đơn hàng DH-10677', 1, 1, '', 510, 0, 0, 19, '2018-04-17 17:32:02', NULL, NULL),
(299, 'PC-10299', 2, 2, 2, 7, 0, 1, 0, 422, 0, 2900000, 679, 'Thanh toán đơn hàng DH-10679', 1, 1, '', 0, 0, 0, 21, '2018-04-17 19:33:10', NULL, NULL),
(300, 'PT-10300', 1, 2, 3, 7, 0, 1, 0, 422, 0, 2900000, 679, 'Thanh toán đơn hàng DH-10679', 1, 1, '', 0, 0, 0, 21, '2018-04-17 19:33:10', 4, '2018-04-17 23:00:39'),
(301, 'PT-10301', 1, 0, 3, 0, 1, 2, 0, 420, 2, 1150000, 0, '', 1, 1, '', 0, 0, 0, 4, '2018-04-17 21:53:18', NULL, NULL),
(302, 'PT-10302', 1, 0, 3, 0, 1, 2, 0, 416, 2, 2150000, 0, '', 1, 1, '', 0, 0, 0, 4, '2018-04-17 21:54:36', NULL, NULL),
(303, 'PC-10303', 2, 2, 2, 2, 0, 1, 0, 427, 0, 1600000, 685, 'Thanh toán đơn hàng DH-10685', 1, 1, '', 0, 0, 0, 14, '2018-04-18 12:17:32', NULL, NULL),
(304, 'PT-10304', 1, 2, 3, 2, 0, 1, 0, 427, 0, 1600000, 685, 'Thanh toán đơn hàng DH-10685', 1, 1, '', 0, 0, 0, 14, '2018-04-18 12:17:32', 14, '2018-04-18 16:00:04'),
(305, 'PC-10305', 2, 2, 2, 6, 0, 1, 0, 32, 0, 6060000, 686, 'Thanh toán đơn hàng DH-10686', 1, 1, '', 0, 0, 0, 19, '2018-04-18 12:56:03', NULL, NULL),
(306, 'PT-10306', 1, 2, 3, 6, 0, 1, 0, 32, 0, 6060000, 686, 'Thanh toán đơn hàng DH-10686', 1, 1, '', 0, 0, 0, 19, '2018-04-18 12:56:03', 4, '2018-04-19 23:04:18'),
(307, 'PC-10307', 2, 2, 3, 2, 0, 1, 0, 125, 0, 500000, 0, 'Hoàn tiền phiếu thu PT-10255', 1, 1, '', 0, 0, 0, 14, '2018-04-18 16:01:56', NULL, NULL),
(308, 'PC-10308', 2, 2, 2, 7, 0, 1, 0, 437, 0, 4000000, 704, 'Thanh toán đơn hàng DH-10704', 1, 1, '', 0, 0, 0, 27, '2018-04-19 17:39:41', NULL, NULL),
(309, 'PT-10309', 1, 2, 3, 7, 0, 1, 0, 437, 0, 4000000, 704, 'Thanh toán đơn hàng DH-10704', 1, 1, '', 0, 0, 0, 27, '2018-04-19 17:39:41', 4, '2018-04-19 23:04:41'),
(310, 'PC-10310', 2, 2, 2, 7, 0, 1, 0, 419, 0, 670000, 709, 'Thanh toán đơn hàng DH-10709', 1, 1, '', 0, 0, 0, 21, '2018-04-19 21:31:26', NULL, NULL),
(311, 'PT-10311', 1, 2, 3, 7, 0, 1, 0, 419, 0, 670000, 709, 'Thanh toán đơn hàng DH-10709', 1, 1, '', 0, 0, 0, 21, '2018-04-19 21:31:26', 4, '2018-04-19 23:04:30'),
(312, 'PC-10312', 2, 2, 2, 7, 0, 1, 0, 440, 0, 4220000, 715, 'Thanh toán đơn hàng DH-10715', 1, 1, '', 0, 0, 0, 21, '2018-04-20 12:19:16', NULL, NULL),
(313, 'PT-10313', 1, 2, 3, 7, 0, 1, 0, 440, 0, 4220000, 715, 'Thanh toán đơn hàng DH-10715', 1, 1, '', 0, 0, 0, 21, '2018-04-20 12:19:16', 4, '2018-04-25 10:31:23'),
(314, 'PT-10314', 1, 2, 3, 0, 1, 2, 0, 441, 2, 4220000, 0, '', 1, 2, '', 0, 0, 0, 27, '2018-04-20 13:53:05', 4, '2018-04-20 22:25:31'),
(315, 'PC-10315', 2, 2, 2, 6, 0, 1, 0, 441, 0, 4220000, 717, 'Thanh toán đơn hàng DH-10717', 1, 1, '', 539, 0, 0, 27, '2018-04-20 14:31:11', NULL, NULL),
(316, 'PC-10316', 2, 3, 6, 7, 4, 1, 0, 405, 0, 1200000, 0, '', 1, 2, '', 0, 0, 0, 21, '2018-04-20 21:14:44', 3, '2018-05-08 19:01:12'),
(317, 'PC-10317', 2, 2, 2, 7, 0, 1, 0, 405, 0, 1200000, 721, 'Thanh toán đơn hàng DH-10721', 1, 1, '', 0, 0, 0, 21, '2018-04-20 21:26:03', NULL, NULL),
(318, 'PT-10318', 1, 2, 2, 7, 0, 1, 0, 405, 0, 1200000, 721, 'Thanh toán đơn hàng DH-10721', 1, 1, '', 0, 0, 0, 21, '2018-04-20 21:26:03', NULL, NULL),
(319, 'PT-10319', 1, 0, 2, 0, 1, 2, 0, 333, 1, 4000000, 0, '', 1, 1, '', 0, 0, 0, 21, '2018-04-21 14:12:06', NULL, NULL),
(320, 'PC-10320', 2, 2, 3, 2, 1, 1, 0, 62, 0, 500000, 0, 'Hoàn tiền phiếu thu PT-10111', 1, 1, '', 0, 0, 0, 14, '2018-04-21 21:16:46', NULL, NULL),
(321, 'PC-10321', 2, 2, 2, 7, 0, 1, 0, 429, 0, 550000, 740, 'Thanh toán đơn hàng DH-10740', 1, 1, '', 0, 0, 0, 27, '2018-04-22 12:21:08', NULL, NULL),
(322, 'PT-10322', 1, 2, 3, 7, 0, 1, 0, 429, 0, 550000, 740, 'Thanh toán đơn hàng DH-10740', 1, 1, '', 0, 0, 0, 27, '2018-04-22 12:21:08', 4, '2018-04-25 10:30:51'),
(323, 'PC-10323', 2, 2, 2, 6, 0, 1, 0, 450, 0, 4600000, 745, 'Thanh toán đơn hàng DH-10745', 1, 1, '', 0, 0, 0, 27, '2018-04-22 18:01:28', NULL, NULL),
(324, 'PT-10324', 1, 2, 3, 6, 0, 1, 0, 450, 0, 4600000, 745, 'Thanh toán đơn hàng DH-10745', 1, 1, '', 0, 0, 0, 27, '2018-04-22 18:01:28', 4, '2018-04-25 10:33:50'),
(325, 'PT-10325', 1, 2, 2, 0, 3, 2, 0, 454, 1, 6420000, 0, '', 1, 2, '', 0, 0, 0, 27, '2018-04-22 21:41:13', 27, '2018-04-22 21:41:25'),
(326, 'PC-10326', 2, 2, 2, 2, 0, 1, 0, 454, 0, 6420000, 746, 'Thanh toán đơn hàng DH-10746', 1, 1, '', 559, 0, 0, 27, '2018-04-22 21:42:16', NULL, NULL),
(327, 'PT-10327', 1, 2, 2, 2, 0, 1, 0, 454, 0, 6420000, 746, 'Hoàn lại tiền đơn hàng DH-10746 do vận chuyển bị hủy bỏ', 1, 1, '', 559, 0, 0, 27, '2018-04-23 07:59:43', NULL, NULL),
(328, 'PC-10328', 2, 2, 2, 2, 0, 1, 0, 454, 0, 6420000, 748, 'Thanh toán đơn hàng DH-10748', 1, 1, '', 561, 0, 0, 27, '2018-04-23 08:05:12', NULL, NULL),
(329, 'PC-10329', 2, 2, 2, 7, 0, 1, 0, 354, 0, 230000, 760, 'Thanh toán đơn hàng DH-10760', 1, 1, '', 0, 0, 0, 21, '2018-04-24 14:19:14', NULL, NULL),
(330, 'PT-10330', 1, 2, 3, 7, 0, 1, 0, 354, 0, 230000, 760, 'Thanh toán đơn hàng DH-10760', 1, 1, '', 0, 0, 0, 21, '2018-04-24 14:19:14', 4, '2018-04-28 21:32:05'),
(331, 'PC-10331', 2, 2, 2, 7, 4, 1, 0, 388, 0, 30000, 0, '', 1, 2, '', 0, 0, 0, 21, '2018-04-24 16:26:33', 21, '2018-04-24 16:26:43'),
(332, 'PC-10332', 2, 2, 2, 2, 0, 1, 0, 471, 0, 4000000, 768, 'Thanh toán đơn hàng DH-10768', 1, 1, '', 0, 0, 0, 14, '2018-04-25 08:33:16', NULL, NULL),
(333, 'PT-10333', 1, 2, 3, 2, 0, 1, 0, 471, 0, 4000000, 768, 'Thanh toán đơn hàng DH-10768', 1, 1, '', 0, 0, 0, 14, '2018-04-25 08:33:16', 14, '2018-04-29 14:23:23'),
(334, 'PC-10334', 2, 2, 2, 2, 0, 1, 0, 472, 0, 2100000, 769, 'Thanh toán đơn hàng DH-10769', 1, 1, '', 0, 0, 0, 14, '2018-04-25 10:36:29', NULL, NULL),
(335, 'PT-10335', 1, 2, 3, 2, 0, 1, 0, 472, 0, 2100000, 769, 'Thanh toán đơn hàng DH-10769', 1, 1, '', 0, 0, 0, 14, '2018-04-25 10:36:29', 14, '2018-04-29 14:23:34'),
(336, 'PT-10336', 1, 2, 3, 0, 1, 2, 0, 477, 3, 3100000, 0, '', 1, 1, '', 0, 0, 0, 14, '2018-04-26 15:59:34', 14, '2018-04-26 15:59:51'),
(337, 'PC-10337', 2, 2, 2, 6, 0, 1, 0, 477, 0, 3100000, 777, 'Thanh toán đơn hàng DH-10777', 1, 1, '', 587, 0, 0, 14, '2018-04-26 16:00:25', NULL, NULL),
(338, 'PT-10338', 1, 0, 3, 6, 1, 1, 0, 470, 0, 390000, 0, '', 1, 1, '', 0, 1, 0, 4, '2018-04-26 17:33:04', NULL, NULL),
(339, 'PC-10339', 2, 2, 2, 7, 0, 1, 0, 478, 0, 3800000, 779, 'Thanh toán đơn hàng DH-10779', 1, 1, '', 0, 0, 0, 21, '2018-04-26 22:32:09', NULL, NULL),
(340, 'PT-10340', 1, 2, 3, 7, 0, 1, 0, 478, 0, 3800000, 779, 'Thanh toán đơn hàng DH-10779', 1, 1, '', 0, 0, 0, 21, '2018-04-26 22:32:09', 4, '2018-04-28 21:32:11'),
(341, 'PC-10341', 2, 2, 2, 7, 0, 2, 0, 482, 3, 4500000, 784, 'Thanh toán đơn hàng DH-10784', 1, 1, '', 0, 0, 0, 21, '2018-04-27 21:21:53', NULL, NULL),
(342, 'PT-10342', 1, 2, 3, 7, 0, 2, 0, 482, 3, 4500000, 784, 'Thanh toán đơn hàng DH-10784', 1, 1, '', 0, 0, 0, 21, '2018-04-27 21:21:53', 4, '2018-05-03 22:50:17'),
(343, 'PC-10343', 2, 2, 2, 7, 0, 1, 0, 114, 0, 230000, 790, 'Thanh toán đơn hàng DH-10790', 1, 1, '', 0, 0, 0, 21, '2018-04-28 09:40:54', NULL, NULL),
(344, 'PT-10344', 1, 2, 3, 7, 0, 1, 0, 114, 0, 230000, 790, 'Thanh toán đơn hàng DH-10790', 1, 1, '', 0, 0, 0, 21, '2018-04-28 09:40:54', 4, '2018-04-28 21:32:26'),
(345, 'PC-10345', 2, 2, 3, 0, 4, 2, 0, 454, 3, 150000, 0, 'Techcom bank - Chi Nhanh TAn Binh ( hoac TSN ) \n10620246334011 \nNGUYEN HUNG DONG. \nHoàn tiền Cáp XRL của đơn DH-10748 Cho khách vì tạo đơn thiếu và khách đã mua ngoài', 1, 1, '', 0, 0, 0, 27, '2018-04-28 15:26:13', 3, '2018-04-29 14:31:22');
INSERT INTO `transactions` (`TransactionId`, `TransactionCode`, `TransactionTypeId`, `TransactionStatusId`, `VerifyLevelId`, `StoreId`, `TransactionReasonId`, `MoneySourceId`, `MoneyPhoneId`, `CustomerId`, `BankId`, `PaidCost`, `OrderId`, `Comment`, `HasDebt`, `PrintStatusId`, `DebtComment`, `TransportId`, `FundId`, `TransactionKindId`, `CrUserId`, `CrDateTime`, `UpdateUserId`, `UpdateDateTime`) VALUES
(346, 'PT-10346', 1, 0, 3, 7, 1, 1, 0, 3, 0, 500000, 0, '', 1, 1, '', 0, 0, 0, 11, '2018-05-01 20:33:52', 11, '2018-05-01 20:34:16'),
(347, 'PC-10347', 2, 2, 2, 7, 0, 1, 0, 511, 0, 250000, 830, 'Thanh toán đơn hàng DH-10830', 1, 1, '', 0, 0, 0, 23, '2018-05-03 10:00:14', NULL, NULL),
(348, 'PT-10348', 1, 2, 3, 7, 0, 1, 0, 511, 0, 250000, 830, 'Thanh toán đơn hàng DH-10830', 1, 1, '', 0, 0, 0, 23, '2018-05-03 10:00:14', 4, '2018-05-03 22:50:02'),
(349, 'PC-10349', 2, 2, 2, 7, 0, 1, 0, 395, 0, 2700000, 832, 'Thanh toán đơn hàng DH-10832', 1, 1, '', 0, 0, 0, 27, '2018-05-03 11:12:12', NULL, NULL),
(350, 'PT-10350', 1, 2, 3, 7, 0, 1, 0, 395, 0, 2700000, 832, 'Thanh toán đơn hàng DH-10832', 1, 1, '', 0, 0, 0, 27, '2018-05-03 11:12:12', 4, '2018-05-03 22:49:43'),
(351, 'PT-10351', 1, 0, 3, 6, 1, 1, 0, 500, 0, 1160000, 0, '', 1, 1, '', 0, 1, 0, 4, '2018-05-03 22:49:26', NULL, NULL),
(352, 'PC-10352', 2, 2, 2, 6, 0, 1, 0, 450, 0, 2600000, 843, 'Thanh toán đơn hàng DH-10843', 1, 1, '', 0, 0, 0, 3, '2018-05-04 17:07:08', NULL, NULL),
(353, 'PT-10353', 1, 2, 3, 6, 0, 1, 0, 450, 0, 2600000, 843, 'Thanh toán đơn hàng DH-10843', 1, 1, '', 0, 0, 0, 3, '2018-05-04 17:07:08', 4, '2018-05-04 22:09:18'),
(354, 'PC-10354', 2, 2, 2, 6, 0, 1, 0, 450, 0, 1000000, 844, 'Thanh toán đơn hàng DH-10844', 1, 1, '', 0, 0, 0, 3, '2018-05-04 17:09:20', NULL, NULL),
(355, 'PT-10355', 1, 2, 3, 6, 0, 1, 0, 450, 0, 1000000, 844, 'Thanh toán đơn hàng DH-10844', 1, 1, '', 0, 0, 0, 3, '2018-05-04 17:09:20', 4, '2018-05-04 22:09:08'),
(356, 'PT-10356', 1, 0, 3, 6, 1, 1, 0, 517, 0, 3090000, 0, '', 1, 1, '', 0, 1, 0, 4, '2018-05-04 22:07:19', NULL, NULL),
(357, 'PT-10357', 1, 0, 3, 6, 1, 1, 0, 512, 0, 390000, 0, '', 1, 1, '', 0, 1, 0, 4, '2018-05-05 22:56:16', NULL, NULL),
(358, 'PT-10358', 1, 2, 3, 0, 1, 2, 0, 523, 1, 1000000, 0, '', 1, 1, '', 0, 0, 0, 14, '2018-05-06 08:41:25', 14, '2018-05-06 16:14:18'),
(359, 'PC-10359', 2, 2, 3, 6, 0, 5, 0, 523, 0, 1000000, 852, 'Thanh toán đơn hàng DH-10852', 1, 1, '', 656, 0, 0, 14, '2018-05-06 16:14:38', NULL, NULL),
(360, 'PT-10360', 1, 0, 3, 6, 1, 1, 0, 525, 0, 2565000, 0, '', 1, 1, '', 0, 1, 0, 4, '2018-05-06 20:50:53', NULL, NULL),
(361, 'PC-10361', 2, 2, 3, 6, 0, 0, 0, 503, 0, 2190000, 817, 'Chi tiền COD đơn hàng DH-10817', 1, 1, '', 620, 0, 0, 4, '2018-05-07 21:40:04', NULL, NULL),
(362, 'PT-10362', 1, 2, 2, 6, 0, 0, 0, 503, 0, 2190000, 817, 'Thu tiền COD đơn hàng DH-10817', 1, 1, '', 620, 0, 0, 4, '2018-05-07 21:40:04', NULL, NULL),
(363, 'PC-10363', 2, 2, 3, 6, 0, 0, 0, 515, 0, 1650000, 836, 'Chi tiền COD đơn hàng DH-10836', 1, 1, '', 636, 0, 0, 4, '2018-05-07 21:42:31', NULL, NULL),
(364, 'PT-10364', 1, 2, 2, 6, 0, 0, 0, 515, 0, 1650000, 836, 'Thu tiền COD đơn hàng DH-10836', 1, 1, '', 636, 0, 0, 4, '2018-05-07 21:42:31', NULL, NULL),
(365, 'PC-10365', 2, 2, 3, 2, 0, 0, 0, 113, 0, 50000, 792, 'Chi tiền COD đơn hàng DH-10792', 1, 1, '', 599, 0, 0, 14, '2018-05-08 08:33:21', NULL, NULL),
(366, 'PT-10366', 1, 2, 2, 2, 0, 0, 0, 113, 0, 50000, 792, 'Thu tiền COD đơn hàng DH-10792', 1, 1, '', 599, 0, 0, 14, '2018-05-08 08:33:21', NULL, NULL),
(367, 'PC-10367', 2, 2, 3, 2, 0, 0, 0, 484, 0, 390000, 791, 'Chi tiền COD đơn hàng DH-10791', 1, 1, '', 598, 0, 0, 14, '2018-05-08 08:38:31', NULL, NULL),
(368, 'PT-10368', 1, 2, 2, 2, 0, 0, 0, 484, 0, 390000, 791, 'Thu tiền COD đơn hàng DH-10791', 1, 1, '', 598, 0, 0, 14, '2018-05-08 08:38:31', NULL, NULL),
(369, 'PT-10369', 1, 2, 3, 0, 3, 5, 0, 454, 0, 150000, 0, 'Hoàn lại tiền cho khách vì quên tạo CÁP XLR-XLR ( Kiệt )', 1, 1, '', 0, 0, 0, 3, '2018-05-08 18:59:44', NULL, NULL),
(370, 'PT-10370', 1, 2, 3, 7, 4, 1, 0, 405, 0, 1200000, 0, 'Hoàn tiền phiếu chi PC-10316', 1, 1, '', 0, 0, 0, 3, '2018-05-08 19:01:12', NULL, NULL),
(371, 'PT-10371', 1, 2, 2, 0, 1, 3, 1, 531, 0, 50000, 0, 'Đã xác nhận nạp thành công', 1, 2, '', 0, 0, 0, 27, '2018-05-09 19:25:38', NULL, NULL),
(372, 'PC-10372', 2, 2, 3, 6, 0, 5, 0, 531, 0, 50000, 871, 'Thanh toán đơn hàng DH-10871', 1, 1, '', 671, 0, 0, 27, '2018-05-09 19:29:28', NULL, NULL),
(373, 'PT-10373', 1, 2, 2, 0, 1, 3, 1, 536, 0, 20000, 0, 'Khách đã chuyển', 1, 2, '', 0, 0, 0, 27, '2018-05-09 19:38:59', NULL, NULL),
(374, 'PC-10374', 2, 2, 3, 6, 0, 5, 0, 536, 0, 20000, 872, 'Thanh toán đơn hàng DH-10872', 1, 1, '', 672, 0, 0, 27, '2018-05-09 19:47:49', NULL, NULL),
(375, 'PC-10375', 2, 2, 3, 6, 0, 0, 0, 496, 0, 0, 842, 'Chi tiền COD đơn hàng DH-10842', 1, 1, '', 642, 0, 0, 4, '2018-05-10 08:11:03', NULL, NULL),
(376, 'PT-10376', 1, 2, 2, 6, 0, 0, 0, 496, 0, 0, 842, 'Thu tiền COD đơn hàng DH-10842', 1, 1, '', 642, 0, 0, 4, '2018-05-10 08:11:03', NULL, NULL),
(377, 'PC-10377', 2, 2, 3, 2, 0, 0, 0, 505, 0, 4260000, 818, 'Chi tiền COD đơn hàng DH-10818', 1, 1, '', 621, 0, 0, 14, '2018-05-10 08:52:08', NULL, NULL),
(378, 'PT-10378', 1, 2, 2, 2, 0, 0, 0, 505, 0, 4260000, 818, 'Thu tiền COD đơn hàng DH-10818', 1, 1, '', 621, 0, 0, 14, '2018-05-10 08:52:08', NULL, NULL),
(379, 'PC-10379', 2, 2, 3, 2, 0, 0, 0, 502, 0, 400000, 816, 'Chi tiền COD đơn hàng DH-10816', 1, 1, '', 619, 0, 0, 14, '2018-05-10 08:52:18', NULL, NULL),
(380, 'PT-10380', 1, 2, 2, 2, 0, 0, 0, 502, 0, 400000, 816, 'Thu tiền COD đơn hàng DH-10816', 1, 1, '', 619, 0, 0, 14, '2018-05-10 08:52:18', NULL, NULL),
(381, 'PT-10381', 1, 2, 3, 0, 1, 2, 0, 535, 3, 5800000, 0, '', 1, 1, '', 0, 0, 0, 14, '2018-05-10 10:42:03', NULL, NULL),
(382, 'PC-10382', 2, 2, 3, 6, 0, 5, 0, 535, 0, 5800000, 874, 'Thanh toán đơn hàng DH-10874', 1, 1, '', 673, 0, 0, 14, '2018-05-10 10:42:30', NULL, NULL),
(383, 'PC-10383', 2, 2, 3, 2, 0, 0, 0, 493, 0, 180000, 845, 'Chi tiền COD đơn hàng DH-10845', 1, 1, '', 643, 0, 0, 14, '2018-05-10 14:43:06', NULL, NULL),
(384, 'PT-10384', 1, 2, 2, 2, 0, 0, 0, 493, 0, 180000, 845, 'Thu tiền COD đơn hàng DH-10845', 1, 1, '', 643, 0, 0, 14, '2018-05-10 14:43:06', NULL, NULL),
(385, 'PC-10385', 2, 2, 3, 2, 0, 0, 0, 514, 0, 2530000, 835, 'Chi tiền COD đơn hàng DH-10835', 1, 1, '', 635, 0, 0, 14, '2018-05-11 08:36:42', NULL, NULL),
(386, 'PT-10386', 1, 2, 2, 2, 0, 0, 0, 514, 0, 2530000, 835, 'Thu tiền COD đơn hàng DH-10835', 1, 1, '', 635, 0, 0, 14, '2018-05-11 08:36:42', NULL, NULL),
(387, 'PC-10387', 2, 2, 3, 2, 0, 0, 0, 489, 0, 390000, 800, 'Chi tiền COD đơn hàng DH-10800', 1, 1, '', 604, 0, 0, 14, '2018-05-11 10:43:10', NULL, NULL),
(388, 'PT-10388', 1, 2, 2, 2, 0, 0, 0, 489, 0, 390000, 800, 'Thu tiền COD đơn hàng DH-10800', 1, 1, '', 604, 0, 0, 14, '2018-05-11 10:43:10', NULL, NULL),
(389, 'PC-10389', 2, 2, 3, 2, 0, 0, 0, 510, 0, 360000, 828, 'Chi tiền COD đơn hàng DH-10828', 1, 1, '', 632, 0, 0, 14, '2018-05-11 10:45:34', NULL, NULL),
(390, 'PT-10390', 1, 2, 2, 2, 0, 0, 0, 510, 0, 360000, 828, 'Thu tiền COD đơn hàng DH-10828', 1, 1, '', 632, 0, 0, 14, '2018-05-11 10:45:34', NULL, NULL),
(391, 'PC-10391', 2, 2, 3, 2, 0, 0, 0, 509, 0, 1540000, 827, 'Chi tiền COD đơn hàng DH-10827', 1, 1, '', 631, 0, 0, 14, '2018-05-11 10:46:10', NULL, NULL),
(392, 'PT-10392', 1, 2, 2, 2, 0, 0, 0, 509, 0, 1540000, 827, 'Thu tiền COD đơn hàng DH-10827', 1, 1, '', 631, 0, 0, 14, '2018-05-11 10:46:10', NULL, NULL),
(393, 'PC-10393', 2, 2, 3, 2, 0, 0, 0, 462, 0, 0, 859, 'Chi tiền COD đơn hàng DH-10859', 1, 1, '', 658, 0, 0, 14, '2018-05-11 10:49:39', NULL, NULL),
(394, 'PT-10394', 1, 2, 2, 2, 0, 0, 0, 462, 0, 0, 859, 'Thu tiền COD đơn hàng DH-10859', 1, 1, '', 658, 0, 0, 14, '2018-05-11 10:49:39', NULL, NULL),
(395, 'PC-10395', 2, 2, 3, 2, 0, 0, 0, 529, 0, 2190000, 862, 'Chi tiền COD đơn hàng DH-10862', 1, 1, '', 661, 0, 0, 14, '2018-05-11 10:50:05', NULL, NULL),
(396, 'PT-10396', 1, 2, 2, 2, 0, 0, 0, 529, 0, 2190000, 862, 'Thu tiền COD đơn hàng DH-10862', 1, 1, '', 661, 0, 0, 14, '2018-05-11 10:50:05', NULL, NULL),
(397, 'PC-10397', 2, 2, 2, 6, 0, 1, 0, 2, 0, 1000000, 883, 'Thanh toán đơn hàng DH-10883', 1, 1, '', 0, 0, 0, 1, '2018-05-13 17:46:58', NULL, NULL),
(398, 'PT-10398', 1, 2, 2, 6, 0, 1, 0, 2, 0, 1000000, 883, 'Thanh toán đơn hàng DH-10883', 1, 1, '', 0, 0, 0, 1, '2018-05-13 17:46:58', NULL, NULL),
(399, 'PC-10399', 2, 2, 2, 6, 0, 1, 0, 2, 0, 1000000, 884, 'Thanh toán đơn hàng DH-10884', 1, 1, '', 0, 0, 0, 1, '2018-05-23 21:30:39', NULL, NULL),
(400, 'PT-10400', 1, 2, 2, 6, 0, 1, 0, 2, 0, 1000000, 884, 'Thanh toán đơn hàng DH-10884', 1, 1, '', 0, 0, 0, 1, '2018-05-23 21:30:39', NULL, NULL),
(401, 'PC-10401', 2, 2, 2, 7, 0, 1, 0, 2, 0, 1000000, 885, 'Thanh toán đơn hàng DH-10885', 1, 1, '', 0, 0, 0, 1, '2018-05-24 10:51:34', NULL, NULL),
(402, 'PT-10402', 1, 2, 2, 7, 0, 1, 0, 2, 0, 1000000, 885, 'Thanh toán đơn hàng DH-10885', 1, 1, '', 0, 0, 0, 1, '2018-05-24 10:51:34', NULL, NULL),
(403, 'PC-10403', 2, 2, 2, 2, 0, 1, 0, 2, 0, 1000000, 886, 'Thanh toán đơn hàng DH-10886', 1, 1, '', 0, 0, 0, 1, '2018-05-24 10:52:38', NULL, NULL),
(404, 'PT-10404', 1, 2, 2, 2, 0, 1, 0, 2, 0, 1000000, 886, 'Thanh toán đơn hàng DH-10886', 1, 1, '', 0, 0, 0, 1, '2018-05-24 10:52:38', NULL, NULL),
(405, 'PC-10405', 2, 2, 2, 2, 0, 1, 0, 2, 0, 1000000, 887, 'Thanh toán đơn hàng DH-10887', 1, 1, '', 0, 0, 0, 1, '2018-05-24 10:59:44', NULL, NULL),
(406, 'PT-10406', 1, 2, 2, 2, 0, 1, 0, 2, 0, 1000000, 887, 'Thanh toán đơn hàng DH-10887', 1, 1, '', 0, 0, 0, 1, '2018-05-24 10:59:44', NULL, NULL),
(407, 'PC-10407', 2, 2, 2, 6, 0, 1, 0, 4, 0, 1000000, 890, 'Thanh toán đơn hàng DH-10890', 1, 1, '', 0, 0, 0, 1, '2018-06-01 20:13:41', NULL, NULL),
(408, 'PT-10408', 1, 2, 2, 6, 0, 1, 0, 4, 0, 1000000, 890, 'Thanh toán đơn hàng DH-10890', 1, 1, '', 0, 0, 0, 1, '2018-06-01 20:13:41', NULL, NULL),
(409, 'PC-10409', 2, 2, 2, 6, 0, 1, 0, 2, 0, 1000000, 891, 'Thanh toán đơn hàng DH-10891', 1, 1, '', 0, 0, 0, 1, '2018-06-03 21:32:27', NULL, NULL),
(410, 'PT-10410', 1, 2, 2, 6, 0, 1, 0, 2, 0, 1000000, 891, 'Thanh toán đơn hàng DH-10891', 1, 1, '', 0, 0, 0, 1, '2018-06-03 21:32:27', NULL, NULL),
(411, 'PC-10411', 2, 2, 2, 6, 0, 1, 0, 2, 0, 1000000, 893, 'Thanh toán đơn hàng DH-10893', 1, 1, '', 0, 0, 0, 1, '2018-06-03 21:47:50', NULL, NULL),
(412, 'PT-10412', 1, 2, 2, 6, 0, 1, 0, 2, 0, 1000000, 893, 'Thanh toán đơn hàng DH-10893', 1, 1, '', 0, 0, 0, 1, '2018-06-03 21:47:50', NULL, NULL),
(413, 'PC-10413', 2, 2, 2, 2, 0, 1, 0, 3, 0, 1000000, 895, 'Thanh toán đơn hàng DH-10895', 1, 1, '', 0, 0, 0, 11, '2018-06-03 22:16:51', NULL, NULL),
(414, 'PT-10414', 1, 2, 2, 2, 0, 1, 0, 3, 0, 1000000, 895, 'Thanh toán đơn hàng DH-10895', 1, 1, '', 0, 0, 0, 11, '2018-06-03 22:16:51', NULL, NULL),
(415, 'PC-10415', 2, 2, 2, 6, 0, 1, 0, 2, 0, 1000000, 897, 'Thanh toán đơn hàng DH-10897', 1, 1, '', 0, 0, 0, 11, '2018-06-07 18:31:01', NULL, NULL),
(416, 'PT-10416', 1, 2, 2, 6, 0, 1, 0, 2, 0, 1000000, 897, 'Thanh toán đơn hàng DH-10897', 1, 1, '', 0, 0, 0, 11, '2018-06-07 18:31:01', NULL, NULL);

-- --------------------------------------------------------

--
-- Table structure for table `transportcaretypes`
--

CREATE TABLE `transportcaretypes` (
  `TransportCareTypeId` smallint(6) NOT NULL,
  `TransportCareTypeName` varchar(250) NOT NULL,
  `TransportTypeId` smallint(6) NOT NULL,
  `StatusId` tinyint(4) NOT NULL
) ENGINE=InnoDB DEFAULT CHARSET=utf8;

--
-- Dumping data for table `transportcaretypes`
--

INSERT INTO `transportcaretypes` (`TransportCareTypeId`, `TransportCareTypeName`, `TransportTypeId`, `StatusId`) VALUES
(1, 'Giao hỏa tốc (1-2) ngày', 1, 2),
(2, 'Cho đồng kiểm ( cho khách kiểm tra hàng )', 1, 2);

-- --------------------------------------------------------

--
-- Table structure for table `transportcomments`
--

CREATE TABLE `transportcomments` (
  `TransportCommentId` int(11) NOT NULL,
  `TransportId` int(11) NOT NULL,
  `UserId` int(11) NOT NULL,
  `Comment` varchar(250) NOT NULL,
  `CrDateTime` datetime NOT NULL
) ENGINE=InnoDB DEFAULT CHARSET=utf8;

--
-- Dumping data for table `transportcomments`
--

INSERT INTO `transportcomments` (`TransportCommentId`, `TransportId`, `UserId`, `Comment`, `CrDateTime`) VALUES
(1, 4, 3, 'dsfddddddddddddddddđuuuuuuuuuuuuuuuuuuuuuuuuuuuuuuuuuuuuuuuuuuuuuuuuuuuuuuuuuuuuu', '2018-02-04 15:25:06'),
(2, 73, 19, 'shop gửi theo xe hn thái bình', '2018-03-03 16:33:57'),
(3, 81, 14, 'KDN-VCN', '2018-03-05 16:06:53'),
(4, 143, 3, '1', '2018-03-13 10:24:43'),
(5, 143, 3, '23', '2018-03-13 10:24:45'),
(6, 143, 3, 'FGFDGFDGDGDFGDFGDFGDFGDFG', '2018-03-13 10:24:50'),
(7, 156, 3, '12', '2018-03-15 14:50:32'),
(8, 168, 14, 'gửi 50 vỏ AT250 sang kho HN', '2018-03-15 14:55:59'),
(9, 28, 14, 'Đơn này ban đầu phát thành công=> hoàn bưu điện về kho DN', '2018-03-15 15:21:05'),
(10, 88, 14, 'Nhận ngày 21-3 đơn chuyển hoàn', '2018-03-22 09:11:22'),
(11, 297, 4, 'hết a66f xanh nên gửi màu đen', '2018-03-26 14:41:03'),
(12, 105, 3, '1', '2018-03-29 18:56:26'),
(13, 352, 14, 'khách chủ động liên hệ tới báo đã nhận hàng', '2018-04-04 10:35:39'),
(14, 313, 14, 'Khách chủ động liên hệ báo đã nhận hàng', '2018-04-05 10:50:11'),
(15, 313, 14, 'Đơn này hoàn về kho ĐN', '2018-04-08 14:50:12'),
(16, 480, 4, 'đơn này gửi từ cơ sở 136 nguyễn an ninh', '2018-04-15 15:58:05'),
(17, 506, 19, 'Gửi xe khách thái Nguyên', '2018-04-17 10:58:30'),
(18, 507, 19, 'Gửi xe khách Thái Nguyên', '2018-04-17 11:00:20'),
(19, 526, 3, '11', '2018-04-20 16:44:42'),
(20, 590, 14, 'đã liên hệ khách để xác nhận => khách đã nhận hàng', '2018-05-02 15:45:11'),
(21, 640, 14, 'Đã nhận được tiền từ shipper', '2018-05-04 10:26:52'),
(22, 474, 14, 'đã hoàn đơn này, bưu điện cập nhật trạng thái đã phát nên nhím mới đổi trạng thái đã giao hàng', '2018-05-05 08:27:41'),
(23, 597, 14, 'đã liên hệ khách báo sẽ nhận vào ngày 16 vì đang đi công tác', '2018-05-11 10:42:48'),
(24, 677, 1, 'aaâ', '2018-05-11 16:23:23');

-- --------------------------------------------------------

--
-- Table structure for table `transportercontacts`
--

CREATE TABLE `transportercontacts` (
  `TransporterContactId` int(11) NOT NULL,
  `TransporterId` smallint(6) NOT NULL,
  `ContactName` varchar(250) COLLATE utf8_unicode_ci NOT NULL,
  `ContactPhone` varchar(15) COLLATE utf8_unicode_ci NOT NULL
) ENGINE=MyISAM DEFAULT CHARSET=utf8 COLLATE=utf8_unicode_ci;

--
-- Dumping data for table `transportercontacts`
--

INSERT INTO `transportercontacts` (`TransporterContactId`, `TransporterId`, `ContactName`, `ContactPhone`) VALUES
(14, 1, 'a hưng - giám đốc bưu cực', '01666022848'),
(2, 2, 'a hưng', '01666022848'),
(8, 3, 'Quỳnh', '0987254933'),
(11, 4, '1', '1'),
(10, 5, '1', '1'),
(12, 6, '1', '1'),
(13, 7, '1', '1'),
(15, 8, '1', '1');

-- --------------------------------------------------------

--
-- Table structure for table `transporters`
--

CREATE TABLE `transporters` (
  `TransporterId` smallint(6) NOT NULL,
  `TransporterCode` varchar(15) COLLATE utf8_unicode_ci NOT NULL,
  `TransporterName` varchar(250) COLLATE utf8_unicode_ci NOT NULL,
  `HasCOD` tinyint(4) NOT NULL,
  `ItemStatusId` tinyint(4) NOT NULL,
  `Comment` varchar(650) COLLATE utf8_unicode_ci DEFAULT NULL,
  `CrUserId` int(11) NOT NULL,
  `CrDateTime` datetime NOT NULL,
  `UpdateUserId` int(11) DEFAULT NULL,
  `UpdateDateTime` datetime DEFAULT NULL
) ENGINE=MyISAM DEFAULT CHARSET=utf8 COLLATE=utf8_unicode_ci;

--
-- Dumping data for table `transporters`
--

INSERT INTO `transporters` (`TransporterId`, `TransporterCode`, `TransporterName`, `HasCOD`, `ItemStatusId`, `Comment`, `CrUserId`, `CrDateTime`, `UpdateUserId`, `UpdateDateTime`) VALUES
(1, 'vt-tb', 'Viettel-TrảngBom', 2, 2, 'Tài khoản CK - VietinkBank Đình Thái', 19, '2018-02-03 16:59:49', 3, '2018-02-24 15:43:32'),
(2, 'vt-tb', 'Việt theo trảng bom', 2, 0, '', 19, '2018-02-03 16:59:50', 3, '2018-02-23 15:25:19'),
(3, 'vnp-nan', 'VNpost-NAN', 2, 2, 'Dùng phiếu thủ công - quỳnh quản lý |', 3, '2018-02-23 15:26:23', NULL, NULL),
(4, 'ship-td', 'Shipper ngoài', 2, 2, 'Gửi hàng là thu tiền', 3, '2018-02-24 14:38:42', 3, '2018-02-24 14:39:49'),
(5, 'sship', 'Sship-APP', 2, 2, 'ứng dung sship', 3, '2018-02-24 14:39:15', NULL, NULL),
(6, 'Xe-khach', 'Xe khách', 1, 2, 'Phải thu tiền trước, mới gửi xe khách', 3, '2018-02-24 15:43:23', NULL, NULL),
(7, 'Xe-khach', 'Xe khách', 1, 0, 'Phải thu tiền trước, mới gửi xe khách', 3, '2018-02-24 15:43:25', 3, '2018-02-25 11:16:38'),
(8, 'Vtp-tb', 'ViettelPost Trảng Bom', 2, 0, '', 3, '2018-02-24 21:43:16', 3, '2018-02-24 21:43:32');

-- --------------------------------------------------------

--
-- Table structure for table `transporterstores`
--

CREATE TABLE `transporterstores` (
  `TransporterStoresId` int(11) NOT NULL,
  `TransporterId` smallint(6) NOT NULL,
  `StoreId` smallint(6) NOT NULL
) ENGINE=MyISAM DEFAULT CHARSET=utf8 COLLATE=utf8_unicode_ci;

--
-- Dumping data for table `transporterstores`
--

INSERT INTO `transporterstores` (`TransporterStoresId`, `TransporterId`, `StoreId`) VALUES
(17, 3, 7),
(16, 3, 6),
(31, 1, 2),
(4, 2, 2),
(5, 2, 6),
(6, 2, 7),
(23, 4, 6),
(22, 4, 2),
(20, 5, 6),
(21, 5, 7),
(24, 4, 7),
(25, 6, 2),
(26, 6, 6),
(27, 6, 7),
(28, 7, 2),
(29, 7, 6),
(30, 7, 7),
(32, 8, 2);

-- --------------------------------------------------------

--
-- Table structure for table `transportimages`
--

CREATE TABLE `transportimages` (
  `TransportImageId` int(11) NOT NULL,
  `TransportId` int(11) NOT NULL,
  `Image` varchar(250) NOT NULL,
  `TransportStatusId` tinyint(4) NOT NULL
) ENGINE=InnoDB DEFAULT CHARSET=utf8;

--
-- Dumping data for table `transportimages`
--

INSERT INTO `transportimages` (`TransportImageId`, `TransportId`, `Image`, `TransportStatusId`) VALUES
(1, 391, '20180402172220745041028.jpg', 2),
(2, 391, '20180402172220201853040.jpg', 2);

-- --------------------------------------------------------

--
-- Table structure for table `transportreasons`
--

CREATE TABLE `transportreasons` (
  `TransportReasonId` smallint(6) NOT NULL,
  `TransportReasonName` varchar(250) COLLATE utf8_unicode_ci NOT NULL,
  `StatusId` tinyint(4) NOT NULL
) ENGINE=MyISAM DEFAULT CHARSET=utf8 COLLATE=utf8_unicode_ci;

--
-- Dumping data for table `transportreasons`
--

INSERT INTO `transportreasons` (`TransportReasonId`, `TransportReasonName`, `StatusId`) VALUES
(1, 'Lưu chuyển kho', 2),
(2, 'Khách cũ', 2);

-- --------------------------------------------------------

--
-- Table structure for table `transports`
--

CREATE TABLE `transports` (
  `TransportId` int(11) NOT NULL,
  `TransportCode` varchar(15) COLLATE utf8_unicode_ci DEFAULT NULL,
  `OrderId` int(11) NOT NULL,
  `CustomerId` int(11) NOT NULL,
  `CustomerAddressId` int(11) NOT NULL,
  `TransportUserId` int(11) NOT NULL,
  `TransportStatusId` tinyint(4) NOT NULL,
  `PendingStatusId` smallint(6) NOT NULL,
  `TransportTypeId` smallint(6) NOT NULL,
  `TransporterId` smallint(6) NOT NULL,
  `StoreId` smallint(6) NOT NULL,
  `Tracking` varchar(15) COLLATE utf8_unicode_ci NOT NULL,
  `Weight` int(11) NOT NULL,
  `CODCost` int(11) NOT NULL,
  `CODStatusId` tinyint(4) NOT NULL,
  `ShipCost` int(11) NOT NULL,
  `Comment` varchar(650) COLLATE utf8_unicode_ci DEFAULT NULL,
  `CancelReasonId` smallint(6) DEFAULT NULL,
  `CancelComment` varchar(650) COLLATE utf8_unicode_ci DEFAULT NULL,
  `CrUserId` int(11) NOT NULL,
  `CrDateTime` datetime NOT NULL,
  `UpdateUserId` int(11) DEFAULT NULL,
  `UpdateDateTime` datetime DEFAULT NULL
) ENGINE=MyISAM DEFAULT CHARSET=utf8 COLLATE=utf8_unicode_ci;

-- --------------------------------------------------------

--
-- Table structure for table `transportstatuslogs`
--

CREATE TABLE `transportstatuslogs` (
  `TransportStatusLogId` int(11) NOT NULL,
  `TransportId` int(11) NOT NULL,
  `TransportStatusId` tinyint(4) NOT NULL,
  `CrUserId` int(11) NOT NULL,
  `CrDateTime` datetime NOT NULL
) ENGINE=InnoDB DEFAULT CHARSET=utf8;

-- --------------------------------------------------------

--
-- Table structure for table `transporttypes`
--

CREATE TABLE `transporttypes` (
  `TransportTypeId` smallint(6) NOT NULL,
  `TransportTypeName` varchar(250) COLLATE utf8_unicode_ci NOT NULL,
  `StatusId` smallint(6) NOT NULL
) ENGINE=MyISAM DEFAULT CHARSET=utf8 COLLATE=utf8_unicode_ci;

--
-- Dumping data for table `transporttypes`
--

INSERT INTO `transporttypes` (`TransportTypeId`, `TransportTypeName`, `StatusId`) VALUES
(1, 'Bưu điện', 2),
(2, 'xe ôm', 0),
(3, 'Xe khách', 0),
(4, 'Vận chuyển ngoài', 2);

-- --------------------------------------------------------

--
-- Table structure for table `usagestatus`
--

CREATE TABLE `usagestatus` (
  `UsageStatusId` smallint(6) NOT NULL,
  `UsageStatusName` varchar(250) NOT NULL,
  `StatusId` tinyint(4) NOT NULL,
  `UsageStatusTypeId` tinyint(4) NOT NULL,
  `ParentUsageStatusId` smallint(6) NOT NULL
) ENGINE=InnoDB DEFAULT CHARSET=utf8;

--
-- Dumping data for table `usagestatus`
--

INSERT INTO `usagestatus` (`UsageStatusId`, `UsageStatusName`, `StatusId`, `UsageStatusTypeId`, `ParentUsageStatusId`) VALUES
(1, 'Còn 90% (Như mới)', 2, 1, 0),
(2, 'Cũ-xước nhẹ', 2, 1, 0),
(3, 'Hỏng-Lỗi', 2, 2, 0),
(4, 'Lỗi do mình', 2, 2, 3),
(5, 'Lỗi do khách', 2, 2, 3),
(6, 'Mới', 2, 1, 0),
(7, 'Cũ-xước nặng', 2, 1, 0),
(8, 'Bình thường', 2, 2, 0),
(9, 'Chập chờn', 2, 1, 0);

-- --------------------------------------------------------

--
-- Table structure for table `usergroups`
--

CREATE TABLE `usergroups` (
  `UserGroupId` int(11) NOT NULL,
  `UserId` int(11) NOT NULL,
  `GroupId` smallint(6) NOT NULL
) ENGINE=InnoDB DEFAULT CHARSET=utf8;

--
-- Dumping data for table `usergroups`
--

INSERT INTO `usergroups` (`UserGroupId`, `UserId`, `GroupId`) VALUES
(156, 25, 2),
(157, 25, 17),
(158, 25, 18),
(159, 25, 19),
(184, 4, 2),
(185, 4, 4),
(186, 4, 10),
(187, 4, 13),
(188, 4, 14),
(189, 4, 17),
(190, 4, 18),
(191, 4, 19),
(192, 4, 20),
(193, 4, 21),
(234, 4, 2),
(235, 4, 4),
(236, 4, 10),
(237, 4, 13),
(238, 4, 14),
(239, 4, 17),
(240, 4, 18),
(241, 4, 19),
(242, 4, 20),
(243, 4, 21),
(244, 4, 22),
(245, 8, 10),
(273, 14, 2),
(274, 14, 4),
(275, 14, 10),
(276, 14, 13),
(277, 14, 17),
(278, 14, 18),
(279, 14, 19),
(280, 14, 21),
(283, 11, 2),
(284, 11, 23),
(289, 24, 2),
(290, 24, 23),
(291, 21, 2),
(292, 21, 23),
(293, 21, 24),
(294, 19, 2),
(295, 19, 10),
(296, 19, 17),
(297, 19, 18),
(298, 19, 19),
(299, 19, 20),
(300, 23, 2),
(301, 23, 24),
(306, 28, 2),
(307, 28, 24),
(326, 26, 2),
(327, 26, 10),
(328, 26, 14),
(329, 26, 15),
(330, 26, 17),
(331, 26, 18),
(332, 26, 19),
(333, 26, 20),
(334, 26, 24),
(335, 1, 5),
(336, 27, 2),
(337, 27, 24),
(338, 3, 5);

-- --------------------------------------------------------

--
-- Table structure for table `userlevels`
--

CREATE TABLE `userlevels` (
  `UserLevelId` smallint(6) NOT NULL,
  `UserLevelName` varchar(250) COLLATE utf8_unicode_ci NOT NULL,
  `StatusId` tinyint(4) NOT NULL
) ENGINE=MyISAM DEFAULT CHARSET=utf8 COLLATE=utf8_unicode_ci;

-- --------------------------------------------------------

--
-- Table structure for table `userparts`
--

CREATE TABLE `userparts` (
  `UserPartId` int(11) NOT NULL,
  `UserId` int(11) NOT NULL,
  `PartId` smallint(6) NOT NULL,
  `RoleId` smallint(6) NOT NULL,
  `StatusId` tinyint(4) NOT NULL,
  `BeginDate` datetime NOT NULL,
  `EndDate` datetime DEFAULT NULL,
  `CrUserId` int(11) NOT NULL,
  `CrDateTime` datetime NOT NULL,
  `UpdateUserId` int(11) DEFAULT NULL,
  `UpdateDateTime` datetime DEFAULT NULL
) ENGINE=InnoDB DEFAULT CHARSET=utf8;

--
-- Dumping data for table `userparts`
--

INSERT INTO `userparts` (`UserPartId`, `UserId`, `PartId`, `RoleId`, `StatusId`, `BeginDate`, `EndDate`, `CrUserId`, `CrDateTime`, `UpdateUserId`, `UpdateDateTime`) VALUES
(1, 3, 0, 1, 0, '2017-10-17 00:00:00', '2017-10-28 00:00:00', 3, '2017-10-30 20:02:03', 3, '2017-10-30 20:02:05'),
(2, 1, 0, 1, 0, '2017-11-14 00:00:00', '2017-11-10 00:00:00', 3, '2017-11-22 10:39:08', 3, '2018-04-18 21:34:42'),
(3, 1, 0, 1, 0, '2017-11-14 00:00:00', '2017-11-10 00:00:00', 3, '2017-11-22 10:39:10', 3, '2018-04-18 21:34:44'),
(4, 1, 5, 2, 0, '2018-04-04 00:00:00', '2018-04-19 00:00:00', 3, '2018-04-18 22:50:17', 3, '2018-04-21 14:21:14'),
(5, 1, 5, 18, 2, '2018-05-08 00:00:00', NULL, 1, '2018-05-11 19:58:32', 1, '2018-05-13 10:14:49'),
(6, 1, 11, 16, 0, '2018-05-07 00:00:00', NULL, 1, '2018-05-13 10:14:22', 1, '2018-05-21 16:23:42'),
(7, 1, 7, 15, 2, '2018-05-09 00:00:00', NULL, 1, '2018-05-13 10:14:36', 1, '2018-05-21 16:24:10');

-- --------------------------------------------------------

--
-- Table structure for table `userproducttypes`
--

CREATE TABLE `userproducttypes` (
  `UserProductTypeId` int(11) NOT NULL,
  `UserId` int(11) NOT NULL,
  `ProductTypeId` smallint(6) NOT NULL
) ENGINE=InnoDB DEFAULT CHARSET=utf8;

-- --------------------------------------------------------

--
-- Table structure for table `users`
--

CREATE TABLE `users` (
  `UserId` int(11) NOT NULL,
  `UserName` varchar(100) NOT NULL,
  `UserPass` varchar(100) NOT NULL,
  `FullName` varchar(250) NOT NULL,
  `Email` varchar(100) NOT NULL,
  `GenderId` tinyint(4) NOT NULL,
  `StatusId` tinyint(4) NOT NULL,
  `ProvinceId` tinyint(4) NOT NULL,
  `DistrictId` smallint(6) NOT NULL,
  `WardId` smallint(6) NOT NULL,
  `Address` varchar(250) NOT NULL,
  `BirthDay` datetime NOT NULL,
  `PhoneNumber` varchar(15) NOT NULL,
  `DegreeName` varchar(250) DEFAULT NULL,
  `Facebook` varchar(100) DEFAULT NULL,
  `Avatar` varchar(100) DEFAULT NULL,
  `Token` varchar(15) DEFAULT NULL,
  `MaxCost` int(11) NOT NULL,
  `CostUse` int(11) NOT NULL,
  `CrUserId` int(11) NOT NULL,
  `CrDateTime` datetime NOT NULL,
  `UpdateUserId` int(11) DEFAULT NULL,
  `UpdateDateTime` datetime DEFAULT NULL
) ENGINE=InnoDB DEFAULT CHARSET=utf8;

--
-- Dumping data for table `users`
--

INSERT INTO `users` (`UserId`, `UserName`, `UserPass`, `FullName`, `Email`, `GenderId`, `StatusId`, `ProvinceId`, `DistrictId`, `WardId`, `Address`, `BirthDay`, `PhoneNumber`, `DegreeName`, `Facebook`, `Avatar`, `Token`, `MaxCost`, `CostUse`, `CrUserId`, `CrDateTime`, `UpdateUserId`, `UpdateDateTime`) VALUES
(1, 'NV01', '25f9e794323b453885f5181f1b624d0b', 'Hoàn Mưa Đá', 'levanhoanhtt@gmail.com', 1, 2, 54, 649, 0, 'Hà Trung', '1991-07-11 00:00:00', '01669136318', '', 'https://www.facebook.com/hoanmuada212', 'hoanmuada.jpg', '3577c6563e642d5', 1000000000, 0, 1, '2017-07-23 21:24:59', 1, '2018-05-15 10:36:50'),
(2, 'NV02', '27d61159f5379fadbb4341061a6f52b1', 'Trần Trung Hiếu', 'hieutt38@gmail.com', 1, 0, 15, 0, 0, 'Ha Noi', '1991-05-27 00:00:00', '0939349696', '', 'https://www.facebook.com/trunghieu.trth?fref=ufi', 'no-image.jpg', NULL, 0, 0, 3, '2017-10-21 16:07:58', 3, '2017-11-09 14:46:35'),
(3, 'NV03', 'ef775988943825d2871e1cfa75473ec0', 'ADMIN - THÁI', 'rickystudiovip@gmail.com', 1, 2, 10, 182, 4270, 'Yên bái city', '0001-11-30 00:00:00', '0972010155', 'Cấp 3', 'https://www.facebook.com/profile.php?id=100022412890810', 'logo.png', '', 0, 0, 3, '2017-07-23 10:31:21', 1, '2018-05-19 21:32:22'),
(4, 'NV04', 'e10adc3949ba59abbe56e057f20f883e', 'Đỗ Quỳnh', 'quynh.rickystudio@gmail.com', 2, 2, 1, 0, 0, '136-nguyễn an ninh-hà nội', '2017-11-01 00:00:00', '0987254933', '', '', 'logo.png', NULL, 100000000, 0, 3, '2017-11-09 14:49:26', 1, '2018-05-02 22:35:43'),
(5, 'NV05', 'e10adc3949ba59abbe56e057f20f883e', 'Nguyễn Quốc Đạt', 'quocdat.rickystudio@gmail.com', 1, 0, 63, 0, 0, 'Tàu', '2017-11-16 00:00:00', '091249820504', '', '', 'logo.png', NULL, 0, 0, 3, '2017-11-09 15:29:22', 3, '2018-01-18 14:42:40'),
(6, 'NV06', '25f9e794323b453885f5181f1b624d0b', 'admin', 'contact@ricky.vn', 1, 0, 63, 0, 0, 'Calada', '2017-11-15 00:00:00', '0167712481-293-', '', '', 'logo.png', NULL, 0, 0, 3, '2017-11-09 15:35:53', 3, '2018-01-18 13:10:27'),
(7, 'NV07', '25f9e794323b453885f5181f1b624d0b', 'Đạt Gấu', 'nguyenquocdat.ricky@gmail.com', 1, 0, 1, 366, 32268, 'Nguyễn An Ninh, Hoàng Mai, Hà Nội', '1999-01-20 00:00:00', '01234456789', 'Bác Học', '', 'logo.png', NULL, 0, 0, 3, '2017-11-20 17:36:00', 3, '2018-01-27 22:38:45'),
(8, 'NV08', '8ddcff3a80f4189ca1c9d4d902c3c909', 'Trần Trung Hiếu', 'hieutt@gmail.com', 1, 2, 1, 0, 0, 'Hà Nội', '1991-12-15 00:00:00', '0939349696', '', '', 'logo.png', NULL, 0, 0, 4, '2017-11-20 21:02:14', 1, '2018-05-03 21:56:47'),
(9, 'NV09', '2a5874f2be9d3c9b59126770ef9b66c4', 'THÀNH', '', 1, 0, 63, 0, 0, '', '0000-00-00 00:00:00', '', '', '', 'logo.png', NULL, 0, 0, 3, '2017-11-26 23:29:55', 3, '2018-01-27 19:56:14'),
(10, 'NV10', 'ab4f6701f49f09089d4dd97db4597eef', 'nhanh101', '', 1, 0, 63, 0, 0, '', '0000-00-00 00:00:00', '', '', '', 'logo.png', NULL, 0, 0, 3, '2018-01-14 15:57:50', 3, '2018-01-18 13:10:45'),
(11, 'NV11', 'e10adc3949ba59abbe56e057f20f883e', 'hoàng đình thái', 'dinhthai.rickyvn@gmail.com', 1, 2, 63, 0, 0, 'THÀNH PHỐ YÊN BÁI', '1992-01-09 00:00:00', '0985301001', '', '', '/logo.png', NULL, 0, 0, 3, '2018-01-14 22:36:20', 3, '2018-05-09 09:59:54'),
(12, 'NV12', 'e10adc3949ba59abbe56e057f20f883e', 'TEST THAI', '34345343DDHD@gmail.com', 1, 0, 63, 0, 0, 'ybưewe', '2018-01-09 00:00:00', '0972010156', '', '', 'logo.png', NULL, 0, 0, 3, '2018-01-14 23:46:23', 3, '2018-01-18 14:50:45'),
(13, 'NV13', '25f9e794323b453885f5181f1b624d0b', 'tungtet', 'tungtet.ricky@gmail.com', 1, 0, 46, 520, 25732, '136-nguyễn an ninh-hà nội', '2018-01-05 00:00:00', '0123456789', '', '', 'logo.png', NULL, 0, 0, 3, '2018-01-17 22:19:07', 3, '2018-01-27 22:38:56'),
(14, 'NV14', '51497a3008de5e6672aeffb8de0998fe', 'Trần Minh Khôi', 'vc.kdn.rickystudio@gmail.com', 1, 2, 48, 694, 26248, '704, Sông Mây, Trảng Bom, Đồng Nai', '1999-04-10 00:00:00', '01644508187', 'Bằng cấp 3', 'Nhím', 'logo.png', NULL, 50000000, 0, 7, '2018-01-18 15:13:30', 3, '2018-05-08 10:52:17'),
(15, 'NV15', '25f9e794323b453885f5181f1b624d0b', 'Nguyễn Trường Sơn', 'sonpeo.1997@gmail.com', 1, 0, 1, 11, 526, 'Hà Nội, Việt Nam', '2018-01-01 00:00:00', '12345', '', '', 'logo.png', NULL, 0, 0, 7, '2018-01-18 15:20:01', 3, '2018-01-27 19:56:40'),
(16, 'NV16', '25f9e794323b453885f5181f1b624d0b', 'Luyện Sỹ Huy', 'huy1234.ricky@gmail.com', 1, 0, 26, 288, 15325, 'Số nhà 2/Q27 Ngõ 136 Nguyễn An Ninh', '1997-12-18 00:00:00', '0946453812', '', '', 'logo.png', NULL, 2000000, 0, 7, '2018-01-18 15:28:09', 3, '2018-02-23 14:17:26'),
(17, 'NV17', '25f9e794323b453885f5181f1b624d0b', 'Vương Thanh Tùng', 'vuongtung004@gmail.com', 1, 0, 1, 702, 9871, '136 nguyễn an ninh, quận hoàng mai, hà nội', '2018-01-15 00:00:00', '095043i5394', '', '', 'logo.png', NULL, 0, 0, 7, '2018-01-18 15:43:10', 3, '2018-01-27 19:56:33'),
(18, 'NV18', '202cb962ac59075b964b07152d234b70', 'BTVA', 'ricky.vn', 1, 0, 63, 0, 0, 'ricky', '2018-01-31 00:00:00', '01239999999', '', '', 'logo.png', NULL, 0, 0, 1, '2018-01-23 10:02:32', 3, '2018-01-27 19:56:27'),
(19, 'NV19', '25f9e794323b453885f5181f1b624d0b', 'Nguyễn Quốc Đạt', 'nguyenquocsdat.ricky@gmail.com', 1, 2, 48, 694, 26269, '704 sông mây, trảng bom, đồng nai', '1999-01-20 00:00:00', '01666092779', '', '', 'logo.png', NULL, 0, 0, 3, '2018-01-27 22:58:04', 3, '2018-05-09 11:15:39'),
(20, 'NV20', 'e10adc3949ba59abbe56e057f20f883e', 'hau', '', 1, 0, 63, 0, 0, '', '0000-00-00 00:00:00', '0914409086', '', '', 'logo.png', NULL, 0, 0, 3, '2018-02-08 09:37:50', 3, '2018-02-28 21:18:57'),
(21, 'NV21', 'e10adc3949ba59abbe56e057f20f883e', 'Luyện Huy', 'FSDGSD@GMAIL.COM', 1, 2, 63, 0, 0, '4534435', '2018-04-19 00:00:00', '0946453812', '', '', 'logo.png', NULL, 0, 0, 3, '2018-02-27 17:38:55', 3, '2018-05-09 10:02:12'),
(22, 'NV22', 'e10adc3949ba59abbe56e057f20f883e', 'hau', '', 1, 0, 63, 0, 0, '', '0000-00-00 00:00:00', '', '', '', 'logo.png', NULL, 0, 0, 3, '2018-03-01 10:34:21', 3, '2018-03-01 10:36:14'),
(23, 'NV23', '25f9e794323b453885f5181f1b624d0b', 'Vương Thanh Tùng', '4343434vip@gmail.com', 1, 2, 1, 688, 313, '136-nguyễn an ninh-hà nội', '1998-07-29 00:00:00', '0961540962', 'Đại Học', '34343434', 'logo.png', NULL, 0, 0, 19, '2018-03-02 19:24:47', 3, '2018-05-09 18:35:57'),
(24, 'NV24', '25f9e794323b453885f5181f1b624d0b', 'Lê Hậu', 'r423423432@gmail.com', 1, 2, 1, 0, 0, '23232', '2018-05-08 00:00:00', '0963307635', '', '', 'logo.png', NULL, 5000000, 0, 19, '2018-03-10 13:35:22', 3, '2018-05-09 10:01:06'),
(25, 'NV25', 'e10adc3949ba59abbe56e057f20f883e', 'duc_cave', 'EWRƯẺ@GMAIL.COM', 1, 1, 63, 0, 0, '23232', '2018-04-09 00:00:00', '0987371184', '', '', 'logo.png', NULL, 0, 0, 3, '2018-03-12 16:08:31', 1, '2018-05-07 11:24:08'),
(26, 'NV26', 'e10adc3949ba59abbe56e057f20f883e', 'Bùi Đức Hậu', '232323@gmail.com', 1, 2, 63, 0, 0, ';\'\\;\'\\;\'\\', '2018-03-28 00:00:00', '08678678678', '', '', '/logo.png', NULL, 0, 0, 3, '2018-03-12 17:07:44', 3, '2018-05-11 09:46:23'),
(27, 'NV27', '72c9f1595ffd2b3e9e0571477140ba83', 'Nguyễn  Tuấn Kiệt', 'ntk9900@gmail.com', 1, 2, 1, 5, 295, '136 Nguyễn An Ninh', '1999-07-10 00:00:00', '0947092395', '', 'https://www.facebook.com/KietTrisler', 'logo.png', NULL, 0, 0, 19, '2018-04-10 17:00:48', 1, '2018-05-17 15:12:13'),
(28, 'NV28', 'defac44447b57f152d14f30cea7a73cb', 'TUNGYT11', 'tungyt11@gmail.com', 1, 2, 1, 0, 0, '136 nguyễn an ninh, hoàng mai, hà nội', '2018-05-08 00:00:00', '01649411153', '', '', 'logo.png', NULL, 0, 0, 0, '2018-05-09 20:37:36', 3, '2018-05-09 20:48:43');

-- --------------------------------------------------------

--
-- Table structure for table `userstaffs`
--

CREATE TABLE `userstaffs` (
  `UserStaffId` int(11) NOT NULL,
  `UserId` int(11) NOT NULL,
  `StaffId` int(11) NOT NULL
) ENGINE=InnoDB DEFAULT CHARSET=utf8;

-- --------------------------------------------------------

--
-- Table structure for table `usertimekeepingregisters`
--

CREATE TABLE `usertimekeepingregisters` (
  `UserTimeKeepingRegisterId` int(11) NOT NULL,
  `UserId` int(11) NOT NULL,
  `KeepingDate` date NOT NULL,
  `DateTimeIn` datetime NOT NULL,
  `DateTimeOut` datetime DEFAULT NULL,
  `StatusId` tinyint(4) NOT NULL,
  `Duration` smallint(6) NOT NULL,
  `KeepingTypeId` tinyint(4) NOT NULL,
  `Shift` varchar(15) NOT NULL,
  `CrDateTime` datetime NOT NULL,
  `UpdateDateTime` datetime DEFAULT NULL
) ENGINE=InnoDB DEFAULT CHARSET=utf8;

--
-- Dumping data for table `usertimekeepingregisters`
--

INSERT INTO `usertimekeepingregisters` (`UserTimeKeepingRegisterId`, `UserId`, `KeepingDate`, `DateTimeIn`, `DateTimeOut`, `StatusId`, `Duration`, `KeepingTypeId`, `Shift`, `CrDateTime`, `UpdateDateTime`) VALUES
(1, 14, '2018-05-14', '2018-05-14 07:30:00', '2018-05-14 11:30:00', 2, 240, 1, 'V1', '2018-05-19 17:20:42', NULL),
(2, 28, '2018-05-14', '2018-05-14 13:30:00', '2018-05-14 17:30:00', 2, 240, 1, 'V2', '2018-05-19 17:20:42', NULL),
(3, 21, '2018-05-14', '2018-05-14 13:30:00', '2018-05-14 17:30:00', 2, 240, 1, 'V2', '2018-05-19 17:20:42', NULL),
(4, 24, '2018-05-14', '2018-05-14 13:30:00', '2018-05-14 17:30:00', 2, 240, 1, 'V2', '2018-05-19 17:20:42', NULL),
(5, 14, '2018-05-14', '2018-05-14 13:30:00', '2018-05-14 17:30:00', 2, 240, 1, 'V2', '2018-05-19 17:20:42', NULL),
(6, 23, '2018-05-14', '2018-05-14 18:30:00', '2018-05-14 22:30:00', 2, 240, 1, 'V3', '2018-05-19 17:20:42', NULL),
(7, 28, '2018-05-14', '2018-05-14 18:30:00', '2018-05-14 22:30:00', 2, 240, 1, 'V3', '2018-05-19 17:20:42', NULL),
(8, 21, '2018-05-14', '2018-05-14 18:30:00', '2018-05-14 22:30:00', 2, 240, 1, 'V3', '2018-05-19 17:20:42', NULL),
(9, 21, '2018-05-15', '2018-05-15 13:30:00', '2018-05-15 17:30:00', 2, 240, 1, 'V2', '2018-05-19 17:20:42', NULL),
(10, 28, '2018-05-15', '2018-05-15 18:30:00', '2018-05-15 22:30:00', 2, 240, 1, 'V3', '2018-05-19 17:20:42', NULL),
(11, 21, '2018-05-15', '2018-05-15 18:30:00', '2018-05-15 22:30:00', 2, 240, 1, 'V3', '2018-05-19 17:20:42', NULL),
(12, 28, '2018-05-15', '2018-05-15 22:30:00', '2018-05-16 00:30:00', 2, 120, 1, 'V4', '2018-05-19 17:20:42', NULL),
(13, 14, '2018-05-16', '2018-05-16 07:30:00', '2018-05-16 11:30:00', 2, 240, 1, 'V1', '2018-05-19 17:20:42', NULL),
(14, 23, '2018-05-16', '2018-05-16 13:30:00', '2018-05-16 17:30:00', 2, 240, 1, 'V2', '2018-05-19 17:20:42', NULL),
(15, 28, '2018-05-16', '2018-05-16 13:30:00', '2018-05-16 17:30:00', 2, 240, 1, 'V2', '2018-05-19 17:20:42', NULL),
(16, 21, '2018-05-16', '2018-05-16 13:30:00', '2018-05-16 17:30:00', 2, 240, 1, 'V2', '2018-05-19 17:20:42', NULL),
(17, 14, '2018-05-16', '2018-05-16 13:30:00', '2018-05-16 17:30:00', 2, 240, 1, 'V2', '2018-05-19 17:20:42', NULL),
(18, 23, '2018-05-16', '2018-05-16 18:30:00', '2018-05-16 22:30:00', 2, 240, 1, 'V3', '2018-05-19 17:20:42', NULL),
(19, 28, '2018-05-16', '2018-05-16 18:30:00', '2018-05-16 22:30:00', 2, 240, 1, 'V3', '2018-05-19 17:20:42', NULL),
(20, 21, '2018-05-16', '2018-05-16 18:30:00', '2018-05-16 22:30:00', 2, 240, 1, 'V3', '2018-05-19 17:20:42', NULL),
(21, 23, '2018-05-17', '2018-05-17 07:30:00', '2018-05-17 11:30:00', 2, 240, 1, 'V1', '2018-05-19 17:20:42', NULL),
(22, 14, '2018-05-17', '2018-05-17 07:30:00', '2018-05-17 11:30:00', 2, 240, 1, 'V1', '2018-05-19 17:20:42', NULL),
(23, 21, '2018-05-17', '2018-05-17 13:30:00', '2018-05-17 17:30:00', 2, 240, 1, 'V2', '2018-05-19 17:20:42', NULL),
(24, 14, '2018-05-17', '2018-05-17 13:30:00', '2018-05-17 17:30:00', 2, 240, 1, 'V2', '2018-05-19 17:20:42', NULL),
(25, 27, '2018-05-17', '2018-05-17 18:30:00', '2018-05-17 22:30:00', 2, 240, 1, 'V3', '2018-05-19 17:20:42', NULL),
(26, 28, '2018-05-17', '2018-05-17 18:30:00', '2018-05-17 22:30:00', 2, 240, 1, 'V3', '2018-05-19 17:20:42', NULL),
(27, 21, '2018-05-17', '2018-05-17 18:30:00', '2018-05-17 22:30:00', 2, 240, 1, 'V3', '2018-05-19 17:20:42', NULL),
(28, 14, '2018-05-18', '2018-05-18 07:30:00', '2018-05-18 11:30:00', 2, 240, 1, 'V1', '2018-05-19 17:20:42', NULL),
(29, 23, '2018-05-18', '2018-05-18 13:30:00', '2018-05-18 17:30:00', 2, 240, 1, 'V2', '2018-05-19 17:20:42', NULL),
(30, 27, '2018-05-18', '2018-05-18 13:30:00', '2018-05-18 17:30:00', 2, 240, 1, 'V2', '2018-05-19 17:20:42', NULL),
(31, 28, '2018-05-18', '2018-05-18 13:30:00', '2018-05-18 17:30:00', 2, 240, 1, 'V2', '2018-05-19 17:20:42', NULL),
(32, 21, '2018-05-18', '2018-05-18 13:30:00', '2018-05-18 17:30:00', 2, 240, 1, 'V2', '2018-05-19 17:20:42', NULL),
(33, 14, '2018-05-18', '2018-05-18 13:30:00', '2018-05-18 17:30:00', 2, 240, 1, 'V2', '2018-05-19 17:20:42', NULL),
(34, 23, '2018-05-18', '2018-05-18 18:30:00', '2018-05-18 22:30:00', 2, 240, 1, 'V3', '2018-05-19 17:20:42', NULL),
(35, 27, '2018-05-18', '2018-05-18 18:30:00', '2018-05-18 22:30:00', 2, 240, 1, 'V3', '2018-05-19 17:20:42', NULL),
(36, 28, '2018-05-18', '2018-05-18 18:30:00', '2018-05-18 22:30:00', 2, 240, 1, 'V3', '2018-05-19 17:20:42', NULL),
(37, 21, '2018-05-18', '2018-05-18 18:30:00', '2018-05-18 22:30:00', 2, 240, 1, 'V3', '2018-05-19 17:20:42', NULL),
(38, 24, '2018-05-18', '2018-05-18 18:30:00', '2018-05-18 22:30:00', 2, 240, 1, 'V3', '2018-05-19 17:20:42', NULL),
(39, 14, '2018-05-19', '2018-05-19 07:30:00', '2018-05-19 11:30:00', 2, 240, 1, 'V1', '2018-05-19 17:20:42', NULL),
(40, 27, '2018-05-19', '2018-05-19 13:30:00', '2018-05-19 17:30:00', 2, 240, 1, 'V2', '2018-05-19 17:20:42', NULL),
(41, 24, '2018-05-19', '2018-05-19 13:30:00', '2018-05-19 17:30:00', 2, 240, 1, 'V2', '2018-05-19 17:20:42', NULL),
(42, 14, '2018-05-19', '2018-05-19 13:30:00', '2018-05-19 17:30:00', 2, 240, 1, 'V2', '2018-05-19 17:20:42', NULL),
(43, 27, '2018-05-19', '2018-05-19 18:30:00', '2018-05-19 22:30:00', 2, 240, 1, 'V3', '2018-05-19 17:20:42', NULL),
(44, 24, '2018-05-19', '2018-05-19 18:30:00', '2018-05-19 22:30:00', 2, 240, 1, 'V3', '2018-05-19 17:20:42', NULL),
(45, 28, '2018-05-20', '2018-05-20 07:30:00', '2018-05-20 11:30:00', 2, 240, 1, 'V1', '2018-05-19 17:20:42', NULL),
(46, 14, '2018-05-20', '2018-05-20 07:30:00', '2018-05-20 11:30:00', 2, 240, 1, 'V1', '2018-05-19 17:20:42', NULL),
(47, 27, '2018-05-20', '2018-05-20 13:30:00', '2018-05-20 17:30:00', 2, 240, 1, 'V2', '2018-05-19 17:20:42', NULL),
(48, 28, '2018-05-20', '2018-05-20 13:30:00', '2018-05-20 17:30:00', 2, 240, 1, 'V2', '2018-05-19 17:20:42', NULL),
(49, 21, '2018-05-20', '2018-05-20 13:30:00', '2018-05-20 17:30:00', 2, 240, 1, 'V2', '2018-05-19 17:20:42', NULL),
(50, 24, '2018-05-20', '2018-05-20 13:30:00', '2018-05-20 17:30:00', 2, 240, 1, 'V2', '2018-05-19 17:20:42', NULL),
(51, 14, '2018-05-20', '2018-05-20 13:30:00', '2018-05-20 17:30:00', 2, 240, 1, 'V2', '2018-05-19 17:20:42', NULL),
(52, 27, '2018-05-20', '2018-05-20 18:30:00', '2018-05-20 22:30:00', 2, 240, 2, 'O3', '2018-05-19 17:20:42', NULL),
(53, 28, '2018-05-20', '2018-05-20 18:30:00', '2018-05-20 22:30:00', 2, 240, 1, 'V3', '2018-05-19 17:20:42', NULL),
(54, 21, '2018-05-20', '2018-05-20 18:30:00', '2018-05-20 22:30:00', 2, 240, 1, 'V3', '2018-05-19 17:20:42', NULL);

-- --------------------------------------------------------

--
-- Table structure for table `usertimekeepings`
--

CREATE TABLE `usertimekeepings` (
  `UserTimeKeepingId` int(11) NOT NULL,
  `UserId` int(11) NOT NULL,
  `KeepingDate` date NOT NULL,
  `DateTimeIn` datetime NOT NULL,
  `DateTimeOut` datetime DEFAULT NULL,
  `StatusId` tinyint(4) NOT NULL,
  `Duration` smallint(6) NOT NULL,
  `KeepingTypeId` tinyint(4) NOT NULL,
  `CommentIn` varchar(250) NOT NULL,
  `CommentOut` varchar(250) DEFAULT NULL,
  `UserTimeKeepingRegisterId` int(11) NOT NULL,
  `IsLate` tinyint(4) NOT NULL,
  `CrDateTime` datetime NOT NULL,
  `UpdateDateTime` datetime DEFAULT NULL
) ENGINE=InnoDB DEFAULT CHARSET=utf8;

--
-- Dumping data for table `usertimekeepings`
--

INSERT INTO `usertimekeepings` (`UserTimeKeepingId`, `UserId`, `KeepingDate`, `DateTimeIn`, `DateTimeOut`, `StatusId`, `Duration`, `KeepingTypeId`, `CommentIn`, `CommentOut`, `UserTimeKeepingRegisterId`, `IsLate`, `CrDateTime`, `UpdateDateTime`) VALUES
(1, 1, '2018-05-11', '2018-05-11 11:47:35', '2018-05-11 13:01:22', 2, 75, 1, '', NULL, 0, 0, '2018-05-11 11:47:35', '2018-05-13 13:01:22'),
(2, 1, '2018-05-11', '2018-05-11 13:05:24', '2018-05-11 13:06:08', 2, 1, 2, '', NULL, 0, 0, '2018-05-11 13:05:24', '2018-05-13 13:06:08'),
(3, 1, '2018-05-12', '2018-05-12 23:08:30', '2018-05-13 01:30:01', 2, 90, 1, '', NULL, 0, 0, '2018-05-12 13:05:24', '2018-05-13 13:05:24'),
(4, 1, '2018-05-13', '2018-05-13 13:23:46', '2018-05-14 08:33:21', 2, 1150, 1, '', NULL, 0, 0, '2018-05-13 13:23:46', '2018-05-14 08:33:21'),
(5, 1, '2018-05-13', '2018-05-13 07:23:46', '2018-05-13 12:23:46', 2, 300, 2, '', NULL, 0, 0, '2018-05-13 07:23:46', '2018-05-13 12:23:46'),
(8, 1, '2018-05-14', '2018-05-14 09:48:49', '2018-05-14 13:51:05', 2, 243, 2, '', NULL, 0, 0, '2018-05-14 09:48:49', '2018-05-14 13:51:05'),
(9, 1, '2018-05-14', '2018-05-14 13:52:11', '2018-05-14 13:53:18', 2, 2, 1, '', NULL, 0, 0, '2018-05-14 13:52:11', '2018-05-14 13:53:18'),
(10, 1, '2018-05-14', '2018-05-14 14:17:55', '2018-05-14 14:21:58', 2, 5, 2, '', NULL, 0, 0, '2018-05-14 14:17:55', '2018-05-14 14:21:58'),
(11, 1, '2018-05-14', '2018-05-14 14:36:09', '2018-05-14 14:49:43', 2, 14, 2, '', NULL, 0, 0, '2018-05-14 14:36:09', '2018-05-14 14:49:43'),
(12, 1, '2018-05-15', '2018-05-15 09:43:26', '2018-05-15 09:44:36', 2, 2, 1, '', NULL, 0, 0, '2018-05-15 09:43:26', '2018-05-15 09:44:36'),
(13, 1, '2018-05-15', '2018-05-15 16:12:05', '2018-05-17 14:11:40', 2, 2760, 2, '', NULL, 0, 0, '2018-05-15 16:12:05', '2018-05-17 14:11:40'),
(14, 1, '2018-05-17', '2018-05-17 15:06:25', '2018-05-17 15:07:28', 2, 2, 1, '', NULL, 0, 0, '2018-05-17 15:06:25', '2018-05-17 15:07:28'),
(15, 1, '2018-05-18', '2018-05-18 09:33:41', '2018-05-18 09:34:53', 2, 2, 1, 'aaâ', 'bbbbbbbbbb', 0, 0, '2018-05-18 09:33:41', '2018-05-18 09:34:53'),
(16, 1, '2018-05-18', '2018-05-18 16:38:27', '2018-05-21 16:21:42', 2, 4304, 1, '', '', 0, 0, '2018-05-18 16:38:27', '2018-05-21 16:21:42');

-- --------------------------------------------------------

--
-- Table structure for table `variantoptions`
--

CREATE TABLE `variantoptions` (
  `VariantOptionId` int(11) NOT NULL,
  `VariantId` smallint(6) NOT NULL,
  `OptionValue` varchar(250) COLLATE utf8_unicode_ci NOT NULL
) ENGINE=MyISAM DEFAULT CHARSET=utf8 COLLATE=utf8_unicode_ci;

-- --------------------------------------------------------

--
-- Table structure for table `variants`
--

CREATE TABLE `variants` (
  `VariantId` smallint(6) NOT NULL,
  `VariantName` varchar(250) COLLATE utf8_unicode_ci NOT NULL,
  `StatusId` tinyint(4) NOT NULL
) ENGINE=MyISAM DEFAULT CHARSET=utf8 COLLATE=utf8_unicode_ci;

--
-- Dumping data for table `variants`
--

INSERT INTO `variants` (`VariantId`, `VariantName`, `StatusId`) VALUES
(1, 'Màu săc', 2),
(2, 'Kích thước', 2),
(3, 'Vật liệu', 2),
(4, 'Gói lựa chọn:', 2);

-- --------------------------------------------------------

--
-- Table structure for table `wards`
--

CREATE TABLE `wards` (
  `WardId` smallint(6) NOT NULL,
  `WardName` varchar(250) NOT NULL,
  `ProvinceId` tinyint(4) NOT NULL,
  `DistrictId` smallint(6) NOT NULL,
  `ShipChungSupport` varchar(45) DEFAULT NULL,
  `ShipChungWardCode` varchar(45) DEFAULT NULL,
  `DisplayOrder` smallint(6) NOT NULL
) ENGINE=InnoDB DEFAULT CHARSET=utf8;

--
-- Dumping data for table `wards`
--

INSERT INTO `wards` (`WardId`, `WardName`, `ProvinceId`, `DistrictId`, `ShipChungSupport`, `ShipChungWardCode`, `DisplayOrder`) VALUES
(1, 'Phường Phúc Xá', 1, 2, '1', '421', 0),
(4, 'Phường Trúc Bạch', 1, 2, '1', '423', 0),
(6, 'Phường Vĩnh Phúc', 1, 2, '1', '11663', 0),
(7, 'Phường Cống Vị', 1, 2, '1', '417', 0),
(8, 'Phường Liễu Giai', 1, 2, '1', '427', 0),
(10, 'Phường Nguyễn Trung Trực', 1, 2, '1', '420', 0),
(13, 'Phường Quán Thánh', 1, 2, '1', '422', 0),
(16, 'Phường Ngọc Hà', 1, 2, '1', '415', 0),
(19, 'Phường Điện Biên', 1, 2, '1', '416', 0),
(22, 'Phường Đội Cấn', 1, 2, '1', '419', 0),
(25, 'Phường Ngọc Khánh', 1, 2, '1', '411', 0),
(28, 'Phường Kim Mã', 1, 2, '1', '412', 0),
(31, 'Phường Giảng Võ', 1, 2, '1', '413', 0),
(34, 'Phường Thành Công', 1, 2, '1', '426', 0),
(37, 'Phường Phúc Tân', 1, 4, '1', '471', 0),
(40, 'Phường Đồng Xuân', 1, 4, '1', '463', 0),
(43, 'Phường Hàng Mã', 1, 4, '1', '469', 0),
(46, 'Phường Hàng Buồm', 1, 4, '1', '466', 0),
(49, 'Phường Hàng Đào', 1, 4, '1', '467', 0),
(52, 'Phường Hàng Bồ', 1, 4, '1', '465', 0),
(55, 'Phường Cửa Đông', 1, 4, '1', '462', 0),
(58, 'Phường Lý Thái Tổ', 1, 4, '1', '470', 0),
(61, 'Phường Hàng Bạc', 1, 4, '1', '464', 0),
(64, 'Phường Hàng Gai', 1, 4, '1', '468', 0),
(67, 'Phường Chương Dương Độ', 1, 4, '1', '459', 0),
(70, 'Phường Hàng Trống', 1, 4, '1', '472', 0),
(73, 'Phường Cửa Nam', 1, 4, '1', '460', 0),
(76, 'Phường Hàng Bông', 1, 4, '1', '456', 0),
(79, 'Phường Tràng Tiền', 1, 4, '1', '457', 0),
(82, 'Phường Trần Hưng Đạo', 1, 4, '1', '461', 0),
(85, 'Phường Phan Chu Trinh', 1, 4, '1', '458', 0),
(88, 'Phường Hàng Bài', 1, 4, '1', '455', 0),
(91, 'Phường Phú Thượng', 1, 3, '1', '522', 0),
(94, 'Phường Nhật Tân', 1, 3, '1', '519', 0),
(97, 'Phường Tứ Liên', 1, 3, '1', '517', 0),
(100, 'Phường Quảng An', 1, 3, '1', '516', 0),
(103, 'Phường Xuân La', 1, 3, '1', '521', 0),
(106, 'Phường Yên Phụ', 1, 3, '1', '518', 0),
(109, 'Phường Bưởi', 1, 3, '1', '523', 0),
(112, 'Phường Thụy Khuê', 1, 3, '1', '520', 0),
(115, 'Phường Thượng Thanh', 1, 689, '1', '499', 0),
(118, 'Phường Ngọc Thụy', 1, 689, '1', '490', 0),
(121, 'Phường Giang Biên', 1, 689, '1', '497', 0),
(124, 'Phường Đức Giang', 1, 689, '1', '494', 0),
(127, 'Phường Việt Hưng', 1, 689, '1', '500', 0),
(130, 'Phường Gia Thụy', 1, 689, '1', '496', 0),
(133, 'Phường Ngọc Lâm', 1, 689, '1', '493', 0),
(136, 'Phường Phúc Lợi', 1, 689, '1', '489', 0),
(139, 'Phường Bồ Đề', 1, 689, '1', '491', 0),
(142, 'Phường Sài Đồng', 1, 689, '1', '495', 0),
(145, 'Phường Long Biên', 1, 689, '1', '492', 0),
(148, 'Phường Thạch Bàn', 1, 689, '1', '487', 0),
(151, 'Phường Phúc Đồng', 1, 689, '1', '488', 0),
(154, 'Phường Cự Khối', 1, 689, '1', '498', 0),
(157, 'Phường Nghĩa Đô', 1, 8, '1', '428', 0),
(160, 'Phường Nghĩa Tân', 1, 8, '1', '429', 0),
(163, 'Phường Mai Dịch', 1, 8, '1', '435', 0),
(166, 'Phường Dịch Vọng', 1, 8, '1', '431', 0),
(167, 'Phường Dịch Vọng Hậu', 1, 8, '1', '430', 0),
(169, 'Phường Quan Hoa', 1, 8, '1', '432', 0),
(172, 'Phường Yên Hoà', 1, 8, '1', '433', 0),
(175, 'Phường Trung Hoà', 1, 8, '1', '434', 0),
(178, 'Phường Cát Linh', 1, 6, '1', '531', 0),
(181, 'Phường Văn Miếu', 1, 6, '1', '11636', 0),
(184, 'Phường Quốc Tử Giám', 1, 6, '1', '540', 0),
(187, 'Phường Láng Thượng', 1, 6, '1', '535', 0),
(190, 'Phường Ô Chợ Dừa', 1, 6, '1', '529', 0),
(193, 'Phường Văn Chương', 1, 6, '1', '526', 0),
(196, 'Phường Hàng Bột', 1, 6, '1', '525', 0),
(199, 'Phường Láng Hạ', 1, 6, '1', '533', 0),
(202, 'Phường Khâm Thiên', 1, 6, '1', '528', 0),
(205, 'Phường Thổ Quan', 1, 6, '1', '530', 0),
(208, 'Phường Nam Đồng', 1, 6, '1', '539', 0),
(211, 'Phường Trung Phụng', 1, 6, '1', '527', 0),
(214, 'Phường Quang Trung', 1, 6, '1', '20885', 0),
(217, 'Phường Trung Liệt', 1, 6, '1', '536', 0),
(220, 'Phường Phương Liên', 1, 6, '1', '541', 0),
(223, 'Phường Thịnh Quang', 1, 6, '1', '534', 0),
(226, 'Phường Trung Tự', 1, 6, '1', '537', 0),
(229, 'Phường Kim Liên', 1, 6, '1', '538', 0),
(232, 'Phường Phương Mai', 1, 6, '1', '532', 0),
(235, 'Phường Ngã Tư Sở', 1, 6, '1', '11668', 0),
(238, 'Phường Khương Thượng', 1, 6, '1', '11700', 0),
(241, 'Phường Nguyễn Du', 1, 5, '1', '449', 0),
(244, 'Phường Bạch Đằng', 1, 5, '1', '445', 0),
(247, 'Phường Phạm Đình Hổ', 1, 5, '1', '448', 0),
(250, 'Phường Bùi Thị Xuân', 1, 5, '1', '450', 0),
(253, 'Phường Ngô Thì Nhậm', 1, 5, '1', '452', 0),
(256, 'Phường Lê Đại Hành', 1, 5, '1', '451', 0),
(259, 'Phường Đồng Nhân', 1, 5, '1', '454', 0),
(262, 'Phường Phố Huế', 1, 5, '1', '453', 0),
(265, 'Phường Đống Mác', 1, 5, '1', '447', 0),
(268, 'Phường Thanh Lương', 1, 5, '1', '444', 0),
(271, 'Phường Thanh Nhàn', 1, 5, '1', '439', 0),
(274, 'Phường Cầu Dền', 1, 5, '1', '438', 0),
(277, 'Phường Bách Khoa', 1, 5, '1', '436', 0),
(280, 'Phường Đồng Tâm', 1, 5, '1', '440', 0),
(283, 'Phường Vĩnh Tuy', 1, 5, '1', '446', 0),
(286, 'Phường Bạch Mai', 1, 5, '1', '437', 0),
(289, 'Phường Quỳnh Mai', 1, 5, '1', '441', 0),
(292, 'Phường Quỳnh Lôi', 1, 5, '1', '443', 0),
(295, 'Phường Minh Khai', 1, 5, '1', '11536', 0),
(298, 'Phường Trương Định', 1, 5, '1', '11667', 0),
(301, 'Phường Thanh Trì', 1, 688, '1', '478', 0),
(304, 'Phường Vĩnh Hưng', 1, 688, '1', '486', 0),
(307, 'Phường Định Công', 1, 688, '1', '474', 0),
(310, 'Phường Mai Động', 1, 688, '1', '11625', 0),
(313, 'Phường Tương Mai', 1, 688, '1', '482', 0),
(316, 'Phường Đại Kim', 1, 688, '1', '475', 0),
(319, 'Phường Tân Mai', 1, 688, '1', '477', 0),
(322, 'Phường Hoàng Văn Thụ', 1, 688, '1', '481', 0),
(325, 'Phường Giáp Bát', 1, 688, '1', '480', 0),
(328, 'Phường Lĩnh Nam', 1, 688, '1', '483', 0),
(331, 'Phường Thịnh Liệt', 1, 688, '1', '473', 0),
(334, 'Phường Trần Phú', 1, 688, '1', '484', 0),
(337, 'Phường Hoàng Liệt', 1, 688, '1', '476', 0),
(340, 'Phường Yên Sở', 1, 688, '1', '485', 0),
(343, 'Phường Nhân Chính', 1, 7, '1', '501', 0),
(346, 'Phường Thượng Đình', 1, 7, '1', '11616', 0),
(349, 'Phường Khương Trung', 1, 7, '1', '508', 0),
(352, 'Phường Khương Mai', 1, 7, '1', '503', 0),
(355, 'Phường Thanh Xuân Trung', 1, 7, '1', '509', 0),
(358, 'Phường Phương Liệt', 1, 7, '1', '505', 0),
(361, 'Phường Hạ Đình', 1, 7, '1', '502', 0),
(364, 'Phường Khương Đình', 1, 7, '1', '506', 0),
(367, 'Phường Thanh Xuân Bắc', 1, 7, '1', '510', 0),
(370, 'Phường Thanh Xuân Nam', 1, 7, '1', '515', 0),
(373, 'Phường Kim Giang', 1, 7, '1', '11635', 0),
(376, 'Thị trấn Sóc Sơn', 1, 9, '1', '231', 0),
(379, 'Xã Bắc Sơn', 1, 9, '1', '218', 0),
(382, 'Xã Minh Trí', 1, 9, '1', '215', 0),
(385, 'Xã Hồng Kỳ', 1, 9, '1', '220', 0),
(388, 'Xã Nam Sơn', 1, 9, '1', '219', 0),
(391, 'Xã Trung Giã', 1, 9, '1', '222', 0),
(394, 'Xã Tân Hưng', 1, 9, '1', '221', 0),
(397, 'Xã Minh Phú', 1, 9, '1', '217', 0),
(400, 'Xã Phù Linh', 1, 9, '1', '240', 0),
(403, 'Xã Bắc Phú', 1, 9, '1', '236', 0),
(406, 'Xã Tân Minh', 1, 9, '1', '223', 0),
(409, 'Xã Quang Tiến', 1, 9, '1', '232', 0),
(412, 'Xã Hiền Ninh', 1, 9, '1', '235', 0),
(415, 'Xã Tân Dân', 1, 9, '1', '214', 0),
(418, 'Xã Tiên Dược', 1, 9, '1', '239', 0),
(421, 'Xã Việt Long', 1, 9, '1', '238', 0),
(424, 'Xã Xuân Giang', 1, 9, '1', '230', 0),
(427, 'Xã Mai Đình', 1, 9, '1', '227', 0),
(430, 'Xã Đức Hoà', 1, 9, '1', '233', 0),
(433, 'Xã Thanh Xuân', 1, 9, '1', '216', 0),
(436, 'Xã Đông Xuân', 1, 9, '1', '234', 0),
(439, 'Xã Kim Lũ', 1, 9, '1', '224', 0),
(442, 'Xã Phú Cường', 1, 9, '1', '229', 0),
(445, 'Xã Phú Minh', 1, 9, '1', '228', 0),
(448, 'Xã Phù Lỗ', 1, 9, '1', '226', 0),
(451, 'Xã Xuân Thu', 1, 9, '1', '225', 0),
(454, 'Thị trấn Đông Anh', 1, 10, '1', '360', 0),
(457, 'Xã Xuân Nộn', 1, 10, '1', '361', 0),
(460, 'Xã Thuỵ Lâm', 1, 10, '1', '376', 0),
(463, 'Xã Bắc Hồng', 1, 10, '1', '378', 0),
(466, 'Xã Nguyên Khê', 1, 10, '1', '359', 0),
(469, 'Xã Nam Hồng', 1, 10, '1', '375', 0),
(472, 'Xã Tiên Dương', 1, 10, '1', '371', 0),
(475, 'Xã Vân Hà', 1, 10, '1', '372', 0),
(478, 'Xã Uy Nỗ', 1, 10, '1', '363', 0),
(481, 'Xã Vân Nội', 1, 10, '1', '362', 0),
(484, 'Xã Liên Hà', 1, 10, '1', '364', 0),
(487, 'Xã Việt Hùng', 1, 10, '1', '380', 0),
(490, 'Xã Kim Nỗ', 1, 10, '1', '369', 0),
(493, 'Xã Kim Chung', 1, 10, '1', '365', 0),
(496, 'Xã Dục Tú', 1, 10, '1', '370', 0),
(499, 'Xã Đại Mạch', 1, 10, '1', '374', 0),
(502, 'Xã Vĩnh Ngọc', 1, 10, '1', '373', 0),
(505, 'Xã Cổ Loa', 1, 10, '1', '377', 0),
(508, 'Xã Hải Bối', 1, 10, '1', '358', 0),
(511, 'Xã Xuân Canh', 1, 10, '1', '367', 0),
(514, 'Xã Võng La', 1, 10, '1', '357', 0),
(517, 'Xã Tầm Xá', 1, 10, '1', '379', 0),
(520, 'Xã Mai Lâm', 1, 10, '1', '366', 0),
(523, 'Xã Đông Hội', 1, 10, '1', '368', 0),
(526, 'Thị trấn Yên Viên', 1, 11, '1', '64', 0),
(529, 'Xã Yên Thường', 1, 11, '1', '70', 0),
(532, 'Xã Yên Viên', 1, 11, '0', NULL, 0),
(535, 'Xã Ninh Hiệp', 1, 11, '1', '72', 0),
(538, 'Xã Đình Xuyên', 1, 11, '0', NULL, 0),
(541, 'Xã Dương Hà', 1, 11, '1', '69', 0),
(544, 'Xã Phù Đổng', 1, 11, '1', '73', 0),
(547, 'Xã Trung Mầu', 1, 11, '1', '68', 0),
(550, 'Xã Lệ Chi', 1, 11, '1', '78', 0),
(553, 'Xã Cổ Bi', 1, 11, '1', '83', 0),
(556, 'Xã Đặng Xá', 1, 11, '1', '81', 0),
(559, 'Xã Phú Thị', 1, 11, '1', '80', 0),
(562, 'Xã Kim Sơn', 1, 11, '1', '77', 0),
(565, 'Thị trấn Trâu Quỳ', 1, 11, '1', '66', 0),
(568, 'Xã Dương Quang', 1, 11, '1', '75', 0),
(571, 'Xã Dương Xá', 1, 11, '1', '65', 0),
(574, 'Xã Đông Dư', 1, 11, '1', '74', 0),
(577, 'Xã Đa Tốn', 1, 11, '1', '82', 0),
(580, 'Xã Kiêu Kỵ', 1, 11, '1', '79', 0),
(583, 'Xã Bát Tràng', 1, 11, '1', '67', 0),
(586, 'Xã Kim Lan', 1, 11, '1', '76', 0),
(589, 'Xã Văn Đức', 1, 11, '1', '11704', 0),
(592, 'Phường Cầu Diễn', 1, 811, '0', NULL, 0),
(595, 'Phường Thượng Cát', 1, 810, '1', '11594', 0),
(598, 'Phường Liên Mạc', 1, 810, '1', '11595', 0),
(601, 'Phường Đông Ngạc', 1, 810, '0', NULL, 0),
(602, 'Phường Đức Thắng', 1, 810, '1', '11626', 0),
(604, 'Phường Thụy Phương', 1, 810, '1', '11596', 0),
(607, 'Phường Tây Tựu', 1, 810, '1', '11597', 0),
(610, 'Phường Xuân Đỉnh', 1, 810, '0', NULL, 0),
(611, 'Phường Xuân Tảo', 1, 810, '0', NULL, 0),
(613, 'Phường Minh Khai', 1, 810, '1', '11606', 0),
(616, 'Phường Cổ Nhuế 1', 1, 810, '1', '11602', 0),
(617, 'Phường Cổ Nhuế 2', 1, 810, '1', '11603', 0),
(619, 'Phường Phú Diễn', 1, 810, '0', NULL, 0),
(620, 'Phường Phúc Diễn', 1, 810, '0', NULL, 0),
(622, 'Phường Xuân Phương', 1, 811, '1', '11592', 0),
(623, 'Phường Phương Canh', 1, 811, '1', '11584', 0),
(625, 'Phường Mỹ Đình 1', 1, 811, '1', '11611', 0),
(626, 'Phường Mỹ Đình 2', 1, 811, '0', NULL, 0),
(628, 'Phường Tây Mỗ', 1, 811, '0', NULL, 0),
(631, 'Phường Mễ Trì', 1, 811, '1', '11608', 0),
(632, 'Phường Phú Đô', 1, 811, '1', '11609', 0),
(634, 'Phường Đại Mỗ', 1, 811, '1', '11607', 0),
(637, 'Phường Trung Văn', 1, 811, '1', '11591', 0),
(640, 'Thị trấn Văn Điển', 1, 13, '1', '268', 0),
(643, 'Xã Tân Triều', 1, 13, '1', '272', 0),
(646, 'Xã Thanh Liệt', 1, 13, '1', '273', 0),
(649, 'Xã Tả Thanh Oai', 1, 13, '1', '274', 0),
(652, 'Xã Hữu Hoà', 1, 13, '1', '275', 0),
(655, 'Xã Tam Hiệp', 1, 13, '1', '266', 0),
(658, 'Xã Tứ Hiệp', 1, 13, '1', '267', 0),
(661, 'Xã Yên Mỹ', 1, 13, '0', NULL, 0),
(664, 'Xã Vĩnh Quỳnh', 1, 13, '1', '11634', 0),
(667, 'Xã Ngũ Hiệp', 1, 13, '1', '265', 0),
(670, 'Xã Duyên Hà', 1, 13, '1', '276', 0),
(673, 'Xã Ngọc Hồi', 1, 13, '1', '11693', 0),
(676, 'Xã Vạn Phúc', 1, 13, '1', '277', 0),
(679, 'Xã Đại áng', 1, 13, '1', '269', 0),
(682, 'Xã Liên Ninh', 1, 13, '1', '270', 0),
(685, 'Xã Đông Mỹ', 1, 13, '1', '278', 0),
(688, 'Phường Quang Trung', 2, 121, '1', '2736', 0),
(691, 'Phường Trần Phú', 2, 121, '1', '2733', 0),
(692, 'Phường Ngọc Hà', 2, 121, '1', '2735', 0),
(694, 'Phường Nguyễn Trãi', 2, 121, '1', '2734', 0),
(697, 'Phường Minh Khai', 2, 121, '1', '2732', 0),
(700, 'Xã Ngọc Đường', 2, 121, '1', '2739', 0),
(703, 'Xã Kim Thạch', 2, 128, '1', '2656', 0),
(706, 'Xã Phú Linh', 2, 128, '1', '2654', 0),
(709, 'Xã Kim Linh', 2, 128, '1', '2655', 0),
(712, 'Thị trấn Phó Bảng', 2, 122, '1', '2721', 0),
(715, 'Xã Lũng Cú', 2, 122, '1', '2715', 0),
(718, 'Xã Má Lé', 2, 122, '1', '2716', 0),
(721, 'Thị trấn Đồng Văn', 2, 122, '1', '2713', 0),
(724, 'Xã Lũng Táo', 2, 122, '0', NULL, 0),
(727, 'Xã Phố Là', 2, 122, '1', '2718', 0),
(730, 'Xã Thài Phìn Tủng', 2, 122, '1', '2722', 0),
(733, 'Xã Sủng Là', 2, 122, '1', '2723', 0),
(736, 'Xã Xà Phìn', 2, 122, '1', '2724', 0),
(739, 'Xã Tả Phìn', 2, 122, '1', '2725', 0),
(742, 'Xã Tả Lủng', 2, 122, '1', '2726', 0),
(745, 'Xã Phố Cáo', 2, 122, '1', '2717', 0),
(748, 'Xã Sính Lủng', 2, 122, '1', '2727', 0),
(751, 'Xã Sảng Tủng', 2, 122, '1', '2728', 0),
(754, 'Xã Lũng Thầu', 2, 122, '1', '2719', 0),
(757, 'Xã Hố Quáng Phìn', 2, 122, '1', '2729', 0),
(760, 'Xã Vần Chải', 2, 122, '1', '2730', 0),
(763, 'Xã Lũng Phìn', 2, 122, '1', '2720', 0),
(766, 'Xã Sủng Trái', 2, 122, '1', '2731', 0),
(769, 'Thị trấn Mèo Vạc', 2, 123, '1', '2605', 0),
(772, 'Xã Thượng Phùng', 2, 123, '1', '2617', 0),
(775, 'Xã Pải Lủng', 2, 123, '1', '2609', 0),
(778, 'Xã Xín Cái', 2, 123, '1', '2615', 0),
(781, 'Xã Pả Vi', 2, 123, '1', '2616', 0),
(784, 'Xã Giàng Chu Phìn', 2, 123, '1', '2608', 0),
(787, 'Xã Sủng Trà', 2, 123, '1', '2614', 0),
(790, 'Xã Sủng Máng', 2, 123, '1', '2618', 0),
(793, 'Xã Sơn Vĩ', 2, 123, '1', '2607', 0),
(796, 'Xã Tả Lủng', 2, 123, '0', NULL, 0),
(799, 'Xã Cán Chu Phìn', 2, 123, '1', '2606', 0),
(802, 'Xã Lũng Pù', 2, 123, '1', '2613', 0),
(805, 'Xã Lũng Chinh', 2, 123, '1', '2619', 0),
(808, 'Xã Tát Ngà', 2, 123, '1', '2611', 0),
(811, 'Xã Nậm Ban', 2, 123, '0', NULL, 0),
(814, 'Xã Khâu Vai', 2, 123, '1', '2620', 0),
(815, 'Xã Niêm Tòng', 2, 123, '1', '2621', 0),
(817, 'Xã Niêm Sơn', 2, 123, '1', '2610', 0),
(820, 'Thị trấn Yên Minh', 2, 124, '1', '2695', 0),
(823, 'Xã Thắng Mố', 2, 124, '1', '2702', 0),
(826, 'Xã Phú Lũng', 2, 124, '1', '2703', 0),
(829, 'Xã Sủng Tráng', 2, 124, '1', '2704', 0),
(832, 'Xã Bạch Đích', 2, 124, '1', '2697', 0),
(835, 'Xã Na Khê', 2, 124, '1', '2705', 0),
(838, 'Xã Sủng Thài', 2, 124, '1', '2706', 0),
(841, 'Xã Hữu Vinh', 2, 124, '1', '2701', 0),
(844, 'Xã Lao Và Chải', 2, 124, '1', '2707', 0),
(847, 'Xã Mậu Duệ', 2, 124, '1', '2700', 0),
(850, 'Xã Đông Minh', 2, 124, '1', '2698', 0),
(853, 'Xã Mậu Long', 2, 124, '1', '2708', 0),
(856, 'Xã Ngam La', 2, 124, '1', '2709', 0),
(859, 'Xã Ngọc Long', 2, 124, '1', '2696', 0),
(862, 'Xã Đường Thượng', 2, 124, '1', '2710', 0),
(865, 'Xã Lũng Hồ', 2, 124, '1', '2699', 0),
(868, 'Xã Du Tiến', 2, 124, '1', '2711', 0),
(871, 'Xã Du Già', 2, 124, '1', '2712', 0),
(874, 'Thị trấn Tam Sơn', 2, 125, '1', '2640', 0),
(877, 'Xã Bát Đại Sơn', 2, 125, '1', '2649', 0),
(880, 'Xã Nghĩa Thuận', 2, 125, '1', '2648', 0),
(883, 'Xã Cán Tỷ', 2, 125, '1', '2645', 0),
(886, 'Xã Cao Mã Pờ', 2, 125, '1', '2646', 0),
(889, 'Xã Thanh Vân', 2, 125, '1', '2641', 0),
(892, 'Xã Tùng Vài', 2, 125, '1', '2647', 0),
(895, 'Xã Đông Hà', 2, 125, '1', '2643', 0),
(898, 'Xã Quản Bạ', 2, 125, '0', NULL, 0),
(901, 'Xã Lùng Tám', 2, 125, '1', '2644', 0),
(904, 'Xã Quyết Tiến', 2, 125, '1', '2642', 0),
(907, 'Xã Tả Ván', 2, 125, '1', '2650', 0),
(910, 'Xã Thái An', 2, 125, '1', '2651', 0),
(913, 'Thị trấn Vị Xuyên', 2, 128, '1', '2652', 0),
(916, 'Thị trấn Nông Trường Việt Lâm', 2, 128, '0', NULL, 0),
(919, 'Xã Minh Tân', 2, 128, '1', '2665', 0),
(922, 'Xã Thuận Hoà', 2, 128, '1', '2658', 0),
(925, 'Xã Tùng Bá', 2, 128, '1', '2659', 0),
(928, 'Xã Thanh Thủy', 2, 128, '1', '2663', 0),
(931, 'Xã Thanh Đức', 2, 128, '1', '2667', 0),
(934, 'Xã Phong Quang', 2, 128, '1', '2657', 0),
(937, 'Xã Xín Chải', 2, 128, '1', '2668', 0),
(940, 'Xã Phương Tiến', 2, 128, '1', '2669', 0),
(943, 'Xã Lao Chải', 2, 128, '1', '2670', 0),
(946, 'Xã Phương Độ', 2, 121, '1', '2738', 0),
(949, 'Xã Phương Thiện', 2, 121, '1', '2737', 0),
(952, 'Xã Cao Bồ', 2, 128, '1', '2671', 0),
(955, 'Xã Đạo Đức', 2, 128, '1', '2653', 0),
(958, 'Xã Thượng Sơn', 2, 128, '1', '2672', 0),
(961, 'Xã Linh Hồ', 2, 128, '1', '2673', 0),
(964, 'Xã Quảng Ngần', 2, 128, '1', '2675', 0),
(967, 'Xã Việt Lâm', 2, 128, '1', '2660', 0),
(970, 'Xã Ngọc Linh', 2, 128, '1', '2664', 0),
(973, 'Xã Ngọc Minh', 2, 128, '1', '2662', 0),
(976, 'Xã Bạch Ngọc', 2, 128, '1', '2661', 0),
(979, 'Xã Trung Thành', 2, 128, '1', '2666', 0),
(982, 'Xã Minh Sơn', 2, 126, '1', '2548', 0),
(985, 'Xã Giáp Trung', 2, 126, '1', '2547', 0),
(988, 'Xã Yên Định', 2, 126, '1', '2545', 0),
(991, 'Thị trấn Yên Phú', 2, 126, '0', NULL, 0),
(994, 'Xã Minh Ngọc', 2, 126, '1', '2553', 0),
(997, 'Xã Yên Phong', 2, 126, '1', '2552', 0),
(1000, 'Xã Lạc Nông', 2, 126, '1', '2544', 0),
(1003, 'Xã Phú Nam', 2, 126, '1', '2546', 0),
(1006, 'Xã Yên Cường', 2, 126, '1', '2549', 0),
(1009, 'Xã Thượng Tân', 2, 126, '1', '2555', 0),
(1012, 'Xã Đường Âm', 2, 126, '1', '2551', 0),
(1015, 'Xã Đường Hồng', 2, 126, '1', '2550', 0),
(1018, 'Xã Phiêng Luông', 2, 126, '1', '2554', 0),
(1021, 'Thị trấn Vinh Quang', 2, 127, '1', '2580', 0),
(1024, 'Xã Bản Máy', 2, 127, '1', '2585', 0),
(1027, 'Xã Thàng Tín', 2, 127, '1', '2589', 0),
(1030, 'Xã Thèn Chu Phìn', 2, 127, '1', '2604', 0),
(1033, 'Xã Pố Lồ', 2, 127, '1', '2590', 0),
(1036, 'Xã Bản Phùng', 2, 127, '1', '2591', 0),
(1039, 'Xã Túng Sán', 2, 127, '1', '2592', 0),
(1042, 'Xã Chiến Phố', 2, 127, '1', '2582', 0),
(1045, 'Xã Đản Ván', 2, 127, '1', '2593', 0),
(1048, 'Xã Tụ Nhân', 2, 127, '1', '2584', 0),
(1051, 'Xã Tân Tiến', 2, 127, '1', '2581', 0),
(1054, 'Xã Nàng Đôn', 2, 127, '1', '2594', 0),
(1057, 'Xã Pờ Ly Ngài', 2, 127, '1', '2595', 0),
(1060, 'Xã Sán Xả Hồ', 2, 127, '1', '2596', 0),
(1063, 'Xã Bản Luốc', 2, 127, '1', '2597', 0),
(1066, 'Xã Ngàm Đăng Vài', 2, 127, '1', '2588', 0),
(1069, 'Xã Bản Nhùng', 2, 127, '1', '2598', 0),
(1072, 'Xã Tả Sử Choóng', 2, 127, '1', '2599', 0),
(1075, 'Xã Nậm Dịch', 2, 127, '1', '2600', 0),
(1078, 'Xã Bản Péo', 2, 127, '1', '2601', 0),
(1081, 'Xã Hồ Thầu', 2, 127, '1', '2602', 0),
(1084, 'Xã Nam Sơn', 2, 127, '1', '2587', 0),
(1087, 'Xã Nậm Tỵ', 2, 127, '1', '2583', 0),
(1090, 'Xã Thông Nguyên', 2, 127, '1', '2603', 0),
(1093, 'Xã Nậm Khòa', 2, 127, '1', '2586', 0),
(1096, 'Thị trấn Cốc Pài', 2, 129, '0', NULL, 0),
(1099, 'Xã Nàn Xỉn', 2, 129, '1', '2686', 0),
(1102, 'Xã Bản Díu', 2, 129, '0', NULL, 0),
(1105, 'Xã Chí Cà', 2, 129, '1', '2694', 0),
(1108, 'Xã Xín Mần', 2, 129, '0', NULL, 0),
(1111, 'Xã Trung Thịnh', 2, 129, '1', '2683', 0),
(1114, 'Xã Thèn Phàng', 2, 129, '1', '2687', 0),
(1117, 'Xã Ngán Chiên', 2, 129, '1', '2678', 0),
(1120, 'Xã Pà Vầy Sủ', 2, 129, '1', '2688', 0),
(1123, 'Xã Cốc Rế', 2, 129, '1', '2682', 0),
(1126, 'Xã Thu Tà', 2, 129, '1', '2684', 0),
(1129, 'Xã Nàn Ma', 2, 129, '1', '2689', 0),
(1132, 'Xã Tả Nhìu', 2, 129, '1', '2681', 0),
(1135, 'Xã Bản Ngò', 2, 129, '1', '2690', 0),
(1138, 'Xã Chế Là', 2, 129, '1', '2691', 0),
(1141, 'Xã Nấm Dẩn', 2, 129, '1', '2692', 0),
(1144, 'Xã Quảng Nguyên', 2, 129, '1', '2680', 0),
(1147, 'Xã Nà Chì', 2, 129, '0', NULL, 0),
(1150, 'Xã Khuôn Lùng', 2, 129, '1', '2693', 0),
(1153, 'Thị trấn Việt Quang', 2, 130, '1', '11569', 0),
(1156, 'Thị trấn Vĩnh Tuy', 2, 130, '1', '2568', 0),
(1159, 'Xã Tân Lập', 2, 130, '1', '2569', 0),
(1162, 'Xã Tân Thành', 2, 130, '1', '2577', 0),
(1165, 'Xã Đồng Tiến', 2, 130, '1', '2562', 0),
(1168, 'Xã Đồng Tâm', 2, 130, '1', '2565', 0),
(1171, 'Xã Tân Quang', 2, 130, '1', '2570', 0),
(1174, 'Xã Thượng Bình', 2, 130, '1', '2571', 0),
(1177, 'Xã Hữu Sản', 2, 130, '1', '2572', 0),
(1180, 'Xã Kim Ngọc', 2, 130, '1', '2567', 0),
(1183, 'Xã Việt Vinh', 2, 130, '1', '2556', 0),
(1186, 'Xã Bằng Hành', 2, 130, '1', '2564', 0),
(1189, 'Xã Quang Minh', 2, 130, '1', '2559', 0),
(1192, 'Xã Liên Hiệp', 2, 130, '1', '2566', 0),
(1195, 'Xã Vô Điếm', 2, 130, '1', '2558', 0),
(1198, 'Xã Việt Hồng', 2, 130, '1', '2563', 0),
(1201, 'Xã Hùng An', 2, 130, '1', '2557', 0),
(1204, 'Xã Đức Xuân', 2, 130, '1', '2560', 0),
(1207, 'Xã Tiên Kiều', 2, 130, '1', '2573', 0),
(1210, 'Xã Vĩnh Hảo', 2, 130, '1', '2576', 0),
(1213, 'Xã Vĩnh Phúc', 2, 130, '1', '2574', 0),
(1216, 'Xã Đồng Yên', 2, 130, '1', '2561', 0),
(1219, 'Xã Đông Thành', 2, 130, '1', '2575', 0),
(1222, 'Xã Xuân Minh', 2, 749, '1', '2638', 0),
(1225, 'Xã Tiên Nguyên', 2, 749, '1', '2634', 0),
(1228, 'Xã Tân Nam', 2, 749, '1', '2626', 0),
(1231, 'Xã Bản Rịa', 2, 749, '1', '2635', 0),
(1234, 'Xã Yên Thành', 2, 749, '1', '2624', 0),
(1237, 'Thị trấn Yên Bình', 2, 749, '1', '2623', 0),
(1240, 'Xã Tân Trịnh', 2, 749, '1', '2629', 0),
(1243, 'Xã Tân Bắc', 2, 749, '1', '2627', 0),
(1246, 'Xã Bằng Lang', 2, 749, '1', '2625', 0),
(1249, 'Xã Yên Hà', 2, 749, '1', '2628', 0),
(1252, 'Xã Hương Sơn', 2, 749, '1', '2630', 0),
(1255, 'Xã Xuân Giang', 2, 749, '1', '2632', 0),
(1258, 'Xã Nà Khương', 2, 749, '1', '2637', 0),
(1261, 'Xã Tiên Yên', 2, 749, '1', '2631', 0),
(1264, 'Xã Vĩ Thượng', 2, 749, '1', '2633', 0),
(1267, 'Phường Sông Hiến', 3, 132, '1', '2134', 0),
(1270, 'Phường Sông Bằng', 3, 132, '1', '2135', 0),
(1273, 'Phường Hợp Giang', 3, 132, '1', '2136', 0),
(1276, 'Phường Tân Giang', 3, 132, '1', '2137', 0),
(1279, 'Phường Ngọc Xuân', 3, 132, '0', NULL, 0),
(1282, 'Phường Đề Thám', 3, 132, '0', NULL, 0),
(1285, 'Phường Hoà Chung', 3, 132, '0', NULL, 0),
(1288, 'Phường Duyệt Trung', 3, 132, '0', NULL, 0),
(1290, 'Thị trấn Pác Miầu', 3, 731, '0', NULL, 0),
(1291, 'Xã Đức Hạnh', 3, 731, '1', '1948', 0),
(1294, 'Xã Lý Bôn', 3, 731, '1', '1949', 0),
(1296, 'Xã Nam Cao', 3, 731, '1', '1953', 0),
(1297, 'Xã Nam Quang', 3, 731, '1', '1952', 0),
(1300, 'Xã Vĩnh Quang', 3, 731, '1', '1950', 0),
(1303, 'Xã Quảng Lâm', 3, 731, '1', '1955', 0),
(1304, 'Xã Thạch Lâm', 3, 731, '1', '1956', 0),
(1306, 'Xã Tân Việt', 3, 731, '1', '1954', 0),
(1309, 'Xã Vĩnh Phong', 3, 731, '1', '1951', 0),
(1312, 'Xã Mông Ân', 3, 731, '1', '1947', 0),
(1315, 'Xã Thái Học', 3, 731, '1', '1957', 0),
(1316, 'Xã Thái Sơn', 3, 731, '1', '1958', 0),
(1318, 'Xã Yên Thổ', 3, 731, '1', '1959', 0),
(1321, 'Thị trấn Bảo Lạc', 3, 133, '1', '1960', 0),
(1324, 'Xã Cốc Pàng', 3, 133, '1', '1961', 0),
(1327, 'Xã Thượng Hà', 3, 133, '1', '1962', 0),
(1330, 'Xã Cô Ba', 3, 133, '1', '1963', 0),
(1333, 'Xã Bảo Toàn', 3, 133, '1', '1966', 0),
(1336, 'Xã Khánh Xuân', 3, 133, '1', '1964', 0),
(1339, 'Xã Xuân Trường', 3, 133, '1', '1965', 0),
(1342, 'Xã Hồng Trị', 3, 133, '1', '1967', 0),
(1343, 'Xã Kim Cúc', 3, 133, '1', '1975', 0),
(1345, 'Xã Phan Thanh', 3, 133, '1', '1968', 0),
(1348, 'Xã Hồng An', 3, 133, '1', '1969', 0),
(1351, 'Xã Hưng Đạo', 3, 133, '1', '1970', 0),
(1352, 'Xã Hưng Thịnh', 3, 133, '1', '1974', 0),
(1354, 'Xã Huy Giáp', 3, 133, '1', '1971', 0),
(1357, 'Xã Đình Phùng', 3, 133, '1', '1973', 0),
(1359, 'Xã Sơn Lập', 3, 133, '1', '1976', 0),
(1360, 'Xã Sơn Lộ', 3, 133, '1', '1972', 0),
(1363, 'Thị trấn Thông Nông', 3, 135, '1', '2077', 0),
(1366, 'Xã Cần Yên', 3, 135, '1', '2079', 0),
(1367, 'Xã Cần Nông', 3, 135, '1', '2087', 0),
(1369, 'Xã Vị Quang', 3, 135, '1', '2080', 0),
(1372, 'Xã Lương Thông', 3, 135, '1', '2081', 0),
(1375, 'Xã Đa Thông', 3, 135, '1', '2078', 0),
(1378, 'Xã Ngọc Động', 3, 135, '1', '2082', 0),
(1381, 'Xã Yên Sơn', 3, 135, '1', '2083', 0),
(1384, 'Xã Lương Can', 3, 135, '1', '2084', 0),
(1387, 'Xã Thanh Long', 3, 135, '1', '2085', 0),
(1390, 'Xã Bình Lãng', 3, 135, '1', '2086', 0),
(1392, 'Thị trấn Xuân Hòa', 3, 134, '1', '1977', 0),
(1393, 'Xã Lũng Nặm', 3, 134, '1', '1980', 0),
(1396, 'Xã Kéo Yên', 3, 134, '1', '1979', 0),
(1399, 'Xã Trường Hà', 3, 134, '1', '1978', 0),
(1402, 'Xã Vân An', 3, 134, '1', '1981', 0),
(1405, 'Xã Cải Viên', 3, 134, '1', '1982', 0),
(1408, 'Xã Nà Sác', 3, 134, '1', '1983', 0),
(1411, 'Xã Nội Thôn', 3, 134, '1', '1984', 0),
(1414, 'Xã Tổng Cọt', 3, 134, '1', '1987', 0),
(1417, 'Xã Sóc Hà', 3, 134, '1', '1985', 0),
(1420, 'Xã Thượng Thôn', 3, 134, '1', '1986', 0),
(1423, 'Xã Vần Dính', 3, 134, '1', '1995', 0),
(1426, 'Xã Hồng Sĩ', 3, 134, '0', NULL, 0),
(1429, 'Xã Sĩ Hai', 3, 134, '1', '1990', 0),
(1432, 'Xã Quý Quân', 3, 134, '0', NULL, 0),
(1435, 'Xã Mã Ba', 3, 134, '1', '1993', 0),
(1438, 'Xã Phù Ngọc', 3, 134, '1', '1992', 0),
(1441, 'Xã Đào Ngạn', 3, 134, '1', '1991', 0),
(1444, 'Xã Hạ Thôn', 3, 134, '1', '1994', 0),
(1447, 'Thị trấn Hùng Quốc', 3, 136, '1', '2104', 0),
(1450, 'Xã Cô Mười', 3, 136, '1', '2105', 0),
(1453, 'Xã Tri Phương', 3, 136, '1', '2106', 0),
(1456, 'Xã Quang Hán', 3, 136, '1', '2107', 0),
(1459, 'Xã Quang Vinh', 3, 136, '1', '2108', 0),
(1462, 'Xã Xuân Nội', 3, 136, '1', '2111', 0),
(1465, 'Xã Quang Trung', 3, 136, '1', '2109', 0),
(1468, 'Xã Lưu Ngọc', 3, 136, '1', '2110', 0),
(1471, 'Xã Cao Chương', 3, 136, '1', '2112', 0),
(1474, 'Xã Quốc Toản', 3, 136, '1', '2113', 0),
(1477, 'Thị trấn Trùng Khánh', 3, 137, '1', '2114', 0),
(1480, 'Xã Ngọc Khê', 3, 137, '1', '2118', 0),
(1481, 'Xã Ngọc Côn', 3, 137, '1', '2133', 0),
(1483, 'Xã Phong Nậm', 3, 137, '1', '2117', 0),
(1486, 'Xã Ngọc Chung', 3, 137, '1', '2116', 0),
(1489, 'Xã Đình Phong', 3, 137, '1', '2119', 0),
(1492, 'Xã Lăng Yên', 3, 137, '1', '2115', 0),
(1495, 'Xã Đàm Thuỷ', 3, 137, '1', '2121', 0),
(1498, 'Xã Khâm Thành', 3, 137, '1', '2123', 0),
(1501, 'Xã Chí Viễn', 3, 137, '1', '2120', 0),
(1504, 'Xã Lăng Hiếu', 3, 137, '1', '2122', 0),
(1507, 'Xã Phong Châu', 3, 137, '1', '2125', 0),
(1510, 'Xã Đình Minh', 3, 137, '1', '2124', 0),
(1513, 'Xã Cảnh Tiên', 3, 137, '1', '2126', 0),
(1516, 'Xã Trung Phúc', 3, 137, '1', '2127', 0),
(1519, 'Xã Cao Thăng', 3, 137, '1', '2129', 0),
(1522, 'Xã Đức Hồng', 3, 137, '1', '2128', 0),
(1525, 'Xã Thông Hoè', 3, 137, '0', NULL, 0),
(1528, 'Xã Thân Giáp', 3, 137, '1', '2132', 0),
(1531, 'Xã Đoài Côn', 3, 137, '1', '2131', 0),
(1534, 'Xã Minh Long', 3, 141, '1', '2018', 0),
(1537, 'Xã Lý Quốc', 3, 141, '1', '2020', 0),
(1540, 'Xã Thắng Lợi', 3, 141, '1', '2019', 0),
(1543, 'Xã Đồng Loan', 3, 141, '1', '2021', 0),
(1546, 'Xã Đức Quang', 3, 141, '1', '2022', 0),
(1549, 'Xã Kim Loan', 3, 141, '1', '2023', 0),
(1552, 'Xã Quang Long', 3, 141, '1', '2025', 0),
(1555, 'Xã An Lạc', 3, 141, '1', '2024', 0),
(1558, 'Thị trấn Thanh Nhật', 3, 141, '1', '2017', 0),
(1561, 'Xã Vinh Quý', 3, 141, '0', NULL, 0),
(1564, 'Xã Việt Chu', 3, 141, '1', '2027', 0),
(1567, 'Xã Cô Ngân', 3, 141, '1', '2029', 0),
(1570, 'Xã Thái Đức', 3, 141, '1', '2028', 0),
(1573, 'Xã Thị Hoa', 3, 141, '1', '2030', 0),
(1576, 'Thị trấn Quảng Uyên', 3, 733, '1', '2060', 0),
(1579, 'Xã Phi Hải', 3, 733, '1', '2061', 0),
(1582, 'Xã Quảng Hưng', 3, 733, '1', '2062', 0),
(1585, 'Xã Bình Lăng', 3, 733, '1', '2063', 0),
(1588, 'Xã Quốc Dân', 3, 733, '1', '2066', 0),
(1591, 'Xã Quốc Phong', 3, 733, '1', '2065', 0),
(1594, 'Xã Độc Lập', 3, 733, '1', '2064', 0),
(1597, 'Xã Cai Bộ', 3, 733, '1', '2070', 0),
(1600, 'Xã Đoài Khôn', 3, 733, '1', '2067', 0),
(1603, 'Xã Phúc Sen', 3, 733, '1', '2068', 0),
(1606, 'Xã Chí Thảo', 3, 733, '1', '2069', 0),
(1609, 'Xã Tự Do', 3, 733, '1', '2071', 0),
(1612, 'Xã Hồng Định', 3, 733, '1', '2073', 0),
(1615, 'Xã Hồng Quang', 3, 733, '1', '2074', 0),
(1618, 'Xã Ngọc Động', 3, 733, '1', '2072', 0),
(1621, 'Xã Hoàng Hải', 3, 733, '1', '2075', 0),
(1624, 'Xã Hạnh Phúc', 3, 733, '1', '2076', 0),
(1627, 'Thị trấn Tà Lùng', 3, 732, '1', '2051', 0),
(1630, 'Xã Triệu ẩu', 3, 732, '1', '2053', 0),
(1633, 'Xã Hồng Đại', 3, 732, '1', '2052', 0),
(1636, 'Xã Cách Linh', 3, 732, '1', '2059', 0),
(1639, 'Xã Đại Sơn', 3, 732, '1', '2055', 0),
(1642, 'Xã Lương Thiện', 3, 732, '1', '2054', 0),
(1645, 'Xã Tiên Thành', 3, 732, '1', '2056', 0),
(1648, 'Thị trấn Hoà Thuận', 3, 732, '1', '2057', 0),
(1651, 'Xã Mỹ Hưng', 3, 732, '1', '2058', 0),
(1654, 'Thị trấn Nước Hai', 3, 139, '1', '1996', 0),
(1657, 'Xã Dân Chủ', 3, 139, '1', '1997', 0),
(1660, 'Xã Nam Tuấn', 3, 139, '1', '1998', 0),
(1663, 'Xã Đức Xuân', 3, 139, '1', '2000', 0),
(1666, 'Xã Đại Tiến', 3, 139, '1', '1999', 0),
(1669, 'Xã Đức Long', 3, 139, '1', '2001', 0),
(1672, 'Xã Ngũ Lão', 3, 139, '1', '2005', 0),
(1675, 'Xã Trương Lương', 3, 139, '1', '2002', 0),
(1678, 'Xã Bình Long', 3, 139, '1', '2003', 0),
(1681, 'Xã Nguyễn Huệ', 3, 139, '1', '2008', 0),
(1684, 'Xã Công Trừng', 3, 139, '1', '2006', 0),
(1687, 'Xã Hồng Việt', 3, 139, '1', '2007', 0),
(1690, 'Xã Bế Triều', 3, 139, '1', '2004', 0),
(1693, 'Xã Vĩnh Quang', 3, 132, '1', '2142', 0),
(1696, 'Xã Hoàng Tung', 3, 139, '1', '2009', 0),
(1699, 'Xã Trương Vương', 3, 139, '0', NULL, 0),
(1702, 'Xã Quang Trung', 3, 139, '1', '2010', 0),
(1705, 'Xã Hưng Đạo', 3, 132, '1', '2143', 0),
(1708, 'Xã Bạch Đằng', 3, 139, '1', '2013', 0),
(1711, 'Xã Bình Dương', 3, 139, '1', '2012', 0),
(1714, 'Xã Lê Chung', 3, 139, '1', '2014', 0),
(1717, 'Xã Hà Trì', 3, 139, '1', '2015', 0),
(1720, 'Xã Chu Trinh', 3, 132, '0', NULL, 0),
(1723, 'Xã Hồng Nam', 3, 139, '1', '2016', 0),
(1726, 'Thị trấn Nguyên Bình', 3, 138, '1', '2031', 0),
(1729, 'Thị trấn Tĩnh Túc', 3, 138, '1', '2032', 0),
(1732, 'Xã Yên Lạc', 3, 138, '1', '2033', 0),
(1735, 'Xã Triệu Nguyên', 3, 138, '1', '2035', 0),
(1738, 'Xã Ca Thành', 3, 138, '1', '2034', 0),
(1741, 'Xã Thái Học', 3, 138, '1', '2037', 0),
(1744, 'Xã Vũ Nông', 3, 138, '1', '2036', 0),
(1747, 'Xã Minh Tâm', 3, 138, '1', '2040', 0),
(1750, 'Xã Thể Dục', 3, 138, '1', '2038', 0),
(1753, 'Xã Bắc Hợp', 3, 138, '1', '2039', 0),
(1756, 'Xã Mai Long', 3, 138, '1', '2043', 0),
(1759, 'Xã Lang Môn', 3, 138, '1', '2042', 0),
(1762, 'Xã Minh Thanh', 3, 138, '1', '2041', 0),
(1765, 'Xã Hoa Thám', 3, 138, '1', '2047', 0),
(1768, 'Xã Phan Thanh', 3, 138, '1', '2044', 0),
(1771, 'Xã Quang Thành', 3, 138, '1', '2045', 0),
(1774, 'Xã Tam Kim', 3, 138, '1', '2046', 0),
(1777, 'Xã Thành Công', 3, 138, '1', '2048', 0),
(1780, 'Xã Thịnh Vượng', 3, 138, '1', '2050', 0),
(1783, 'Xã Hưng Đạo', 3, 138, '1', '2049', 0),
(1786, 'Thị trấn Đông Khê', 3, 142, '1', '2088', 0),
(1789, 'Xã Canh Tân', 3, 142, '1', '2090', 0),
(1792, 'Xã Kim Đồng', 3, 142, '1', '2091', 0),
(1795, 'Xã Minh Khai', 3, 142, '1', '2092', 0),
(1798, 'Xã Thị Ngân', 3, 142, '1', '2097', 0),
(1801, 'Xã Đức Thông', 3, 142, '1', '2093', 0),
(1804, 'Xã Thái Cường', 3, 142, '1', '2095', 0),
(1807, 'Xã Vân Trình', 3, 142, '1', '2096', 0),
(1810, 'Xã Thụy Hùng', 3, 142, '1', '2098', 0),
(1813, 'Xã Quang Trọng', 3, 142, '1', '2094', 0),
(1816, 'Xã Trọng Con', 3, 142, '1', '2100', 0),
(1819, 'Xã Lê Lai', 3, 142, '1', '2089', 0),
(1822, 'Xã Đức Long', 3, 142, '1', '2099', 0),
(1825, 'Xã Danh Sỹ', 3, 142, '1', '2101', 0),
(1828, 'Xã Lê Lợi', 3, 142, '1', '2102', 0),
(1831, 'Xã Đức Xuân', 3, 142, '1', '2103', 0),
(1834, 'Phường Nguyễn Thị Minh Khai', 4, 155, '1', '1646', 0),
(1837, 'Phường Sông Cầu', 4, 155, '1', '1647', 0),
(1840, 'Phường Đức Xuân', 4, 155, '1', '1648', 0),
(1843, 'Phường Phùng Chí Kiên', 4, 155, '1', '1649', 0),
(1846, 'Phường Huyền Tụng', 4, 155, '0', NULL, 0),
(1849, 'Xã Dương Quang', 4, 155, '1', '1650', 0),
(1852, 'Xã Nông Thượng', 4, 155, '1', '1651', 0),
(1855, 'Phường Xuất Hóa', 4, 155, '0', NULL, 0),
(1858, 'Xã Bằng Thành', 4, 718, '1', '1636', 0),
(1861, 'Xã Nhạn Môn', 4, 718, '1', '1642', 0),
(1864, 'Xã Bộc Bố', 4, 718, '1', '1644', 0),
(1867, 'Xã Công Bằng', 4, 718, '1', '1639', 0),
(1870, 'Xã Giáo Hiệu', 4, 718, '1', '1640', 0),
(1873, 'Xã Xuân La', 4, 718, '1', '1643', 0),
(1876, 'Xã An Thắng', 4, 718, '1', '1635', 0),
(1879, 'Xã Cổ Linh', 4, 718, '1', '1638', 0),
(1882, 'Xã Nghiên Loan', 4, 718, '1', '1641', 0),
(1885, 'Xã Cao Tân', 4, 718, '1', '1637', 0),
(1888, 'Thị trấn Chợ Rã', 4, 156, '0', NULL, 0),
(1891, 'Xã Bành Trạch', 4, 156, '1', '1531', 0),
(1894, 'Xã Phúc Lộc', 4, 156, '1', '1541', 0),
(1897, 'Xã Hà Hiệu', 4, 156, '1', '1537', 0),
(1900, 'Xã Cao Thượng', 4, 156, '1', '1532', 0),
(1903, 'Xã Cao Trĩ', 4, 156, '1', '1533', 0),
(1906, 'Xã Khang Ninh', 4, 156, '1', '1544', 0),
(1909, 'Xã Nam Mẫu', 4, 156, '1', '1540', 0),
(1912, 'Xã Thượng Giáo', 4, 156, '1', '1545', 0),
(1915, 'Xã Địa Linh', 4, 156, '1', '1534', 0),
(1918, 'Xã Yến Dương', 4, 156, '1', '1543', 0),
(1921, 'Xã Chu Hương', 4, 156, '1', '1535', 0),
(1924, 'Xã Quảng Khê', 4, 156, '1', '1546', 0),
(1927, 'Xã Mỹ Phương', 4, 156, '1', '1539', 0),
(1930, 'Xã Hoàng Trĩ', 4, 156, '1', '1538', 0),
(1933, 'Xã Đồng Phúc', 4, 156, '1', '1536', 0),
(1936, 'Thị trấn Nà Phặc', 4, 157, '1', '1624', 0),
(1939, 'Xã Thượng Ân', 4, 157, '1', '1629', 0),
(1942, 'Xã Bằng Vân', 4, 157, '1', '1633', 0),
(1945, 'Xã Cốc Đán', 4, 157, '1', '1625', 0),
(1948, 'Xã Trung Hoà', 4, 157, '1', '1631', 0),
(1951, 'Xã Đức Vân', 4, 157, '1', '1626', 0),
(1954, 'Xã Vân Tùng', 4, 157, '1', '1632', 0),
(1957, 'Xã Thượng Quan', 4, 157, '1', '1630', 0),
(1960, 'Xã Lãng Ngâm', 4, 157, '1', '1634', 0),
(1963, 'Xã Thuần Mang', 4, 157, '1', '1628', 0),
(1966, 'Xã Hương Nê', 4, 157, '1', '1627', 0),
(1969, 'Thị trấn Phủ Thông', 4, 160, '1', '1559', 0),
(1972, 'Xã Phương Linh', 4, 160, '1', '1561', 0),
(1975, 'Xã Vi Hương', 4, 160, '1', '1552', 0),
(1978, 'Xã Sĩ Bình', 4, 160, '0', NULL, 0),
(1981, 'Xã Vũ Muộn', 4, 160, '1', '1563', 0),
(1984, 'Xã Đôn Phong', 4, 160, '1', '1548', 0),
(1987, 'Xã Tú Trĩ', 4, 160, '1', '1555', 0),
(1990, 'Xã Lục Bình', 4, 160, '1', '1554', 0),
(1993, 'Xã Tân Tiến', 4, 160, '1', '1557', 0),
(1996, 'Xã Quân Bình', 4, 160, '1', '1558', 0),
(1999, 'Xã Nguyên Phúc', 4, 160, '1', '1560', 0),
(2002, 'Xã Cao Sơn', 4, 160, '1', '1551', 0),
(2005, 'Xã Hà Vị', 4, 160, '1', '1553', 0),
(2008, 'Xã Cẩm Giàng', 4, 160, '1', '1556', 0),
(2011, 'Xã Mỹ Thanh', 4, 160, '1', '1550', 0),
(2014, 'Xã Dương Phong', 4, 160, '1', '1549', 0),
(2017, 'Xã Quang Thuận', 4, 160, '1', '1547', 0),
(2020, 'Thị trấn Bằng Lũng', 4, 158, '1', '1579', 0),
(2023, 'Xã Xuân Lạc', 4, 158, '1', '1593', 0),
(2026, 'Xã Nam Cường', 4, 158, '1', '1587', 0),
(2029, 'Xã Đồng Lạc', 4, 158, '1', '1585', 0),
(2032, 'Xã Tân Lập', 4, 158, '1', '1592', 0),
(2035, 'Xã Bản Thi', 4, 158, '0', NULL, 0),
(2038, 'Xã Quảng Bạch', 4, 158, '1', '1590', 0),
(2041, 'Xã Bằng Phúc', 4, 158, '1', '1598', 0),
(2044, 'Xã Yên Thịnh', 4, 158, '0', NULL, 0),
(2047, 'Xã Yên Thượng', 4, 158, '1', '1596', 0),
(2050, 'Xã Phương Viên', 4, 158, '1', '1599', 0),
(2053, 'Xã Ngọc Phái', 4, 158, '0', NULL, 0),
(2056, 'Xã Rã Bản', 4, 158, '1', '1591', 0),
(2059, 'Xã Đông Viên', 4, 158, '1', '1600', 0),
(2062, 'Xã Lương Bằng', 4, 158, '1', '1586', 0),
(2065, 'Xã Bằng Lãng', 4, 158, '0', NULL, 0),
(2068, 'Xã Đại Sảo', 4, 158, '0', NULL, 0),
(2071, 'Xã Nghĩa Tá', 4, 158, '1', '1588', 0),
(2074, 'Xã Phong Huân', 4, 158, '1', '1589', 0),
(2077, 'Xã Yên Mỹ', 4, 158, '1', '1601', 0),
(2080, 'Xã Bình Trung', 4, 158, '1', '1583', 0),
(2083, 'Xã Yên Nhuận', 4, 158, '1', '1594', 0),
(2086, 'Thị trấn Chợ Mới', 4, 161, '1', '615', 0),
(2089, 'Xã Tân Sơn', 4, 161, '1', '1571', 0),
(2092, 'Xã Thanh Vận', 4, 161, '1', '1574', 0),
(2095, 'Xã Mai Lạp', 4, 161, '1', '1567', 0),
(2098, 'Xã Hoà Mục', 4, 161, '1', '1566', 0),
(2101, 'Xã Thanh Mai', 4, 161, '1', '1573', 0),
(2104, 'Xã Cao Kỳ', 4, 161, '1', '1577', 0),
(2107, 'Xã Nông Hạ', 4, 161, '1', '1578', 0),
(2110, 'Xã Yên Cư', 4, 161, '1', '1575', 0),
(2113, 'Xã Nông Thịnh', 4, 161, '1', '1569', 0),
(2116, 'Xã Yên Hân', 4, 161, '1', '1576', 0),
(2119, 'Xã Thanh Bình', 4, 161, '1', '1572', 0),
(2122, 'Xã Như Cố', 4, 161, '1', '1568', 0),
(2125, 'Xã Bình Văn', 4, 161, '1', '1565', 0),
(2128, 'Xã Yên Đĩnh', 4, 161, '1', '1564', 0),
(2131, 'Xã Quảng Chu', 4, 161, '1', '1570', 0),
(2134, 'Thị trấn Yến Lạc', 4, 159, '0', NULL, 0),
(2137, 'Xã Vũ Loan', 4, 159, '1', '1618', 0),
(2140, 'Xã Lạng San', 4, 159, '1', '1621', 0),
(2143, 'Xã Lương Thượng', 4, 159, '1', '1615', 0),
(2146, 'Xã Kim Hỷ', 4, 159, '1', '1609', 0),
(2149, 'Xã Văn Học', 4, 159, '1', '1619', 0),
(2152, 'Xã Cường Lợi', 4, 159, '1', '1605', 0),
(2155, 'Xã Lương Hạ', 4, 159, '1', '1613', 0),
(2158, 'Xã Kim Lư', 4, 159, '1', '1610', 0),
(2161, 'Xã Lương Thành', 4, 159, '1', '1614', 0),
(2164, 'Xã Ân Tình', 4, 159, '1', '1603', 0),
(2167, 'Xã Lam Sơn', 4, 159, '1', '1611', 0),
(2170, 'Xã Văn Minh', 4, 159, '1', '1617', 0),
(2173, 'Xã Côn Minh', 4, 159, '1', '1622', 0),
(2176, 'Xã Cư Lễ', 4, 159, '1', '1604', 0),
(2179, 'Xã Hữu Thác', 4, 159, '1', '1608', 0),
(2182, 'Xã Hảo Nghĩa', 4, 159, '1', '1623', 0),
(2185, 'Xã Quang Phong', 4, 159, '1', '1616', 0),
(2188, 'Xã Dương Sơn', 4, 159, '1', '1606', 0),
(2191, 'Xã Xuân Dương', 4, 159, '1', '1620', 0),
(2194, 'Xã Đổng Xá', 4, 159, '1', '1607', 0),
(2197, 'Xã Liêm Thuỷ', 4, 159, '1', '1612', 0),
(2200, 'Phường Phan Thiết', 5, 175, '1', '9807', 0),
(2203, 'Phường Minh Xuân', 5, 175, '1', '9806', 0),
(2206, 'Phường Tân Quang', 5, 175, '1', '9805', 0),
(2209, 'Xã Tràng Đà', 5, 175, '1', '9814', 0),
(2212, 'Phường Nông Tiến', 5, 175, '1', '9811', 0),
(2215, 'Phường Ỷ La', 5, 175, '1', '9809', 0),
(2216, 'Phường Tân Hà', 5, 175, '1', '9808', 0),
(2218, 'Phường Hưng Thành', 5, 175, '1', '9810', 0),
(2221, 'Thị trấn Nà Hang', 5, 176, '1', '9726', 0),
(2227, 'Xã Sinh Long', 5, 176, '1', '9718', 0),
(2230, 'Xã Thượng Giáp', 5, 176, '1', '9721', 0),
(2233, 'Xã Phúc Yên', 5, 797, '0', NULL, 0),
(2239, 'Xã Thượng Nông', 5, 176, '1', '9723', 0),
(2242, 'Xã Xuân Lập', 5, 797, '0', NULL, 0),
(2245, 'Xã Côn Lôn', 5, 176, '1', '9710', 0),
(2248, 'Xã Yên Hoa', 5, 176, '0', NULL, 0),
(2251, 'Xã Khuôn Hà', 5, 797, '0', NULL, 0),
(2254, 'Xã Hồng Thái', 5, 176, '1', '9712', 0),
(2260, 'Xã Đà Vị', 5, 176, '1', '9711', 0),
(2263, 'Xã Khau Tinh', 5, 176, '1', '9713', 0),
(2266, 'Xã Lăng Can', 5, 797, '1', '9709', 0),
(2269, 'Xã Thượng Lâm', 5, 797, '0', NULL, 0),
(2275, 'Xã Sơn Phú', 5, 176, '1', '9719', 0),
(2281, 'Xã Năng Khả', 5, 176, '1', '9716', 0),
(2284, 'Xã Thanh Tương', 5, 176, '1', '9720', 0),
(2287, 'Thị trấn Vĩnh Lộc', 5, 177, '1', '9683', 0),
(2290, 'Xã Bình An', 5, 797, '0', NULL, 0),
(2293, 'Xã Hồng Quang', 5, 797, '0', NULL, 0),
(2296, 'Xã Thổ Bình', 5, 797, '0', NULL, 0),
(2299, 'Xã Phúc Sơn', 5, 177, '1', '9674', 0),
(2302, 'Xã Minh Quang', 5, 177, '1', '9670', 0),
(2305, 'Xã Trung Hà', 5, 177, '1', '9681', 0),
(2308, 'Xã Tân Mỹ', 5, 177, '1', '9677', 0),
(2311, 'Xã Hà Lang', 5, 177, '1', '9662', 0),
(2314, 'Xã Hùng Mỹ', 5, 177, '1', '9666', 0),
(2317, 'Xã Yên Lập', 5, 177, '1', '9686', 0),
(2320, 'Xã Tân An', 5, 177, '1', '9676', 0),
(2323, 'Xã Bình Phú', 5, 177, '1', '9661', 0),
(2326, 'Xã Xuân Quang', 5, 177, '1', '9685', 0),
(2329, 'Xã Ngọc Hội', 5, 177, '1', '9671', 0),
(2332, 'Xã Phú Bình', 5, 177, '1', '9673', 0),
(2335, 'Xã Hòa Phú', 5, 177, '1', '9664', 0),
(2338, 'Xã Phúc Thịnh', 5, 177, '1', '9675', 0),
(2341, 'Xã Kiên Đài', 5, 177, '1', '9667', 0),
(2344, 'Xã Tân Thịnh', 5, 177, '1', '9678', 0),
(2347, 'Xã Trung Hòa', 5, 177, '1', '9682', 0),
(2350, 'Xã Kim Bình', 5, 177, '1', '9668', 0),
(2353, 'Xã Hòa An', 5, 177, '1', '9663', 0),
(2356, 'Xã Vinh Quang', 5, 177, '1', '9684', 0),
(2359, 'Xã Tri Phú', 5, 177, '1', '9680', 0),
(2362, 'Xã Nhân Lý', 5, 177, '1', '9672', 0),
(2365, 'Xã Yên Nguyên', 5, 177, '1', '9687', 0),
(2368, 'Xã Linh Phú', 5, 177, '1', '9669', 0),
(2371, 'Xã Bình Nhân', 5, 177, '1', '9660', 0),
(2374, 'Thị trấn Tân Yên', 5, 178, '1', '9702', 0),
(2377, 'Xã Yên Thuận', 5, 178, '1', '9707', 0),
(2380, 'Xã Bạch Xa', 5, 178, '1', '9688', 0),
(2383, 'Xã Minh Khương', 5, 178, '1', '9694', 0),
(2386, 'Xã Yên Lâm', 5, 178, '1', '9705', 0),
(2389, 'Xã Minh Dân', 5, 178, '1', '9692', 0),
(2392, 'Xã Phù Lưu', 5, 178, '1', '9696', 0),
(2395, 'Xã Minh Hương', 5, 178, '1', '9693', 0),
(2398, 'Xã Yên Phú', 5, 178, '1', '9706', 0),
(2401, 'Xã Tân Thành', 5, 178, '1', '9697', 0),
(2404, 'Xã Bình Xa', 5, 178, '1', '9708', 0),
(2407, 'Xã Thái Sơn', 5, 178, '1', '9699', 0),
(2410, 'Xã Nhân Mục', 5, 178, '1', '9695', 0),
(2413, 'Xã Thành Long', 5, 178, '1', '9700', 0),
(2416, 'Xã Bằng Cốc', 5, 178, '1', '9689', 0),
(2419, 'Xã Thái Hòa', 5, 178, '1', '9698', 0),
(2422, 'Xã Đức Ninh', 5, 178, '0', NULL, 0),
(2425, 'Xã Hùng Đức', 5, 178, '1', '9691', 0),
(2428, 'Thị trấn Tân Bình', 5, 179, '1', '9789', 0),
(2431, 'Xã Quí Quân', 5, 179, '0', NULL, 0),
(2434, 'Xã Lực Hành', 5, 179, '1', '9781', 0),
(2437, 'Xã Kiến Thiết', 5, 179, '1', '9777', 0),
(2440, 'Xã Trung Minh', 5, 179, '1', '9797', 0),
(2443, 'Xã Chiêu Yên', 5, 179, '1', '9770', 0),
(2446, 'Xã Trung Trực', 5, 179, '1', '9801', 0),
(2449, 'Xã Xuân Vân', 5, 179, '0', NULL, 0),
(2452, 'Xã Phúc Ninh', 5, 179, '1', '9787', 0),
(2455, 'Xã Hùng Lợi', 5, 179, '1', '9776', 0),
(2458, 'Xã Trung Sơn', 5, 179, '1', '9800', 0),
(2461, 'Xã Tân Tiến', 5, 179, '1', '9791', 0),
(2464, 'Xã Tứ Quận', 5, 179, '1', '9803', 0),
(2467, 'Xã Đạo Viện', 5, 179, '1', '9772', 0),
(2470, 'Xã Tân Long', 5, 179, '1', '9790', 0),
(2473, 'Xã Thắng Quân', 5, 179, '1', '9794', 0),
(2476, 'Xã Kim Quan', 5, 179, '1', '9779', 0),
(2479, 'Xã Lang Quán', 5, 179, '1', '9780', 0),
(2482, 'Xã Phú Thịnh', 5, 179, '1', '9786', 0),
(2485, 'Xã Công Đa', 5, 179, '1', '9771', 0),
(2488, 'Xã Trung Môn', 5, 179, '1', '9798', 0),
(2491, 'Xã Chân Sơn', 5, 179, '1', '9769', 0),
(2494, 'Xã Thái Bình', 5, 179, '1', '9792', 0),
(2497, 'Xã Kim Phú', 5, 179, '1', '9778', 0),
(2500, 'Xã Tiến Bộ', 5, 179, '1', '9796', 0),
(2503, 'Xã An Khang', 5, 175, '0', NULL, 0),
(2506, 'Xã Mỹ Bằng', 5, 179, '1', '9782', 0),
(2509, 'Xã Phú Lâm', 5, 179, '1', '9785', 0),
(2512, 'Xã An Tường', 5, 175, '1', '9812', 0),
(2515, 'Xã Lưỡng Vượng', 5, 175, '1', '9813', 0),
(2518, 'Xã Hoàng Khai', 5, 179, '1', '9775', 0),
(2521, 'Xã Thái Long', 5, 175, '0', NULL, 0),
(2524, 'Xã Đội Cấn', 5, 175, '0', NULL, 0),
(2527, 'Xã Nhữ Hán', 5, 179, '1', '9783', 0),
(2530, 'Xã Nhữ Khê', 5, 179, '1', '9784', 0),
(2533, 'Xã Đội Bình', 5, 179, '1', '9773', 0),
(2536, 'Thị trấn Sơn Dương', 5, 180, '1', '9764', 0),
(2539, 'Xã Trung Yên', 5, 180, '1', '9751', 0),
(2542, 'Xã Minh Thanh', 5, 180, '1', '9755', 0),
(2545, 'Xã Tân Trào', 5, 180, '1', '9754', 0),
(2548, 'Xã Vĩnh Lợi', 5, 180, '1', '9745', 0),
(2551, 'Xã Thượng Ấm', 5, 180, '1', '9748', 0),
(2554, 'Xã Bình Yên', 5, 180, '1', '9750', 0),
(2557, 'Xã Lương Thiện', 5, 180, '1', '9752', 0),
(2560, 'Xã Tú Thịnh', 5, 180, '1', '9760', 0),
(2563, 'Xã Cấp Tiến', 5, 180, '1', '9749', 0),
(2566, 'Xã Hợp Thành', 5, 180, '1', '9753', 0),
(2569, 'Xã Phúc Ứng', 5, 180, '1', '9765', 0),
(2572, 'Xã Đông Thọ', 5, 180, '1', '9738', 0),
(2575, 'Xã Kháng Nhật', 5, 180, '1', '9732', 0),
(2578, 'Xã Hợp Hòa', 5, 180, '1', '9758', 0),
(2581, 'Xã Thanh Phát', 5, 180, '1', '9731', 0),
(2584, 'Xã Quyết Thắng', 5, 180, '1', '9744', 0),
(2587, 'Xã Đồng Quý', 5, 180, '1', '9734', 0),
(2590, 'Xã Tuân Lộ', 5, 180, '1', '9762', 0),
(2593, 'Xã Vân Sơn', 5, 180, '1', '9743', 0),
(2596, 'Xã Văn Phú', 5, 180, '1', '9739', 0),
(2599, 'Xã Chi Thiết', 5, 180, '1', '9740', 0),
(2602, 'Xã Đông Lợi', 5, 180, '1', '9737', 0),
(2605, 'Xã Thiện Kế', 5, 180, '1', '9766', 0),
(2608, 'Xã Hồng Lạc', 5, 180, '1', '9757', 0),
(2611, 'Xã Phú Lương', 5, 180, '1', '9747', 0),
(2614, 'Xã Ninh Lai', 5, 180, '1', '9763', 0),
(2617, 'Xã Đại Phú', 5, 180, '1', '9761', 0),
(2620, 'Xã Sơn Nam', 5, 180, '1', '9735', 0),
(2623, 'Xã Hào Phú', 5, 180, '1', '9756', 0),
(2626, 'Xã Tam Đa', 5, 180, '1', '9741', 0),
(2629, 'Xã Sầm Dương', 5, 180, '1', '9736', 0),
(2632, 'Xã Lâm Xuyên', 5, 180, '1', '9767', 0),
(2635, 'Phường Duyên Hải', 6, 144, '1', '5209', 0),
(2638, 'Phường Lào Cai', 6, 144, '1', '5206', 0),
(2641, 'Phường Phố Mới', 6, 144, '1', '5207', 0),
(2644, 'Phường Cốc Lếu', 6, 144, '1', '5208', 0),
(2647, 'Phường Kim Tân', 6, 144, '1', '5212', 0),
(2650, 'Phường Bắc Lệnh', 6, 144, '1', '5217', 0),
(2653, 'Phường Pom Hán', 6, 144, '1', '5215', 0),
(2656, 'Phường Xuân Tăng', 6, 144, '1', '5219', 0),
(2658, 'Phường Bình Minh', 6, 144, '1', '5216', 0),
(2659, 'Phường Thống Nhất', 6, 144, '1', '5218', 0),
(2662, 'Xã Đồng Tuyển', 6, 144, '1', '5220', 0),
(2665, 'Xã Vạn Hoà', 6, 144, '1', '5221', 0),
(2668, 'Phường Bắc Cường', 6, 144, '1', '5213', 0),
(2671, 'Phường Nam Cường', 6, 144, '1', '5214', 0),
(2674, 'Xã Cam Đường', 6, 144, '0', NULL, 0),
(2677, 'Xã Tả Phời', 6, 144, '0', NULL, 0),
(2680, 'Xã Hợp Thành', 6, 144, '0', NULL, 0),
(2683, 'Thị trấn Bát Xát', 6, 147, '0', NULL, 0),
(2686, 'Xã A Mú Sung', 6, 147, '1', '5103', 0),
(2689, 'Xã Nậm Chạc', 6, 147, '1', '5104', 0),
(2692, 'Xã A Lù', 6, 147, '1', '5102', 0),
(2695, 'Xã Trịnh Tường', 6, 147, '1', '5094', 0),
(2698, 'Xã Ngải Thầu', 6, 147, '1', '5105', 0),
(2701, 'Xã Y Tý', 6, 147, '1', '5101', 0),
(2704, 'Xã Cốc Mỳ', 6, 147, '1', '5093', 0),
(2707, 'Xã Dền Sáng', 6, 147, '1', '5100', 0),
(2710, 'Xã Bản Vược', 6, 147, '1', '5092', 0),
(2713, 'Xã Sàng Ma Sáo', 6, 147, '1', '5099', 0),
(2716, 'Xã Bản Qua', 6, 147, '1', '5091', 0),
(2719, 'Xã Mường Vi', 6, 147, '1', '5095', 0),
(2722, 'Xã Dền Thàng', 6, 147, '0', NULL, 0),
(2725, 'Xã Bản Xèo', 6, 147, '1', '5096', 0),
(2728, 'Xã Mường Hum', 6, 147, '1', '5097', 0),
(2731, 'Xã Trung Lèng Hồ', 6, 147, '0', NULL, 0),
(2734, 'Xã Quang Kim', 6, 147, '1', '5090', 0),
(2737, 'Xã Pa Cheo', 6, 147, '0', NULL, 0),
(2740, 'Xã Nậm Pung', 6, 147, '1', '5098', 0),
(2743, 'Xã Phìn Ngan', 6, 147, '1', '5089', 0),
(2746, 'Xã Cốc San', 6, 147, '1', '5088', 0),
(2749, 'Xã Tòng Sành', 6, 147, '0', NULL, 0),
(2752, 'Xã Pha Long', 6, 146, '1', '5165', 0),
(2755, 'Xã Tả Ngải Chồ', 6, 146, '1', '5164', 0),
(2758, 'Xã Tung Chung Phố', 6, 146, '1', '5163', 0),
(2761, 'Thị trấn Mường Khương', 6, 146, '1', '5155', 0),
(2764, 'Xã Dìn Chin', 6, 146, '0', NULL, 0),
(2767, 'Xã Tả Gia Khâu', 6, 146, '0', NULL, 0),
(2770, 'Xã Nậm Chảy', 6, 146, '1', '5162', 0),
(2773, 'Xã Nấm Lư', 6, 146, '1', '5166', 0),
(2776, 'Xã Lùng Khấu Nhin', 6, 146, '0', NULL, 0),
(2779, 'Xã Thanh Bình', 6, 146, '1', '5161', 0),
(2782, 'Xã Cao Sơn', 6, 146, '1', '5168', 0),
(2785, 'Xã Lùng Vai', 6, 146, '1', '5160', 0),
(2788, 'Xã Bản Lầu', 6, 146, '1', '5158', 0),
(2791, 'Xã La Pan Tẩn', 6, 146, '0', NULL, 0),
(2794, 'Xã Tả Thàng', 6, 146, '0', NULL, 0),
(2797, 'Xã Bản Sen', 6, 146, '1', '5159', 0),
(2800, 'Xã Nàn Sán', 6, 769, '0', NULL, 0),
(2803, 'Xã Thào Chư Phìn', 6, 769, '0', NULL, 0),
(2806, 'Xã Bản Mế', 6, 769, '1', '5184', 0),
(2809, 'Xã Si Ma Cai', 6, 769, '0', NULL, 0),
(2812, 'Xã Sán Chải', 6, 769, '1', '5186', 0),
(2815, 'Xã Mản Thẩn', 6, 769, '0', NULL, 0),
(2818, 'Xã Lùng Sui', 6, 769, '1', '5182', 0),
(2821, 'Xã Cán Cấu', 6, 769, '1', '5185', 0),
(2824, 'Xã Sín Chéng', 6, 769, '1', '5183', 0),
(2827, 'Xã Cán Hồ', 6, 769, '1', '5187', 0),
(2830, 'Xã Quan Thần Sán', 6, 769, '0', NULL, 0),
(2833, 'Xã Lử Thẩn', 6, 769, '1', '5190', 0),
(2836, 'Xã Nàn Xín', 6, 769, '0', NULL, 0),
(2839, 'Thị trấn Bắc Hà', 6, 148, '1', '5136', 0),
(2842, 'Xã Lùng Cải', 6, 148, '1', '5148', 0),
(2845, 'Xã Bản Già', 6, 148, '0', NULL, 0),
(2848, 'Xã Lùng Phình', 6, 148, '0', NULL, 0),
(2851, 'Xã Tả Van Chư', 6, 148, '1', '5146', 0),
(2854, 'Xã Tả Củ Tỷ', 6, 148, '1', '5141', 0),
(2857, 'Xã Thải Giàng Phố', 6, 148, '1', '5140', 0),
(2860, 'Xã Lầu Thí Ngài', 6, 148, '1', '5153', 0),
(2863, 'Xã Hoàng Thu Phố', 6, 148, '1', '5147', 0),
(2866, 'Xã Bản Phố', 6, 148, '1', '5150', 0),
(2869, 'Xã Bản Liền', 6, 148, '1', '5143', 0),
(2872, 'Xã Tà Chải', 6, 148, '1', '5138', 0),
(2875, 'Xã Na Hối', 6, 148, '1', '5137', 0),
(2878, 'Xã Cốc Ly', 6, 148, '0', NULL, 0),
(2881, 'Xã Nậm Mòn', 6, 148, '1', '5142', 0),
(2884, 'Xã Nậm Đét', 6, 148, '1', '5144', 0),
(2887, 'Xã Nậm Khánh', 6, 148, '0', NULL, 0),
(2890, 'Xã Bảo Nhai', 6, 148, '1', '5149', 0),
(2893, 'Xã Nậm Lúc', 6, 148, '1', '5151', 0),
(2896, 'Xã Cốc Lầu', 6, 148, '1', '5152', 0),
(2899, 'Xã Bản Cái', 6, 148, '0', NULL, 0),
(2902, 'Thị trấn N.T Phong Hải', 6, 149, '0', NULL, 0),
(2905, 'Thị trấn Phố Lu', 6, 149, '1', '5120', 0),
(2908, 'Thị trấn Tằng Loỏng', 6, 149, '0', NULL, 0),
(2911, 'Xã Bản Phiệt', 6, 149, '1', '5109', 0),
(2914, 'Xã Bản Cầm', 6, 149, '1', '5108', 0),
(2917, 'Xã Thái Niên', 6, 149, '1', '5114', 0),
(2920, 'Xã Phong Niên', 6, 149, '1', '5111', 0),
(2923, 'Xã Gia Phú', 6, 149, '1', '5110', 0),
(2926, 'Xã Xuân Quang', 6, 149, '1', '5117', 0),
(2929, 'Xã Sơn Hải', 6, 149, '1', '5119', 0),
(2932, 'Xã Xuân Giao', 6, 149, '1', '5116', 0),
(2935, 'Xã Trì Quang', 6, 149, '1', '5118', 0),
(2938, 'Xã Sơn Hà', 6, 149, '1', '5113', 0),
(2941, 'Xã Phố Lu', 6, 149, '1', '5121', 0),
(2944, 'Xã Phú Nhuận', 6, 149, '1', '5112', 0),
(2947, 'Thị trấn Phố Ràng', 6, 151, '1', '5132', 0),
(2950, 'Xã Tân Tiến', 6, 151, '1', '5127', 0),
(2953, 'Xã Nghĩa Đô', 6, 151, '1', '5131', 0),
(2956, 'Xã Vĩnh Yên', 6, 151, '1', '5135', 0),
(2959, 'Xã Điện Quan', 6, 151, '1', '5128', 0),
(2962, 'Xã Xuân Hoà', 6, 151, '0', NULL, 0),
(2965, 'Xã Tân Dương', 6, 151, '1', '5126', 0),
(2968, 'Xã Thượng Hà', 6, 151, '1', '5129', 0),
(2971, 'Xã Kim Sơn', 6, 151, '1', '5130', 0),
(2974, 'Xã Cam Cọn', 6, 151, '1', '5134', 0),
(2977, 'Xã Minh Tân', 6, 151, '1', '5125', 0),
(2980, 'Xã Xuân Thượng', 6, 151, '0', NULL, 0),
(2983, 'Xã Việt Tiến', 6, 151, '1', '5133', 0),
(2986, 'Xã Yên Sơn', 6, 151, '0', NULL, 0),
(2989, 'Xã Bảo Hà', 6, 151, '1', '5122', 0),
(2992, 'Xã Lương Sơn', 6, 151, '1', '5124', 0),
(2995, 'Xã Long Phúc', 6, 151, '0', NULL, 0),
(2998, 'Xã Long Khánh', 6, 151, '1', '5123', 0),
(3001, 'Thị trấn Sa Pa', 6, 150, '1', '5169', 0),
(3004, 'Xã Bản Khoang', 6, 150, '0', NULL, 0),
(3007, 'Xã Tả Giàng Phình', 6, 150, '0', NULL, 0),
(3010, 'Xã Trung Chải', 6, 150, '0', NULL, 0),
(3013, 'Xã Tả Phìn', 6, 150, '0', NULL, 0),
(3016, 'Xã Sa Pả', 6, 150, '1', '5178', 0),
(3019, 'Xã San Sả Hồ', 6, 150, '1', '5171', 0),
(3022, 'Xã Bản Phùng', 6, 150, '0', NULL, 0),
(3025, 'Xã Hầu Thào', 6, 150, '0', NULL, 0),
(3028, 'Xã Lao Chải', 6, 150, '1', '5174', 0),
(3031, 'Xã Thanh Kim', 6, 150, '1', '5177', 0),
(3034, 'Xã Suối Thầu', 6, 150, '1', '5175', 0),
(3037, 'Xã Sử Pán', 6, 150, '0', NULL, 0),
(3040, 'Xã Tả Van', 6, 150, '1', '5173', 0),
(3043, 'Xã Thanh Phú', 6, 150, '1', '5176', 0),
(3046, 'Xã Bản Hồ', 6, 150, '1', '5170', 0),
(3049, 'Xã Nậm Sài', 6, 150, '0', NULL, 0),
(3052, 'Xã Nậm Cang', 6, 150, '0', NULL, 0),
(3055, 'Thị trấn Khánh Yên', 6, 153, '1', '5194', 0),
(3058, 'Xã Văn Sơn', 6, 153, '0', NULL, 0),
(3061, 'Xã Võ Lao', 6, 153, '1', '5202', 0),
(3064, 'Xã Sơn Thuỷ', 6, 153, '1', '5204', 0),
(3067, 'Xã Nậm Mả', 6, 153, '0', NULL, 0),
(3070, 'Xã Tân Thượng', 6, 153, '1', '5203', 0),
(3073, 'Xã Nậm Rạng', 6, 153, '0', NULL, 0),
(3076, 'Xã Nậm Chầy', 6, 153, '0', NULL, 0),
(3079, 'Xã Tân An', 6, 153, '1', '5205', 0),
(3082, 'Xã Khánh Yên Thượng', 6, 153, '1', '5197', 0),
(3085, 'Xã Nậm Xé', 6, 153, '0', NULL, 0),
(3088, 'Xã Dần Thàng', 6, 153, '0', NULL, 0),
(3091, 'Xã Chiềng Ken', 6, 153, '0', NULL, 0),
(3094, 'Xã Làng Giàng', 6, 153, '1', '5196', 0),
(3097, 'Xã Hoà Mạc', 6, 153, '0', NULL, 0),
(3100, 'Xã Khánh Yên Trung', 6, 153, '1', '5199', 0),
(3103, 'Xã Khánh Yên Hạ', 6, 153, '1', '5198', 0),
(3106, 'Xã Dương Quỳ', 6, 153, '1', '5195', 0),
(3109, 'Xã Nậm Tha', 6, 153, '0', NULL, 0),
(3112, 'Xã Minh Lương', 6, 153, '1', '5201', 0),
(3115, 'Xã Thẩm Dương', 6, 153, '0', NULL, 0),
(3118, 'Xã Liêm Phú', 6, 153, '1', '5200', 0),
(3121, 'Xã Nậm Xây', 6, 153, '0', NULL, 0),
(3124, 'Phường Noong Bua', 7, 686, '1', '11039', 0),
(3127, 'Phường Him Lam', 7, 686, '1', '11035', 0),
(3130, 'Phường Thanh Bình', 7, 686, '1', '11036', 0),
(3133, 'Phường Tân Thanh', 7, 686, '1', '11033', 0),
(3136, 'Phường Mường Thanh', 7, 686, '1', '11034', 0),
(3139, 'Phường Nam Thanh', 7, 686, '1', '11038', 0),
(3142, 'Phường Thanh Trường', 7, 686, '1', '11037', 0),
(3144, 'Xã Tà Lèng', 7, 686, '1', '11041', 0),
(3145, 'Xã Thanh Minh', 7, 686, '1', '11040', 0),
(3148, 'Phường Sông Đà', 7, 735, '1', '11043', 0),
(3151, 'Phường Na Lay', 7, 735, '1', '11042', 0),
(3154, 'Xã Sín Thầu', 7, 740, '1', '10953', 0),
(3155, 'Xã Sen Thượng', 7, 740, '1', '10961', 0),
(3156, 'Xã Nậm Tin', 7, 743, '0', NULL, 0),
(3157, 'Xã Chung Chải', 7, 740, '1', '10952', 0),
(3158, 'Xã Leng Su Sìn', 7, 740, '1', '10962', 0),
(3159, 'Xã Pá Mỳ', 7, 740, '1', '10960', 0),
(3160, 'Xã Mường Nhé', 7, 740, '0', NULL, 0),
(3161, 'Xã Nậm Vì', 7, 740, '1', '10958', 0),
(3162, 'Xã Nậm Kè', 7, 740, '1', '10951', 0),
(3163, 'Xã Mường Toong', 7, 740, '1', '10949', 0),
(3164, 'Xã Quảng Lâm', 7, 740, '1', '10950', 0),
(3165, 'Xã Pa Tần', 7, 743, '0', NULL, 0),
(3166, 'Xã Chà Cang', 7, 743, '0', NULL, 0),
(3167, 'Xã Na Cô Sa', 7, 743, '0', NULL, 0),
(3168, 'Xã Nà Khoa', 7, 743, '0', NULL, 0),
(3169, 'Xã Nà Hỳ', 7, 743, '0', NULL, 0),
(3170, 'Xã Nà Bủng', 7, 743, '0', NULL, 0),
(3171, 'Xã Nậm Nhừ', 7, 743, '0', NULL, 0),
(3172, 'Thị Trấn Mường Chà', 7, 739, '1', '10931', 0),
(3173, 'Xã Nậm Chua', 7, 743, '0', NULL, 0),
(3174, 'Xã Nậm Khăn', 7, 743, '0', NULL, 0),
(3175, 'Xã Chà Tở', 7, 743, '0', NULL, 0),
(3176, 'Xã Vàng Đán', 7, 743, '0', NULL, 0),
(3177, 'Xã Huổi Lếnh', 7, 740, '0', NULL, 0),
(3178, 'Xã Xá Tổng', 7, 739, '0', NULL, 0);
INSERT INTO `wards` (`WardId`, `WardName`, `ProvinceId`, `DistrictId`, `ShipChungSupport`, `ShipChungWardCode`, `DisplayOrder`) VALUES
(3181, 'Xã Mường Tùng', 7, 739, '1', '10933', 0),
(3184, 'Xã Lay Nưa', 7, 735, '0', NULL, 0),
(3187, 'Xã Chà Nưa', 7, 743, '0', NULL, 0),
(3190, 'Xã Hừa Ngài', 7, 739, '1', '10937', 0),
(3191, 'Xã Huổi Mí', 7, 739, '0', NULL, 0),
(3193, 'Xã Pa Ham', 7, 739, '1', '10934', 0),
(3194, 'Xã Nậm Nèn', 7, 739, '1', '10945', 0),
(3196, 'Xã Huổi Lèng', 7, 739, '1', '10938', 0),
(3197, 'Xã Sa Lông', 7, 739, '1', '10943', 0),
(3198, 'Xã Phìn Hồ', 7, 743, '0', NULL, 0),
(3199, 'Xã Si Pa Phìn', 7, 743, '0', NULL, 0),
(3200, 'Xã Ma Thì Hồ', 7, 739, '1', '10942', 0),
(3201, 'Xã Na Sang', 7, 739, '1', '10941', 0),
(3202, 'Xã Mường Mươn', 7, 739, '1', '10940', 0),
(3203, 'Thị trấn Điện Biên Đông', 7, 737, '1', '11019', 0),
(3205, 'Xã Na Son', 7, 737, '1', '11020', 0),
(3208, 'Xã Phì Nhừ', 7, 737, '1', '11026', 0),
(3211, 'Xã Chiềng Sơ', 7, 737, '1', '11032', 0),
(3214, 'Xã Mường Luân', 7, 737, '1', '11021', 0),
(3217, 'Thị trấn Tủa Chùa', 7, 741, '1', '10998', 0),
(3220, 'Xã Huổi Só', 7, 741, '1', '10987', 0),
(3223, 'Xã Xín Chải', 7, 741, '0', NULL, 0),
(3226, 'Xã Tả Sìn Thàng', 7, 741, '0', NULL, 0),
(3229, 'Xã Lao Xả Phình', 7, 741, '0', NULL, 0),
(3232, 'Xã Tả Phìn', 7, 741, '1', '10994', 0),
(3235, 'Xã Tủa Thàng', 7, 741, '1', '10997', 0),
(3238, 'Xã Trung Thu', 7, 741, '1', '10996', 0),
(3241, 'Xã Sính Phình', 7, 741, '1', '10993', 0),
(3244, 'Xã Sáng Nhè', 7, 741, '1', '10991', 0),
(3247, 'Xã Mường Đun', 7, 741, '1', '10990', 0),
(3250, 'Xã Mường Báng', 7, 741, '1', '10989', 0),
(3253, 'Thị trấn Tuần Giáo', 7, 742, '1', '10973', 0),
(3256, 'Thị trấn Mường Ảng', 7, 738, '1', '10963', 0),
(3259, 'Xã Phình Sáng', 7, 742, '1', '10983', 0),
(3260, 'Xã Rạng Đông', 7, 742, '0', NULL, 0),
(3262, 'Xã Mùn Chung', 7, 742, '1', '10977', 0),
(3263, 'Xã Nà Tòng', 7, 742, '0', NULL, 0),
(3265, 'Xã Ta Ma', 7, 742, '1', '10980', 0),
(3268, 'Xã Mường Mùn', 7, 742, '1', '10982', 0),
(3269, 'Xã Pú Xi', 7, 742, '0', NULL, 0),
(3271, 'Xã Pú Nhung', 7, 742, '1', '10984', 0),
(3274, 'Xã Quài Nưa', 7, 742, '1', '10975', 0),
(3277, 'Xã Mường Thín', 7, 742, '1', '10979', 0),
(3280, 'Xã Tỏa Tình', 7, 742, '1', '10978', 0),
(3283, 'Xã Nà Sáy', 7, 742, '1', '10986', 0),
(3284, 'Xã Mường Khong', 7, 742, '0', NULL, 0),
(3286, 'Xã Mường Đăng', 7, 738, '1', '10966', 0),
(3287, 'Xã Ngối Cáy', 7, 738, '1', '10972', 0),
(3289, 'Xã Quài Cang', 7, 742, '1', '10974', 0),
(3292, 'Xã Ẳng Tở', 7, 738, '1', '10968', 0),
(3295, 'Xã Quài Tở', 7, 742, '1', '10976', 0),
(3298, 'Xã Chiềng Sinh', 7, 742, '1', '10981', 0),
(3299, 'Xã Chiềng Đông', 7, 742, '0', NULL, 0),
(3301, 'Xã Búng Lao', 7, 738, '1', '10965', 0),
(3302, 'Xã Xuân Lao', 7, 738, '1', '10970', 0),
(3304, 'Xã Tênh Phông', 7, 742, '1', '10985', 0),
(3307, 'Xã Ẳng Nưa', 7, 738, '1', '10964', 0),
(3310, 'Xã Ẳng Cang', 7, 738, '1', '10969', 0),
(3312, 'Xã Nặm Lịch', 7, 738, '1', '10971', 0),
(3313, 'Xã Mường Lạn', 7, 738, '1', '10967', 0),
(3316, 'Xã Nà Tấu', 7, 736, '1', '11008', 0),
(3317, 'Xã Nà Nhạn', 7, 736, '1', '11011', 0),
(3319, 'Xã Mường Pồn', 7, 736, '1', '11009', 0),
(3322, 'Xã Thanh Nưa', 7, 736, '1', '11010', 0),
(3323, 'Xã Hua Thanh', 7, 736, '0', NULL, 0),
(3325, 'Xã Mường Phăng', 7, 736, '1', '11012', 0),
(3326, 'Xã Pá Khoang', 7, 736, '0', NULL, 0),
(3328, 'Xã Thanh Luông', 7, 736, '1', '10999', 0),
(3331, 'Xã Thanh Hưng', 7, 736, '1', '11000', 0),
(3334, 'Xã Thanh Xương', 7, 736, '1', '11002', 0),
(3337, 'Xã Thanh Chăn', 7, 736, '1', '11001', 0),
(3340, 'Xã Pa Thơm', 7, 736, '1', '11014', 0),
(3343, 'Xã Thanh An', 7, 736, '1', '11003', 0),
(3346, 'Xã Thanh Yên', 7, 736, '1', '11004', 0),
(3349, 'Xã Noong Luống', 7, 736, '1', '11013', 0),
(3352, 'Xã Noọng Hẹt', 7, 736, '1', '11007', 0),
(3355, 'Xã Sam Mứn', 7, 736, '1', '11006', 0),
(3356, 'Xã Pom Lót', 7, 736, '1', '11018', 0),
(3358, 'Xã Núa Ngam', 7, 736, '1', '11005', 0),
(3359, 'Xã Hẹ Muông', 7, 736, '0', NULL, 0),
(3361, 'Xã Na Ư', 7, 736, '1', '11015', 0),
(3364, 'Xã Mường Nhà', 7, 736, '1', '11016', 0),
(3365, 'Xã Na Tông', 7, 736, '0', NULL, 0),
(3367, 'Xã Mường Lói', 7, 736, '1', '11017', 0),
(3368, 'Xã Phu Luông', 7, 736, '0', NULL, 0),
(3370, 'Xã Pú Nhi', 7, 737, '1', '11029', 0),
(3371, 'Xã Nong U', 7, 737, '0', NULL, 0),
(3373, 'Xã Xa Dung', 7, 737, '1', '11027', 0),
(3376, 'Xã Keo Lôm', 7, 737, '1', '11025', 0),
(3379, 'Xã Luân Giới', 7, 737, '1', '11028', 0),
(3382, 'Xã Phình Giàng', 7, 737, '1', '11030', 0),
(3383, 'Xã Pú Hồng', 7, 737, '1', '11031', 0),
(3384, 'Xã Tìa Dình', 7, 737, '1', '11023', 0),
(3385, 'Xã Háng Lìa', 7, 737, '1', '11024', 0),
(3386, 'Phường Quyết Thắng', 8, 241, '1', '4899', 0),
(3387, 'Phường Tân Phong', 8, 241, '1', '4898', 0),
(3388, 'Phường Quyết Tiến', 8, 241, '0', NULL, 0),
(3389, 'Phường Đoàn Kết', 8, 241, '1', '4900', 0),
(3390, 'Thị trấn Tam Đường', 8, 767, '1', '4869', 0),
(3391, 'Xã Lả Nhì Thàng', 8, 243, '0', NULL, 0),
(3394, 'Xã Thèn Sin', 8, 767, '1', '4875', 0),
(3397, 'Xã Sùng Phài', 8, 767, '1', '4868', 0),
(3400, 'Xã Tả Lèng', 8, 767, '1', '4874', 0),
(3403, 'Xã Nậm Loỏng', 8, 241, '1', '4901', 0),
(3405, 'Xã Giang Ma', 8, 767, '0', NULL, 0),
(3406, 'Xã Hồ Thầu', 8, 767, '1', '4866', 0),
(3408, 'Phường Đông Phong', 8, 241, '0', NULL, 0),
(3409, 'Xã San Thàng', 8, 241, '1', '4902', 0),
(3412, 'Xã Bình Lư', 8, 767, '0', NULL, 0),
(3413, 'Xã Sơn Bình', 8, 767, '0', NULL, 0),
(3415, 'Xã Nùng Nàng', 8, 767, '1', '4873', 0),
(3418, 'Xã Bản Giang', 8, 767, '1', '4870', 0),
(3421, 'Xã Bản Hon', 8, 767, '1', '4871', 0),
(3424, 'Xã Bản Bo', 8, 767, '1', '11521', 0),
(3427, 'Xã Nà Tăm', 8, 767, '1', '4867', 0),
(3430, 'Xã Khun Há', 8, 767, '1', '4872', 0),
(3433, 'Thị trấn Mường Tè', 8, 242, '1', '4808', 0),
(3434, 'Thị trấn Nậm Nhùn', 8, 814, '0', NULL, 0),
(3436, 'Xã Thu Lũm', 8, 242, '1', '4821', 0),
(3439, 'Xã Ka Lăng', 8, 242, '1', '4811', 0),
(3440, 'Xã Tá Bạ', 8, 242, '0', NULL, 0),
(3442, 'Xã Pa ủ', 8, 242, '1', '4818', 0),
(3445, 'Xã Mường Tè', 8, 242, '1', '4815', 0),
(3448, 'Xã Pa Vệ Sử', 8, 242, '1', '4819', 0),
(3451, 'Xã Mù Cả', 8, 242, '1', '4813', 0),
(3454, 'Xã Bun Tở', 8, 242, '1', '4809', 0),
(3457, 'Xã Nậm Khao', 8, 242, '1', '4817', 0),
(3460, 'Xã Hua Bun', 8, 814, '0', NULL, 0),
(3463, 'Xã Tà Tổng', 8, 242, '1', '4820', 0),
(3466, 'Xã Bun Nưa', 8, 242, '1', '4807', 0),
(3467, 'Xã Vàng San', 8, 242, '0', NULL, 0),
(3469, 'Xã Kan Hồ', 8, 242, '1', '4812', 0),
(3472, 'Xã Mường Mô', 8, 814, '0', NULL, 0),
(3473, 'Xã Nậm Chà', 8, 814, '0', NULL, 0),
(3474, 'Xã Nậm Manh', 8, 814, '0', NULL, 0),
(3475, 'Xã Nậm Hàng', 8, 814, '0', NULL, 0),
(3478, 'Thị trấn Sìn Hồ', 8, 244, '1', '4847', 0),
(3481, 'Xã Lê Lợi', 8, 814, '0', NULL, 0),
(3484, 'Xã Pú Đao', 8, 814, '0', NULL, 0),
(3487, 'Xã Chăn Nưa', 8, 244, '1', '4842', 0),
(3488, 'Xã Nậm Pì', 8, 814, '0', NULL, 0),
(3490, 'Xã Huổi Luông', 8, 243, '1', '4839', 0),
(3493, 'Xã Pa Tần', 8, 244, '1', '4844', 0),
(3496, 'Xã Phìn Hồ', 8, 244, '1', '4859', 0),
(3499, 'Xã Hồng Thu', 8, 244, '1', '4849', 0),
(3502, 'Xã Nậm Ban', 8, 814, '0', NULL, 0),
(3503, 'Xã Trung Chải', 8, 814, '0', NULL, 0),
(3505, 'Xã Phăng Sô Lin', 8, 244, '1', '4845', 0),
(3508, 'Xã Ma Quai', 8, 244, '1', '4851', 0),
(3509, 'Xã Lùng Thàng', 8, 244, '0', NULL, 0),
(3511, 'Xã Tả Phìn', 8, 244, '1', '4846', 0),
(3514, 'Xã Sà Dề Phìn', 8, 244, '1', '4862', 0),
(3517, 'Xã Nậm Tăm', 8, 244, '1', '4857', 0),
(3520, 'Xã Tả Ngảo', 8, 244, '1', '4863', 0),
(3523, 'Xã Pu Sam Cáp', 8, 244, '1', '4861', 0),
(3526, 'Xã Nậm Cha', 8, 244, '1', '4853', 0),
(3527, 'Xã Pa Khoá', 8, 244, '0', NULL, 0),
(3529, 'Xã Làng Mô', 8, 244, '1', '4843', 0),
(3532, 'Xã Noong Hẻo', 8, 244, '1', '4858', 0),
(3535, 'Xã Nậm Mạ', 8, 244, '1', '4856', 0),
(3538, 'Xã Căn Co', 8, 244, '1', '4848', 0),
(3541, 'Xã Tủa Sín Chải', 8, 244, '1', '4864', 0),
(3544, 'Xã Nậm Cuổi', 8, 244, '1', '4854', 0),
(3547, 'Xã Nậm Hăn', 8, 244, '1', '4855', 0),
(3549, 'Thị trấn Phong Thổ', 8, 243, '1', '4823', 0),
(3550, 'Xã Sì Lờ Lầu', 8, 243, '1', '4836', 0),
(3553, 'Xã Mồ Sì San', 8, 243, '1', '4832', 0),
(3556, 'Xã Ma Li Chải', 8, 243, '1', '4830', 0),
(3559, 'Xã Pa Vây Sử', 8, 243, '1', '4835', 0),
(3562, 'Xã Vàng Ma Chải', 8, 243, '1', '4840', 0),
(3565, 'Xã Tông Qua Lìn', 8, 243, '1', '4838', 0),
(3568, 'Xã Mù Sang', 8, 243, '1', '4833', 0),
(3571, 'Xã Dào San', 8, 243, '1', '4827', 0),
(3574, 'Xã Ma Ly Pho', 8, 243, '0', NULL, 0),
(3577, 'Xã Bản Lang', 8, 243, '1', '4826', 0),
(3580, 'Xã Hoang Thèn', 8, 243, '1', '4828', 0),
(3583, 'Xã Khổng Lào', 8, 243, '1', '4829', 0),
(3586, 'Xã Nậm Xe', 8, 243, '1', '4834', 0),
(3589, 'Xã Mường So', 8, 243, '1', '4822', 0),
(3592, 'Xã Sin Suối Hồ', 8, 243, '1', '4837', 0),
(3595, 'Thị trấn Than Uyên', 8, 766, '1', '4880', 0),
(3598, 'Thị trấn Tân Uyên', 8, 768, '1', '4896', 0),
(3601, 'Xã Mường Khoa', 8, 768, '1', '4892', 0),
(3602, 'Xã Phúc Khoa', 8, 768, '0', NULL, 0),
(3604, 'Xã Thân Thuộc', 8, 768, '1', '4890', 0),
(3605, 'Xã Trung Đồng', 8, 768, '1', '4897', 0),
(3607, 'Xã Hố Mít', 8, 768, '0', NULL, 0),
(3610, 'Xã Nậm Cần', 8, 768, '1', '4888', 0),
(3613, 'Xã Nậm Sỏ', 8, 768, '1', '4893', 0),
(3616, 'Xã Pắc Ta', 8, 768, '0', NULL, 0),
(3618, 'Xã Phúc Than', 8, 766, '1', '11661', 0),
(3619, 'Xã Mường Than', 8, 766, '1', '4877', 0),
(3622, 'Xã Tà Mít', 8, 768, '1', '4894', 0),
(3625, 'Xã Mường Mít', 8, 766, '1', '4883', 0),
(3628, 'Xã Pha Mu', 8, 766, '0', NULL, 0),
(3631, 'Xã Mường Cang', 8, 766, '1', '4886', 0),
(3632, 'Xã Hua Nà', 8, 766, '0', NULL, 0),
(3634, 'Xã Tà Hừa', 8, 766, '1', '4885', 0),
(3637, 'Xã Mường Kim', 8, 766, '1', '4876', 0),
(3638, 'Xã Tà Mung', 8, 766, '0', NULL, 0),
(3640, 'Xã Tà Gia', 8, 766, '1', '4879', 0),
(3643, 'Xã Khoen On', 8, 766, '1', '4882', 0),
(3646, 'Phường Chiềng Lề', 9, 251, '1', '8109', 0),
(3649, 'Phường Tô Hiệu', 9, 251, '1', '8110', 0),
(3652, 'Phường Quyết Thắng', 9, 251, '1', '8111', 0),
(3655, 'Phường Quyết Tâm', 9, 251, '1', '8112', 0),
(3658, 'Xã Chiềng Cọ', 9, 251, '1', '8114', 0),
(3661, 'Xã Chiềng Đen', 9, 251, '1', '8115', 0),
(3664, 'Xã Chiềng Xôm', 9, 251, '1', '8116', 0),
(3667, 'Phường Chiềng An', 9, 251, '1', '8108', 0),
(3670, 'Phường Chiềng Cơi', 9, 251, '1', '8117', 0),
(3673, 'Xã Chiềng Ngần', 9, 251, '1', '8118', 0),
(3676, 'Xã Hua La', 9, 251, '1', '8119', 0),
(3679, 'Phường Chiềng Sinh', 9, 251, '1', '8113', 0),
(3682, 'Xã Mường Chiên', 9, 252, '1', '8022', 0),
(3685, 'Xã Cà Nàng', 9, 252, '1', '8023', 0),
(3688, 'Xã Chiềng Khay', 9, 252, '1', '8024', 0),
(3694, 'Xã Mường Giôn', 9, 252, '1', '8026', 0),
(3697, 'Xã Pá Ma Pha Khinh', 9, 252, '0', NULL, 0),
(3700, 'Xã Chiềng Ơn', 9, 252, '1', '8028', 0),
(3703, 'Xã Mường Giàng', 9, 252, '1', '8029', 0),
(3706, 'Xã Chiềng Bằng', 9, 252, '1', '8030', 0),
(3709, 'Xã Mường Sại', 9, 252, '1', '8031', 0),
(3712, 'Xã Nậm ét', 9, 252, '1', '8032', 0),
(3718, 'Xã Chiềng Khoang', 9, 252, '1', '8034', 0),
(3721, 'Thị trấn Thuận Châu', 9, 254, '1', '8063', 0),
(3724, 'Xã Phỏng Lái', 9, 254, '1', '8065', 0),
(3727, 'Xã Mường é', 9, 254, '1', '8066', 0),
(3730, 'Xã Chiềng Pha', 9, 254, '1', '8067', 0),
(3733, 'Xã Chiềng La', 9, 254, '1', '8068', 0),
(3736, 'Xã Chiềng Ngàm', 9, 254, '1', '8072', 0),
(3739, 'Xã Liệp Tè', 9, 254, '1', '8073', 0),
(3742, 'Xã é Tòng', 9, 254, '1', '8074', 0),
(3745, 'Xã Phỏng Lập', 9, 254, '1', '8069', 0),
(3748, 'Xã Phổng Lăng', 9, 254, '0', NULL, 0),
(3751, 'Xã Chiềng Ly', 9, 254, '1', '8071', 0),
(3754, 'Xã Nong Lay', 9, 254, '0', NULL, 0),
(3757, 'Xã Mường Khiêng', 9, 254, '1', '8077', 0),
(3760, 'Xã Mường Bám', 9, 254, '1', '8078', 0),
(3763, 'Xã Long Hẹ', 9, 254, '1', '8079', 0),
(3766, 'Xã Chiềng Bôm', 9, 254, '1', '8080', 0),
(3769, 'Xã Thôn Mòn', 9, 254, '0', NULL, 0),
(3772, 'Xã Tòng Lệnh', 9, 254, '1', '8064', 0),
(3775, 'Xã Tòng Cọ', 9, 254, '1', '8082', 0),
(3778, 'Xã Bó Mười', 9, 254, '1', '8083', 0),
(3781, 'Xã Co Mạ', 9, 254, '1', '8084', 0),
(3784, 'Xã Púng Tra', 9, 254, '0', NULL, 0),
(3787, 'Xã Chiềng Pấc', 9, 254, '1', '8086', 0),
(3790, 'Xã Nậm Lầu', 9, 254, '1', '8087', 0),
(3793, 'Xã Bon Phặng', 9, 254, '1', '8088', 0),
(3796, 'Xã Co Tòng', 9, 254, '1', '8089', 0),
(3799, 'Xã Muội Nọi', 9, 254, '1', '8090', 0),
(3802, 'Xã Pá Lông', 9, 254, '1', '8091', 0),
(3805, 'Xã Bản Lầm', 9, 254, '1', '8092', 0),
(3808, 'Thị trấn Ít Ong', 9, 253, '1', '7950', 0),
(3811, 'Xã Nậm Giôn', 9, 253, '1', '7951', 0),
(3814, 'Xã Chiềng Lao', 9, 253, '1', '7952', 0),
(3817, 'Xã Hua Trai', 9, 253, '1', '7953', 0),
(3820, 'Xã Ngọc Chiến', 9, 253, '1', '7954', 0),
(3823, 'Xã Mường Trai', 9, 253, '1', '7955', 0),
(3826, 'Xã Nậm Păm', 9, 253, '1', '7956', 0),
(3829, 'Xã Chiềng Muôn', 9, 253, '1', '7957', 0),
(3832, 'Xã Chiềng Ân', 9, 253, '1', '7958', 0),
(3835, 'Xã Pi Toong', 9, 253, '1', '7959', 0),
(3838, 'Xã Chiềng Công', 9, 253, '1', '7960', 0),
(3841, 'Xã Tạ Bú', 9, 253, '1', '7961', 0),
(3844, 'Xã Chiềng San', 9, 253, '1', '7962', 0),
(3847, 'Xã Mường Bú', 9, 253, '1', '7963', 0),
(3850, 'Xã Chiềng Hoa', 9, 253, '1', '7964', 0),
(3853, 'Xã Mường Chùm', 9, 253, '1', '7965', 0),
(3856, 'Thị trấn Bắc Yên', 9, 255, '1', '7912', 0),
(3859, 'Xã Phiêng Ban', 9, 255, '1', '7913', 0),
(3862, 'Xã Hang Chú', 9, 255, '1', '7914', 0),
(3865, 'Xã Xín Vàng', 9, 255, '0', NULL, 0),
(3868, 'Xã Tà Xùa', 9, 255, '1', '7916', 0),
(3869, 'Xã Háng Đồng', 9, 255, '0', NULL, 0),
(3871, 'Xã Bắc Ngà', 9, 255, '1', '7917', 0),
(3874, 'Xã Làng Chếu', 9, 255, '1', '7918', 0),
(3877, 'Xã Chim Vàn', 9, 255, '1', '7919', 0),
(3880, 'Xã Mường Khoa', 9, 255, '1', '7920', 0),
(3883, 'Xã Song Pe', 9, 255, '1', '7921', 0),
(3886, 'Xã Hồng Ngài', 9, 255, '1', '7922', 0),
(3889, 'Xã Tạ Khoa', 9, 255, '1', '7923', 0),
(3890, 'Xã Hua Nhàn', 9, 255, '0', NULL, 0),
(3892, 'Xã Phiêng Kôn', 9, 255, '1', '7924', 0),
(3895, 'Xã Chiềng Sại', 9, 255, '1', '7925', 0),
(3898, 'Thị trấn Phù Yên', 9, 256, '1', '7995', 0),
(3901, 'Xã Suối Tọ', 9, 256, '1', '7996', 0),
(3904, 'Xã Mường Thải', 9, 256, '1', '7997', 0),
(3907, 'Xã Mường Cơi', 9, 256, '1', '7998', 0),
(3910, 'Xã Quang Huy', 9, 256, '1', '7999', 0),
(3913, 'Xã Huy Bắc', 9, 256, '1', '8000', 0),
(3916, 'Xã Huy Thượng', 9, 256, '1', '8001', 0),
(3919, 'Xã Tân Lang', 9, 256, '1', '8002', 0),
(3922, 'Xã Gia Phù', 9, 256, '1', '8003', 0),
(3925, 'Xã Tường Phù', 9, 256, '1', '8004', 0),
(3928, 'Xã Huy Hạ', 9, 256, '1', '8005', 0),
(3931, 'Xã Huy Tân', 9, 256, '1', '8006', 0),
(3934, 'Xã Mường Lang', 9, 256, '1', '8007', 0),
(3937, 'Xã Suối Bau', 9, 256, '1', '8008', 0),
(3940, 'Xã Huy Tường', 9, 256, '1', '8009', 0),
(3943, 'Xã Mường Do', 9, 256, '1', '8010', 0),
(3946, 'Xã Sập Xa', 9, 256, '1', '8011', 0),
(3949, 'Xã Tường Thượng', 9, 256, '1', '8012', 0),
(3952, 'Xã Tường Tiến', 9, 256, '1', '8013', 0),
(3955, 'Xã Tường Phong', 9, 256, '1', '8014', 0),
(3958, 'Xã Tường Hạ', 9, 256, '1', '8015', 0),
(3961, 'Xã Kim Bon', 9, 256, '1', '8016', 0),
(3964, 'Xã Mường Bang', 9, 256, '1', '8017', 0),
(3967, 'Xã Đá Đỏ', 9, 256, '1', '8018', 0),
(3970, 'Xã Tân Phong', 9, 256, '1', '8019', 0),
(3973, 'Xã Nam Phong', 9, 256, '1', '8020', 0),
(3976, 'Xã Bắc Phong', 9, 256, '1', '8021', 0),
(3979, 'Thị trấn Mộc Châu', 9, 260, '1', '7969', 0),
(3982, 'Thị trấn NT Mộc Châu', 9, 260, '0', NULL, 0),
(3985, 'Xã Chiềng Sơn', 9, 260, '1', '7970', 0),
(3988, 'Xã Tân Hợp', 9, 260, '1', '7971', 0),
(3991, 'Xã Qui Hướng', 9, 260, '1', '7972', 0),
(3994, 'Xã Suối Bàng', 9, 794, '0', NULL, 0),
(3997, 'Xã Tân Lập', 9, 260, '1', '7974', 0),
(4000, 'Xã Nà Mường', 9, 260, '1', '7975', 0),
(4003, 'Xã Tà Lai', 9, 260, '1', '7976', 0),
(4006, 'Xã Song Khủa', 9, 794, '0', NULL, 0),
(4009, 'Xã Liên Hoà', 9, 794, '0', NULL, 0),
(4012, 'Xã Chiềng Hắc', 9, 260, '1', '7979', 0),
(4015, 'Xã Hua Păng', 9, 260, '1', '7980', 0),
(4018, 'Xã Tô Múa', 9, 794, '0', NULL, 0),
(4021, 'Xã Mường Tè', 9, 794, '0', NULL, 0),
(4024, 'Xã Chiềng Khừa', 9, 260, '1', '7983', 0),
(4027, 'Xã Mường Sang', 9, 260, '1', '7984', 0),
(4030, 'Xã Đông Sang', 9, 260, '1', '7985', 0),
(4033, 'Xã Phiêng Luông', 9, 260, '1', '7986', 0),
(4036, 'Xã Chiềng Khoa', 9, 794, '0', NULL, 0),
(4039, 'Xã Mường Men', 9, 794, '0', NULL, 0),
(4042, 'Xã Quang Minh', 9, 794, '0', NULL, 0),
(4045, 'Xã Lóng Sập', 9, 260, '1', '7990', 0),
(4048, 'Xã Vân Hồ', 9, 794, '0', NULL, 0),
(4051, 'Xã Lóng Luông', 9, 794, '0', NULL, 0),
(4054, 'Xã Chiềng Yên', 9, 794, '0', NULL, 0),
(4056, 'Xã Chiềng Xuân', 9, 794, '0', NULL, 0),
(4057, 'Xã Xuân Nha', 9, 794, '0', NULL, 0),
(4058, 'Xã Tân Xuân', 9, 794, '0', NULL, 0),
(4060, 'Thị trấn Yên Châu', 9, 259, '1', '8095', 0),
(4063, 'Xã Chiềng Đông', 9, 259, '1', '8093', 0),
(4066, 'Xã Sập Vạt', 9, 259, '1', '8096', 0),
(4069, 'Xã Chiềng Sàng', 9, 259, '1', '8097', 0),
(4072, 'Xã Chiềng Pằn', 9, 259, '1', '8098', 0),
(4075, 'Xã Viêng Lán', 9, 259, '0', NULL, 0),
(4078, 'Xã Chiềng Hặc', 9, 259, '1', '8099', 0),
(4081, 'Xã Mường Lựm', 9, 259, '1', '8100', 0),
(4084, 'Xã Chiềng On', 9, 259, '1', '8101', 0),
(4087, 'Xã Yên Sơn', 9, 259, '1', '8102', 0),
(4090, 'Xã Chiềng Khoi', 9, 259, '1', '8103', 0),
(4093, 'Xã Tú Nang', 9, 259, '1', '8104', 0),
(4096, 'Xã Lóng Phiêng', 9, 259, '1', '8105', 0),
(4099, 'Xã Phiêng Khoài', 9, 259, '1', '8106', 0),
(4102, 'Xã Chiềng Tương', 9, 259, '1', '8107', 0),
(4105, 'Thị trấn Hát Lót', 9, 257, '0', NULL, 0),
(4108, 'Xã Chiềng Sung', 9, 257, '1', '7929', 0),
(4111, 'Xã Mường Bằng', 9, 257, '1', '7930', 0),
(4114, 'Xã Chiềng Chăn', 9, 257, '1', '7931', 0),
(4117, 'Xã Mương Tranh', 9, 257, '0', NULL, 0),
(4120, 'Xã Chiềng Ban', 9, 257, '1', '7933', 0),
(4123, 'Xã Chiềng Mung', 9, 257, '1', '7934', 0),
(4126, 'Xã Mường Bon', 9, 257, '1', '7935', 0),
(4129, 'Xã Chiềng Chung', 9, 257, '1', '7936', 0),
(4132, 'Xã Chiềng Mai', 9, 257, '1', '7937', 0),
(4135, 'Xã Hát Lót', 9, 257, '1', '7938', 0),
(4136, 'Xã Nà Pó', 9, 257, '0', NULL, 0),
(4138, 'Xã Cò  Nòi', 9, 257, '0', NULL, 0),
(4141, 'Xã Chiềng Nơi', 9, 257, '1', '7940', 0),
(4144, 'Xã Phiêng Cằm', 9, 257, '1', '7941', 0),
(4147, 'Xã Chiềng Dong', 9, 257, '1', '7942', 0),
(4150, 'Xã Chiềng Kheo', 9, 257, '1', '7943', 0),
(4153, 'Xã Chiềng Ve', 9, 257, '1', '7944', 0),
(4156, 'Xã Chiềng Lương', 9, 257, '1', '7945', 0),
(4159, 'Xã Phiêng Pằn', 9, 257, '1', '7946', 0),
(4162, 'Xã Nà Ơt', 9, 257, '1', '7947', 0),
(4165, 'Xã Tà Hộc', 9, 257, '1', '7948', 0),
(4168, 'Thị trấn Sông Mã', 9, 258, '1', '8036', 0),
(4171, 'Xã Bó Sinh', 9, 258, '1', '8037', 0),
(4174, 'Xã Pú Pẩu', 9, 258, '1', '8038', 0),
(4177, 'Xã Chiềng Phung', 9, 258, '1', '8039', 0),
(4180, 'Xã Chiềng En', 9, 258, '1', '8040', 0),
(4183, 'Xã Mường Lầm', 9, 258, '1', '8041', 0),
(4186, 'Xã Nậm Ty', 9, 258, '1', '8042', 0),
(4189, 'Xã Đứa Mòn', 9, 258, '0', NULL, 0),
(4192, 'Xã Yên Hưng', 9, 258, '1', '8044', 0),
(4195, 'Xã Chiềng Sơ', 9, 258, '1', '8045', 0),
(4198, 'Xã Nà Ngựu', 9, 258, '0', NULL, 0),
(4201, 'Xã Nậm Mằn', 9, 258, '1', '8047', 0),
(4204, 'Xã Chiềng Khoong', 9, 258, '1', '8048', 0),
(4207, 'Xã Chiềng Cang', 9, 258, '1', '8049', 0),
(4210, 'Xã Huổi Một', 9, 258, '1', '8050', 0),
(4213, 'Xã Mường Sai', 9, 258, '1', '8051', 0),
(4216, 'Xã Mường Cai', 9, 258, '1', '8052', 0),
(4219, 'Xã Mường Hung', 9, 258, '1', '8053', 0),
(4222, 'Xã Chiềng Khương', 9, 258, '1', '8054', 0),
(4225, 'Xã Sam Kha', 9, 793, '0', NULL, 0),
(4228, 'Xã Púng Bánh', 9, 793, '1', '8056', 0),
(4231, 'Xã Xốp Cộp', 9, 793, '0', NULL, 0),
(4234, 'Xã Dồm Cang', 9, 793, '1', '8058', 0),
(4237, 'Xã Nậm Lạnh', 9, 793, '1', '8059', 0),
(4240, 'Xã Mường Lèo', 9, 793, '1', '8060', 0),
(4243, 'Xã Mường Và', 9, 793, '1', '8061', 0),
(4246, 'Xã Mường Lạn', 9, 793, '1', '8062', 0),
(4249, 'Phường Yên Thịnh', 10, 182, '1', '10325', 0),
(4252, 'Phường Yên Ninh', 10, 182, '1', '10324', 0),
(4255, 'Phường Minh Tân', 10, 182, '1', '10329', 0),
(4258, 'Phường Nguyễn Thái Học', 10, 182, '1', '10328', 0),
(4261, 'Phường Đồng Tâm', 10, 182, '1', '10323', 0),
(4264, 'Phường Nguyễn Phúc', 10, 182, '1', '10327', 0),
(4267, 'Phường Hồng Hà', 10, 182, '1', '10326', 0),
(4270, 'Xã Minh Bảo', 10, 182, '1', '10333', 0),
(4273, 'Phường Nam Cường', 10, 182, '0', NULL, 0),
(4276, 'Xã Tuy Lộc', 10, 182, '1', '10337', 0),
(4279, 'Xã Tân Thịnh', 10, 182, '1', '10336', 0),
(4282, 'Phường Pú Trạng', 10, 183, '1', '10343', 0),
(4285, 'Phường Trung Tâm', 10, 183, '1', '10342', 0),
(4288, 'Phường Tân An', 10, 183, '1', '10340', 0),
(4291, 'Phường Cầu Thia', 10, 183, '1', '10341', 0),
(4294, 'Xã Nghĩa Lợi', 10, 183, '0', NULL, 0),
(4297, 'Xã Nghĩa Phúc', 10, 183, '0', NULL, 0),
(4300, 'Xã Nghĩa An', 10, 183, '0', NULL, 0),
(4303, 'Thị trấn Yên Thế', 10, 184, '1', '10153', 0),
(4306, 'Xã Tân Phượng', 10, 184, '1', '10171', 0),
(4309, 'Xã Lâm Thượng', 10, 184, '1', '10160', 0),
(4312, 'Xã Khánh Thiện', 10, 184, '1', '10159', 0),
(4315, 'Xã Minh Chuẩn', 10, 184, '0', NULL, 0),
(4318, 'Xã Mai Sơn', 10, 184, '1', '10162', 0),
(4321, 'Xã Khai Trung', 10, 184, '1', '10157', 0),
(4324, 'Xã Mường Lai', 10, 184, '1', '10166', 0),
(4327, 'Xã An Lạc', 10, 184, '1', '10154', 0),
(4330, 'Xã Minh Xuân', 10, 184, '1', '10165', 0),
(4333, 'Xã Tô Mậu', 10, 184, '1', '10172', 0),
(4336, 'Xã Tân Lĩnh', 10, 184, '1', '10170', 0),
(4339, 'Xã Yên Thắng', 10, 184, '1', '10176', 0),
(4342, 'Xã Khánh Hoà', 10, 184, '1', '10158', 0),
(4345, 'Xã Vĩnh Lạc', 10, 184, '1', '10175', 0),
(4348, 'Xã Liễu Đô', 10, 184, '1', '10161', 0),
(4351, 'Xã Động Quan', 10, 184, '1', '10156', 0),
(4354, 'Xã Tân Lập', 10, 184, '1', '10169', 0),
(4357, 'Xã Minh Tiến', 10, 184, '1', '10164', 0),
(4360, 'Xã Trúc Lâu', 10, 184, '1', '10173', 0),
(4363, 'Xã Phúc Lợi', 10, 184, '1', '10168', 0),
(4366, 'Xã Phan Thanh', 10, 184, '1', '10167', 0),
(4369, 'Xã An Phú', 10, 184, '1', '10155', 0),
(4372, 'Xã Trung Tâm', 10, 184, '1', '10174', 0),
(4375, 'Thị trấn Mậu A', 10, 185, '1', '10271', 0),
(4378, 'Xã Lang Thíp', 10, 185, '1', '10282', 0),
(4381, 'Xã Lâm Giang', 10, 185, '1', '10281', 0),
(4384, 'Xã Châu Quế Thượng', 10, 185, '1', '10275', 0),
(4387, 'Xã Châu Quế Hạ', 10, 185, '1', '10274', 0),
(4390, 'Xã An Bình', 10, 185, '1', '10272', 0),
(4393, 'Xã Quang Minh', 10, 185, '1', '10289', 0),
(4396, 'Xã Đông An', 10, 185, '1', '10278', 0),
(4399, 'Xã Đông Cuông', 10, 185, '1', '10279', 0),
(4402, 'Xã Phong Dụ Hạ', 10, 185, '1', '10287', 0),
(4405, 'Xã Mậu Đông', 10, 185, '1', '10283', 0),
(4408, 'Xã Ngòi A', 10, 185, '1', '10286', 0),
(4411, 'Xã Xuân Tầm', 10, 185, '1', '10293', 0),
(4414, 'Xã Tân Hợp', 10, 185, '1', '10290', 0),
(4417, 'Xã An Thịnh', 10, 185, '1', '10273', 0),
(4420, 'Xã Yên Thái', 10, 185, '1', '10297', 0),
(4423, 'Xã Phong Dụ Thượng', 10, 185, '1', '10288', 0),
(4426, 'Xã Yên Hợp', 10, 185, '1', '10294', 0),
(4429, 'Xã Đại Sơn', 10, 185, '1', '10277', 0),
(4432, 'Xã Yên Hưng', 10, 185, '1', '10295', 0),
(4435, 'Xã Đại Phác', 10, 185, '1', '10276', 0),
(4438, 'Xã Yên Phú', 10, 185, '1', '10296', 0),
(4441, 'Xã Xuân Ái', 10, 185, '1', '10292', 0),
(4444, 'Xã Hoàng Thắng', 10, 185, '1', '10280', 0),
(4447, 'Xã Viễn Sơn', 10, 185, '1', '10291', 0),
(4450, 'Xã Mỏ Vàng', 10, 185, '1', '10284', 0),
(4453, 'Xã Nà Hẩu', 10, 185, '1', '10285', 0),
(4456, 'Thị trấn Mù Căng Chải', 10, 186, '1', '10196', 0),
(4459, 'Xã Hồ Bốn', 10, 186, '1', '10187', 0),
(4462, 'Xã Nậm Có', 10, 186, '1', '10193', 0),
(4465, 'Xã Khao Mang', 10, 186, '1', '10188', 0),
(4468, 'Xã Mồ Dề', 10, 186, '1', '10192', 0),
(4471, 'Xã Chế Cu Nha', 10, 186, '1', '10184', 0),
(4474, 'Xã Lao Chải', 10, 186, '1', '10191', 0),
(4477, 'Xã Kim Nọi', 10, 186, '1', '10189', 0),
(4480, 'Xã Cao Phạ', 10, 186, '1', '10183', 0),
(4483, 'Xã La Pán Tẩn', 10, 186, '1', '10190', 0),
(4486, 'Xã Dế Su Phình', 10, 186, '1', '10186', 0),
(4489, 'Xã Chế Tạo', 10, 186, '1', '10185', 0),
(4492, 'Xã Púng Luông', 10, 186, '1', '10195', 0),
(4495, 'Xã Nậm Khắt', 10, 186, '1', '10194', 0),
(4498, 'Thị trấn Cổ Phúc', 10, 187, '1', '10209', 0),
(4501, 'Xã Tân Đồng', 10, 187, '1', '10226', 0),
(4504, 'Xã Báo Đáp', 10, 187, '1', '10210', 0),
(4507, 'Xã Đào Thịnh', 10, 187, '1', '10213', 0),
(4510, 'Xã Việt Thành', 10, 187, '1', '10232', 0),
(4513, 'Xã Hòa Cuông', 10, 187, '1', '10214', 0),
(4516, 'Xã Minh Quán', 10, 187, '1', '10221', 0),
(4519, 'Xã Quy Mông', 10, 187, '1', '10225', 0),
(4522, 'Xã Cường Thịnh', 10, 187, '1', '10212', 0),
(4525, 'Xã Kiên Thành', 10, 187, '1', '10218', 0),
(4528, 'Xã Nga Quán', 10, 187, '1', '10223', 0),
(4531, 'Xã Y Can', 10, 187, '1', '10233', 0),
(4534, 'Xã Minh Tiến', 10, 187, '1', '10222', 0),
(4537, 'Xã Lương Thịnh', 10, 187, '1', '10219', 0),
(4540, 'Xã Âu Lâu', 10, 182, '1', '10330', 0),
(4543, 'Xã Giới Phiên', 10, 182, '1', '10331', 0),
(4546, 'Phường Hợp Minh', 10, 182, '0', NULL, 0),
(4549, 'Xã Văn Tiến', 10, 182, '1', '10339', 0),
(4552, 'Xã Phúc Lộc', 10, 182, '1', '10335', 0),
(4555, 'Xã Văn Lãng', 10, 188, '0', NULL, 0),
(4558, 'Xã Văn Phú', 10, 182, '1', '10338', 0),
(4561, 'Xã Bảo Hưng', 10, 187, '1', '10211', 0),
(4564, 'Xã Việt Cường', 10, 187, '1', '10230', 0),
(4567, 'Xã Minh Quân', 10, 187, '0', NULL, 0),
(4570, 'Xã Hồng Ca', 10, 187, '1', '10215', 0),
(4573, 'Xã Hưng Thịnh', 10, 187, '1', '10217', 0),
(4576, 'Xã Hưng Khánh', 10, 187, '1', '10216', 0),
(4579, 'Xã Việt Hồng', 10, 187, '1', '10231', 0),
(4582, 'Xã Vân Hội', 10, 187, '1', '10227', 0),
(4585, 'Thị trấn Trạm Tấu', 10, 190, '1', '10205', 0),
(4588, 'Xã Túc Đán', 10, 190, '1', '10207', 0),
(4591, 'Xã Pá Lau', 10, 190, '1', '10202', 0),
(4594, 'Xã Xà Hồ', 10, 190, '1', '10208', 0),
(4597, 'Xã Phình Hồ', 10, 190, '1', '10203', 0),
(4600, 'Xã Trạm Tấu', 10, 190, '1', '10206', 0),
(4603, 'Xã Tà Si Láng', 10, 190, '1', '10204', 0),
(4606, 'Xã Pá Hu', 10, 190, '1', '10201', 0),
(4609, 'Xã Làng Nhì', 10, 190, '1', '10200', 0),
(4612, 'Xã Bản Công', 10, 190, '1', '10197', 0),
(4615, 'Xã Bản Mù', 10, 190, '1', '10198', 0),
(4618, 'Xã Hát Lìu', 10, 190, '1', '10199', 0),
(4621, 'Thị trấn NT Liên Sơn', 10, 189, '1', '10235', 0),
(4624, 'Thị trấn NT Nghĩa Lộ', 10, 189, '1', '10236', 0),
(4627, 'Thị trấn NT Trần Phú', 10, 189, '1', '10265', 0),
(4630, 'Xã Tú Lệ', 10, 189, '1', '10267', 0),
(4633, 'Xã Nậm Búng', 10, 189, '1', '10246', 0),
(4636, 'Xã Gia Hội', 10, 189, '1', '10243', 0),
(4639, 'Xã Sùng Đô', 10, 189, '1', '10258', 0),
(4642, 'Xã Nậm Mười', 10, 189, '1', '10248', 0),
(4645, 'Xã An Lương', 10, 189, '1', '10237', 0),
(4648, 'Xã Nậm Lành', 10, 189, '1', '10247', 0),
(4651, 'Xã Sơn Lương', 10, 189, '1', '10257', 0),
(4654, 'Xã Suối Quyền', 10, 189, '1', '10261', 0),
(4657, 'Xã Suối Giàng', 10, 189, '1', '10260', 0),
(4660, 'Xã Sơn A', 10, 189, '1', '10256', 0),
(4663, 'Xã Phù Nham', 10, 189, '1', '10254', 0),
(4666, 'Xã Nghĩa Sơn', 10, 189, '1', '10252', 0),
(4669, 'Xã Suối Bu', 10, 189, '1', '10259', 0),
(4672, 'Xã Sơn Thịnh', 10, 189, '1', '10234', 0),
(4675, 'Xã Thanh Lương', 10, 189, '1', '10264', 0),
(4678, 'Xã Hạnh Sơn', 10, 189, '1', '10244', 0),
(4681, 'Xã Phúc Sơn', 10, 189, '1', '10255', 0),
(4684, 'Xã Thạch Lương', 10, 189, '1', '10263', 0),
(4687, 'Xã Đại Lịch', 10, 189, '1', '10241', 0),
(4690, 'Xã Đồng Khê', 10, 189, '1', '10242', 0),
(4693, 'Xã Cát Thịnh', 10, 189, '1', '10239', 0),
(4696, 'Xã Tân Thịnh', 10, 189, '1', '10262', 0),
(4699, 'Xã Chấn Thịnh', 10, 189, '1', '10240', 0),
(4702, 'Xã Bình Thuận', 10, 189, '1', '10238', 0),
(4705, 'Xã Thượng Bằng La', 10, 189, '1', '10266', 0),
(4708, 'Xã Minh An', 10, 189, '1', '10245', 0),
(4711, 'Xã Nghĩa Tâm', 10, 189, '1', '10253', 0),
(4714, 'Thị trấn Yên Bình', 10, 188, '1', '10298', 0),
(4717, 'Thị trấn Thác Bà', 10, 188, '1', '10316', 0),
(4720, 'Xã Xuân Long', 10, 188, '1', '10320', 0),
(4723, 'Xã Tích Cốc', 10, 188, '1', '10315', 0),
(4726, 'Xã Cảm Nhân', 10, 188, '1', '10302', 0),
(4729, 'Xã Ngọc Chấn', 10, 188, '1', '10308', 0),
(4732, 'Xã Tân Nguyên', 10, 188, '1', '10313', 0),
(4735, 'Xã Phúc Ninh', 10, 188, '1', '10311', 0),
(4738, 'Xã Bảo Ái', 10, 188, '1', '10300', 0),
(4741, 'Xã Mỹ Gia', 10, 188, '1', '10307', 0),
(4744, 'Xã Xuân Lai', 10, 188, '1', '10319', 0),
(4747, 'Xã Mông Sơn', 10, 188, '1', '10306', 0),
(4750, 'Xã Cảm Ân', 10, 188, '1', '10301', 0),
(4753, 'Xã Yên Thành', 10, 188, '1', '10322', 0),
(4756, 'Xã Tân Hương', 10, 188, '1', '10312', 0),
(4759, 'Xã Phúc An', 10, 188, '1', '10310', 0),
(4762, 'Xã Bạch Hà', 10, 188, '1', '10299', 0),
(4765, 'Xã Vũ Linh', 10, 188, '1', '10318', 0),
(4768, 'Xã Đại Đồng', 10, 188, '1', '10303', 0),
(4771, 'Xã Vĩnh Kiên', 10, 188, '1', '10317', 0),
(4774, 'Xã Yên Bình', 10, 188, '1', '10321', 0),
(4777, 'Xã Thịnh Hưng', 10, 188, '1', '10314', 0),
(4780, 'Xã Hán Đà', 10, 188, '1', '10305', 0),
(4783, 'Xã Phú Thịnh', 10, 188, '1', '10309', 0),
(4786, 'Xã Đại Minh', 10, 188, '1', '10304', 0),
(4789, 'Phường Thái Bình', 11, 262, '1', '11497', 0),
(4792, 'Phường Tân Hòa', 11, 262, '1', '11499', 0),
(4795, 'Phường Thịnh Lang', 11, 262, '1', '11508', 0),
(4798, 'Phường Hữu Nghị', 11, 262, '1', '11507', 0),
(4801, 'Phường Tân Thịnh', 11, 262, '1', '11498', 0),
(4804, 'Phường Đồng Tiến', 11, 262, '1', '11495', 0),
(4807, 'Phường Phương Lâm', 11, 262, '1', '11496', 0),
(4810, 'Phường Chăm Mát', 11, 262, '1', '11494', 0),
(4813, 'Xã Yên Mông', 11, 262, '1', '11500', 0),
(4816, 'Xã Sủ Ngòi', 11, 262, '0', NULL, 0),
(4819, 'Xã Dân Chủ', 11, 262, '1', '11501', 0),
(4822, 'Xã Thái Thịnh', 11, 262, '1', '11505', 0),
(4825, 'Xã Hòa Bình', 11, 262, '1', '11504', 0),
(4828, 'Xã Thống Nhất', 11, 262, '1', '11503', 0),
(4831, 'Thị trấn Đà Bắc', 11, 263, '1', '3314', 0),
(4834, 'Xã Đồng Nghê', 11, 263, '1', '3315', 0),
(4837, 'Xã Suối Nánh', 11, 263, '1', '3316', 0),
(4840, 'Xã Giáp Đắt', 11, 263, '1', '3333', 0),
(4843, 'Xã Mường Tuổng', 11, 263, '1', '3317', 0),
(4846, 'Xã Mường Chiềng', 11, 263, '1', '3318', 0),
(4849, 'Xã Tân Pheo', 11, 263, '1', '3320', 0),
(4852, 'Xã Đồng Chum', 11, 263, '1', '3319', 0),
(4855, 'Xã Tân Minh', 11, 263, '1', '3322', 0),
(4858, 'Xã Đoàn Kết', 11, 263, '1', '3321', 0),
(4861, 'Xã Đồng Ruộng', 11, 263, '1', '3332', 0),
(4864, 'Xã Hào Lý', 11, 263, '1', '3328', 0),
(4867, 'Xã Tu Lý', 11, 263, '1', '3329', 0),
(4870, 'Xã Trung Thành', 11, 263, '1', '3323', 0),
(4873, 'Xã Yên Hòa', 11, 263, '1', '3324', 0),
(4876, 'Xã Cao Sơn', 11, 263, '1', '3325', 0),
(4879, 'Xã Toàn Sơn', 11, 263, '1', '3331', 0),
(4882, 'Xã Tân Dân', 11, 264, '1', '3275', 0),
(4885, 'Xã Hiền Lương', 11, 263, '1', '3330', 0),
(4888, 'Xã Tiền Phong', 11, 263, '1', '3326', 0),
(4891, 'Xã Vầy Nưa', 11, 263, '1', '3327', 0),
(4894, 'Thị trấn Kỳ Sơn', 11, 265, '1', '3175', 0),
(4897, 'Xã Hợp Thịnh', 11, 265, '1', '3179', 0),
(4900, 'Xã Phú Minh', 11, 265, '1', '3181', 0),
(4903, 'Xã Hợp Thành', 11, 265, '1', '3180', 0),
(4906, 'Xã Phúc Tiến', 11, 265, '1', '3182', 0),
(4909, 'Xã Dân Hòa', 11, 265, '1', '3183', 0),
(4912, 'Xã Mông Hóa', 11, 265, '1', '3184', 0),
(4915, 'Xã Dân Hạ', 11, 265, '1', '3178', 0),
(4918, 'Xã Trung Minh', 11, 262, '1', '11506', 0),
(4921, 'Xã Độc Lập', 11, 265, '1', '3185', 0),
(4924, 'Thị trấn Lương Sơn', 11, 266, '1', '3187', 0),
(4927, 'Xã Yên Trung', 1, 707, '1', '328', 0),
(4930, 'Xã Yên Bình', 1, 707, '1', '327', 0),
(4933, 'Xã Yên Quang', 11, 265, '1', '3186', 0),
(4936, 'Xã Tiến Xuân', 1, 707, '1', '326', 0),
(4939, 'Xã Đông Xuân', 1, 706, '0', NULL, 0),
(4942, 'Xã Lâm Sơn', 11, 266, '1', '3188', 0),
(4945, 'Xã Hòa Sơn', 11, 266, '1', '3189', 0),
(4948, 'Xã Trường Sơn', 11, 266, '1', '3191', 0),
(4951, 'Xã Tân Vinh', 11, 266, '1', '3190', 0),
(4954, 'Xã Nhuận Trạch', 11, 266, '1', '3194', 0),
(4957, 'Xã Cao Răm', 11, 266, '1', '3206', 0),
(4960, 'Xã Cư Yên', 11, 266, '1', '3193', 0),
(4963, 'Xã Hợp Hòa', 11, 266, '1', '3192', 0),
(4966, 'Xã Liên Sơn', 11, 266, '1', '3195', 0),
(4969, 'Xã Thành Lập', 11, 266, '1', '3198', 0),
(4972, 'Xã Tiến Sơn', 11, 266, '1', '3196', 0),
(4975, 'Xã Trung Sơn', 11, 266, '1', '3197', 0),
(4978, 'Thị trấn Bo', 11, 267, '1', '3146', 0),
(4981, 'Thị trấn Thanh Hà', 11, 270, '1', '3241', 0),
(4984, 'Xã Đú Sáng', 11, 267, '1', '3153', 0),
(4987, 'Xã  Bắc Sơn', 11, 267, '0', NULL, 0),
(4990, 'Xã Bình Sơn', 11, 267, '1', '3150', 0),
(4993, 'Xã Hùng Tiến', 11, 267, '1', '3148', 0),
(4996, 'Xã Tân Thành', 11, 266, '1', '3199', 0),
(4999, 'Xã Tú Sơn', 11, 267, '1', '3154', 0),
(5002, 'Xã Nật Sơn', 11, 267, '1', '3151', 0),
(5005, 'Xã Vĩnh Tiến', 11, 267, '1', '3155', 0),
(5008, 'Xã Cao Dương', 11, 266, '1', '3200', 0),
(5011, 'Xã Sơn Thủy', 11, 267, '1', '3152', 0),
(5014, 'Xã Đông Bắc', 11, 267, '1', '3157', 0),
(5017, 'Xã Thượng Bì', 11, 267, '1', '3159', 0),
(5020, 'Xã Lập Chiệng', 11, 267, '1', '3162', 0),
(5023, 'Xã Hợp Châu', 11, 266, '1', '3201', 0),
(5026, 'Xã Vĩnh Đồng', 11, 267, '1', '3156', 0),
(5029, 'Xã Hạ Bì', 11, 267, '1', '3160', 0),
(5032, 'Xã Trung Bì', 11, 267, '1', '3161', 0),
(5035, 'Xã Kim Sơn', 11, 267, '1', '3165', 0),
(5038, 'Xã Hợp Đồng', 11, 267, '1', '3163', 0),
(5041, 'Xã Long Sơn', 11, 266, '1', '3203', 0),
(5044, 'Xã Thượng Tiến', 11, 267, '1', '3158', 0),
(5047, 'Xã Cao Thắng', 11, 266, '1', '3202', 0),
(5050, 'Xã Kim Tiến', 11, 267, '1', '3168', 0),
(5053, 'Xã Kim Bình', 11, 267, '1', '3166', 0),
(5056, 'Xã Hợp Kim', 11, 267, '1', '3164', 0),
(5059, 'Xã Thanh Lương', 11, 266, '1', '3204', 0),
(5062, 'Xã Hợp Thanh', 11, 266, '1', '3205', 0),
(5065, 'Xã Kim Bôi', 11, 267, '1', '3167', 0),
(5068, 'Xã Nam Thượng', 11, 267, '1', '3170', 0),
(5071, 'Xã Kim Truy', 11, 267, '1', '3169', 0),
(5074, 'Xã Thanh Nông', 11, 270, '1', '3251', 0),
(5077, 'Xã Cuối Hạ', 11, 267, '1', '3172', 0),
(5080, 'Xã Sào Báy', 11, 267, '1', '3171', 0),
(5083, 'Xã Mi Hòa', 11, 267, '1', '3174', 0),
(5086, 'Xã Nuông Dăm', 11, 267, '1', '3173', 0),
(5089, 'Thị trấn Cao Phong', 11, 758, '1', '3133', 0),
(5092, 'Xã Bình Thanh', 11, 758, '1', '3137', 0),
(5095, 'Xã Thung Nai', 11, 758, '1', '3138', 0),
(5098, 'Xã Bắc Phong', 11, 758, '1', '3135', 0),
(5101, 'Xã Thu Phong', 11, 758, '1', '3139', 0),
(5104, 'Xã Đông Phong', 11, 758, '1', '3140', 0),
(5107, 'Xã Xuân Phong', 11, 758, '1', '3141', 0),
(5110, 'Xã Tây Phong', 11, 758, '1', '3136', 0),
(5113, 'Xã Tân Phong', 11, 758, '1', '3142', 0),
(5116, 'Xã Dũng Phong', 11, 758, '1', '3143', 0),
(5119, 'Xã Nam Phong', 11, 758, '1', '3134', 0),
(5122, 'Xã Yên Lập', 11, 758, '1', '3144', 0),
(5125, 'Xã Yên Thượng', 11, 758, '1', '3145', 0),
(5128, 'Thị trấn Mường Khến', 11, 268, '1', '3277', 0),
(5131, 'Xã Ngòi Hoa', 11, 268, '1', '3281', 0),
(5134, 'Xã Trung Hòa', 11, 268, '1', '3282', 0),
(5137, 'Xã Phú Vinh', 11, 268, '1', '3283', 0),
(5140, 'Xã Phú Cường', 11, 268, '1', '3284', 0),
(5143, 'Xã Mỹ Hòa', 11, 268, '1', '3285', 0),
(5146, 'Xã Quy Hậu', 11, 268, '1', '3286', 0),
(5149, 'Xã Phong Phú', 11, 268, '1', '3279', 0),
(5152, 'Xã Quyết Chiến', 11, 268, '1', '3287', 0),
(5155, 'Xã Mãn Đức', 11, 268, '1', '3278', 0),
(5158, 'Xã Địch Giáo', 11, 268, '1', '3288', 0),
(5161, 'Xã Tuân Lộ', 11, 268, '1', '3289', 0),
(5164, 'Xã Tử Nê', 11, 268, '1', '3280', 0),
(5167, 'Xã Thanh Hối', 11, 268, '1', '3291', 0),
(5170, 'Xã Ngọc Mỹ', 11, 268, '1', '3290', 0),
(5173, 'Xã Đông Lai', 11, 268, '1', '3292', 0),
(5176, 'Xã Lũng Vân', 11, 268, '1', '3293', 0),
(5179, 'Xã Bắc Sơn', 11, 268, '1', '3294', 0),
(5182, 'Xã Quy Mỹ', 11, 268, '1', '3295', 0),
(5185, 'Xã Do Nhân', 11, 268, '1', '3296', 0),
(5188, 'Xã Nam Sơn', 11, 268, '1', '3297', 0),
(5191, 'Xã Lỗ Sơn', 11, 268, '1', '3298', 0),
(5194, 'Xã Ngổ Luông', 11, 268, '1', '3299', 0),
(5197, 'Xã Gia Mô', 11, 268, '1', '3300', 0),
(5200, 'Thị trấn Mai Châu', 11, 264, '1', '3252', 0),
(5203, 'Xã Tân Mai', 11, 264, '1', '3269', 0),
(5206, 'Xã Phúc Sạn', 11, 264, '1', '3267', 0),
(5209, 'Xã Pà Cò', 11, 264, '1', '3276', 0),
(5212, 'Xã Hang Kia', 11, 264, '1', '3274', 0),
(5215, 'Xã Ba Khan', 11, 264, '1', '3270', 0),
(5218, 'Xã Tân Sơn', 11, 264, '1', '3268', 0),
(5221, 'Xã Đồng Bảng', 11, 264, '1', '3266', 0),
(5224, 'Xã Cun Pheo', 11, 264, '1', '3255', 0),
(5227, 'Xã Bao La', 11, 264, '1', '3256', 0),
(5230, 'Xã Piềng Vế', 11, 264, '1', '3257', 0),
(5233, 'Xã Tòng Đậu', 11, 264, '1', '3265', 0),
(5236, 'Xã Nà Mèo', 11, 264, '1', '3264', 0),
(5239, 'Xã Thung Khe', 11, 264, '1', '3271', 0),
(5242, 'Xã Nà Phòn', 11, 264, '1', '3263', 0),
(5245, 'Xã Săm Khóe', 11, 264, '0', NULL, 0),
(5248, 'Xã Chiềng Châu', 11, 264, '1', '3262', 0),
(5251, 'Xã Mai Hạ', 11, 264, '1', '3261', 0),
(5254, 'Xã Nong Luông', 11, 264, '0', NULL, 0),
(5257, 'Xã Mai Hịch', 11, 264, '1', '3259', 0),
(5260, 'Xã Pù Pin', 11, 264, '0', NULL, 0),
(5263, 'Xã Vạn Mai', 11, 264, '1', '3260', 0),
(5266, 'Thị trấn Vụ Bản', 11, 269, '1', '3207', 0),
(5269, 'Xã Quý Hòa', 11, 269, '1', '3214', 0),
(5272, 'Xã Miền Đồi', 11, 269, '1', '3215', 0),
(5275, 'Xã Mỹ Thành', 11, 269, '1', '3220', 0),
(5278, 'Xã Tuân Đạo', 11, 269, '1', '3216', 0),
(5281, 'Xã Văn Nghĩa', 11, 269, '1', '3219', 0),
(5284, 'Xã Văn Sơn', 11, 269, '1', '3213', 0),
(5287, 'Xã Tân Lập', 11, 269, '1', '3218', 0),
(5290, 'Xã Nhân Nghĩa', 11, 269, '1', '3217', 0),
(5293, 'Xã Thượng Cốc', 11, 269, '1', '3212', 0),
(5296, 'Xã Phú Lương', 11, 269, '1', '3208', 0),
(5299, 'Xã Phúc Tuy', 11, 269, '1', '3209', 0),
(5302, 'Xã Xuất Hóa', 11, 269, '1', '3228', 0),
(5305, 'Xã Yên Phú', 11, 269, '1', '3230', 0),
(5308, 'Xã Bình Hẻm', 11, 269, '1', '3226', 0),
(5311, 'Xã Chí Thiện', 11, 269, '1', '3211', 0),
(5314, 'Xã Bình Cảng', 11, 269, '1', '3232', 0),
(5317, 'Xã Bình Chân', 11, 269, '1', '3233', 0),
(5320, 'Xã Định Cư', 11, 269, '1', '3225', 0),
(5323, 'Xã Chí Đạo', 11, 269, '1', '3210', 0),
(5326, 'Xã Liên Vũ', 11, 269, '1', '3224', 0),
(5329, 'Xã Ngọc Sơn', 11, 269, '1', '3222', 0),
(5332, 'Xã Hương Nhượng', 11, 269, '1', '3227', 0),
(5335, 'Xã Vũ Lâm', 11, 269, '1', '3231', 0),
(5338, 'Xã Tự Do', 11, 269, '1', '3221', 0),
(5341, 'Xã Yên Nghiệp', 11, 269, '1', '3235', 0),
(5344, 'Xã Tân Mỹ', 11, 269, '1', '3234', 0),
(5347, 'Xã Ân Nghĩa', 11, 269, '1', '3229', 0),
(5350, 'Xã Ngọc Lâu', 11, 269, '1', '3223', 0),
(5353, 'Thị trấn Hàng Trạm', 11, 271, '1', '3301', 0),
(5356, 'Xã Lạc Sỹ', 11, 271, '1', '3305', 0),
(5359, 'Xã Lạc Hưng', 11, 271, '1', '3306', 0),
(5362, 'Xã Lạc Lương', 11, 271, '0', NULL, 0),
(5365, 'Xã Bảo Hiệu', 11, 271, '1', '3308', 0),
(5368, 'Xã Đa Phúc', 11, 271, '1', '3304', 0),
(5371, 'Xã Hữu Lợi', 11, 271, '1', '3309', 0),
(5374, 'Xã Lạc Thịnh', 11, 271, '1', '3310', 0),
(5377, 'Xã Yên Lạc', 11, 271, '1', '3303', 0),
(5380, 'Xã Đoàn Kết', 11, 271, '1', '3302', 0),
(5383, 'Xã Phú Lai', 11, 271, '1', '3311', 0),
(5386, 'Xã Yên Trị', 11, 271, '1', '3313', 0),
(5389, 'Xã Ngọc Lương', 11, 271, '1', '3312', 0),
(5392, 'Thị trấn Chi Nê', 11, 270, '1', '3242', 0),
(5395, 'Xã Phú Lão', 11, 270, '1', '3245', 0),
(5398, 'Xã Phú Thành', 11, 270, '1', '3246', 0),
(5401, 'Xã Cố Nghĩa', 11, 270, '1', '3244', 0),
(5404, 'Xã Hưng Thi', 11, 270, '1', '3247', 0),
(5407, 'Xã Lạc Long', 11, 270, '1', '3236', 0),
(5410, 'Xã Liên Hòa', 11, 270, '1', '3250', 0),
(5413, 'Xã Khoan Dụ', 11, 270, '1', '3243', 0),
(5416, 'Xã Đồng Môn', 11, 270, '1', '3239', 0),
(5419, 'Xã Đồng Tâm', 11, 270, '1', '3240', 0),
(5422, 'Xã Yên Bồng', 11, 270, '1', '3238', 0),
(5425, 'Xã An Lạc', 11, 270, '1', '3249', 0),
(5428, 'Xã An Bình', 11, 270, '1', '3248', 0),
(5431, 'Phường Quán Triều', 12, 192, '1', '9199', 0),
(5434, 'Phường Quang Vinh', 12, 192, '1', '9200', 0),
(5437, 'Phường Túc Duyên', 12, 192, '1', '9201', 0),
(5440, 'Phường Hoàng Văn Thụ', 12, 192, '1', '9202', 0),
(5443, 'Phường Trưng Vương', 12, 192, '1', '9224', 0),
(5446, 'Phường Quang Trung', 12, 192, '1', '9203', 0),
(5449, 'Phường Phan Đình Phùng', 12, 192, '1', '9204', 0),
(5452, 'Phường Tân Thịnh', 12, 192, '1', '9205', 0),
(5455, 'Phường Thịnh Đán', 12, 192, '1', '9206', 0),
(5458, 'Phường Đồng Quang', 12, 192, '1', '9207', 0),
(5461, 'Phường Gia Sàng', 12, 192, '1', '9208', 0),
(5464, 'Phường Tân Lập', 12, 192, '1', '9209', 0),
(5467, 'Phường Cam Giá', 12, 192, '1', '9210', 0),
(5470, 'Phường Phú Xá', 12, 192, '1', '9211', 0),
(5473, 'Phường Hương Sơn', 12, 192, '1', '9212', 0),
(5476, 'Phường Trung Thành', 12, 192, '1', '9213', 0),
(5479, 'Phường Tân Thành', 12, 192, '1', '9214', 0),
(5482, 'Phường Tân Long', 12, 192, '1', '9215', 0),
(5485, 'Xã Phúc Hà', 12, 192, '1', '9216', 0),
(5488, 'Xã Phúc Xuân', 12, 192, '1', '9217', 0),
(5491, 'Xã Quyết Thắng', 12, 192, '1', '9218', 0),
(5494, 'Xã Phúc Trìu', 12, 192, '1', '9219', 0),
(5497, 'Xã Thịnh Đức', 12, 192, '1', '9220', 0),
(5500, 'Phường Tích Lương', 12, 192, '0', NULL, 0),
(5503, 'Xã Tân Cương', 12, 192, '1', '9222', 0),
(5506, 'Phường Lương Sơn', 12, 193, '0', NULL, 0),
(5509, 'Phường Lương Châu', 12, 193, '1', '9225', 0),
(5512, 'Phường Mỏ Chè', 12, 193, '1', '9226', 0),
(5515, 'Phường Cải Đan', 12, 193, '1', '9227', 0),
(5518, 'Phường Thắng Lợi', 12, 193, '1', '9228', 0),
(5521, 'Phường Phố Cò', 12, 193, '1', '9229', 0),
(5524, 'Xã Vinh Sơn', 12, 193, '1', '9230', 0),
(5527, 'Xã Tân Quang', 12, 193, '1', '9231', 0),
(5528, 'Phường Bách Quang', 12, 193, '0', NULL, 0),
(5530, 'Xã Bình Sơn', 12, 193, '1', '9232', 0),
(5533, 'Xã Bá Xuyên', 12, 193, '1', '9233', 0),
(5536, 'Thị trấn Chợ Chu', 12, 194, '1', '9154', 0),
(5539, 'Xã Linh Thông', 12, 194, '1', '9155', 0),
(5542, 'Xã Lam Vỹ', 12, 194, '1', '9156', 0),
(5545, 'Xã Quy Kỳ', 12, 194, '1', '9157', 0),
(5548, 'Xã Tân Thịnh', 12, 194, '1', '9158', 0),
(5551, 'Xã Kim Phượng', 12, 194, '1', '9159', 0),
(5554, 'Xã Bảo Linh', 12, 194, '1', '9160', 0),
(5557, 'Xã Kim Sơn', 12, 194, '1', '9161', 0),
(5560, 'Xã Phúc Chu', 12, 194, '1', '9162', 0),
(5563, 'Xã Tân Dương', 12, 194, '1', '9163', 0),
(5566, 'Xã Phượng Tiến', 12, 194, '1', '9164', 0),
(5569, 'Xã Bảo Cường', 12, 194, '1', '9165', 0),
(5572, 'Xã Đồng Thịnh', 12, 194, '1', '9166', 0),
(5575, 'Xã Định Biên', 12, 194, '1', '9167', 0),
(5578, 'Xã Thanh Định', 12, 194, '1', '9168', 0),
(5581, 'Xã Trung Hội', 12, 194, '1', '9169', 0),
(5584, 'Xã Trung Lương', 12, 194, '1', '9170', 0),
(5587, 'Xã Bình Yên', 12, 194, '1', '9171', 0),
(5590, 'Xã Điềm Mặc', 12, 194, '1', '9172', 0),
(5593, 'Xã Phú Tiến', 12, 194, '1', '9173', 0),
(5596, 'Xã Bộc Nhiêu', 12, 194, '1', '9174', 0),
(5599, 'Xã Sơn Phú', 12, 194, '1', '9175', 0),
(5602, 'Xã Phú Đình', 12, 194, '1', '9176', 0),
(5605, 'Xã Bình Thành', 12, 194, '1', '9177', 0),
(5608, 'Thị trấn Giang Tiên', 12, 196, '1', '9106', 0),
(5611, 'Thị trấn Đu', 12, 196, '1', '9107', 0),
(5614, 'Xã Yên Ninh', 12, 196, '1', '9108', 0),
(5617, 'Xã Yên Trạch', 12, 196, '1', '9109', 0),
(5620, 'Xã Yên Đổ', 12, 196, '1', '9110', 0),
(5623, 'Xã Yên Lạc', 12, 196, '1', '9111', 0),
(5626, 'Xã Ôn Lương', 12, 196, '1', '9112', 0),
(5629, 'Xã Động Đạt', 12, 196, '1', '9113', 0),
(5632, 'Xã Phủ Lý', 12, 196, '1', '9114', 0),
(5635, 'Xã Phú Đô', 12, 196, '1', '9115', 0),
(5638, 'Xã Hợp Thành', 12, 196, '1', '9116', 0),
(5641, 'Xã Tức Tranh', 12, 196, '1', '9117', 0),
(5644, 'Xã Phấn Mễ', 12, 196, '1', '9118', 0),
(5647, 'Xã Vô Tranh', 12, 196, '1', '9119', 0),
(5650, 'Xã Cổ Lũng', 12, 196, '1', '9120', 0),
(5653, 'Xã Sơn Cẩm', 12, 196, '1', '9121', 0),
(5656, 'Thị trấn Sông Cầu', 12, 197, '1', '9178', 0),
(5659, 'Thị trấn Chùa Hang', 12, 197, '1', '9179', 0),
(5662, 'Thị trấn Trại Cau', 12, 197, '1', '9180', 0),
(5665, 'Xã Văn Lăng', 12, 197, '1', '9181', 0),
(5668, 'Xã Tân Long', 12, 197, '1', '9182', 0),
(5671, 'Xã Hòa Bình', 12, 197, '1', '9183', 0),
(5674, 'Xã Quang Sơn', 12, 197, '1', '9184', 0),
(5677, 'Xã Minh Lập', 12, 197, '1', '9185', 0),
(5680, 'Xã Văn Hán', 12, 197, '1', '9186', 0),
(5683, 'Xã Hóa Trung', 12, 197, '1', '9187', 0),
(5686, 'Xã Khe Mo', 12, 197, '1', '9188', 0),
(5689, 'Xã Cây Thị', 12, 197, '1', '9189', 0),
(5692, 'Xã Hóa Thượng', 12, 197, '1', '9190', 0),
(5695, 'Xã Cao Ngạn', 12, 192, '0', NULL, 0),
(5698, 'Xã Hợp Tiến', 12, 197, '1', '9191', 0),
(5701, 'Xã Linh Sơn', 12, 197, '1', '9192', 0),
(5704, 'Xã Tân Lợi', 12, 197, '1', '9193', 0),
(5707, 'Xã Nam Hòa', 12, 197, '1', '9194', 0),
(5710, 'Xã Đồng Bẩm', 12, 192, '0', NULL, 0),
(5713, 'Xã Huống Thượng', 12, 197, '1', '9195', 0),
(5716, 'Thị trấn Đình Cả', 12, 195, '1', '9140', 0),
(5719, 'Xã Sảng Mộc', 12, 195, '1', '9141', 0),
(5722, 'Xã Nghinh Tường', 12, 195, '0', NULL, 0),
(5725, 'Xã Thần Xa', 12, 195, '1', '9143', 0),
(5728, 'Xã Vũ Chấn', 12, 195, '1', '9144', 0),
(5731, 'Xã Thượng Nung', 12, 195, '1', '9145', 0),
(5734, 'Xã Phú Thượng', 12, 195, '1', '9146', 0),
(5737, 'Xã Cúc Đường', 12, 195, '1', '9147', 0),
(5740, 'Xã La Hiên', 12, 195, '0', NULL, 0),
(5743, 'Xã Lâu Thượng', 12, 195, '1', '9148', 0),
(5746, 'Xã Tràng Xá', 12, 195, '1', '9149', 0),
(5749, 'Xã Phương Giao', 12, 195, '1', '9150', 0),
(5752, 'Xã Liên Minh', 12, 195, '1', '9151', 0),
(5755, 'Xã Dân Tiến', 12, 195, '1', '9152', 0),
(5758, 'Xã Bình Long', 12, 195, '1', '9153', 0),
(5761, 'Thị trấn Hùng Sơn', 12, 198, '0', NULL, 0),
(5764, 'Thị trấn Quân Chu', 12, 198, '1', '9055', 0),
(5767, 'Xã Phúc Lương', 12, 198, '1', '9056', 0),
(5770, 'Xã Minh Tiến', 12, 198, '1', '9057', 0),
(5773, 'Xã Yên Lãng', 12, 198, '1', '9058', 0),
(5776, 'Xã Đức Lương', 12, 198, '1', '9059', 0),
(5779, 'Xã Phú Cường', 12, 198, '1', '9060', 0),
(5782, 'Xã Na Mao', 12, 198, '1', '9061', 0),
(5785, 'Xã Phú Lạc', 12, 198, '1', '9062', 0),
(5788, 'Xã Tân Linh', 12, 198, '1', '9063', 0),
(5791, 'Xã Phú Thịnh', 12, 198, '1', '9064', 0),
(5794, 'Xã Phục Linh', 12, 198, '1', '9065', 0),
(5797, 'Xã Phú Xuyên', 12, 198, '1', '9066', 0),
(5800, 'Xã Bản Ngoại', 12, 198, '1', '9067', 0),
(5803, 'Xã Tiên Hội', 12, 198, '1', '9068', 0),
(5809, 'Xã Cù Vân', 12, 198, '1', '9070', 0),
(5812, 'Xã Hà Thượng', 12, 198, '1', '9071', 0),
(5815, 'Xã La Bằng', 12, 198, '1', '9072', 0),
(5818, 'Xã Hoàng Nông', 12, 198, '1', '9073', 0),
(5821, 'Xã Khôi Kỳ', 12, 198, '1', '9074', 0),
(5824, 'Xã An Khánh', 12, 198, '1', '9075', 0),
(5827, 'Xã Tân Thái', 12, 198, '1', '9076', 0),
(5830, 'Xã Bình Thuận', 12, 198, '1', '9077', 0),
(5833, 'Xã Lục Ba', 12, 198, '1', '9078', 0),
(5836, 'Xã Mỹ Yên', 12, 198, '1', '9079', 0),
(5839, 'Xã Vạn Thọ', 12, 198, '1', '9080', 0),
(5842, 'Xã Văn Yên', 12, 198, '1', '9081', 0),
(5845, 'Xã Ký Phú', 12, 198, '1', '9082', 0),
(5848, 'Xã Cát Nê', 12, 198, '1', '9083', 0),
(5851, 'Xã Quân Chu', 12, 198, '1', '9084', 0),
(5854, 'Phường Bãi Bông', 12, 200, '0', NULL, 0),
(5857, 'Phường Bắc Sơn', 12, 200, '0', NULL, 0),
(5860, 'Phường Ba Hàng', 12, 200, '0', NULL, 0),
(5863, 'Xã Phúc Tân', 12, 200, '1', '9125', 0),
(5866, 'Xã Phúc Thuận', 12, 200, '1', '9126', 0),
(5869, 'Xã Hồng Tiến', 12, 200, '1', '9127', 0),
(5872, 'Xã Minh Đức', 12, 200, '1', '9128', 0),
(5875, 'Xã Đắc Sơn', 12, 200, '1', '9129', 0),
(5878, 'Phường Đồng Tiến', 12, 200, '0', NULL, 0),
(5881, 'Xã Thành Công', 12, 200, '1', '9131', 0),
(5884, 'Xã Tiên Phong', 12, 200, '1', '9132', 0),
(5887, 'Xã Vạn Phái', 12, 200, '1', '9133', 0),
(5890, 'Xã Nam Tiến', 12, 200, '1', '9134', 0),
(5893, 'Xã Tân Hương', 12, 200, '1', '9135', 0),
(5896, 'Xã Đông Cao', 12, 200, '1', '9136', 0),
(5899, 'Xã Trung Thành', 12, 200, '1', '9137', 0),
(5902, 'Xã Tân Phú', 12, 200, '1', '9138', 0),
(5905, 'Xã Thuận Thành', 12, 200, '1', '9139', 0),
(5908, 'Thị trấn Hương Sơn', 12, 199, '1', '9085', 0),
(5911, 'Xã Bàn Đạt', 12, 199, '1', '9086', 0),
(5914, 'Xã Đồng Liên', 12, 199, '1', '9087', 0),
(5917, 'Xã Tân Khánh', 12, 199, '1', '9088', 0),
(5920, 'Xã Tân Kim', 12, 199, '1', '9089', 0),
(5923, 'Xã Tân Thành', 12, 199, '1', '9090', 0),
(5926, 'Xã Đào Xá', 12, 199, '1', '9091', 0),
(5929, 'Xã Bảo Lý', 12, 199, '1', '9092', 0),
(5932, 'Xã Thượng Đình', 12, 199, '1', '9093', 0),
(5935, 'Xã Tân Hòa', 12, 199, '1', '9094', 0),
(5938, 'Xã Nhã Lộng', 12, 199, '1', '9095', 0),
(5941, 'Xã Điềm Thụy', 12, 199, '1', '9096', 0),
(5944, 'Xã Xuân Phương', 12, 199, '1', '9097', 0),
(5947, 'Xã Tân Đức', 12, 199, '1', '9098', 0),
(5950, 'Xã Úc Kỳ', 12, 199, '1', '9099', 0),
(5953, 'Xã Lương Phú', 12, 199, '1', '9100', 0),
(5956, 'Xã Nga My', 12, 199, '1', '9101', 0),
(5959, 'Xã Kha Sơn', 12, 199, '1', '9102', 0),
(5962, 'Xã Thanh Ninh', 12, 199, '1', '9103', 0),
(5965, 'Xã Dương Thành', 12, 199, '1', '9104', 0),
(5968, 'Xã Hà Châu', 12, 199, '1', '9105', 0),
(5971, 'Phường Hoàng Văn Thụ', 13, 163, '1', '5535', 0),
(5974, 'Phường Tam Thanh', 13, 163, '1', '5537', 0),
(5977, 'Phường Vĩnh Trại', 13, 163, '1', '5539', 0),
(5980, 'Phường Đông Kinh', 13, 163, '1', '5533', 0),
(5983, 'Phường Chi Lăng', 13, 163, '1', '5536', 0),
(5986, 'Xã Hoàng Đồng', 13, 163, '1', '5534', 0),
(5989, 'Xã Quảng Lạc', 13, 163, '1', '5540', 0),
(5992, 'Xã Mai Pha', 13, 163, '1', '5538', 0),
(5995, 'Thị trấn Thất Khê', 13, 164, '1', '5460', 0),
(5998, 'Xã Khánh Long', 13, 164, '1', '5469', 0),
(6001, 'Xã Đoàn Kết', 13, 164, '1', '5465', 0),
(6004, 'Xã Quốc Khánh', 13, 164, '1', '5471', 0),
(6007, 'Xã Vĩnh Tiến', 13, 164, '1', '5476', 0),
(6010, 'Xã Cao Minh', 13, 164, '1', '5462', 0),
(6013, 'Xã Chí Minh', 13, 164, '1', '5463', 0),
(6016, 'Xã Tri Phương', 13, 164, '1', '5474', 0),
(6019, 'Xã Tân Tiến', 13, 164, '1', '5473', 0),
(6022, 'Xã Tân Yên', 13, 164, '0', NULL, 0),
(6025, 'Xã Đội Cấn', 13, 164, '1', '5466', 0),
(6028, 'Xã Tân Minh', 13, 164, '1', '5472', 0),
(6031, 'Xã Kim Đồng', 13, 164, '1', '5470', 0),
(6034, 'Xã Chi Lăng', 13, 164, '1', '5456', 0),
(6037, 'Xã Trung Thành', 13, 164, '1', '5475', 0),
(6040, 'Xã Đại Đồng', 13, 164, '1', '5457', 0),
(6043, 'Xã Đào Viên', 13, 164, '1', '5464', 0),
(6046, 'Xã Đề Thám', 13, 164, '1', '5458', 0),
(6049, 'Xã Kháng Chiến', 13, 164, '1', '5468', 0),
(6052, 'Xã Bắc Ái', 13, 164, '1', '5461', 0),
(6055, 'Xã Hùng Sơn', 13, 164, '1', '5459', 0),
(6058, 'Xã Quốc Việt', 13, 164, '1', '11585', 0),
(6061, 'Xã Hùng Việt', 13, 164, '1', '5467', 0),
(6064, 'Thị trấn Bình Gia', 13, 166, '1', '5320', 0),
(6067, 'Xã Hưng Đạo', 13, 166, '1', '5325', 0),
(6070, 'Xã Vĩnh Yên', 13, 166, '1', '5332', 0),
(6073, 'Xã Hoa Thám', 13, 166, '1', '5323', 0),
(6076, 'Xã Quý Hòa', 13, 166, '1', '5327', 0),
(6079, 'Xã Hồng Phong', 13, 166, '1', '5324', 0),
(6082, 'Xã Yên Lỗ', 13, 166, '1', '5333', 0),
(6085, 'Xã Thiện Hòa', 13, 166, '1', '5329', 0),
(6088, 'Xã Quang Trung', 13, 166, '1', '5326', 0),
(6091, 'Xã Thiện Thuật', 13, 166, '1', '5331', 0),
(6094, 'Xã Minh Khai', 13, 166, '1', '5316', 0),
(6097, 'Xã Thiện Long', 13, 166, '1', '5330', 0),
(6100, 'Xã Hoàng Văn Thụ', 13, 166, '1', '5315', 0),
(6103, 'Xã Hòa Bình', 13, 166, '1', '5322', 0),
(6106, 'Xã Mông Ân', 13, 166, '1', '5317', 0),
(6109, 'Xã Tân Hòa', 13, 166, '1', '5328', 0),
(6112, 'Xã Tô Hiệu', 13, 166, '1', '5319', 0),
(6115, 'Xã Hồng Thái', 13, 166, '1', '5334', 0),
(6118, 'Xã Bình La', 13, 166, '1', '5321', 0),
(6121, 'Xã Tân Văn', 13, 166, '1', '5318', 0),
(6124, 'Thị trấn Na Sầm', 13, 165, '1', '5478', 0),
(6127, 'Xã Trùng Khánh', 13, 165, '1', '5492', 0),
(6130, 'Xã Tân Việt', 13, 165, '1', '5496', 0),
(6133, 'Xã Bắc La', 13, 165, '1', '5482', 0),
(6136, 'Xã Thụy Hùng', 13, 165, '1', '5491', 0),
(6139, 'Xã Trùng Quán', 13, 165, '1', '5493', 0),
(6142, 'Xã Tân Tác', 13, 165, '1', '5495', 0),
(6145, 'Xã An Hùng', 13, 165, '1', '5481', 0),
(6148, 'Xã Thanh Long', 13, 165, '1', '5489', 0),
(6151, 'Xã Hội Hoan', 13, 165, '1', '5486', 0),
(6154, 'Xã Tân Lang', 13, 165, '1', '5479', 0),
(6157, 'Xã Hoàng Việt', 13, 165, '1', '5477', 0),
(6160, 'Xã Gia Miễn', 13, 165, '1', '5483', 0),
(6163, 'Xã Thành Hòa', 13, 165, '1', '5490', 0),
(6166, 'Xã Tân Thanh', 13, 165, '1', '5480', 0),
(6169, 'Xã Nam La', 13, 165, '1', '5487', 0),
(6172, 'Xã Tân Mỹ', 13, 165, '1', '5494', 0),
(6175, 'Xã Hồng Thái', 13, 165, '1', '5485', 0),
(6178, 'Xã  Hoàng Văn Thụ', 13, 165, '0', NULL, 0),
(6181, 'Xã Nhạc Kỳ', 13, 165, '1', '5488', 0),
(6184, 'Thị trấn Đồng Đăng', 13, 169, '1', '5359', 0),
(6187, 'Thị trấn Cao Lộc', 13, 169, '1', '5358', 0),
(6190, 'Xã Bảo Lâm', 13, 169, '1', '5361', 0),
(6193, 'Xã Thanh Lòa', 13, 169, '1', '5374', 0),
(6196, 'Xã Cao Lâu', 13, 169, '1', '5363', 0),
(6199, 'Xã Thạch Đạn', 13, 169, '1', '5373', 0),
(6202, 'Xã Xuất Lễ', 13, 169, '1', '5377', 0),
(6205, 'Xã Hồng Phong', 13, 169, '1', '5355', 0),
(6208, 'Xã Thụy Hùng', 13, 169, '1', '5375', 0),
(6211, 'Xã Lộc Yên', 13, 169, '1', '5368', 0),
(6214, 'Xã Phú Xá', 13, 169, '1', '5370', 0),
(6217, 'Xã Bình Trung', 13, 169, '1', '5362', 0),
(6220, 'Xã Hải Yến', 13, 169, '1', '5366', 0),
(6223, 'Xã Hòa Cư', 13, 169, '1', '5367', 0),
(6226, 'Xã Hợp Thành', 13, 169, '1', '5356', 0),
(6229, 'Xã Song Giáp', 13, 169, '1', '5357', 0),
(6232, 'Xã Công Sơn', 13, 169, '1', '5364', 0),
(6235, 'Xã Gia Cát', 13, 169, '1', '5365', 0),
(6238, 'Xã Mẫu Sơn', 13, 169, '1', '5369', 0);
INSERT INTO `wards` (`WardId`, `WardName`, `ProvinceId`, `DistrictId`, `ShipChungSupport`, `ShipChungWardCode`, `DisplayOrder`) VALUES
(6241, 'Xã Xuân Long', 13, 169, '1', '5376', 0),
(6244, 'Xã Tân Liên', 13, 169, '1', '5371', 0),
(6247, 'Xã Yên Trạch', 13, 169, '1', '5360', 0),
(6250, 'Xã Tân Thành', 13, 169, '1', '5372', 0),
(6253, 'Thị trấn Văn Quan', 13, 168, '1', '5504', 0),
(6256, 'Xã Trấn Ninh', 13, 168, '1', '5515', 0),
(6259, 'Xã Phú Mỹ', 13, 168, '1', '5500', 0),
(6262, 'Xã Việt Yên', 13, 168, '1', '5517', 0),
(6265, 'Xã Song Giang', 13, 168, '1', '5501', 0),
(6268, 'Xã Vân Mộng', 13, 168, '1', '5507', 0),
(6271, 'Xã Vĩnh Lại', 13, 168, '1', '5518', 0),
(6274, 'Xã Hòa Bình', 13, 168, '1', '5499', 0),
(6277, 'Xã Tú Xuyên', 13, 168, '1', '5505', 0),
(6280, 'Xã Văn An', 13, 168, '1', '5506', 0),
(6283, 'Xã Đại An', 13, 168, '1', '5498', 0),
(6286, 'Xã Khánh Khê', 13, 168, '1', '5512', 0),
(6289, 'Xã Chu Túc', 13, 168, '1', '5509', 0),
(6292, 'Xã Lương Năng', 13, 168, '1', '5513', 0),
(6295, 'Xã Đồng Giáp', 13, 168, '1', '5510', 0),
(6298, 'Xã Xuân Mai', 13, 168, '1', '5519', 0),
(6301, 'Xã Tràng Các', 13, 168, '1', '5516', 0),
(6304, 'Xã Tràng Sơn', 13, 168, '1', '5503', 0),
(6307, 'Xã Tân Đoàn', 13, 168, '1', '5514', 0),
(6310, 'Xã Bình Phúc', 13, 168, '1', '5497', 0),
(6313, 'Xã Tri Lễ', 13, 168, '0', NULL, 0),
(6316, 'Xã Tràng Phái', 13, 168, '1', '5502', 0),
(6319, 'Xã Yên Phúc', 13, 168, '1', '5520', 0),
(6322, 'Xã Hữu Lễ', 13, 168, '1', '5511', 0),
(6325, 'Thị trấn Bắc Sơn', 13, 167, '1', '5340', 0),
(6328, 'Xã Long Đống', 13, 167, '1', '5339', 0),
(6331, 'Xã Vạn Thủy', 13, 167, '1', '5350', 0),
(6334, 'Xã Quỳnh Sơn', 13, 167, '1', '5345', 0),
(6337, 'Xã Đồng ý', 13, 167, '1', '5336', 0),
(6340, 'Xã Tân Tri', 13, 167, '1', '5348', 0),
(6343, 'Xã Bắc Sơn', 13, 167, '1', '5341', 0),
(6346, 'Xã Hữu Vĩnh', 13, 167, '1', '5338', 0),
(6349, 'Xã Hưng Vũ', 13, 167, '1', '5337', 0),
(6352, 'Xã Tân Lập', 13, 167, '1', '5346', 0),
(6355, 'Xã Vũ Sơn', 13, 167, '1', '5353', 0),
(6358, 'Xã Chiêu Vũ', 13, 167, '1', '5335', 0),
(6361, 'Xã Tân Hương', 13, 167, '1', '5354', 0),
(6364, 'Xã Chiến Thắng', 13, 167, '1', '5342', 0),
(6367, 'Xã Vũ Lăng', 13, 167, '1', '5351', 0),
(6370, 'Xã Trấn Yên', 13, 167, '1', '5349', 0),
(6373, 'Xã Vũ Lễ', 13, 167, '1', '5352', 0),
(6376, 'Xã Nhất Hòa', 13, 167, '1', '5343', 0),
(6379, 'Xã Tân Thành', 13, 167, '1', '5347', 0),
(6382, 'Xã Nhất Tiến', 13, 167, '1', '5344', 0),
(6385, 'Thị trấn Hữu Lũng', 13, 173, '1', '5405', 0),
(6388, 'Xã Hữu Liên', 13, 173, '1', '5414', 0),
(6391, 'Xã Yên Bình', 13, 173, '1', '5423', 0),
(6394, 'Xã Quyết Thắng', 13, 173, '1', '5416', 0),
(6397, 'Xã Hòa Bình', 13, 173, '1', '5410', 0),
(6400, 'Xã Yên Thịnh', 13, 173, '1', '5425', 0),
(6403, 'Xã Yên Sơn', 13, 173, '1', '5424', 0),
(6406, 'Xã Thiện Kỵ', 13, 173, '1', '5421', 0),
(6409, 'Xã Tân Lập', 13, 173, '1', '5418', 0),
(6412, 'Xã Yên Vượng', 13, 173, '1', '5426', 0),
(6415, 'Xã Minh Tiến', 13, 173, '1', '5403', 0),
(6418, 'Xã Nhật Tiến', 13, 173, '1', '5404', 0),
(6421, 'Xã Thanh Sơn', 13, 173, '1', '5420', 0),
(6424, 'Xã Đồng Tân', 13, 173, '1', '5401', 0),
(6427, 'Xã Cai Kinh', 13, 173, '1', '5406', 0),
(6430, 'Xã Hòa Lạc', 13, 173, '1', '5411', 0),
(6433, 'Xã Vân Nham', 13, 173, '1', '5422', 0),
(6436, 'Xã Đồng Tiến', 13, 173, '1', '5408', 0),
(6439, 'Xã Đô Lương', 13, 173, '1', '5407', 0),
(6442, 'Xã Tân Thành', 13, 173, '1', '5419', 0),
(6445, 'Xã Hòa Sơn', 13, 173, '1', '5412', 0),
(6448, 'Xã Minh Sơn', 13, 173, '1', '5402', 0),
(6451, 'Xã Hồ Sơn', 13, 173, '1', '5409', 0),
(6454, 'Xã Sơn Hà', 13, 173, '1', '5417', 0),
(6457, 'Xã Minh Hòa', 13, 173, '1', '5415', 0),
(6460, 'Xã Hòa Thắng', 13, 173, '1', '5413', 0),
(6463, 'Thị trấn Đồng Mỏ', 13, 171, '1', '5385', 0),
(6466, 'Thị trấn Chi Lăng', 13, 171, '1', '5384', 0),
(6469, 'Xã Vân An', 13, 171, '1', '5393', 0),
(6472, 'Xã Vân Thủy', 13, 171, '1', '5395', 0),
(6475, 'Xã Gia Lộc', 13, 171, '1', '5381', 0),
(6478, 'Xã Bắc Thủy', 13, 171, '1', '5378', 0),
(6481, 'Xã Chiến Thắng', 13, 171, '1', '5380', 0),
(6484, 'Xã Mai Sao', 13, 171, '1', '5382', 0),
(6487, 'Xã Bằng Hữu', 13, 171, '1', '5386', 0),
(6490, 'Xã Thượng Cường', 13, 171, '1', '5392', 0),
(6493, 'Xã Bằng Mạc', 13, 171, '1', '5379', 0),
(6496, 'Xã Nhân Lý', 13, 171, '1', '5390', 0),
(6499, 'Xã Lâm Sơn', 13, 171, '1', '5388', 0),
(6502, 'Xã Liên Sơn', 13, 171, '1', '5389', 0),
(6505, 'Xã Vạn Linh', 13, 171, '1', '5394', 0),
(6508, 'Xã Hòa Bình', 13, 171, '1', '5399', 0),
(6511, 'Xã Quang Lang', 13, 171, '1', '5383', 0),
(6514, 'Xã Hữu Kiên', 13, 171, '1', '5387', 0),
(6517, 'Xã Quan Sơn', 13, 171, '1', '5391', 0),
(6520, 'Xã Y Tịch', 13, 171, '1', '5396', 0),
(6523, 'Xã Chi Lăng', 13, 171, '1', '5400', 0),
(6526, 'Thị trấn Na Dương', 13, 170, '1', '5428', 0),
(6529, 'Thị trấn Lộc Bình', 13, 170, '1', '5427', 0),
(6532, 'Xã Mẫu Sơn', 13, 170, '1', '5439', 0),
(6535, 'Xã Bằng Khánh', 13, 170, '1', '5430', 0),
(6538, 'Xã Xuân Lễ', 13, 170, '1', '5452', 0),
(6541, 'Xã Yên Khoái', 13, 170, '1', '5455', 0),
(6544, 'Xã Xuân Mãn', 13, 170, '1', '5453', 0),
(6547, 'Xã Tú Mịch', 13, 170, '1', '5449', 0),
(6550, 'Xã Hữu Khánh', 13, 170, '1', '5434', 0),
(6553, 'Xã Đồng Bục', 13, 170, '0', NULL, 0),
(6556, 'Xã Vân Mộng', 13, 170, '1', '5450', 0),
(6559, 'Xã Tam Gia', 13, 170, '1', '5446', 0),
(6562, 'Xã Tú Đoạn', 13, 170, '1', '5448', 0),
(6565, 'Xã Khuất Xá', 13, 170, '1', '5436', 0),
(6568, 'Xã Như Khuê', 13, 170, '0', NULL, 0),
(6571, 'Xã Lục Thôn', 13, 170, '1', '5438', 0),
(6574, 'Xã Tĩnh Bắc', 13, 170, '1', '5447', 0),
(6577, 'Xã Xuân Tình', 13, 170, '1', '5454', 0),
(6580, 'Xã Hiệp Hạ', 13, 170, '0', NULL, 0),
(6583, 'Xã Nhượng Bạn', 13, 170, '1', '5443', 0),
(6586, 'Xã Quan Bản', 13, 170, '1', '5444', 0),
(6589, 'Xã Sàn Viên', 13, 170, '1', '5445', 0),
(6592, 'Xã Đông Quan', 13, 170, '1', '5432', 0),
(6595, 'Xã Minh Phát', 13, 170, '1', '5440', 0),
(6598, 'Xã Hữu Lân', 13, 170, '0', NULL, 0),
(6601, 'Xã Lợi Bác', 13, 170, '1', '5437', 0),
(6604, 'Xã Nam Quan', 13, 170, '1', '5441', 0),
(6607, 'Xã Xuân Dương', 13, 170, '1', '5451', 0),
(6610, 'Xã Ái Quốc', 13, 170, '1', '5429', 0),
(6613, 'Thị trấn Đình Lập', 13, 172, '1', '5531', 0),
(6616, 'Thị trấn NT Thái Bình', 13, 172, '0', NULL, 0),
(6619, 'Xã Bắc Xa', 13, 172, '1', '5522', 0),
(6622, 'Xã Bính Xá', 13, 172, '1', '5523', 0),
(6625, 'Xã Kiên Mộc', 13, 172, '1', '5527', 0),
(6628, 'Xã Đình Lập', 13, 172, '1', '5532', 0),
(6631, 'Xã Thái Bình', 13, 172, '1', '5529', 0),
(6634, 'Xã Cường Lợi', 13, 172, '1', '5525', 0),
(6637, 'Xã Châu Sơn', 13, 172, '1', '5524', 0),
(6640, 'Xã Lâm Ca', 13, 172, '1', '5528', 0),
(6643, 'Xã Đồng Thắng', 13, 172, '1', '5526', 0),
(6646, 'Xã Bắc Lãng', 13, 172, '1', '5521', 0),
(6649, 'Phường Hà Khánh', 14, 226, '1', '7609', 0),
(6652, 'Phường Hà Phong', 14, 226, '1', '7606', 0),
(6655, 'Phường Hà Khẩu', 14, 226, '1', '7614', 0),
(6658, 'Phường Cao Xanh', 14, 226, '1', '7610', 0),
(6661, 'Phường Giếng Đáy', 14, 226, '1', '7615', 0),
(6664, 'Phường Hà Tu', 14, 226, '1', '7605', 0),
(6667, 'Phường Hà Trung', 14, 226, '1', '7607', 0),
(6670, 'Phường Hà Lầm', 14, 226, '1', '7608', 0),
(6673, 'Phường Bãi Cháy', 14, 226, '1', '7612', 0),
(6676, 'Phường Cao Thắng', 14, 226, '1', '7611', 0),
(6679, 'Phường Hùng Thắng', 14, 226, '1', '7616', 0),
(6682, 'Phường Yết Kiêu', 14, 226, '1', '7602', 0),
(6685, 'Phường Trần Hưng Đạo', 14, 226, '1', '7600', 0),
(6688, 'Phường Hồng Hải', 14, 226, '1', '7603', 0),
(6691, 'Phường Hồng Gai', 14, 226, '1', '7601', 0),
(6694, 'Phường Bạch Đằng', 14, 226, '1', '7599', 0),
(6697, 'Phường Hồng Hà', 14, 226, '1', '7604', 0),
(6700, 'Phường Tuần Châu', 14, 226, '1', '7613', 0),
(6703, 'Phường Việt Hưng', 14, 226, '0', NULL, 0),
(6706, 'Phường Đại Yên', 14, 226, '0', NULL, 0),
(6709, 'Phường Ka Long', 14, 230, '1', '7635', 0),
(6712, 'Phường Trần Phú', 14, 230, '1', '7636', 0),
(6715, 'Phường Ninh Dương', 14, 230, '1', '7639', 0),
(6718, 'Phường Hoà Lạc', 14, 230, '1', '7637', 0),
(6721, 'Phường Trà Cổ', 14, 230, '1', '7642', 0),
(6724, 'Xã Hải Sơn', 14, 230, '1', '7650', 0),
(6727, 'Xã Bắc Sơn', 14, 230, '1', '7644', 0),
(6730, 'Xã Hải Đông', 14, 230, '1', '7648', 0),
(6733, 'Xã Hải Tiến', 14, 230, '1', '7647', 0),
(6736, 'Phường Hải Yên', 14, 230, '1', '7638', 0),
(6739, 'Xã Quảng Nghĩa', 14, 230, '1', '7645', 0),
(6742, 'Phường Hải Hoà', 14, 230, '1', '7641', 0),
(6745, 'Xã Hải Xuân', 14, 230, '1', '7640', 0),
(6748, 'Xã Vạn Ninh', 14, 230, '1', '7649', 0),
(6751, 'Phường Bình Ngọc', 14, 230, '0', NULL, 0),
(6754, 'Xã Vĩnh Trung', 14, 230, '1', '7651', 0),
(6757, 'Xã Vĩnh Thực', 14, 230, '1', '7646', 0),
(6760, 'Phường Mông Dương', 14, 227, '0', NULL, 0),
(6763, 'Phường Cửa Ông', 14, 227, '1', '7623', 0),
(6766, 'Phường Cẩm Sơn', 14, 227, '1', '7630', 0),
(6769, 'Phường Cẩm Đông', 14, 227, '1', '7625', 0),
(6772, 'Phường Cẩm Phú', 14, 227, '1', '7626', 0),
(6775, 'Phường Cẩm Tây', 14, 227, '1', '7624', 0),
(6778, 'Phường Quang Hanh', 14, 227, '0', NULL, 0),
(6781, 'Phường Cẩm Thịnh', 14, 227, '1', '7629', 0),
(6784, 'Phường Cẩm Thủy', 14, 227, '1', '7628', 0),
(6787, 'Phường Cẩm Thạch', 14, 227, '1', '7620', 0),
(6790, 'Phường Cẩm Thành', 14, 227, '1', '7621', 0),
(6793, 'Phường Cẩm Trung', 14, 227, '1', '7627', 0),
(6796, 'Phường Cẩm Bình', 14, 227, '1', '7622', 0),
(6799, 'Xã Cộng Hòa', 14, 227, '1', '7633', 0),
(6802, 'Xã Cẩm Hải', 14, 227, '0', NULL, 0),
(6805, 'Xã Dương Huy', 14, 227, '1', '7634', 0),
(6808, 'Phường Vàng Danh', 14, 228, '1', '7658', 0),
(6811, 'Phường Thanh Sơn', 14, 228, '1', '7654', 0),
(6814, 'Phường Bắc Sơn', 14, 228, '1', '7659', 0),
(6817, 'Phường Quang Trung', 14, 228, '1', '7652', 0),
(6820, 'Phường Trưng Vương', 14, 228, '1', '7655', 0),
(6823, 'Phường Nam Khê', 14, 228, '1', '7657', 0),
(6826, 'Phường Yên Thanh', 14, 228, '1', '7653', 0),
(6829, 'Xã Thượng Yên Công', 14, 228, '0', NULL, 0),
(6832, 'Phường Phương Đông', 14, 228, '0', NULL, 0),
(6835, 'Phường Phương Nam', 14, 228, '0', NULL, 0),
(6838, 'Thị trấn Bình Liêu', 14, 229, '1', '7490', 0),
(6841, 'Xã Hoành Mô', 14, 229, '1', '7485', 0),
(6844, 'Xã Đồng Tâm', 14, 229, '1', '7483', 0),
(6847, 'Xã Đồng Văn', 14, 229, '1', '7484', 0),
(6850, 'Xã Tình Húc', 14, 229, '1', '7488', 0),
(6853, 'Xã Vô Ngại', 14, 229, '1', '7489', 0),
(6856, 'Xã Lục Hồn', 14, 229, '1', '7487', 0),
(6859, 'Xã Húc Động', 14, 229, '1', '7486', 0),
(6862, 'Thị trấn Tiên Yên', 14, 232, '1', '7525', 0),
(6865, 'Xã Hà Lâu', 14, 232, '1', '7531', 0),
(6868, 'Xã Đại Dực', 14, 232, '1', '7527', 0),
(6869, 'Xã Đại Thành', 14, 232, '1', '7536', 0),
(6871, 'Xã Phong Dụ', 14, 232, '1', '7534', 0),
(6874, 'Xã Điền Xá', 14, 232, '1', '7528', 0),
(6877, 'Xã Đông Ngũ', 14, 232, '1', '7530', 0),
(6880, 'Xã Yên Than', 14, 232, '1', '7533', 0),
(6883, 'Xã Đông Hải', 14, 232, '1', '7529', 0),
(6886, 'Xã Hải Lạng', 14, 232, '1', '7532', 0),
(6889, 'Xã Tiên Lãng', 14, 232, '1', '7535', 0),
(6892, 'Xã Đồng Rui', 14, 232, '1', '7526', 0),
(6895, 'Thị trấn Đầm Hà', 14, 786, '1', '7589', 0),
(6898, 'Xã Quảng Lâm', 14, 786, '1', '7591', 0),
(6901, 'Xã Quảng An', 14, 786, '1', '7590', 0),
(6904, 'Xã Tân Bình', 14, 786, '1', '7596', 0),
(6907, 'Xã Quảng Lợi', 14, 786, '1', '7592', 0),
(6910, 'Xã Dực Yên', 14, 786, '1', '7595', 0),
(6913, 'Xã Quảng Tân', 14, 786, '1', '7593', 0),
(6916, 'Xã Đầm Hà', 14, 786, '1', '7598', 0),
(6917, 'Xã Tân Lập', 14, 786, '1', '7597', 0),
(6919, 'Xã Đại Bình', 14, 786, '1', '7594', 0),
(6922, 'Thị trấn Quảng Hà', 14, 787, '1', '7508', 0),
(6925, 'Xã Quảng Đức', 14, 787, '1', '7515', 0),
(6928, 'Xã Quảng Sơn', 14, 787, '1', '7520', 0),
(6931, 'Xã Quảng Thành', 14, 787, '1', '7522', 0),
(6934, 'Xã Quảng Thắng', 14, 787, '1', '7521', 0),
(6937, 'Xã Quảng Thịnh', 14, 787, '1', '7523', 0),
(6940, 'Xã Quảng Minh', 14, 787, '1', '7518', 0),
(6943, 'Xã Quảng Chính', 14, 787, '1', '7512', 0),
(6946, 'Xã Quảng Long', 14, 787, '1', '7517', 0),
(6949, 'Xã Đường Hoa', 14, 787, '1', '7509', 0),
(6952, 'Xã Quảng Phong', 14, 787, '1', '7519', 0),
(6955, 'Xã Quảng Trung', 14, 787, '1', '7513', 0),
(6958, 'Xã Phú Hải', 14, 787, '1', '7511', 0),
(6961, 'Xã Quảng Điền', 14, 787, '1', '7514', 0),
(6964, 'Xã Tiến Tới', 14, 787, '1', '7524', 0),
(6967, 'Xã Cái Chiên', 14, 787, '1', '7510', 0),
(6970, 'Thị trấn Ba Chẽ', 14, 233, '1', '7482', 0),
(6973, 'Xã Thanh Sơn', 14, 233, '1', '7481', 0),
(6976, 'Xã Thanh Lâm', 14, 233, '1', '7480', 0),
(6979, 'Xã Đạp Thanh', 14, 233, '1', '7475', 0),
(6982, 'Xã Nam Sơn', 14, 233, '1', '7479', 0),
(6985, 'Xã Lương Mông', 14, 233, '1', '7477', 0),
(6988, 'Xã Đồn Đạc', 14, 233, '1', '7476', 0),
(6991, 'Xã Minh Cầm', 14, 233, '1', '7478', 0),
(6994, 'Thị trấn Cái Rồng', 14, 234, '1', '7548', 0),
(6997, 'Xã Đài Xuyên', 14, 234, '1', '7540', 0),
(7000, 'Xã Bình Dân', 14, 234, '1', '7539', 0),
(7003, 'Xã Vạn Yên', 14, 234, '1', '7547', 0),
(7006, 'Xã Minh Châu', 14, 234, '1', '7543', 0),
(7009, 'Xã Đoàn Kết', 14, 234, '1', '7541', 0),
(7012, 'Xã Hạ Long', 14, 234, '1', '7542', 0),
(7015, 'Xã Đông Xá', 14, 234, '1', '7538', 0),
(7018, 'Xã Bản Sen', 14, 234, '1', '7537', 0),
(7021, 'Xã Thắng Lợi', 14, 234, '1', '7546', 0),
(7024, 'Xã Quan Lạn', 14, 234, '1', '7545', 0),
(7027, 'Xã Ngọc Vừng', 14, 234, '1', '7544', 0),
(7030, 'Thị trấn Trới', 14, 235, '1', '7495', 0),
(7033, 'Xã Kỳ Thượng', 14, 235, '1', '7503', 0),
(7036, 'Xã Đồng Sơn', 14, 235, '1', '7501', 0),
(7039, 'Xã Tân Dân', 14, 235, '1', '7506', 0),
(7042, 'Xã Đồng Lâm', 14, 235, '1', '7500', 0),
(7045, 'Xã Hòa Bình', 14, 235, '1', '7502', 0),
(7048, 'Xã Vũ Oai', 14, 235, '1', '7507', 0),
(7051, 'Xã Dân Chủ', 14, 235, '1', '7499', 0),
(7054, 'Xã Quảng La', 14, 235, '1', '7504', 0),
(7057, 'Xã Bằng Cả', 14, 235, '1', '7498', 0),
(7060, 'Xã Thống Nhất', 14, 235, '1', '7497', 0),
(7063, 'Xã Sơn Dương', 14, 235, '1', '7505', 0),
(7066, 'Xã Lê Lợi', 14, 235, '1', '7496', 0),
(7069, 'Phường Mạo Khê', 14, 236, '0', NULL, 0),
(7072, 'Phường Đông Triều', 14, 236, '0', NULL, 0),
(7075, 'Xã An Sinh', 14, 236, '1', '7580', 0),
(7078, 'Xã Tràng Lương', 14, 236, '1', '7588', 0),
(7081, 'Xã Bình Khê', 14, 236, '1', '7582', 0),
(7084, 'Xã Việt Dân', 14, 236, '1', '7576', 0),
(7087, 'Xã Tân Việt', 14, 236, '1', '7583', 0),
(7090, 'Xã Bình Dương', 14, 236, '1', '7581', 0),
(7093, 'Phường Đức Chính', 14, 236, '0', NULL, 0),
(7096, 'Xã Tràng An', 14, 236, '1', '7587', 0),
(7099, 'Xã Nguyễn Huệ', 14, 236, '1', '7569', 0),
(7102, 'Xã Thủy An', 14, 236, '1', '7586', 0),
(7105, 'Phường Xuân Sơn', 14, 236, '1', '7577', 0),
(7108, 'Xã Hồng Thái Tây', 14, 236, '1', '7585', 0),
(7111, 'Xã Hồng Thái Đông', 14, 236, '1', '7584', 0),
(7114, 'Xã Hoàng Quế', 14, 236, '1', '7572', 0),
(7117, 'Xã Yên Thọ', 14, 236, '1', '7579', 0),
(7120, 'Xã Hồng Phong', 14, 236, '1', '7573', 0),
(7123, 'Phường Kim Sơn', 14, 236, '0', NULL, 0),
(7126, 'Phường Hưng Đạo', 14, 236, '0', NULL, 0),
(7129, 'Xã Yên Đức', 14, 236, '1', '7578', 0),
(7132, 'Phường Quảng Yên', 14, 785, '0', NULL, 0),
(7135, 'Phường Đông Mai', 14, 785, '0', NULL, 0),
(7138, 'Phường Minh Thành', 14, 785, '0', NULL, 0),
(7141, 'Xã Điền Công', 14, 228, '0', NULL, 0),
(7144, 'Xã Sông Khoai', 14, 785, '1', '7558', 0),
(7147, 'Xã Hiệp Hòa', 14, 785, '1', '7562', 0),
(7150, 'Phường Cộng Hòa', 14, 785, '0', NULL, 0),
(7153, 'Xã Tiền An', 14, 785, '1', '7550', 0),
(7156, 'Xã Hoàng Tân', 14, 785, '1', '7552', 0),
(7159, 'Phường Tân An', 14, 785, '0', NULL, 0),
(7162, 'Phường Yên Giang', 14, 785, '0', NULL, 0),
(7165, 'Phường Nam Hoà', 14, 785, '0', NULL, 0),
(7168, 'Phường Hà An', 14, 785, '0', NULL, 0),
(7171, 'Xã Cẩm La', 14, 785, '1', '7566', 0),
(7174, 'Phường Phong Hải', 14, 785, '0', NULL, 0),
(7177, 'Phường Yên Hải', 14, 785, '0', NULL, 0),
(7180, 'Xã Liên Hòa', 14, 785, '1', '7565', 0),
(7183, 'Phường Phong Cốc', 14, 785, '0', NULL, 0),
(7186, 'Xã Liên Vị', 14, 785, '1', '7555', 0),
(7189, 'Xã Tiền Phong', 14, 785, '1', '7567', 0),
(7192, 'Thị trấn Cô Tô', 14, 237, '1', '7492', 0),
(7195, 'Xã Đồng Tiến', 14, 237, '1', '7493', 0),
(7198, 'Xã Thanh Lân', 14, 237, '1', '7494', 0),
(7201, 'Phường Thọ Xương', 15, 215, '1', '1519', 0),
(7204, 'Phường Trần Nguyên Hãn', 15, 215, '1', '1520', 0),
(7207, 'Phường Ngô Quyền', 15, 215, '1', '1523', 0),
(7210, 'Phường Hoàng Văn Thụ', 15, 215, '1', '1521', 0),
(7213, 'Phường Trần Phú', 15, 215, '1', '1522', 0),
(7216, 'Phường Mỹ Độ', 15, 215, '1', '1524', 0),
(7219, 'Phường Lê Lợi', 15, 215, '1', '1526', 0),
(7222, 'Xã Song Mai', 15, 215, '1', '1529', 0),
(7225, 'Phường Xương Giang', 15, 215, '0', NULL, 0),
(7228, 'Phường Đa Mai', 15, 215, '0', NULL, 0),
(7231, 'Phường Dĩnh Kế', 15, 215, '0', NULL, 0),
(7234, 'Thị trấn Cầu Gồ', 15, 216, '1', '1497', 0),
(7237, 'Thị trấn Bố Hạ', 15, 216, '1', '1498', 0),
(7243, 'Xã Đồng Tiến', 15, 216, '1', '1500', 0),
(7246, 'Xã Canh Nậu', 15, 216, '1', '1517', 0),
(7249, 'Xã Xuân Lương', 15, 216, '1', '1502', 0),
(7252, 'Xã Tam Tiến', 15, 216, '1', '1503', 0),
(7255, 'Xã Đồng Vương', 15, 216, '1', '1504', 0),
(7258, 'Xã Đồng Hưu', 15, 216, '1', '1515', 0),
(7260, 'Xã Đồng Tâm', 15, 216, '1', '1499', 0),
(7261, 'Xã Tam Hiệp', 15, 216, '1', '1505', 0),
(7264, 'Xã Tiến Thắng', 15, 216, '1', '1506', 0),
(7267, 'Xã Hồng Kỳ', 15, 216, '1', '1507', 0),
(7270, 'Xã Đồng Lạc', 15, 216, '1', '1509', 0),
(7273, 'Xã Đông Sơn', 15, 216, '1', '1508', 0),
(7276, 'Xã Tân Hiệp', 15, 216, '1', '1516', 0),
(7279, 'Xã Hương Vĩ', 15, 216, '1', '1514', 0),
(7282, 'Xã Đồng Kỳ', 15, 216, '1', '1510', 0),
(7285, 'Xã An Thượng', 15, 216, '1', '1511', 0),
(7288, 'Xã Phồn Xương', 15, 216, '1', '1512', 0),
(7291, 'Xã Tân Sỏi', 15, 216, '1', '1513', 0),
(7294, 'Xã Bố Hạ', 15, 216, '1', '1518', 0),
(7297, 'Thị trấn Cao Thượng', 15, 217, '1', '1427', 0),
(7300, 'Thị trấn Nhã Nam', 15, 217, '1', '1428', 0),
(7303, 'Xã Lan Giới', 15, 217, '1', '1449', 0),
(7306, 'Xã Nhã Nam', 15, 217, '1', '1450', 0),
(7309, 'Xã Tân Trung', 15, 217, '1', '1429', 0),
(7312, 'Xã Đại Hóa', 15, 217, '1', '1430', 0),
(7315, 'Xã Quang Tiến', 15, 217, '1', '1431', 0),
(7318, 'Xã Phúc Sơn', 15, 217, '1', '1432', 0),
(7321, 'Xã An Dương', 15, 217, '1', '1433', 0),
(7324, 'Xã Phúc Hòa', 15, 217, '1', '1434', 0),
(7327, 'Xã Liên Sơn', 15, 217, '1', '1435', 0),
(7330, 'Xã Hợp Đức', 15, 217, '1', '1436', 0),
(7333, 'Xã Lam Cốt', 15, 217, '1', '1437', 0),
(7336, 'Xã Cao Xá', 15, 217, '1', '1438', 0),
(7339, 'Xã Cao Thượng', 15, 217, '1', '1439', 0),
(7342, 'Xã Việt Ngọc', 15, 217, '1', '1443', 0),
(7345, 'Xã Song Vân', 15, 217, '1', '1440', 0),
(7348, 'Xã Ngọc Châu', 15, 217, '1', '1441', 0),
(7351, 'Xã Ngọc Vân', 15, 217, '1', '1448', 0),
(7354, 'Xã Việt Lập', 15, 217, '1', '1442', 0),
(7357, 'Xã Liên Chung', 15, 217, '1', '1444', 0),
(7360, 'Xã Ngọc Thiện', 15, 217, '1', '1445', 0),
(7363, 'Xã Ngọc Lý', 15, 217, '1', '1446', 0),
(7366, 'Xã Quế Nham', 15, 217, '1', '1447', 0),
(7369, 'Thị trấn Kép', 15, 220, '1', '1319', 0),
(7375, 'Thị trấn Vôi', 15, 220, '1', '1318', 0),
(7378, 'Xã Nghĩa Hòa', 15, 220, '1', '1321', 0),
(7381, 'Xã Nghĩa Hưng', 15, 220, '1', '1322', 0),
(7384, 'Xã Quang Thịnh', 15, 220, '1', '1323', 0),
(7387, 'Xã Hương Sơn', 15, 220, '1', '1324', 0),
(7390, 'Xã Đào Mỹ', 15, 220, '1', '1325', 0),
(7393, 'Xã Tiên Lục', 15, 220, '1', '1326', 0),
(7396, 'Xã An Hà', 15, 220, '1', '1327', 0),
(7399, 'Xã Tân Thịnh', 15, 220, '1', '1328', 0),
(7402, 'Xã Mỹ Hà', 15, 220, '1', '1329', 0),
(7405, 'Xã Hương Lạc', 15, 220, '1', '1330', 0),
(7408, 'Xã Dương Đức', 15, 220, '1', '1331', 0),
(7411, 'Xã Tân Thanh', 15, 220, '1', '1332', 0),
(7414, 'Xã Yên Mỹ', 15, 220, '1', '1333', 0),
(7417, 'Xã Tân Hưng', 15, 220, '1', '1344', 0),
(7420, 'Xã Mỹ Thái', 15, 220, '1', '1342', 0),
(7423, 'Xã Phi Mô', 15, 220, '1', '1334', 0),
(7426, 'Xã Xương Lâm', 15, 220, '1', '1340', 0),
(7429, 'Xã Xuân Hương', 15, 220, '1', '1335', 0),
(7432, 'Xã Tân Dĩnh', 15, 220, '1', '1338', 0),
(7435, 'Xã Đại Lâm', 15, 220, '1', '1339', 0),
(7438, 'Xã Thái Đào', 15, 220, '1', '1336', 0),
(7441, 'Xã Dĩnh Trì', 15, 215, '0', NULL, 0),
(7444, 'Thị trấn Đồi Ngô', 15, 222, '1', '1345', 0),
(7447, 'Thị trấn Lục Nam', 15, 222, '1', '1346', 0),
(7450, 'Xã Đông Hưng', 15, 222, '1', '1347', 0),
(7453, 'Xã Đông Phú', 15, 222, '1', '1348', 0),
(7456, 'Xã Tam Dị', 15, 222, '1', '1349', 0),
(7459, 'Xã Bảo Sơn', 15, 222, '1', '1350', 0),
(7462, 'Xã Bảo Đài', 15, 222, '1', '1351', 0),
(7465, 'Xã Thanh Lâm', 15, 222, '1', '1352', 0),
(7468, 'Xã Tiên Nha', 15, 222, '1', '1353', 0),
(7471, 'Xã Trường Giang', 15, 222, '1', '1354', 0),
(7474, 'Xã Tiên Hưng', 15, 222, '1', '1355', 0),
(7477, 'Xã Phương Sơn', 15, 222, '1', '1356', 0),
(7480, 'Xã Chu Điện', 15, 222, '1', '1357', 0),
(7483, 'Xã Cương Sơn', 15, 222, '1', '1358', 0),
(7486, 'Xã Nghĩa Phương', 15, 222, '1', '1359', 0),
(7489, 'Xã Vô Tranh', 15, 222, '0', NULL, 0),
(7492, 'Xã Bình Sơn', 15, 222, '1', '1361', 0),
(7495, 'Xã Lan Mẫu', 15, 222, '1', '1371', 0),
(7498, 'Xã Yên Sơn', 15, 222, '1', '1370', 0),
(7501, 'Xã Khám Lạng', 15, 222, '1', '1362', 0),
(7504, 'Xã Huyền Sơn', 15, 222, '1', '1363', 0),
(7507, 'Xã Trường Sơn', 15, 222, '1', '1364', 0),
(7510, 'Xã Lục Sơn', 15, 222, '1', '1365', 0),
(7513, 'Xã Bắc Lũng', 15, 222, '1', '1366', 0),
(7516, 'Xã Vũ Xá', 15, 222, '1', '1367', 0),
(7519, 'Xã Cẩm Lý', 15, 222, '1', '1368', 0),
(7522, 'Xã Đan Hội', 15, 222, '1', '1372', 0),
(7525, 'Thị trấn Chũ', 15, 218, '1', '1373', 0),
(7528, 'Xã Cấm Sơn', 15, 218, '1', '1374', 0),
(7531, 'Xã Tân Sơn', 15, 218, '1', '1375', 0),
(7534, 'Xã Phong Minh', 15, 218, '1', '1376', 0),
(7537, 'Xã Phong Vân', 15, 218, '1', '1377', 0),
(7540, 'Xã Xa Lý', 15, 218, '1', '1378', 0),
(7543, 'Xã Hộ Đáp', 15, 218, '1', '1379', 0),
(7546, 'Xã Sơn Hải', 15, 218, '1', '1380', 0),
(7549, 'Xã Thanh Hải', 15, 218, '1', '1381', 0),
(7552, 'Xã Kiên Lao', 15, 218, '1', '1382', 0),
(7555, 'Xã Biên Sơn', 15, 218, '1', '1383', 0),
(7558, 'Xã Kiên Thành', 15, 218, '1', '1384', 0),
(7561, 'Xã Hồng Giang', 15, 218, '1', '1385', 0),
(7564, 'Xã Kim Sơn', 15, 218, '1', '1386', 0),
(7567, 'Xã Tân Hoa', 15, 218, '1', '1387', 0),
(7570, 'Xã Giáp Sơn', 15, 218, '1', '1388', 0),
(7573, 'Xã Biển Động', 15, 218, '1', '1389', 0),
(7576, 'Xã Quý Sơn', 15, 218, '1', '1390', 0),
(7579, 'Xã Trù Hựu', 15, 218, '1', '1391', 0),
(7582, 'Xã Phì Điền', 15, 218, '1', '1392', 0),
(7585, 'Xã Nghĩa Hồ', 15, 218, '1', '1393', 0),
(7588, 'Xã Tân Quang', 15, 218, '1', '1394', 0),
(7591, 'Xã Đồng Cốc', 15, 218, '1', '1395', 0),
(7594, 'Xã Tân Lập', 15, 218, '1', '1396', 0),
(7597, 'Xã Phú Nhuận', 15, 218, '1', '1397', 0),
(7600, 'Xã Mỹ An', 15, 218, '1', '1399', 0),
(7603, 'Xã Nam Dương', 15, 218, '1', '1398', 0),
(7606, 'Xã Tân Mộc', 15, 218, '1', '1400', 0),
(7609, 'Xã Đèo Gia', 15, 218, '1', '1401', 0),
(7612, 'Xã Phượng Sơn', 15, 218, '1', '1402', 0),
(7615, 'Thị trấn An Châu', 15, 221, '1', '1403', 0),
(7616, 'Thị trấn Thanh Sơn', 15, 221, '1', '1422', 0),
(7618, 'Xã Thạch Sơn', 15, 221, '1', '1404', 0),
(7621, 'Xã Vân Sơn', 15, 221, '1', '1405', 0),
(7624, 'Xã Hữu Sản', 15, 221, '1', '1407', 0),
(7627, 'Xã Quế Sơn', 15, 221, '1', '1424', 0),
(7630, 'Xã Phúc Thắng', 15, 221, '1', '1408', 0),
(7633, 'Xã Chiên Sơn', 15, 221, '1', '1409', 0),
(7636, 'Xã Giáo Liêm', 15, 221, '1', '1410', 0),
(7639, 'Xã Vĩnh Khương', 15, 221, '1', '1411', 0),
(7642, 'Xã Cẩm Đàn', 15, 221, '1', '1412', 0),
(7645, 'Xã An Lạc', 15, 221, '1', '1413', 0),
(7648, 'Xã An Lập', 15, 221, '1', '1414', 0),
(7651, 'Xã Yên Định', 15, 221, '1', '1415', 0),
(7654, 'Xã Lệ Viễn', 15, 221, '1', '1416', 0),
(7657, 'Xã An Châu', 15, 221, '1', '1425', 0),
(7660, 'Xã An Bá', 15, 221, '1', '1417', 0),
(7663, 'Xã Tuấn Đạo', 15, 221, '1', '1418', 0),
(7666, 'Xã Dương Hưu', 15, 221, '1', '1419', 0),
(7669, 'Xã Bồng Am', 15, 221, '1', '1420', 0),
(7672, 'Xã Long Sơn', 15, 221, '1', '1421', 0),
(7675, 'Xã Tuấn Mậu', 15, 221, '1', '1426', 0),
(7678, 'Xã Thanh Luận', 15, 221, '1', '1423', 0),
(7681, 'Thị trấn Neo', 15, 224, '1', '1472', 0),
(7682, 'Thị trấn Tân Dân', 15, 224, '1', '1476', 0),
(7684, 'Xã Lão Hộ', 15, 224, '1', '1473', 0),
(7687, 'Xã Tân Mỹ', 15, 215, '1', '11633', 0),
(7690, 'Xã Hương Gián', 15, 224, '1', '1475', 0),
(7693, 'Xã Tân An', 15, 224, '1', '1496', 0),
(7696, 'Xã Đồng Sơn', 15, 215, '0', NULL, 0),
(7699, 'Xã Tân Tiến', 15, 215, '1', '11593', 0),
(7702, 'Xã Quỳnh Sơn', 15, 224, '1', '1479', 0),
(7705, 'Xã Song Khê', 15, 215, '0', NULL, 0),
(7708, 'Xã Nội Hoàng', 15, 224, '1', '1481', 0),
(7711, 'Xã Tiền Phong', 15, 224, '1', '1482', 0),
(7714, 'Xã Xuân Phú', 15, 224, '1', '1483', 0),
(7717, 'Xã Tân Liễu', 15, 224, '1', '1484', 0),
(7720, 'Xã Trí Yên', 15, 224, '1', '1485', 0),
(7723, 'Xã Lãng Sơn', 15, 224, '1', '1486', 0),
(7726, 'Xã Yên Lư', 15, 224, '1', '1487', 0),
(7729, 'Xã Tiến Dũng', 15, 224, '1', '1488', 0),
(7732, 'Xã Nham Sơn', 15, 224, '1', '1489', 0),
(7735, 'Xã Đức Giang', 15, 224, '1', '1490', 0),
(7738, 'Xã Cảnh Thụy', 15, 224, '1', '1491', 0),
(7741, 'Xã Tư Mại', 15, 224, '1', '1492', 0),
(7744, 'Xã Thắng Cương', 15, 224, '1', '1493', 0),
(7747, 'Xã Đồng Việt', 15, 224, '1', '1494', 0),
(7750, 'Xã Đồng Phúc', 15, 224, '1', '1495', 0),
(7753, 'Thị trấn  Bích Động', 15, 223, '0', NULL, 0),
(7756, 'Thị trấn Nếnh', 15, 223, '1', '1452', 0),
(7759, 'Xã Thượng Lan', 15, 223, '1', '1453', 0),
(7762, 'Xã Việt Tiến', 15, 223, '1', '1454', 0),
(7765, 'Xã Nghĩa Trung', 15, 223, '1', '1455', 0),
(7768, 'Xã Minh Đức', 15, 223, '1', '1456', 0),
(7771, 'Xã Hương Mai', 15, 223, '1', '1457', 0),
(7774, 'Xã Tự Lạn', 15, 223, '1', '1458', 0),
(7777, 'Xã Bích Sơn', 15, 223, '1', '1459', 0),
(7780, 'Xã Trung Sơn', 15, 223, '1', '1460', 0),
(7783, 'Xã Hồng Thái', 15, 223, '1', '1461', 0),
(7786, 'Xã Tiên Sơn', 15, 223, '1', '1471', 0),
(7789, 'Xã Tăng Tiến', 15, 223, '1', '1463', 0),
(7792, 'Xã Quảng Minh', 15, 223, '1', '1464', 0),
(7795, 'Xã Hoàng Ninh', 15, 223, '1', '1465', 0),
(7798, 'Xã Ninh Sơn', 15, 223, '1', '1466', 0),
(7801, 'Xã Vân Trung', 15, 223, '1', '1467', 0),
(7804, 'Xã Vân Hà', 15, 223, '1', '1468', 0),
(7807, 'Xã Quang Châu', 15, 223, '1', '1469', 0),
(7810, 'Thị trấn Thắng', 15, 219, '1', '1292', 0),
(7813, 'Xã Đồng Tân', 15, 219, '1', '1293', 0),
(7816, 'Xã Thanh Vân', 15, 219, '1', '1294', 0),
(7819, 'Xã Hoàng Lương', 15, 219, '1', '1295', 0),
(7822, 'Xã Hoàng Vân', 15, 219, '1', '1317', 0),
(7825, 'Xã Hoàng Thanh', 15, 219, '1', '1296', 0),
(7828, 'Xã Hoàng An', 15, 219, '1', '1297', 0),
(7831, 'Xã Ngọc Sơn', 15, 219, '1', '1298', 0),
(7834, 'Xã Thái Sơn', 15, 219, '1', '1299', 0),
(7837, 'Xã Hòa Sơn', 15, 219, '1', '1300', 0),
(7840, 'Xã Đức Thắng', 15, 219, '1', '1301', 0),
(7843, 'Xã Quang Minh', 15, 219, '1', '1315', 0),
(7846, 'Xã Lương Phong', 15, 219, '1', '1304', 0),
(7849, 'Xã Hùng Sơn', 15, 219, '1', '1305', 0),
(7852, 'Xã Đại Thành', 15, 219, '1', '1312', 0),
(7855, 'Xã Thường Thắng', 15, 219, '1', '1303', 0),
(7858, 'Xã Hợp Thịnh', 15, 219, '1', '1313', 0),
(7861, 'Xã Danh Thắng', 15, 219, '1', '1302', 0),
(7864, 'Xã Mai Trung', 15, 219, '1', '1314', 0),
(7867, 'Xã Đoan Bái', 15, 219, '1', '1306', 0),
(7870, 'Xã Bắc Lý', 15, 219, '1', '1316', 0),
(7873, 'Xã Xuân Cẩm', 15, 219, '1', '1310', 0),
(7876, 'Xã Hương Lâm', 15, 219, '1', '1311', 0),
(7879, 'Xã Đông Lỗ', 15, 219, '1', '1307', 0),
(7882, 'Xã Châu Minh', 15, 219, '1', '1308', 0),
(7885, 'Xã Mai Đình', 15, 219, '1', '1309', 0),
(7888, 'Phường Dữu Lâu', 16, 202, '1', '6763', 0),
(7891, 'Phường Vân Cơ', 16, 202, '1', '6766', 0),
(7894, 'Phường Nông Trang', 16, 202, '1', '6753', 0),
(7897, 'Phường Tân Dân', 16, 202, '1', '6769', 0),
(7900, 'Phường Gia Cẩm', 16, 202, '1', '6755', 0),
(7903, 'Phường Tiên Cát', 16, 202, '1', '6752', 0),
(7906, 'Phường Thọ Sơn', 16, 202, '1', '6759', 0),
(7909, 'Phường Thanh Miếu', 16, 202, '1', '6762', 0),
(7912, 'Phường Bạch Hạc', 16, 202, '1', '6761', 0),
(7915, 'Phường Bến Gót', 16, 202, '1', '6758', 0),
(7918, 'Phường Vân Phú', 16, 202, '1', '6767', 0),
(7921, 'Xã Phượng Lâu', 16, 202, '1', '6764', 0),
(7924, 'Xã Thụy Vân', 16, 202, '0', NULL, 0),
(7927, 'Phường Minh Phương', 16, 202, '1', '6756', 0),
(7930, 'Xã Trưng Vương', 16, 202, '1', '6757', 0),
(7933, 'Phường Minh Nông', 16, 202, '1', '6754', 0),
(7936, 'Xã Sông Lô', 16, 202, '1', '6760', 0),
(7939, 'Phường Trường Thịnh', 16, 203, '1', '6750', 0),
(7942, 'Phường Hùng Vương', 16, 203, '1', '6748', 0),
(7945, 'Phường Phong Châu', 16, 203, '1', '6749', 0),
(7948, 'Phường Âu Cơ', 16, 203, '1', '6741', 0),
(7951, 'Xã Hà Lộc', 16, 203, '1', '6739', 0),
(7954, 'Xã Phú Hộ', 16, 203, '1', '6751', 0),
(7957, 'Xã Văn Lung', 16, 203, '1', '6740', 0),
(7960, 'Xã Thanh Minh', 16, 203, '0', NULL, 0),
(7963, 'Xã Hà Thạch', 16, 203, '1', '6743', 0),
(7966, 'Phường Thanh Vinh', 16, 203, '0', NULL, 0),
(7969, 'Thị trấn Đoan Hùng', 16, 204, '1', '6707', 0),
(7972, 'Xã Đông Khê', 16, 204, '1', '6723', 0),
(7975, 'Xã Nghinh Xuyên', 16, 204, '1', '6724', 0),
(7978, 'Xã Hùng Quan', 16, 204, '1', '6725', 0),
(7981, 'Xã Bằng Luân', 16, 204, '1', '6710', 0),
(7984, 'Xã Vân Du', 16, 204, '1', '6719', 0),
(7987, 'Xã Phương Trung', 16, 204, '1', '6715', 0),
(7990, 'Xã Quế Lâm', 16, 204, '1', '6722', 0),
(7993, 'Xã Minh Lương', 16, 204, '0', NULL, 0),
(7996, 'Xã Bằng Doãn', 16, 204, '1', '6726', 0),
(7999, 'Xã Chí Đám', 16, 204, '1', '6713', 0),
(8002, 'Xã Phong Phú', 16, 204, '1', '6727', 0),
(8005, 'Xã Phúc Lai', 16, 204, '1', '6728', 0),
(8008, 'Xã Ngọc Quan', 16, 204, '1', '6708', 0),
(8011, 'Xã Hữu Đô', 16, 204, '1', '6729', 0),
(8014, 'Xã Đại Nghĩa', 16, 204, '1', '6720', 0),
(8017, 'Xã Sóc Đăng', 16, 204, '1', '6714', 0),
(8020, 'Xã Phú Thứ', 16, 204, '1', '6721', 0),
(8023, 'Xã Tây Cốc', 16, 204, '1', '6709', 0),
(8026, 'Xã Yên Kiện', 16, 204, '1', '6716', 0),
(8029, 'Xã Hùng Long', 16, 204, '1', '6712', 0),
(8032, 'Xã Vụ Quang', 16, 204, '1', '6730', 0),
(8035, 'Xã Vân Đồn', 16, 204, '1', '6718', 0),
(8038, 'Xã Tiêu Sơn', 16, 204, '1', '6717', 0),
(8041, 'Xã Minh Tiến', 16, 204, '0', NULL, 0),
(8044, 'Xã Minh Phú', 16, 204, '1', '6731', 0),
(8047, 'Xã Chân Mộng', 16, 204, '1', '6732', 0),
(8050, 'Xã Ca Đình', 16, 204, '1', '6711', 0),
(8053, 'Thị trấn Hạ Hoà', 16, 205, '1', '6528', 0),
(8056, 'Xã Đại Phạm', 16, 205, '1', '6552', 0),
(8059, 'Xã Hậu Bổng', 16, 205, '1', '6547', 0),
(8062, 'Xã Đan Hà', 16, 205, '1', '6549', 0),
(8065, 'Xã Hà Lương', 16, 205, '1', '6553', 0),
(8068, 'Xã Lệnh Khanh', 16, 205, '1', '6548', 0),
(8071, 'Xã Phụ Khánh', 16, 205, '1', '6532', 0),
(8074, 'Xã Liên Phương', 16, 205, '1', '6554', 0),
(8077, 'Xã Đan Thượng', 16, 205, '1', '6546', 0),
(8080, 'Xã Hiền Lương', 16, 205, '0', NULL, 0),
(8083, 'Xã Động Lâm', 16, 205, '1', '6535', 0),
(8086, 'Xã Lâm Lợi', 16, 205, '1', '6538', 0),
(8089, 'Xã Phương Viên', 16, 205, '1', '6551', 0),
(8092, 'Xã Gia Điền', 16, 205, '1', '6555', 0),
(8095, 'Xã Ấm Hạ', 16, 205, '1', '6530', 0),
(8098, 'Xã Quân Khê', 16, 205, '1', '6557', 0),
(8101, 'Xã Y Sơn', 16, 205, '1', '6531', 0),
(8104, 'Xã Hương Xạ', 16, 205, '1', '6544', 0),
(8107, 'Xã Cáo Điền', 16, 205, '1', '6550', 0),
(8110, 'Xã Xuân Áng', 16, 205, '1', '6540', 0),
(8113, 'Xã Yên Kỳ', 16, 205, '1', '6543', 0),
(8116, 'Xã Chuế Lưu', 16, 205, '1', '6539', 0),
(8119, 'Xã Minh Hạc', 16, 205, '1', '6529', 0),
(8122, 'Xã Lang Sơn', 16, 205, '1', '6536', 0),
(8125, 'Xã Bằng Giã', 16, 205, '1', '6534', 0),
(8128, 'Xã Yên Luật', 16, 205, '1', '6542', 0),
(8131, 'Xã Vô Tranh', 16, 205, '1', '6537', 0),
(8134, 'Xã Văn Lang', 16, 205, '1', '6541', 0),
(8137, 'Xã Chính Công', 16, 205, '1', '6558', 0),
(8140, 'Xã Minh Côi', 16, 205, '1', '6533', 0),
(8143, 'Xã Vĩnh Chân', 16, 205, '1', '6545', 0),
(8146, 'Xã Mai Tùng', 16, 205, '0', NULL, 0),
(8149, 'Xã Vụ Cầu', 16, 205, '0', NULL, 0),
(8152, 'Thị trấn Thanh Ba', 16, 206, '1', '6619', 0),
(8155, 'Xã Thanh Vân', 16, 206, '1', '6632', 0),
(8156, 'Xã Vân Lĩnh', 16, 206, '0', NULL, 0),
(8158, 'Xã Đông Lĩnh', 16, 206, '0', NULL, 0),
(8161, 'Xã Đại An', 16, 206, '0', NULL, 0),
(8164, 'Xã Hanh Cù', 16, 206, '1', '6631', 0),
(8167, 'Xã Thái Ninh', 16, 206, '1', '6636', 0),
(8170, 'Xã Đồng Xuân', 16, 206, '1', '6620', 0),
(8173, 'Xã Năng Yên', 16, 206, '0', NULL, 0),
(8176, 'Xã Yển Khê', 16, 206, '1', '6621', 0),
(8179, 'Xã Ninh Dân', 16, 206, '1', '6634', 0),
(8182, 'Xã Quảng Nạp', 16, 206, '1', '6633', 0),
(8185, 'Xã Vũ Yển', 16, 206, '1', '6638', 0),
(8188, 'Xã Yên Nội', 16, 206, '1', '6635', 0),
(8191, 'Xã Phương Lĩnh', 16, 206, '1', '6622', 0),
(8194, 'Xã Võ Lao', 16, 206, '1', '6637', 0),
(8197, 'Xã Khải Xuân', 16, 206, '1', '6630', 0),
(8200, 'Xã Mạn Lạn', 16, 206, '1', '6624', 0),
(8203, 'Xã Thanh Xá', 16, 206, '1', '6623', 0),
(8206, 'Xã Chí Tiên', 16, 206, '1', '6625', 0),
(8209, 'Xã Đông Thành', 16, 206, '0', NULL, 0),
(8212, 'Xã Hoàng Cương', 16, 206, '1', '6639', 0),
(8215, 'Xã Sơn Cương', 16, 206, '1', '6627', 0),
(8218, 'Xã Thanh Hà', 16, 206, '1', '6629', 0),
(8221, 'Xã Đỗ Sơn', 16, 206, '1', '6628', 0),
(8224, 'Xã Đỗ Xuyên', 16, 206, '0', NULL, 0),
(8227, 'Xã Lương Lỗ', 16, 206, '1', '6626', 0),
(8230, 'Thị trấn Phong Châu', 16, 778, '1', '6576', 0),
(8233, 'Xã Phú Mỹ', 16, 778, '1', '6592', 0),
(8234, 'Xã Lệ Mỹ', 16, 778, '1', '6594', 0),
(8236, 'Xã Liên Hoa', 16, 778, '1', '6591', 0),
(8239, 'Xã Trạm Thản', 16, 778, '1', '6586', 0),
(8242, 'Xã Trị Quận', 16, 778, '1', '6595', 0),
(8245, 'Xã Trung Giáp', 16, 778, '1', '6587', 0),
(8248, 'Xã Tiên Phú', 16, 778, '1', '6585', 0),
(8251, 'Xã Hạ Giáp', 16, 778, '1', '6593', 0),
(8254, 'Xã Bảo Thanh', 16, 778, '1', '6578', 0),
(8257, 'Xã Phú Lộc', 16, 778, '1', '6577', 0),
(8260, 'Xã Gia Thanh', 16, 778, '1', '6579', 0),
(8263, 'Xã Tiên Du', 16, 778, '1', '6581', 0),
(8266, 'Xã Phú Nham', 16, 778, '1', '6580', 0),
(8269, 'Xã Bình Bộ', 16, 778, '1', '6588', 0),
(8272, 'Xã An Đạo', 16, 778, '1', '6582', 0),
(8275, 'Xã Tử Đà', 16, 778, '1', '6589', 0),
(8278, 'Xã Phù Ninh', 16, 778, '1', '6583', 0),
(8281, 'Xã Kim Đức', 16, 202, '1', '6770', 0),
(8284, 'Xã Vĩnh Phú', 16, 778, '1', '6590', 0),
(8287, 'Xã Hùng Lô', 16, 202, '1', '6765', 0),
(8290, 'Thị trấn Yên Lập', 16, 210, '1', '6704', 0),
(8293, 'Xã Mỹ Lung', 16, 210, '1', '6698', 0),
(8296, 'Xã Mỹ Lương', 16, 210, '1', '6699', 0),
(8299, 'Xã Lương Sơn', 16, 210, '1', '6702', 0),
(8302, 'Xã Xuân An', 16, 210, '1', '6700', 0),
(8305, 'Xã Xuân Viên', 16, 210, '1', '6701', 0),
(8308, 'Xã Xuân Thủy', 16, 210, '1', '6691', 0),
(8311, 'Xã Trung Sơn', 16, 210, '1', '6705', 0),
(8314, 'Xã Hưng Long', 16, 210, '1', '6690', 0),
(8317, 'Xã Nga Hoàng', 16, 210, '1', '6692', 0),
(8320, 'Xã Đồng Lạc', 16, 210, '1', '6695', 0),
(8323, 'Xã Thượng Long', 16, 210, '1', '6706', 0),
(8326, 'Xã Đồng Thịnh', 16, 210, '1', '6693', 0),
(8329, 'Xã Phúc Khánh', 16, 210, '1', '6694', 0),
(8332, 'Xã Minh Hòa', 16, 210, '1', '6697', 0),
(8335, 'Xã Ngọc Lập', 16, 210, '1', '6703', 0),
(8338, 'Xã Ngọc Đồng', 16, 210, '1', '6696', 0),
(8341, 'Thị trấn Sông Thao', 16, 777, '0', NULL, 0),
(8344, 'Xã Tiên Lương', 16, 777, '1', '6521', 0),
(8347, 'Xã Tuy Lộc', 16, 777, '1', '6511', 0),
(8350, 'Xã Ngô Xá', 16, 777, '1', '6520', 0),
(8353, 'Xã Phương Xá', 16, 777, '1', '6500', 0),
(8356, 'Xã Phượng Vĩ', 16, 777, '1', '6522', 0),
(8359, 'Xã Đồng Cam', 16, 777, '1', '6514', 0),
(8362, 'Xã Thụy Liễu', 16, 777, '1', '6523', 0),
(8365, 'Xã Phùng Xá', 16, 777, '1', '6499', 0),
(8368, 'Xã Sơn Nga', 16, 777, '1', '6501', 0),
(8371, 'Xã Sai Nga', 16, 777, '1', '6502', 0),
(8374, 'Xã Tùng Khê', 16, 777, '1', '6507', 0),
(8377, 'Xã Tam Sơn', 16, 777, '1', '6524', 0),
(8380, 'Xã Văn Bán', 16, 777, '1', '6525', 0),
(8383, 'Xã Cấp Dẫn', 16, 777, '1', '6508', 0),
(8386, 'Xã Thanh Nga', 16, 777, '1', '6503', 0),
(8389, 'Xã Xương Thịnh', 16, 777, '1', '6505', 0),
(8392, 'Xã Phú Khê', 16, 777, '1', '6497', 0),
(8395, 'Xã Sơn Tình', 16, 777, '1', '6504', 0),
(8398, 'Xã Yên Tập', 16, 777, '1', '6506', 0),
(8401, 'Xã Hương Lung', 16, 777, '1', '6526', 0),
(8404, 'Xã Tạ Xá', 16, 777, '1', '6512', 0),
(8407, 'Xã Phú Lạc', 16, 777, '1', '6498', 0),
(8410, 'Xã Tình Cương', 16, 777, '1', '6513', 0),
(8413, 'Xã Chương Xá', 16, 777, '0', NULL, 0),
(8416, 'Xã Hiền Đa', 16, 777, '1', '6510', 0),
(8419, 'Xã Văn Khúc', 16, 777, '1', '6516', 0),
(8422, 'Xã Yên Dưỡng', 16, 777, '1', '6527', 0),
(8425, 'Xã Cát Trù', 16, 777, '1', '6509', 0),
(8428, 'Xã Điêu Lương', 16, 777, '1', '6517', 0),
(8431, 'Xã Đồng Lương', 16, 777, '1', '6518', 0),
(8434, 'Thị trấn Hưng Hoá', 16, 779, '1', '6597', 0),
(8437, 'Xã Vực Trường', 16, 779, '1', '6613', 0),
(8440, 'Xã Hiền Quan', 16, 779, '1', '6611', 0),
(8443, 'Xã Hương Nha', 16, 779, '1', '6610', 0),
(8446, 'Xã Thanh Uyên', 16, 779, '1', '6606', 0),
(8449, 'Xã Xuân Quang', 16, 779, '1', '6615', 0),
(8452, 'Xã Tứ Mỹ', 16, 779, '1', '6614', 0),
(8455, 'Xã Văn Lương', 16, 779, '1', '6601', 0),
(8458, 'Xã Hùng Đô', 16, 779, '0', NULL, 0),
(8461, 'Xã Phương Thịnh', 16, 779, '1', '6608', 0),
(8464, 'Xã Tam Cường', 16, 779, '1', '6612', 0),
(8467, 'Xã Cổ Tiết', 16, 779, '1', '6600', 0),
(8470, 'Xã Quang Húc', 16, 779, '1', '6607', 0),
(8473, 'Xã Hương Nộn', 16, 779, '1', '6599', 0),
(8476, 'Xã Tề Lễ', 16, 779, '1', '6604', 0),
(8479, 'Xã Thọ Văn', 16, 779, '1', '6598', 0),
(8482, 'Xã Dị Nậu', 16, 779, '1', '6602', 0),
(8485, 'Xã Hồng Đà', 16, 779, '1', '6609', 0),
(8488, 'Xã Dậu Dương', 16, 779, '1', '6603', 0),
(8491, 'Xã Thượng Nông', 16, 779, '1', '6605', 0),
(8494, 'Thị trấn Lâm Thao', 16, 208, '1', '6559', 0),
(8497, 'Xã Tiên Kiên', 16, 208, '1', '6572', 0),
(8498, 'Thị trấn Hùng Sơn', 16, 208, '0', NULL, 0),
(8500, 'Xã Xuân Lũng', 16, 208, '1', '6574', 0),
(8503, 'Xã Hy Cương', 16, 202, '1', '6771', 0),
(8506, 'Xã Chu Hóa', 16, 202, '1', '11618', 0),
(8509, 'Xã Xuân Huy', 16, 208, '1', '6573', 0),
(8512, 'Xã Thạch Sơn', 16, 208, '1', '6568', 0),
(8515, 'Xã Thanh Đình', 16, 202, '0', NULL, 0),
(8518, 'Xã Sơn Vi', 16, 208, '1', '6560', 0),
(8521, 'Xã Hợp Hải', 16, 208, '1', '6564', 0),
(8524, 'Xã Sơn Dương', 16, 208, '1', '6565', 0),
(8527, 'Xã Cao Xá', 16, 208, '1', '6571', 0),
(8530, 'Xã Kinh Kệ', 16, 208, '1', '6570', 0),
(8533, 'Xã Vĩnh Lại', 16, 208, '1', '6567', 0),
(8536, 'Xã Tứ Xã', 16, 208, '1', '6562', 0),
(8539, 'Xã Bản Nguyên', 16, 208, '1', '6563', 0),
(8542, 'Thị trấn Thanh Sơn', 16, 213, '0', NULL, 0),
(8545, 'Xã Thu Cúc', 16, 780, '1', '6687', 0),
(8548, 'Xã Thạch Kiệt', 16, 780, '1', '6679', 0),
(8551, 'Xã Thu Ngạc', 16, 780, '1', '6676', 0),
(8554, 'Xã Kiệt Sơn', 16, 780, '1', '6680', 0),
(8557, 'Xã Đồng Sơn', 16, 780, '1', '6686', 0),
(8560, 'Xã Lai Đồng', 16, 780, '1', '6682', 0),
(8563, 'Xã Sơn Hùng', 16, 213, '0', NULL, 0),
(8566, 'Xã Tân Phú', 16, 780, '1', '6674', 0),
(8569, 'Xã Mỹ Thuận', 16, 780, '1', '6675', 0),
(8572, 'Xã Địch Quả', 16, 213, '1', '11672', 0),
(8575, 'Xã Giáp Lai', 16, 213, '1', '6643', 0),
(8578, 'Xã Tân Sơn', 16, 780, '0', NULL, 0),
(8581, 'Xã Thục Luyện', 16, 213, '1', '6641', 0),
(8584, 'Xã Võ Miếu', 16, 213, '0', NULL, 0),
(8587, 'Xã Thạch Khoán', 16, 213, '0', NULL, 0),
(8590, 'Xã Xuân Đài', 16, 780, '1', '6681', 0),
(8593, 'Xã Minh Đài', 16, 780, '1', '6678', 0),
(8596, 'Xã Văn Luông', 16, 780, '1', '6677', 0),
(8599, 'Xã Xuân Sơn', 16, 780, '1', '6685', 0),
(8602, 'Xã Cự Thắng', 16, 213, '1', '6646', 0),
(8605, 'Xã Tất Thắng', 16, 213, '1', '6647', 0),
(8608, 'Xã Long Cốc', 16, 780, '1', '6684', 0),
(8611, 'Xã Văn Miếu', 16, 213, '1', '6653', 0),
(8614, 'Xã Cự Đồng', 16, 213, '1', '6642', 0),
(8617, 'Xã Kim Thượng', 16, 780, '1', '6688', 0),
(8620, 'Xã Tam Thanh', 16, 780, '1', '6683', 0),
(8623, 'Xã Thắng Sơn', 16, 213, '1', '6644', 0),
(8626, 'Xã Vinh Tiền', 16, 780, '1', '6689', 0),
(8629, 'Xã Tân Minh', 16, 213, '1', '6649', 0),
(8632, 'Xã Hương Cần', 16, 213, '0', NULL, 0),
(8635, 'Xã Khả Cửu', 16, 213, '1', '6651', 0),
(8638, 'Xã Đông Cửu', 16, 213, '0', NULL, 0),
(8641, 'Xã Tân Lập', 16, 213, '1', '6650', 0),
(8644, 'Xã Yên Lãng', 16, 213, '0', NULL, 0),
(8647, 'Xã Yên Lương', 16, 213, '0', NULL, 0),
(8650, 'Xã Thượng Cửu', 16, 213, '1', '6652', 0),
(8653, 'Xã Lương Nha', 16, 213, '0', NULL, 0),
(8656, 'Xã Yên Sơn', 16, 213, '1', '11631', 0),
(8659, 'Xã Tinh Nhuệ', 16, 213, '1', '11666', 0),
(8662, 'Xã Đào Xá', 16, 212, '1', '6664', 0),
(8665, 'Xã Thạch Đồng', 16, 212, '1', '6660', 0),
(8668, 'Xã Xuân Lộc', 16, 212, '1', '6663', 0),
(8671, 'Xã Tân Phương', 16, 212, '1', '6658', 0),
(8674, 'Thị trấn Thanh Thủy', 16, 212, '1', '6655', 0),
(8677, 'Xã Sơn Thủy', 16, 212, '1', '6662', 0),
(8680, 'Xã Bảo Yên', 16, 212, '1', '6661', 0),
(8683, 'Xã Đoan Hạ', 16, 212, '1', '6659', 0),
(8686, 'Xã Đồng Luận', 16, 212, '1', '6671', 0),
(8689, 'Xã Hoàng Xá', 16, 212, '1', '6656', 0),
(8692, 'Xã Trung Thịnh', 16, 212, '1', '6672', 0),
(8695, 'Xã Trung Nghĩa', 16, 212, '1', '6669', 0),
(8698, 'Xã Phượng Mao', 16, 212, '1', '6666', 0),
(8701, 'Xã Yến Mao', 16, 212, '1', '6665', 0),
(8704, 'Xã Tu Vũ', 16, 212, '1', '6670', 0),
(8707, 'Phường Tích Sơn', 17, 29, '1', '10140', 0),
(8710, 'Phường Liên Bảo', 17, 29, '1', '10138', 0),
(8713, 'Phường Hội Hợp', 17, 29, '1', '10134', 0),
(8716, 'Phường Đống Đa', 17, 29, '1', '10137', 0),
(8719, 'Phường Ngô Quyền', 17, 29, '1', '10139', 0),
(8722, 'Phường Đồng Tâm', 17, 29, '1', '10135', 0),
(8725, 'Xã Định Trung', 17, 29, '1', '10143', 0),
(8728, 'Phường Khai Quang', 17, 29, '1', '10136', 0),
(8731, 'Xã Thanh Trù', 17, 29, '1', '10142', 0),
(8734, 'Phường Trưng Trắc', 17, 799, '1', '10145', 0),
(8737, 'Phường Hùng Vương', 17, 799, '1', '10144', 0),
(8740, 'Phường Trưng Nhị', 17, 799, '1', '10146', 0),
(8743, 'Phường Phúc Thắng', 17, 799, '1', '11694', 0),
(8746, 'Phường Xuân Hoà', 17, 799, '1', '10147', 0),
(8747, 'Phường Đồng Xuân', 17, 799, '1', '10148', 0),
(8749, 'Xã Ngọc Thanh', 17, 799, '1', '10152', 0),
(8752, 'Xã Cao Minh', 17, 799, '1', '10149', 0),
(8755, 'Xã Nam Viêm', 17, 799, '1', '10150', 0),
(8758, 'Xã Tiền Châu', 17, 799, '1', '10151', 0),
(8761, 'Thị trấn Lập Thạch', 17, 30, '1', '10046', 0),
(8764, 'Xã Quang Sơn', 17, 30, '1', '10048', 0),
(8767, 'Xã Ngọc Mỹ', 17, 30, '1', '10049', 0),
(8770, 'Xã Hợp Lý', 17, 30, '1', '10050', 0),
(8773, 'Xã Lãng Công', 17, 800, '1', '10067', 0),
(8776, 'Xã Quang Yên', 17, 800, '1', '10068', 0),
(8779, 'Xã Bạch Lưu', 17, 800, '1', '10069', 0),
(8782, 'Xã Hải Lựu', 17, 800, '1', '10070', 0),
(8785, 'Xã Bắc Bình', 17, 30, '1', '10051', 0),
(8788, 'Xã Thái Hòa', 17, 30, '1', '10052', 0),
(8789, 'Thị trấn Hoa Sơn', 17, 30, '1', '10047', 0),
(8791, 'Xã Liễn Sơn', 17, 30, '1', '10053', 0),
(8794, 'Xã Xuân Hòa', 17, 30, '1', '10054', 0),
(8797, 'Xã Vân Trục', 17, 30, '1', '10055', 0),
(8800, 'Xã Đồng Quế', 17, 800, '1', '10071', 0),
(8803, 'Xã Nhân Đạo', 17, 800, '1', '10072', 0),
(8806, 'Xã Đôn Nhân', 17, 800, '1', '10073', 0),
(8809, 'Xã Phương Khoan', 17, 800, '1', '10074', 0),
(8812, 'Xã Liên Hòa', 17, 30, '1', '10056', 0),
(8815, 'Xã Tử Du', 17, 30, '1', '10057', 0),
(8818, 'Xã Tân Lập', 17, 800, '1', '10075', 0),
(8821, 'Xã Nhạo Sơn', 17, 800, '1', '10076', 0),
(8824, 'Thị trấn Tam Sơn', 17, 800, '1', '10066', 0),
(8827, 'Xã Như Thụy', 17, 800, '1', '10077', 0),
(8830, 'Xã Yên Thạch', 17, 800, '1', '10078', 0),
(8833, 'Xã Bàn Giản', 17, 30, '1', '10058', 0),
(8836, 'Xã Xuân Lôi', 17, 30, '1', '10059', 0),
(8839, 'Xã Đồng Ích', 17, 30, '1', '10060', 0),
(8842, 'Xã Tiên Lữ', 17, 30, '1', '10061', 0),
(8845, 'Xã Văn Quán', 17, 30, '1', '10062', 0),
(8848, 'Xã Đồng Thịnh', 17, 800, '1', '10079', 0),
(8851, 'Xã Tứ Yên', 17, 800, '1', '10080', 0),
(8854, 'Xã Đức Bác', 17, 800, '1', '10081', 0),
(8857, 'Xã Đình Chu', 17, 30, '1', '10063', 0),
(8860, 'Xã Cao Phong', 17, 800, '1', '10082', 0),
(8863, 'Xã Triệu Đề', 17, 30, '1', '10064', 0),
(8866, 'Xã Sơn Đông', 17, 30, '1', '10065', 0),
(8869, 'Thị trấn Hợp Hòa', 17, 31, '1', '10083', 0),
(8872, 'Xã Hoàng Hoa', 17, 31, '1', '10084', 0),
(8875, 'Xã Đồng Tĩnh', 17, 31, '1', '10085', 0),
(8878, 'Xã Kim Long', 17, 31, '1', '10086', 0),
(8881, 'Xã Hướng Đạo', 17, 31, '1', '10087', 0),
(8884, 'Xã Đạo Tú', 17, 31, '1', '10088', 0),
(8887, 'Xã An Hòa', 17, 31, '1', '10089', 0),
(8890, 'Xã Thanh Vân', 17, 31, '1', '10090', 0),
(8893, 'Xã Duy Phiên', 17, 31, '1', '10091', 0),
(8896, 'Xã Hoàng Đan', 17, 31, '1', '10092', 0),
(8899, 'Xã Hoàng Lâu', 17, 31, '1', '10093', 0),
(8902, 'Xã Vân Hội', 17, 31, '1', '10094', 0),
(8905, 'Xã Hợp Thịnh', 17, 31, '1', '10095', 0),
(8908, 'Thị trấn Tam Đảo', 17, 801, '1', '10125', 0),
(8911, 'Xã Hợp Châu', 17, 801, '1', '10126', 0),
(8914, 'Xã Đạo Trù', 17, 801, '1', '10127', 0),
(8917, 'Xã Yên Dương', 17, 801, '1', '10128', 0),
(8920, 'Xã Bồ Lý', 17, 801, '1', '10129', 0),
(8923, 'Xã Đại Đình', 17, 801, '1', '10130', 0),
(8926, 'Xã Tam Quan', 17, 801, '1', '10131', 0),
(8929, 'Xã Hồ Sơn', 17, 801, '1', '10132', 0),
(8932, 'Xã Minh Quang', 17, 801, '1', '10133', 0),
(8935, 'Thị trấn Hương Canh', 17, 35, '1', '10033', 0),
(8936, 'Thị trấn Gia Khánh', 17, 35, '1', '10035', 0),
(8938, 'Xã Trung Mỹ', 17, 35, '1', '10044', 0),
(8944, 'Xã Bá Hiến', 17, 35, '1', '10036', 0),
(8947, 'Xã Thiện Kế', 17, 35, '1', '10043', 0),
(8950, 'Xã Hương Sơn', 17, 35, '1', '10037', 0),
(8953, 'Xã Tam Hợp', 17, 35, '1', '10041', 0),
(8956, 'Xã Quất Lưu', 17, 35, '1', '10039', 0),
(8959, 'Xã Sơn Lôi', 17, 35, '1', '10040', 0),
(8962, 'Xã Đạo Đức', 17, 35, '1', '10045', 0),
(8965, 'Xã Tân Phong', 17, 35, '1', '10042', 0),
(8968, 'Thị trấn Thanh Lãng', 17, 35, '1', '10034', 0),
(8971, 'Xã Phú Xuân', 17, 35, '1', '10038', 0),
(8973, 'Thị trấn Chi Đông', 1, 34, '1', '117', 0),
(8974, 'Xã Đại Thịnh', 1, 34, '1', '105', 0),
(8977, 'Xã Kim Hoa', 1, 34, '1', '118', 0),
(8980, 'Xã Thạch Đà', 1, 34, '1', '113', 0),
(8983, 'Xã Tiến Thắng', 1, 34, '1', '107', 0),
(8986, 'Xã Tự Lập', 1, 34, '1', '115', 0),
(8989, 'Thị trấn Quang Minh', 1, 34, '1', '116', 0),
(8992, 'Xã Thanh Lâm', 1, 34, '1', '119', 0),
(8995, 'Xã Tam Đồng', 1, 34, '1', '112', 0),
(8998, 'Xã Liên Mạc', 1, 34, '1', '114', 0),
(9001, 'Xã Vạn Yên', 1, 34, '1', '120', 0),
(9004, 'Xã Chu Phan', 1, 34, '1', '111', 0),
(9007, 'Xã Tiến Thịnh', 1, 34, '1', '106', 0),
(9010, 'Xã Mê Linh', 1, 34, '1', '11567', 0),
(9013, 'Xã Văn Khê', 1, 34, '1', '109', 0),
(9016, 'Xã Hoàng Kim', 1, 34, '1', '110', 0),
(9019, 'Xã Tiền Phong', 1, 34, '1', '104', 0),
(9022, 'Xã Tráng Việt', 1, 34, '1', '108', 0),
(9025, 'Thị trấn Yên Lạc', 17, 33, '1', '10016', 0),
(9028, 'Xã Đồng Cương', 17, 33, '1', '10019', 0),
(9031, 'Xã Đồng Văn', 17, 33, '1', '10020', 0),
(9034, 'Xã Bình Định', 17, 33, '1', '10017', 0),
(9037, 'Xã Trung Nguyên', 17, 33, '1', '10028', 0),
(9040, 'Xã Tề Lỗ', 17, 33, '1', '10025', 0),
(9043, 'Xã Tam Hồng', 17, 33, '1', '10032', 0),
(9046, 'Xã Yên Đồng', 17, 33, '1', '10030', 0),
(9049, 'Xã Văn Tiến', 17, 33, '1', '10029', 0),
(9052, 'Xã Nguyệt Đức', 17, 33, '1', '10024', 0),
(9055, 'Xã Yên Phương', 17, 33, '1', '10031', 0),
(9058, 'Xã Hồng Phương', 17, 33, '1', '10022', 0),
(9061, 'Xã Trung Kiên', 17, 33, '1', '10027', 0),
(9064, 'Xã Liên Châu', 17, 33, '1', '10023', 0),
(9067, 'Xã Đại Tự', 17, 33, '1', '10018', 0),
(9070, 'Xã Hồng Châu', 17, 33, '1', '10021', 0),
(9073, 'Xã Trung Hà', 17, 33, '1', '10026', 0),
(9076, 'Thị trấn Vĩnh Tường', 17, 32, '1', '10096', 0),
(9079, 'Xã Kim Xá', 17, 32, '1', '10104', 0),
(9082, 'Xã Yên Bình', 17, 32, '1', '10122', 0),
(9085, 'Xã Chấn Hưng', 17, 32, '1', '10102', 0),
(9088, 'Xã Nghĩa Hưng', 17, 32, '1', '10107', 0),
(9091, 'Xã Yên Lập', 17, 32, '1', '10123', 0),
(9094, 'Xã Việt Xuân', 17, 32, '1', '10118', 0),
(9097, 'Xã Bồ Sao', 17, 32, '1', '10100', 0),
(9100, 'Xã Đại Đồng', 17, 32, '1', '10103', 0),
(9103, 'Xã Tân Tiến', 17, 32, '1', '10113', 0),
(9106, 'Xã Lũng Hoà', 17, 32, '1', '10105', 0),
(9109, 'Xã Cao Đại', 17, 32, '1', '10101', 0),
(9112, 'Thị Trấn Thổ Tang', 17, 32, '1', '10097', 0),
(9115, 'Xã Vĩnh Sơn', 17, 32, '1', '10124', 0),
(9118, 'Xã Bình Dương', 17, 32, '1', '10099', 0),
(9121, 'Xã Tân Cương', 17, 32, '1', '10112', 0),
(9124, 'Xã Phú Thịnh', 17, 32, '1', '10110', 0),
(9127, 'Xã Thượng Trưng', 17, 32, '1', '10114', 0),
(9130, 'Xã Vũ Di', 17, 32, '1', '10121', 0),
(9133, 'Xã Lý Nhân', 17, 32, '1', '10106', 0),
(9136, 'Xã Tuân Chính', 17, 32, '1', '10115', 0),
(9139, 'Xã Vân Xuân', 17, 32, '1', '10117', 0),
(9142, 'Xã Tam Phúc', 17, 32, '1', '10111', 0),
(9145, 'Thị trấn Tứ Trưng', 17, 32, '0', NULL, 0),
(9148, 'Xã Ngũ Kiên', 17, 32, '1', '10108', 0),
(9151, 'Xã An Tường', 17, 32, '1', '10098', 0),
(9154, 'Xã Vĩnh Thịnh', 17, 32, '1', '10120', 0),
(9157, 'Xã Phú Đa', 17, 32, '1', '10109', 0),
(9160, 'Xã Vĩnh Ninh', 17, 32, '1', '10119', 0),
(9163, 'Phường Vũ Ninh', 18, 52, '1', '1771', 0),
(9166, 'Phường Đáp Cầu', 18, 52, '1', '1768', 0),
(9169, 'Phường Thị Cầu', 18, 52, '1', '1773', 0),
(9172, 'Phường Kinh Bắc', 18, 52, '1', '1769', 0),
(9175, 'Phường Vệ An', 18, 52, '1', '1770', 0),
(9178, 'Phường Tiền An', 18, 52, '1', '1765', 0),
(9181, 'Phường Đại Phúc', 18, 52, '1', '1767', 0),
(9184, 'Phường Ninh Xá', 18, 52, '1', '1764', 0),
(9187, 'Phường Suối Hoa', 18, 52, '1', '1766', 0),
(9190, 'Phường Võ Cường', 18, 52, '1', '1772', 0),
(9193, 'Thị trấn Chờ', 18, 53, '1', '1758', 0),
(9196, 'Xã Dũng Liệt', 18, 53, '1', '1756', 0),
(9199, 'Xã Tam Đa', 18, 53, '1', '1753', 0),
(9202, 'Xã Tam Giang', 18, 53, '1', '1763', 0),
(9205, 'Xã Yên Trung', 18, 53, '1', '1754', 0),
(9208, 'Xã Thụy Hòa', 18, 53, '1', '1755', 0),
(9211, 'Xã Hòa Tiến', 18, 53, '1', '1762', 0),
(9214, 'Xã Hòa Long', 18, 52, '1', '1782', 0),
(9217, 'Xã Đông Tiến', 18, 53, '1', '1757', 0),
(9220, 'Xã Yên Phụ', 18, 53, '1', '1761', 0),
(9223, 'Xã Trung Nghĩa', 18, 53, '1', '1750', 0),
(9226, 'Phường Vạn An', 18, 52, '0', NULL, 0),
(9229, 'Xã Đông Phong', 18, 53, '1', '1752', 0),
(9232, 'Xã Long Châu', 18, 53, '1', '1751', 0),
(9235, 'Phường Khúc Xuyên', 18, 52, '0', NULL, 0),
(9238, 'Xã Văn Môn', 18, 53, '1', '1759', 0),
(9241, 'Xã Đông Thọ', 18, 53, '1', '1760', 0),
(9244, 'Phường Phong Khê', 18, 52, '0', NULL, 0),
(9247, 'Thị trấn Phố Mới', 18, 54, '1', '1698', 0),
(9250, 'Xã Việt Thống', 18, 54, '1', '1701', 0),
(9253, 'Xã Đại Xuân', 18, 54, '1', '1702', 0),
(9256, 'Xã Kim Chân', 18, 52, '1', '1774', 0),
(9259, 'Xã Nhân Hòa', 18, 54, '1', '1700', 0),
(9262, 'Xã Bằng An', 18, 54, '1', '1699', 0),
(9265, 'Xã Phương Liễu', 18, 54, '1', '1696', 0),
(9268, 'Xã Quế Tân', 18, 54, '1', '1688', 0),
(9271, 'Phường Vân Dương', 18, 52, '1', '1775', 0),
(9274, 'Xã Phù Lương', 18, 54, '1', '1683', 0),
(9277, 'Xã Phù Lãng', 18, 54, '1', '1686', 0),
(9280, 'Xã Phượng Mao', 18, 54, '1', '1697', 0),
(9283, 'Xã Việt Hùng', 18, 54, '1', '1687', 0),
(9286, 'Xã Nam Sơn', 18, 52, '1', '1776', 0),
(9289, 'Xã Ngọc Xá', 18, 54, '1', '1682', 0),
(9292, 'Xã Châu Phong', 18, 54, '1', '1685', 0),
(9295, 'Xã Bồng Lai', 18, 54, '1', '1694', 0),
(9298, 'Xã Cách Bi', 18, 54, '1', '1689', 0),
(9301, 'Xã Đào Viên', 18, 54, '1', '1690', 0),
(9304, 'Xã Yên Giả', 18, 54, '1', '1693', 0),
(9307, 'Xã Mộ Đạo', 18, 54, '1', '1692', 0),
(9310, 'Xã Đức Long', 18, 54, '1', '1684', 0),
(9313, 'Xã Chi Lăng', 18, 54, '1', '1691', 0),
(9316, 'Xã Hán Quảng', 18, 54, '1', '1695', 0),
(9319, 'Thị trấn Lim', 18, 55, '1', '1723', 0),
(9322, 'Xã Phú Lâm', 18, 55, '1', '1736', 0),
(9325, 'Phường Khắc Niệm', 18, 52, '0', NULL, 0),
(9328, 'Xã Nội Duệ', 18, 55, '1', '1724', 0),
(9331, 'Phường Hạp Lĩnh', 18, 52, '1', '1777', 0),
(9334, 'Xã Liên Bão', 18, 55, '1', '1727', 0),
(9337, 'Xã Hiên Vân', 18, 55, '1', '1735', 0),
(9340, 'Xã Hoàn Sơn', 18, 55, '1', '1725', 0),
(9343, 'Xã Lạc Vệ', 18, 55, '1', '1734', 0),
(9346, 'Xã Việt Đoàn', 18, 55, '1', '1728', 0),
(9349, 'Xã Phật Tích', 18, 55, '1', '1729', 0),
(9352, 'Xã Tân Chi', 18, 55, '1', '1733', 0),
(9355, 'Xã Đại Đồng', 18, 55, '1', '1726', 0),
(9358, 'Xã Tri Phương', 18, 55, '1', '1732', 0),
(9361, 'Xã Minh Đạo', 18, 55, '1', '1731', 0),
(9364, 'Xã Cảnh Hưng', 18, 55, '1', '1730', 0),
(9367, 'Phường Đông Ngàn', 18, 56, '1', '1744', 0),
(9370, 'Xã Tam Sơn', 18, 56, '1', '1742', 0),
(9373, 'Xã Hương Mạc', 18, 56, '1', '1740', 0),
(9376, 'Xã Tương Giang', 18, 56, '1', '1743', 0),
(9379, 'Xã Phù Khê', 18, 56, '1', '1741', 0),
(9382, 'Phường Đồng Kỵ', 18, 56, '1', '1747', 0),
(9383, 'Phường Trang Hạ', 18, 56, '1', '1746', 0),
(9385, 'Phường Đồng Nguyên', 18, 56, '1', '1738', 0),
(9388, 'Phường Châu Khê', 18, 56, '0', NULL, 0),
(9391, 'Phường Tân Hồng', 18, 56, '1', '1739', 0),
(9394, 'Phường Đình Bảng', 18, 56, '1', '1737', 0),
(9397, 'Xã Phù Chẩn', 18, 56, '1', '1745', 0),
(9400, 'Thị trấn Hồ', 18, 57, '1', '1704', 0),
(9403, 'Xã Hoài Thượng', 18, 57, '1', '1709', 0);
INSERT INTO `wards` (`WardId`, `WardName`, `ProvinceId`, `DistrictId`, `ShipChungSupport`, `ShipChungWardCode`, `DisplayOrder`) VALUES
(9406, 'Xã Đại Đồng Thành', 18, 57, '1', '1711', 0),
(9409, 'Xã Mão Điền', 18, 57, '1', '1707', 0),
(9412, 'Xã Song Hồ', 18, 57, '1', '1705', 0),
(9415, 'Xã Đình Tổ', 18, 57, '1', '1710', 0),
(9418, 'Xã An Bình', 18, 57, '1', '1708', 0),
(9421, 'Xã Trí Quả', 18, 57, '1', '1717', 0),
(9424, 'Xã Gia Đông', 18, 57, '1', '1706', 0),
(9427, 'Xã Thanh Khương', 18, 57, '1', '1718', 0),
(9430, 'Xã Trạm Lộ', 18, 57, '1', '1713', 0),
(9433, 'Xã Xuân Lâm', 18, 57, '1', '1719', 0),
(9436, 'Xã Hà Mãn', 18, 57, '1', '1720', 0),
(9439, 'Xã Ngũ Thái', 18, 57, '1', '1716', 0),
(9442, 'Xã Nguyệt Đức', 18, 57, '1', '1715', 0),
(9445, 'Xã Ninh Xá', 18, 57, '1', '1712', 0),
(9448, 'Xã Nghĩa Đạo', 18, 57, '1', '1714', 0),
(9451, 'Xã Song Liễu', 18, 57, '1', '1721', 0),
(9454, 'Thị trấn Gia Bình', 18, 59, '1', '1655', 0),
(9457, 'Xã Vạn Ninh', 18, 59, '1', '1665', 0),
(9460, 'Xã Thái Bảo', 18, 59, '1', '1667', 0),
(9463, 'Xã Giang Sơn', 18, 59, '1', '1659', 0),
(9466, 'Xã Cao Đức', 18, 59, '1', '1664', 0),
(9469, 'Xã Đại Lai', 18, 59, '1', '1666', 0),
(9472, 'Xã Song Giang', 18, 59, '1', '1660', 0),
(9475, 'Xã Bình Dương', 18, 59, '1', '1663', 0),
(9478, 'Xã Lãng Ngâm', 18, 59, '1', '1658', 0),
(9481, 'Xã Nhân Thắng', 18, 59, '1', '1662', 0),
(9484, 'Xã Xuân Lai', 18, 59, '1', '1661', 0),
(9487, 'Xã Đông Cứu', 18, 59, '1', '1657', 0),
(9490, 'Xã Đại Bái', 18, 59, '1', '1654', 0),
(9493, 'Xã Quỳnh Phú', 18, 59, '1', '1656', 0),
(9496, 'Thị trấn Thứa', 18, 58, '1', '1672', 0),
(9499, 'Xã An Thịnh', 18, 58, '1', '1673', 0),
(9502, 'Xã Trung Kênh', 18, 58, '1', '1674', 0),
(9505, 'Xã Phú Hòa', 18, 58, '1', '1676', 0),
(9508, 'Xã Mỹ Hương', 18, 58, '1', '1675', 0),
(9511, 'Xã Tân Lãng', 18, 58, '1', '1681', 0),
(9514, 'Xã Quảng Phú', 18, 58, '1', '1668', 0),
(9517, 'Xã Trừng Xá', 18, 58, '1', '1679', 0),
(9520, 'Xã Lai Hạ', 18, 58, '1', '1680', 0),
(9523, 'Xã Trung Chính', 18, 58, '1', '1677', 0),
(9526, 'Xã Minh Tân', 18, 58, '1', '1678', 0),
(9529, 'Xã Bình Định', 18, 58, '1', '1669', 0),
(9532, 'Xã Phú Lương', 18, 58, '1', '1671', 0),
(9535, 'Xã Lâm Thao', 18, 58, '1', '1670', 0),
(9538, 'Phường Nguyễn Trãi', 1, 687, '1', '568', 0),
(9541, 'Phường Mộ Lao', 1, 687, '1', '560', 0),
(9542, 'Phường Văn Quán', 1, 687, '1', '561', 0),
(9544, 'Phường Vạn Phúc', 1, 687, '1', '574', 0),
(9547, 'Phường Yết Kiêu', 1, 687, '1', '566', 0),
(9550, 'Phường Quang Trung', 1, 687, '1', '558', 0),
(9551, 'Phường La Khê', 1, 687, '1', '571', 0),
(9552, 'Phường Phú La', 1, 687, '1', '567', 0),
(9553, 'Phường Phúc La', 1, 687, '1', '569', 0),
(9556, 'Phường Hà Cầu', 1, 687, '1', '559', 0),
(9562, 'Phường Yên Nghĩa', 1, 687, '0', NULL, 0),
(9565, 'Phường Kiến Hưng', 1, 687, '0', NULL, 0),
(9568, 'Phường Phú Lãm', 1, 687, '0', NULL, 0),
(9571, 'Phường Phú Lương', 1, 687, '0', NULL, 0),
(9574, 'Phường Lê Lợi', 1, 698, '1', '542', 0),
(9577, 'Phường Phú Thịnh', 1, 698, '1', '550', 0),
(9580, 'Phường Ngô Quyền', 1, 698, '1', '545', 0),
(9583, 'Phường Quang Trung', 1, 698, '1', '544', 0),
(9586, 'Phường Sơn Lộc', 1, 698, '1', '543', 0),
(9589, 'Phường Xuân Khanh', 1, 698, '1', '547', 0),
(9592, 'Xã Đường Lâm', 1, 698, '1', '546', 0),
(9595, 'Phường Viên Sơn', 1, 698, '1', '552', 0),
(9598, 'Xã Xuân Sơn', 1, 698, '1', '549', 0),
(9601, 'Phường Trung Hưng', 1, 698, '1', '551', 0),
(9604, 'Xã Thanh Mỹ', 1, 698, '1', '554', 0),
(9607, 'Phường Trung Sơn Trầm', 1, 698, '1', '553', 0),
(9610, 'Xã Kim Sơn', 1, 698, '1', '555', 0),
(9613, 'Xã Sơn Đông', 1, 698, '1', '557', 0),
(9616, 'Xã Cổ Đông', 1, 698, '1', '548', 0),
(9619, 'Thị trấn Tây Đằng', 1, 699, '1', '1', 0),
(9622, 'Xã Tân Đức', 16, 202, '1', '6772', 0),
(9625, 'Xã Phú Cường', 1, 699, '0', NULL, 0),
(9628, 'Xã Cổ Đô', 1, 699, '1', '3', 0),
(9631, 'Xã Tản Hồng', 1, 699, '1', '4', 0),
(9634, 'Xã Vạn Thắng', 1, 699, '1', '5', 0),
(9637, 'Xã Châu Sơn', 1, 699, '1', '29', 0),
(9640, 'Xã Phong Vân', 1, 699, '1', '6', 0),
(9643, 'Xã Phú Đông', 1, 699, '0', NULL, 0),
(9646, 'Xã Phú Phương', 1, 699, '1', '8', 0),
(9649, 'Xã Phú Châu', 1, 699, '1', '9', 0),
(9652, 'Xã Thái Hòa', 1, 699, '1', '10', 0),
(9655, 'Xã Đồng Thái', 1, 699, '1', '11', 0),
(9658, 'Xã Phú Sơn', 1, 699, '1', '12', 0),
(9661, 'Xã Minh Châu', 1, 699, '1', '13', 0),
(9664, 'Xã Vật Lại', 1, 699, '1', '14', 0),
(9667, 'Xã Chu Minh', 1, 699, '1', '15', 0),
(9670, 'Xã Tòng Bạt', 1, 699, '1', '16', 0),
(9673, 'Xã Cẩm Lĩnh', 1, 699, '1', '17', 0),
(9676, 'Xã Sơn Đà', 1, 699, '1', '18', 0),
(9679, 'Xã Đông Quang', 1, 699, '1', '19', 0),
(9682, 'Xã Tiên Phong', 1, 699, '1', '20', 0),
(9685, 'Xã Thụy An', 1, 699, '1', '21', 0),
(9688, 'Xã Cam Thượng', 1, 699, '1', '22', 0),
(9691, 'Xã Thuần Mỹ', 1, 699, '1', '23', 0),
(9694, 'Xã Tản Lĩnh', 1, 699, '1', '24', 0),
(9697, 'Xã Ba Trại', 1, 699, '1', '25', 0),
(9700, 'Xã Minh Quang', 1, 699, '1', '30', 0),
(9703, 'Xã Ba Vì', 1, 699, '0', NULL, 0),
(9706, 'Xã Vân Hòa', 1, 699, '1', '28', 0),
(9709, 'Xã Yên Bài', 1, 699, '1', '26', 0),
(9712, 'Xã Khánh Thượng', 1, 699, '1', '27', 0),
(9715, 'Thị trấn Phúc Thọ', 1, 705, '1', '171', 0),
(9718, 'Xã Vân Hà', 1, 705, '1', '185', 0),
(9721, 'Xã Vân Phúc', 1, 705, '1', '183', 0),
(9724, 'Xã Vân Nam', 1, 705, '1', '184', 0),
(9727, 'Xã Xuân Phú', 1, 705, '1', '182', 0),
(9730, 'Xã Phương Độ', 1, 705, '1', '177', 0),
(9733, 'Xã Sen Chiểu', 1, 705, '1', '176', 0),
(9736, 'Xã Cẩm Đình', 1, 705, '1', '178', 0),
(9739, 'Xã Võng Xuyên', 1, 705, '1', '179', 0),
(9742, 'Xã Thọ Lộc', 1, 705, '1', '174', 0),
(9745, 'Xã Long Xuyên', 1, 705, '1', '180', 0),
(9748, 'Xã Thượng Cốc', 1, 705, '1', '181', 0),
(9751, 'Xã Hát Môn', 1, 705, '1', '186', 0),
(9754, 'Xã Tích Giang', 1, 705, '1', '175', 0),
(9757, 'Xã Thanh Đa', 1, 705, '1', '187', 0),
(9760, 'Xã Trạch Mỹ Lộc', 1, 705, '1', '173', 0),
(9763, 'Xã Phúc Hòa', 1, 705, '1', '172', 0),
(9766, 'Xã Ngọc Tảo', 1, 705, '1', '192', 0),
(9769, 'Xã Phụng Thượng', 1, 705, '1', '193', 0),
(9772, 'Xã Tam Thuấn', 1, 705, '1', '188', 0),
(9775, 'Xã Tam Hiệp', 1, 705, '1', '191', 0),
(9778, 'Xã Hiệp Thuận', 1, 705, '1', '190', 0),
(9781, 'Xã Liên Hiệp', 1, 705, '1', '189', 0),
(9784, 'Thị trấn Phùng', 1, 701, '1', '341', 0),
(9787, 'Xã Trung Châu', 1, 701, '1', '356', 0),
(9790, 'Xã Thọ An', 1, 701, '1', '342', 0),
(9793, 'Xã Thọ Xuân', 1, 701, '1', '343', 0),
(9796, 'Xã Hồng Hà', 1, 701, '1', '347', 0),
(9799, 'Xã Liên Hồng', 1, 701, '1', '349', 0),
(9802, 'Xã Liên Hà', 1, 701, '1', '348', 0),
(9805, 'Xã Hạ Mỗ', 1, 701, '1', '346', 0),
(9808, 'Xã Liên Trung', 1, 701, '1', '350', 0),
(9811, 'Xã Phương Đình', 1, 701, '1', '351', 0),
(9814, 'Xã Thượng Mỗ', 1, 701, '1', '355', 0),
(9817, 'Xã Tân Hội', 1, 701, '1', '353', 0),
(9820, 'Xã Tân Lập', 1, 701, '1', '354', 0),
(9823, 'Xã Đan Phượng', 1, 701, '1', '344', 0),
(9826, 'Xã Đồng Tháp', 1, 701, '1', '345', 0),
(9829, 'Xã Song Phượng', 1, 701, '1', '352', 0),
(9832, 'Thị trấn Trạm Trôi', 1, 702, '1', '87', 0),
(9835, 'Xã Đức Thượng', 1, 702, '1', '96', 0),
(9838, 'Xã Minh Khai', 1, 702, '1', '98', 0),
(9841, 'Xã Dương Liễu', 1, 702, '1', '85', 0),
(9844, 'Xã Di Trạch', 1, 702, '1', '92', 0),
(9847, 'Xã Đức Giang', 1, 702, '1', '95', 0),
(9850, 'Xã Cát Quế', 1, 702, '1', '91', 0),
(9853, 'Xã Kim Chung', 1, 702, '1', '97', 0),
(9856, 'Xã Yên Sở', 1, 702, '1', '84', 0),
(9859, 'Xã Sơn Đồng', 1, 702, '1', '100', 0),
(9862, 'Xã Vân Canh', 1, 702, '1', '102', 0),
(9865, 'Xã Đắc Sở', 1, 702, '1', '93', 0),
(9868, 'Xã Lại Yên', 1, 702, '1', '89', 0),
(9871, 'Xã Tiền Yên', 1, 702, '1', '101', 0),
(9874, 'Xã Song Phương', 1, 702, '1', '99', 0),
(9877, 'Xã An Khánh', 1, 702, '1', '86', 0),
(9880, 'Xã An Thượng', 1, 702, '1', '90', 0),
(9883, 'Xã Vân Côn', 1, 702, '1', '103', 0),
(9886, 'Phường Dương Nội', 1, 687, '0', NULL, 0),
(9889, 'Xã La Phù', 1, 702, '1', '88', 0),
(9892, 'Xã Đông La', 1, 702, '1', '94', 0),
(9895, 'Thị trấn Quốc Oai', 1, 706, '1', '194', 0),
(9898, 'Xã Sài Sơn', 1, 706, '1', '195', 0),
(9901, 'Xã Phượng Cách', 1, 706, '1', '196', 0),
(9904, 'Xã Yên Sơn', 1, 706, '1', '197', 0),
(9907, 'Xã Ngọc Liệp', 1, 706, '1', '203', 0),
(9910, 'Xã Ngọc Mỹ', 1, 706, '1', '200', 0),
(9913, 'Xã Liệp Tuyết', 1, 706, '1', '204', 0),
(9916, 'Xã Thạch Thán', 1, 706, '1', '199', 0),
(9919, 'Xã Đồng Quang', 1, 706, '1', '198', 0),
(9922, 'Xã Phú Cát', 1, 706, '1', '208', 0),
(9925, 'Xã Tuyết Nghĩa', 1, 706, '1', '205', 0),
(9928, 'Xã Nghĩa Hương', 1, 706, '1', '201', 0),
(9931, 'Xã Cộng Hòa', 1, 706, '1', '210', 0),
(9934, 'Xã Tân Phú', 1, 706, '1', '213', 0),
(9937, 'Xã Đại Thành', 1, 706, '1', '211', 0),
(9940, 'Xã Phú Mãn', 1, 706, '1', '209', 0),
(9943, 'Xã Cấn Hữu', 1, 706, '1', '202', 0),
(9946, 'Xã Tân Hòa', 1, 706, '1', '212', 0),
(9949, 'Xã Hòa Thạch', 1, 706, '1', '207', 0),
(9952, 'Xã Đông Yên', 1, 706, '1', '206', 0),
(9955, 'Thị trấn Liên Quan', 1, 707, '1', '329', 0),
(9958, 'Xã Đại Đồng', 1, 707, '1', '314', 0),
(9961, 'Xã Cẩm Yên', 1, 707, '1', '311', 0),
(9964, 'Xã Lại Thượng', 1, 707, '1', '320', 0),
(9967, 'Xã Phú Kim', 1, 707, '1', '321', 0),
(9970, 'Xã Hương Ngải', 1, 707, '1', '317', 0),
(9973, 'Xã Canh Nậu', 1, 707, '1', '310', 0),
(9976, 'Xã Kim Quan', 1, 707, '1', '319', 0),
(9979, 'Xã Dị Nậu', 1, 707, '1', '313', 0),
(9982, 'Xã Bình Yên', 1, 707, '1', '309', 0),
(9985, 'Xã Chàng Sơn', 1, 707, '1', '312', 0),
(9988, 'Xã Thạch Hoà', 1, 707, '1', '325', 0),
(9991, 'Xã Cần Kiệm', 1, 707, '1', '11702', 0),
(9994, 'Xã Hữu Bằng', 1, 707, '1', '318', 0),
(9997, 'Xã Phùng Xá', 1, 707, '1', '322', 0),
(10000, 'Xã Tân Xã', 1, 707, '1', '323', 0),
(10003, 'Xã Thạch Xá', 1, 707, '1', '324', 0),
(10006, 'Xã Bình Phú', 1, 707, '1', '308', 0),
(10009, 'Xã Hạ Bằng', 1, 707, '1', '316', 0),
(10012, 'Xã Đồng Trúc', 1, 707, '1', '315', 0),
(10015, 'Thị trấn Chúc Sơn', 1, 700, '1', '33', 0),
(10018, 'Thị trấn Xuân Mai', 1, 700, '1', '31', 0),
(10021, 'Xã Phụng Châu', 1, 700, '1', '36', 0),
(10024, 'Xã Tiên Phương', 1, 700, '1', '37', 0),
(10027, 'Xã Đông Sơn', 1, 700, '1', '38', 0),
(10030, 'Xã Đông Phương Yên', 1, 700, '1', '34', 0),
(10033, 'Xã Phú Nghĩa', 1, 700, '1', '32', 0),
(10039, 'Xã Trường Yên', 1, 700, '1', '35', 0),
(10042, 'Xã Ngọc Hòa', 1, 700, '1', '40', 0),
(10045, 'Xã Thủy Xuân Tiên', 1, 700, '1', '41', 0),
(10048, 'Xã Thanh Bình', 1, 700, '1', '42', 0),
(10051, 'Xã Trung Hòa', 1, 700, '1', '43', 0),
(10054, 'Xã Đại Yên', 1, 700, '1', '44', 0),
(10057, 'Xã Thụy Hương', 1, 700, '1', '45', 0),
(10060, 'Xã Tốt Động', 1, 700, '1', '46', 0),
(10063, 'Xã Lam Điền', 1, 700, '1', '47', 0),
(10066, 'Xã Tân Tiến', 1, 700, '1', '48', 0),
(10069, 'Xã Nam Phương Tiến', 1, 700, '1', '49', 0),
(10072, 'Xã Hợp Đồng', 1, 700, '1', '50', 0),
(10075, 'Xã Hoàng Văn Thụ', 1, 700, '1', '51', 0),
(10078, 'Xã Hoàng Diệu', 1, 700, '1', '52', 0),
(10081, 'Xã Hữu Văn', 1, 700, '1', '53', 0),
(10084, 'Xã Quảng Bị', 1, 700, '1', '54', 0),
(10087, 'Xã Mỹ Lương', 1, 700, '1', '55', 0),
(10090, 'Xã Thượng Vực', 1, 700, '1', '56', 0),
(10093, 'Xã Hồng Phong', 1, 700, '1', '57', 0),
(10096, 'Xã Đồng Phú', 1, 700, '1', '58', 0),
(10099, 'Xã Trần Phú', 1, 700, '1', '59', 0),
(10102, 'Xã Văn Võ', 1, 700, '1', '60', 0),
(10105, 'Xã Đồng Lạc', 1, 700, '1', '61', 0),
(10108, 'Xã Hòa Chính', 1, 700, '1', '62', 0),
(10111, 'Xã Phú Nam An', 1, 700, '1', '63', 0),
(10114, 'Thị trấn Kim Bài', 1, 708, '1', '245', 0),
(10117, 'Phường Đồng Mai', 1, 687, '0', NULL, 0),
(10120, 'Xã Cự Khê', 1, 708, '1', '247', 0),
(10123, 'Phường Biên Giang', 1, 687, '1', '570', 0),
(10126, 'Xã Bích Hòa', 1, 708, '1', '243', 0),
(10129, 'Xã Mỹ Hưng', 1, 708, '1', '248', 0),
(10132, 'Xã Cao Viên', 1, 708, '1', '246', 0),
(10135, 'Xã Bình Minh', 1, 708, '1', '250', 0),
(10138, 'Xã Tam Hưng', 1, 708, '1', '249', 0),
(10141, 'Xã Thanh Cao', 1, 708, '1', '252', 0),
(10144, 'Xã Thanh Thùy', 1, 708, '1', '253', 0),
(10147, 'Xã Thanh Mai', 1, 708, '1', '251', 0),
(10150, 'Xã Thanh Văn', 1, 708, '1', '254', 0),
(10153, 'Xã Đỗ Động', 1, 708, '1', '255', 0),
(10156, 'Xã Kim An', 1, 708, '1', '257', 0),
(10159, 'Xã Kim Thư', 1, 708, '1', '256', 0),
(10162, 'Xã Phương Trung', 1, 708, '1', '258', 0),
(10165, 'Xã Tân Ước', 1, 708, '1', '260', 0),
(10168, 'Xã Dân Hòa', 1, 708, '1', '259', 0),
(10171, 'Xã Liên Châu', 1, 708, '1', '261', 0),
(10174, 'Xã Cao Dương', 1, 708, '1', '244', 0),
(10177, 'Xã Xuân Dương', 1, 708, '1', '263', 0),
(10180, 'Xã Hồng Dương', 1, 708, '1', '262', 0),
(10183, 'Thị trấn Thường Tín', 1, 710, '1', '307', 0),
(10186, 'Xã Ninh Sở', 1, 710, '1', '281', 0),
(10189, 'Xã Nhị Khê', 1, 710, '1', '279', 0),
(10192, 'Xã Duyên Thái', 1, 710, '1', '280', 0),
(10195, 'Xã Khánh Hà', 1, 710, '1', '306', 0),
(10198, 'Xã Hòa Bình', 1, 710, '1', '305', 0),
(10201, 'Xã Văn Bình', 1, 710, '1', '287', 0),
(10204, 'Xã Hiền Giang', 1, 710, '1', '304', 0),
(10207, 'Xã Hồng Vân', 1, 710, '1', '282', 0),
(10210, 'Xã Vân Tảo', 1, 710, '1', '285', 0),
(10213, 'Xã Liên Phương', 1, 710, '1', '286', 0),
(10216, 'Xã Văn Phú', 1, 710, '1', '303', 0),
(10219, 'Xã Tự Nhiên', 1, 710, '1', '283', 0),
(10222, 'Xã Tiền Phong', 1, 710, '1', '302', 0),
(10225, 'Xã Hà Hồi', 1, 710, '1', '288', 0),
(10228, 'Xã Thư Phú', 1, 710, '1', '284', 0),
(10231, 'Xã Nguyễn Trãi', 1, 710, '1', '300', 0),
(10234, 'Xã Quất Động', 1, 710, '1', '290', 0),
(10237, 'Xã Chương Dương', 1, 710, '1', '289', 0),
(10240, 'Xã Tân Minh', 1, 710, '1', '301', 0),
(10243, 'Xã Lê Lợi', 1, 710, '1', '291', 0),
(10246, 'Xã Thắng Lợi', 1, 710, '1', '292', 0),
(10249, 'Xã Dũng Tiến', 1, 710, '1', '299', 0),
(10252, 'Xã Thống Nhất', 1, 710, '1', '295', 0),
(10255, 'Xã Nghiêm Xuyên', 1, 710, '1', '298', 0),
(10258, 'Xã Tô Hiệu', 1, 710, '1', '293', 0),
(10261, 'Xã Văn Tự', 1, 710, '1', '294', 0),
(10264, 'Xã Vạn Điểm', 1, 710, '1', '296', 0),
(10267, 'Xã Minh Cường', 1, 710, '1', '297', 0),
(10270, 'Thị trấn Phú Minh', 1, 704, '1', '170', 0),
(10273, 'Thị trấn Phú Xuyên', 1, 704, '1', '169', 0),
(10276, 'Xã Hồng Minh', 1, 704, '1', '147', 0),
(10279, 'Xã Phượng Dực', 1, 704, '1', '148', 0),
(10282, 'Xã Văn Nhân', 1, 704, '1', '164', 0),
(10285, 'Xã Thụy Phú', 1, 704, '1', '165', 0),
(10288, 'Xã Tri Trung', 1, 704, '1', '150', 0),
(10291, 'Xã Đại Thắng', 1, 704, '1', '149', 0),
(10294, 'Xã Phú Túc', 1, 704, '1', '152', 0),
(10297, 'Xã Văn Hoàng', 1, 704, '1', '151', 0),
(10300, 'Xã Hồng Thái', 1, 704, '1', '166', 0),
(10303, 'Xã Hoàng Long', 1, 704, '1', '153', 0),
(10306, 'Xã Quang Trung', 1, 704, '1', '154', 0),
(10309, 'Xã Nam Phong', 1, 704, '1', '167', 0),
(10312, 'Xã Nam Triều', 1, 704, '1', '155', 0),
(10315, 'Xã Tân Dân', 1, 704, '1', '156', 0),
(10318, 'Xã Sơn Hà', 1, 704, '1', '157', 0),
(10321, 'Xã Chuyên Mỹ', 1, 704, '1', '158', 0),
(10324, 'Xã Khai Thái', 1, 704, '1', '168', 0),
(10327, 'Xã Phúc Tiến', 1, 704, '1', '159', 0),
(10330, 'Xã Vân Từ', 1, 704, '1', '160', 0),
(10333, 'Xã Tri Thủy', 1, 704, '1', '143', 0),
(10336, 'Xã Đại Xuyên', 1, 704, '1', '161', 0),
(10339, 'Xã Phú Yên', 1, 704, '1', '162', 0),
(10342, 'Xã Bạch Hạ', 1, 704, '1', '144', 0),
(10345, 'Xã Quang Lãng', 1, 704, '1', '145', 0),
(10348, 'Xã Châu Can', 1, 704, '1', '163', 0),
(10351, 'Xã Minh Tân', 1, 704, '1', '146', 0),
(10354, 'Thị trấn Vân Đình', 1, 711, '1', '381', 0),
(10357, 'Xã Viên An', 1, 711, '1', '408', 0),
(10360, 'Xã Viên Nội', 1, 711, '1', '409', 0),
(10363, 'Xã Hoa Sơn', 1, 711, '1', '389', 0),
(10366, 'Xã Quảng Phú Cầu', 1, 711, '1', '401', 0),
(10369, 'Xã Trường Thịnh', 1, 711, '1', '406', 0),
(10372, 'Xã Cao Thành', 1, 711, '1', '382', 0),
(10375, 'Xã Liên Bạt', 1, 711, '1', '396', 0),
(10378, 'Xã Sơn Công', 1, 711, '1', '402', 0),
(10381, 'Xã Đồng Tiến', 1, 711, '1', '388', 0),
(10384, 'Xã Phương Tú', 1, 711, '1', '400', 0),
(10387, 'Xã Trung Tú', 1, 711, '1', '405', 0),
(10390, 'Xã Đồng Tân', 1, 711, '1', '387', 0),
(10393, 'Xã Tảo Dương Văn', 1, 711, '1', '403', 0),
(10396, 'Xã Vạn Thái', 1, 711, '1', '407', 0),
(10399, 'Xã Minh Đức', 1, 711, '1', '398', 0),
(10402, 'Xã Hòa Lâm', 1, 711, '1', '390', 0),
(10405, 'Xã Hòa Xá', 1, 711, '1', '393', 0),
(10408, 'Xã Trầm Lộng', 1, 711, '1', '404', 0),
(10411, 'Xã Kim Đường', 1, 711, '1', '395', 0),
(10414, 'Xã Hòa Nam', 1, 711, '1', '391', 0),
(10417, 'Xã Hòa Phú', 1, 711, '1', '392', 0),
(10420, 'Xã Đội Bình', 1, 711, '1', '385', 0),
(10423, 'Xã Đại Hùng', 1, 711, '1', '384', 0),
(10426, 'Xã Đông Lỗ', 1, 711, '1', '386', 0),
(10429, 'Xã Phù Lưu', 1, 711, '1', '399', 0),
(10432, 'Xã Đại Cường', 1, 711, '1', '383', 0),
(10435, 'Xã Lưu Hoàng', 1, 711, '1', '397', 0),
(10438, 'Xã Hồng Quang', 1, 711, '1', '394', 0),
(10441, 'Thị trấn Đại Nghĩa', 1, 703, '1', '142', 0),
(10444, 'Xã Đồng Tâm', 1, 703, '1', '141', 0),
(10447, 'Xã Thượng Lâm', 1, 703, '1', '139', 0),
(10450, 'Xã Tuy Lai', 1, 703, '1', '138', 0),
(10453, 'Xã Phúc Lâm', 1, 703, '1', '140', 0),
(10456, 'Xã Mỹ Thành', 1, 703, '1', '136', 0),
(10459, 'Xã Bột Xuyên', 1, 703, '1', '137', 0),
(10462, 'Xã An Mỹ', 1, 703, '1', '135', 0),
(10465, 'Xã Hồng Sơn', 1, 703, '1', '134', 0),
(10468, 'Xã Lê Thanh', 1, 703, '1', '133', 0),
(10471, 'Xã Xuy Xá', 1, 703, '1', '132', 0),
(10474, 'Xã Phùng Xá', 1, 703, '1', '131', 0),
(10477, 'Xã Phù Lưu Tế', 1, 703, '1', '130', 0),
(10480, 'Xã Đại Hưng', 1, 703, '1', '127', 0),
(10483, 'Xã Vạn Kim', 1, 703, '1', '124', 0),
(10486, 'Xã Đốc Tín', 1, 703, '1', '123', 0),
(10489, 'Xã Hương Sơn', 1, 703, '1', '121', 0),
(10492, 'Xã Hùng Tiến', 1, 703, '1', '125', 0),
(10495, 'Xã An Tiến', 1, 703, '1', '126', 0),
(10498, 'Xã Hợp Tiến', 1, 703, '1', '129', 0),
(10501, 'Xã Hợp Thanh', 1, 703, '1', '128', 0),
(10504, 'Xã An Phú', 1, 703, '1', '122', 0),
(10507, 'Phường Cẩm Thượng', 19, 61, '1', '3792', 0),
(10510, 'Phường Bình Hàn', 19, 61, '1', '3790', 0),
(10513, 'Phường Ngọc Châu', 19, 61, '1', '3787', 0),
(10514, 'Phường Nhị Châu', 19, 61, '1', '11615', 0),
(10516, 'Phường Quang Trung', 19, 61, '1', '3782', 0),
(10519, 'Phường Nguyễn Trãi', 19, 61, '1', '3781', 0),
(10522, 'Phường Phạm Ngũ Lão', 19, 61, '1', '3780', 0),
(10525, 'Phường Trần Hưng Đạo', 19, 61, '1', '3785', 0),
(10528, 'Phường Trần Phú', 19, 61, '1', '3784', 0),
(10531, 'Phường Thanh Bình', 19, 61, '1', '3789', 0),
(10532, 'Phường Tân Bình', 19, 61, '1', '3794', 0),
(10534, 'Phường Lê Thanh Nghị', 19, 61, '1', '3786', 0),
(10537, 'Phường Hải Tân', 19, 61, '1', '3783', 0),
(10540, 'Phường Tứ Minh', 19, 61, '1', '3791', 0),
(10543, 'Phường Việt Hoà', 19, 61, '1', '3788', 0),
(10546, 'Phường Phả Lại', 19, 62, '1', '3540', 0),
(10549, 'Phường Sao Đỏ', 19, 62, '1', '3543', 0),
(10552, 'Phường Bến Tắm', 19, 62, '0', NULL, 0),
(10555, 'Xã Hoàng Hoa Thám', 19, 62, '1', '3534', 0),
(10558, 'Xã Bắc An', 19, 62, '1', '3529', 0),
(10561, 'Xã Hưng Đạo', 19, 62, '1', '3537', 0),
(10564, 'Xã Lê Lợi', 19, 62, '1', '3539', 0),
(10567, 'Xã Hoàng Tiến', 19, 62, '1', '3536', 0),
(10570, 'Phường Cộng Hoà', 19, 62, '1', '3532', 0),
(10573, 'Phường Hoàng Tân', 19, 62, '1', '3535', 0),
(10576, 'Xã Cổ Thành', 19, 62, '1', '3531', 0),
(10579, 'Phường Văn An', 19, 62, '1', '3544', 0),
(10582, 'Phường Chí Minh', 19, 62, '1', '3530', 0),
(10585, 'Xã Văn Đức', 19, 62, '1', '3545', 0),
(10588, 'Phường Thái Học', 19, 62, '1', '3542', 0),
(10591, 'Xã Nhân Huệ', 19, 62, '1', '3546', 0),
(10594, 'Xã An Lạc', 19, 62, '1', '3528', 0),
(10597, 'Xã Kênh Giang', 19, 62, '1', '3538', 0),
(10600, 'Xã Đồng Lạc', 19, 62, '1', '3533', 0),
(10603, 'Xã Tân Dân', 19, 62, '1', '3541', 0),
(10606, 'Thị trấn Nam Sách', 19, 63, '1', '3675', 0),
(10609, 'Xã Nam Hưng', 19, 63, '1', '3667', 0),
(10612, 'Xã Nam Tân', 19, 63, '1', '3668', 0),
(10615, 'Xã Hợp Tiến', 19, 63, '1', '3663', 0),
(10618, 'Xã Hiệp Cát', 19, 63, '1', '3661', 0),
(10621, 'Xã Thanh Quang', 19, 63, '1', '3673', 0),
(10624, 'Xã Quốc Tuấn', 19, 63, '1', '3671', 0),
(10627, 'Xã Nam Chính', 19, 63, '0', NULL, 0),
(10630, 'Xã An Bình', 19, 63, '1', '3654', 0),
(10633, 'Xã Nam Trung', 19, 63, '1', '3669', 0),
(10636, 'Xã An Sơn', 19, 63, '1', '3659', 0),
(10639, 'Xã Cộng Hòa', 19, 63, '1', '3660', 0),
(10642, 'Xã Thái Tân', 19, 63, '1', '3672', 0),
(10645, 'Xã An Lâm', 19, 63, '1', '3657', 0),
(10648, 'Xã Phú Điền', 19, 63, '1', '3670', 0),
(10651, 'Xã Nam Hồng', 19, 63, '1', '3666', 0),
(10654, 'Xã Hồng Phong', 19, 63, '1', '3662', 0),
(10657, 'Xã Đồng Lạc', 19, 63, '1', '3676', 0),
(10660, 'Phường Ái Quốc', 19, 61, '1', '11669', 0),
(10663, 'Xã An Châu', 19, 61, '1', '11629', 0),
(10666, 'Xã Minh Tân', 19, 63, '1', '3664', 0),
(10669, 'Xã Thượng Đạt', 19, 61, '0', NULL, 0),
(10672, 'Xã Nam Đồng', 19, 61, '0', NULL, 0),
(10675, 'Thị trấn Kinh Môn', 19, 65, '1', '3649', 0),
(10678, 'Xã Bạch Đằng', 19, 65, '1', '3629', 0),
(10681, 'Xã Thất Hùng', 19, 65, '1', '3648', 0),
(10684, 'Xã Lê Ninh', 19, 65, '1', '3637', 0),
(10687, 'Xã Hoành Sơn', 19, 65, '0', NULL, 0),
(10690, 'Xã Phúc Thành B', 19, 65, '1', '3642', 0),
(10693, 'Xã Thái Sơn', 19, 65, '1', '3645', 0),
(10696, 'Xã Duy Tân', 19, 65, '1', '3630', 0),
(10699, 'Xã Tân Dân', 19, 65, '1', '3644', 0),
(10702, 'Thị trấn Minh Tân', 19, 65, '1', '3650', 0),
(10705, 'Xã Quang Trung', 19, 65, '1', '3643', 0),
(10708, 'Xã Hiệp Hòa', 19, 65, '1', '3633', 0),
(10711, 'Xã Phạm Mệnh', 19, 65, '1', '3640', 0),
(10714, 'Thị trấn Phú Thứ', 19, 65, '1', '3641', 0),
(10717, 'Xã Thăng Long', 19, 65, '1', '3647', 0),
(10720, 'Xã Lạc Long', 19, 65, '1', '3636', 0),
(10723, 'Xã An Sinh', 19, 65, '1', '3628', 0),
(10726, 'Xã Hiệp Sơn', 19, 65, '1', '3634', 0),
(10729, 'Xã Thượng Quận', 19, 65, '1', '3651', 0),
(10732, 'Xã An Phụ', 19, 65, '1', '3627', 0),
(10735, 'Xã Hiệp An', 19, 65, '1', '3632', 0),
(10738, 'Xã Long Xuyên', 19, 65, '1', '3652', 0),
(10741, 'Xã Thái Thịnh', 19, 65, '1', '3646', 0),
(10744, 'Xã Hiến Thành', 19, 65, '1', '3631', 0),
(10747, 'Xã Minh Hòa', 19, 65, '1', '3638', 0),
(10750, 'Thị trấn Phú Thái', 19, 66, '1', '3625', 0),
(10753, 'Xã Lai Vu', 19, 66, '1', '3616', 0),
(10756, 'Xã Cộng Hòa', 19, 66, '1', '3606', 0),
(10759, 'Xã Thượng Vũ', 19, 66, '1', '3621', 0),
(10762, 'Xã Cổ Dũng', 19, 66, '1', '3605', 0),
(10765, 'Xã Việt Hưng', 19, 66, '1', '3623', 0),
(10768, 'Xã Tuấn Hưng', 19, 66, '1', '3622', 0),
(10771, 'Xã Kim Xuyên', 19, 66, '1', '3614', 0),
(10774, 'Xã Phúc Thành A', 19, 66, '1', '3619', 0),
(10777, 'Xã Ngũ Phúc', 19, 66, '1', '3618', 0),
(10780, 'Xã Kim Anh', 19, 66, '1', '3609', 0),
(10783, 'Xã Kim Lương', 19, 66, '1', '3612', 0),
(10786, 'Xã Kim Tân', 19, 66, '1', '3613', 0),
(10789, 'Xã Kim Khê', 19, 66, '1', '3611', 0),
(10792, 'Xã Kim Đính', 19, 66, '1', '3610', 0),
(10795, 'Xã Cẩm La', 19, 66, '1', '3604', 0),
(10798, 'Xã Bình Dân', 19, 66, '1', '3603', 0),
(10801, 'Xã Tam Kỳ', 19, 66, '1', '3620', 0),
(10804, 'Xã Đồng Gia', 19, 66, '1', '3608', 0),
(10807, 'Xã Liên Hòa', 19, 66, '1', '3617', 0),
(10810, 'Xã Đại Đức', 19, 66, '1', '3607', 0),
(10813, 'Thị trấn Thanh Hà', 19, 64, '1', '3721', 0),
(10816, 'Xã Hồng Lạc', 19, 64, '1', '3708', 0),
(10819, 'Xã Việt Hồng', 19, 64, '1', '3722', 0),
(10822, 'Xã Quyết Thắng', 19, 64, '0', NULL, 0),
(10825, 'Xã Tân Việt', 19, 64, '1', '3711', 0),
(10828, 'Xã Cẩm Chế', 19, 64, '1', '3707', 0),
(10831, 'Xã Thanh An', 19, 64, '1', '3726', 0),
(10834, 'Xã Thanh Lang', 19, 64, '1', '3716', 0),
(10837, 'Xã Tiền Tiến', 19, 64, '1', '3724', 0),
(10840, 'Xã Tân An', 19, 64, '1', '3725', 0),
(10843, 'Xã Liên Mạc', 19, 64, '1', '3709', 0),
(10846, 'Xã Thanh Hải', 19, 64, '1', '3713', 0),
(10849, 'Xã Thanh Khê', 19, 64, '1', '3715', 0),
(10852, 'Xã Thanh Xá', 19, 64, '1', '3719', 0),
(10855, 'Xã Thanh Xuân', 19, 64, '1', '3727', 0),
(10858, 'Xã An Lương', 19, 64, '1', '3706', 0),
(10861, 'Xã Thanh Thủy', 19, 64, '1', '3718', 0),
(10864, 'Xã Phượng Hoàng', 19, 64, '1', '3710', 0),
(10867, 'Xã Thanh Sơn', 19, 64, '1', '3717', 0),
(10870, 'Xã Hợp Đức', 19, 64, '1', '3728', 0),
(10873, 'Xã Trường Thành', 19, 64, '1', '3720', 0),
(10876, 'Xã Thanh Bính', 19, 64, '1', '3712', 0),
(10879, 'Xã Thanh Hồng', 19, 64, '1', '3714', 0),
(10882, 'Xã Thanh Cường', 19, 64, '1', '3729', 0),
(10885, 'Xã Vĩnh Lập', 19, 64, '1', '3723', 0),
(10888, 'Thị trấn Cẩm Giàng', 19, 69, '1', '11622', 0),
(10891, 'Thị trấn Lai Cách', 19, 69, '1', '3568', 0),
(10894, 'Xã Cẩm Hưng', 19, 69, '1', '3554', 0),
(10897, 'Xã Cẩm Hoàng', 19, 69, '1', '3553', 0),
(10900, 'Xã Cẩm Văn', 19, 69, '1', '3559', 0),
(10903, 'Xã Ngọc Liên', 19, 69, '1', '3565', 0),
(10906, 'Xã Thạch Lỗi', 19, 69, '1', '3567', 0),
(10909, 'Xã Cẩm Vũ', 19, 69, '1', '3560', 0),
(10912, 'Xã Đức Chính', 19, 69, '1', '3562', 0),
(10915, 'Xã Cẩm Sơn', 19, 69, '1', '3558', 0),
(10918, 'Xã Cẩm Định', 19, 69, '1', '3550', 0),
(10921, 'Xã Kim Giang', 19, 69, '1', '3564', 0),
(10924, 'Xã Lương Điền', 19, 69, '1', '3570', 0),
(10927, 'Xã Cao An', 19, 69, '1', '3561', 0),
(10930, 'Xã Tân Trường', 19, 69, '1', '3566', 0),
(10933, 'Xã Cẩm Phúc', 19, 69, '1', '3557', 0),
(10936, 'Xã Cẩm Điền', 19, 69, '1', '3549', 0),
(10939, 'Xã Cẩm Đông', 19, 69, '1', '3552', 0),
(10942, 'Xã Cẩm Đoài', 19, 69, '1', '3551', 0),
(10945, 'Thị trấn Kẻ Sặt', 19, 70, '1', '3525', 0),
(10948, 'Xã Hưng Thịnh', 19, 70, '1', '3520', 0),
(10951, 'Xã Vĩnh Tuy', 19, 70, '1', '3527', 0),
(10954, 'Xã Hùng Thắng', 19, 70, '1', '3519', 0),
(10957, 'Xã Tráng Liệt', 19, 70, '0', NULL, 0),
(10960, 'Xã Vĩnh Hồng', 19, 70, '1', '3526', 0),
(10963, 'Xã Long Xuyên', 19, 70, '1', '3521', 0),
(10966, 'Xã Tân Việt', 19, 70, '0', NULL, 0),
(10969, 'Xã Thúc Kháng', 19, 70, '1', '11638', 0),
(10972, 'Xã Tân Hồng', 19, 70, '1', '3524', 0),
(10975, 'Xã Bình Minh', 19, 70, '1', '3515', 0),
(10978, 'Xã Hồng Khê', 19, 70, '1', '3518', 0),
(10981, 'Xã Thái Học', 19, 70, '1', '11590', 0),
(10984, 'Xã Cổ Bi', 19, 70, '1', '3517', 0),
(10987, 'Xã Nhân Quyền', 19, 70, '1', '3522', 0),
(10990, 'Xã Thái Dương', 19, 70, '0', NULL, 0),
(10993, 'Xã Thái Hòa', 19, 70, '0', NULL, 0),
(10996, 'Xã Bình Xuyên', 19, 70, '1', '3516', 0),
(10999, 'Thị trấn Gia Lộc', 19, 67, '1', '3594', 0),
(11002, 'Phường Thạch Khôi', 19, 61, '0', NULL, 0),
(11005, 'Xã Liên Hồng', 19, 67, '1', '3586', 0),
(11008, 'Xã Thống Nhất', 19, 67, '1', '3596', 0),
(11011, 'Xã Tân Hưng', 19, 61, '1', '11586', 0),
(11014, 'Xã Trùng Khánh', 19, 67, '1', '3598', 0),
(11017, 'Xã Gia Xuyên', 19, 67, '1', '3582', 0),
(11020, 'Xã Yết Kiêu', 19, 67, '1', '3599', 0),
(11023, 'Xã Gia Hòa', 19, 67, '1', '3577', 0),
(11026, 'Xã Phương Hưng', 19, 67, '1', '3589', 0),
(11029, 'Xã Gia Tân', 19, 67, '1', '3581', 0),
(11032, 'Xã Tân Tiến', 19, 67, '1', '3592', 0),
(11035, 'Xã Gia Khánh', 19, 67, '1', '3579', 0),
(11038, 'Xã Gia Lương', 19, 67, '1', '3580', 0),
(11041, 'Xã Lê Lợi', 19, 67, '1', '3600', 0),
(11044, 'Xã Toàn Thắng', 19, 67, '1', '3597', 0),
(11047, 'Xã Hoàng Diệu', 19, 67, '1', '3583', 0),
(11050, 'Xã Hồng Hưng', 19, 67, '1', '3585', 0),
(11053, 'Xã Phạm Trấn', 19, 67, '1', '3588', 0),
(11056, 'Xã Đoàn Thượng', 19, 67, '1', '3572', 0),
(11059, 'Xã Thống Kênh', 19, 67, '1', '3595', 0),
(11062, 'Xã Quang Minh', 19, 67, '1', '3590', 0),
(11065, 'Xã Đồng Quang', 19, 67, '1', '3574', 0),
(11068, 'Xã Nhật Tân', 19, 67, '1', '3587', 0),
(11071, 'Xã Đức Xương', 19, 67, '1', '3576', 0),
(11074, 'Thị trấn Tứ Kỳ', 19, 68, '1', '3775', 0),
(11077, 'Xã Ngọc Sơn', 19, 68, '1', '3764', 0),
(11080, 'Xã Kỳ Sơn', 19, 68, '1', '3761', 0),
(11083, 'Xã Đại Đồng', 19, 68, '1', '3779', 0),
(11086, 'Xã Hưng Đạo', 19, 68, '1', '3760', 0),
(11089, 'Xã Ngọc Kỳ', 19, 68, '1', '3763', 0),
(11092, 'Xã Bình Lăng', 19, 68, '1', '3753', 0),
(11095, 'Xã Tứ Xuyên', 19, 68, '1', '3777', 0),
(11098, 'Xã Tái Sơn', 19, 68, '1', '3772', 0),
(11101, 'Xã Quang Phục', 19, 68, '1', '3769', 0),
(11104, 'Xã Đông Kỳ', 19, 68, '1', '3757', 0),
(11107, 'Xã Tây Kỳ', 19, 68, '1', '3774', 0),
(11110, 'Xã Dân Chủ', 19, 68, '1', '3756', 0),
(11113, 'Xã Tân Kỳ', 19, 68, '1', '3773', 0),
(11116, 'Xã Quang Khải', 19, 68, '1', '3767', 0),
(11119, 'Xã Đại Hợp', 19, 68, '1', '3755', 0),
(11122, 'Xã Quảng Nghiệp', 19, 68, '1', '3768', 0),
(11125, 'Xã An Thanh', 19, 68, '1', '3752', 0),
(11128, 'Xã Minh Đức', 19, 68, '1', '3762', 0),
(11131, 'Xã Văn Tố', 19, 68, '1', '3778', 0),
(11134, 'Xã Quang Trung', 19, 68, '1', '3770', 0),
(11137, 'Xã Phượng Kỳ', 19, 68, '1', '3766', 0),
(11140, 'Xã Cộng Lạc', 19, 68, '1', '3754', 0),
(11143, 'Xã Tiên Động', 19, 68, '1', '3776', 0),
(11146, 'Xã Nguyên Giáp', 19, 68, '1', '3765', 0),
(11149, 'Xã Hà Kỳ', 19, 68, '1', '3758', 0),
(11152, 'Xã Hà Thanh', 19, 68, '1', '3759', 0),
(11155, 'Thị trấn Ninh Giang', 19, 72, '1', '3705', 0),
(11158, 'Xã Quyết Thắng', 19, 72, '1', '3695', 0),
(11161, 'Xã Ứng Hoè', 19, 72, '1', '3698', 0),
(11164, 'Xã Nghĩa An', 19, 72, '1', '3689', 0),
(11167, 'Xã Hồng Đức', 19, 72, '1', '3682', 0),
(11170, 'Xã Ninh Hòa', 19, 72, '1', '3691', 0),
(11173, 'Xã An Đức', 19, 72, '1', '3703', 0),
(11176, 'Xã Vạn Phúc', 19, 72, '1', '3701', 0),
(11179, 'Xã Tân Hương', 19, 72, '1', '3696', 0),
(11182, 'Xã Ninh Thành', 19, 72, '1', '3692', 0),
(11185, 'Xã Vĩnh Hòa', 19, 72, '1', '3702', 0),
(11188, 'Xã Đông Xuyên', 19, 72, '1', '3678', 0),
(11191, 'Xã Hoàng Hanh', 19, 72, '1', '3680', 0),
(11194, 'Xã Quang Hưng', 19, 72, '1', '3694', 0),
(11197, 'Xã Tân Phong', 19, 72, '1', '3697', 0),
(11200, 'Xã Ninh Hải', 19, 72, '1', '3690', 0),
(11203, 'Xã Đồng Tâm', 19, 72, '1', '3677', 0),
(11206, 'Xã Tân Quang', 19, 72, '1', '3704', 0),
(11209, 'Xã Kiến Quốc', 19, 72, '1', '3688', 0),
(11212, 'Xã Hồng Thái', 19, 72, '1', '3685', 0),
(11215, 'Xã Hồng Dụ', 19, 72, '1', '3681', 0),
(11218, 'Xã Văn Hội', 19, 72, '1', '3700', 0),
(11221, 'Xã Hưng Thái', 19, 72, '1', '3687', 0),
(11224, 'Xã Hồng Phong', 19, 72, '1', '3683', 0),
(11227, 'Xã Hiệp Lực', 19, 72, '1', '3679', 0),
(11230, 'Xã Hồng Phúc', 19, 72, '1', '3684', 0),
(11233, 'Xã Hưng Long', 19, 72, '1', '3686', 0),
(11236, 'Xã Văn Giang', 19, 72, '1', '3699', 0),
(11239, 'Thị trấn Thanh Miện', 19, 71, '1', '3749', 0),
(11242, 'Xã Thanh Tùng', 19, 71, '1', '3747', 0),
(11245, 'Xã Phạm Kha', 19, 71, '1', '3744', 0),
(11248, 'Xã Ngô Quyền', 19, 71, '1', '3742', 0),
(11251, 'Xã Đoàn Tùng', 19, 71, '1', '3735', 0),
(11254, 'Xã Hồng Quang', 19, 71, '1', '3737', 0),
(11257, 'Xã Tân Trào', 19, 71, '1', '3745', 0),
(11260, 'Xã Lam Sơn', 19, 71, '1', '3739', 0),
(11263, 'Xã Đoàn Kết', 19, 71, '1', '3734', 0),
(11266, 'Xã Lê Hồng', 19, 71, '1', '3741', 0),
(11269, 'Xã Tứ Cường', 19, 71, '1', '3750', 0),
(11272, 'Xã Hùng Sơn', 19, 71, '1', '3738', 0),
(11275, 'Xã Ngũ Hùng', 19, 71, '1', '3743', 0),
(11278, 'Xã Cao Thắng', 19, 71, '1', '3730', 0),
(11281, 'Xã Chi Lăng Bắc', 19, 71, '1', '3731', 0),
(11284, 'Xã Chi Lăng Nam', 19, 71, '1', '3732', 0),
(11287, 'Xã Thanh Giang', 19, 71, '1', '3746', 0),
(11290, 'Xã Diên Hồng', 19, 71, '1', '3733', 0),
(11293, 'Xã Tiền Phong', 19, 71, '1', '3748', 0),
(11296, 'Phường Quán Toan', 20, 15, '1', '3972', 0),
(11299, 'Phường Hùng Vương', 20, 15, '1', '3971', 0),
(11302, 'Phường Sở Dầu', 20, 15, '1', '3970', 0),
(11305, 'Phường Thượng Lý', 20, 15, '1', '3968', 0),
(11308, 'Phường Hạ Lý', 20, 15, '1', '3969', 0),
(11311, 'Phường Minh Khai', 20, 15, '1', '3963', 0),
(11314, 'Phường Trại Chuối', 20, 15, '1', '3967', 0),
(11317, 'Phường Quang Trung', 20, 15, '1', '3965', 0),
(11320, 'Phường Hoàng Văn Thụ', 20, 15, '1', '3962', 0),
(11323, 'Phường Phan Bội Châu', 20, 15, '1', '3964', 0),
(11326, 'Phường Phạm Hồng Thái', 20, 15, '1', '3966', 0),
(11329, 'Phường Máy Chai', 20, 16, '1', '4007', 0),
(11332, 'Phường Máy Tơ', 20, 16, '1', '3998', 0),
(11335, 'Phường Vạn Mỹ', 20, 16, '1', '4010', 0),
(11338, 'Phường Cầu Tre', 20, 16, '1', '4005', 0),
(11341, 'Phường Lạc Viên', 20, 16, '1', '4009', 0),
(11344, 'Phường Lương Khánh Thiện', 20, 16, '1', '3999', 0),
(11347, 'Phường Gia Viên', 20, 16, '1', '4008', 0),
(11350, 'Phường Đông Khê', 20, 16, '1', '4004', 0),
(11353, 'Phường Cầu Đất', 20, 16, '1', '4000', 0),
(11356, 'Phường Lê Lợi', 20, 16, '1', '4002', 0),
(11359, 'Phường Đằng Giang', 20, 16, '1', '4003', 0),
(11362, 'Phường Lạch Tray', 20, 16, '1', '4001', 0),
(11365, 'Phường Đổng Quốc Bình', 20, 16, '1', '4006', 0),
(11368, 'Phường Cát Dài', 20, 17, '1', '3983', 0),
(11371, 'Phường An Biên', 20, 17, '1', '3984', 0),
(11374, 'Phường Lam Sơn', 20, 17, '1', '3992', 0),
(11377, 'Phường An Dương', 20, 17, '1', '3986', 0),
(11380, 'Phường Trần Nguyên Hãn', 20, 17, '1', '3996', 0),
(11383, 'Phường Hồ Nam', 20, 17, '1', '3990', 0),
(11386, 'Phường Trại Cau', 20, 17, '1', '3995', 0),
(11389, 'Phường Dư Hàng', 20, 17, '1', '3987', 0),
(11392, 'Phường Hàng Kênh', 20, 17, '1', '3989', 0),
(11395, 'Phường Đông Hải', 20, 17, '1', '3985', 0),
(11398, 'Phường Niệm Nghĩa', 20, 17, '1', '3993', 0),
(11401, 'Phường Nghĩa Xá', 20, 17, '1', '3994', 0),
(11404, 'Phường Dư Hàng Kênh', 20, 17, '1', '3988', 0),
(11405, 'Phường Kênh Dương', 20, 17, '1', '3991', 0),
(11407, 'Phường Vĩnh Niệm', 20, 17, '1', '3997', 0),
(11410, 'Phường Đông Hải 1', 20, 690, '1', '3955', 0),
(11411, 'Phường Đông Hải 2', 20, 690, '1', '3956', 0),
(11413, 'Phường Đằng Lâm', 20, 690, '1', '3961', 0),
(11414, 'Phường Thành Tô', 20, 690, '1', '3959', 0),
(11416, 'Phường Đằng Hải', 20, 690, '1', '3957', 0),
(11419, 'Phường Nam Hải', 20, 690, '1', '3958', 0),
(11422, 'Phường Cát Bi', 20, 690, '1', '3954', 0),
(11425, 'Phường Tràng Cát', 20, 690, '1', '3960', 0),
(11428, 'Phường Quán Trữ', 20, 18, '1', '3979', 0),
(11429, 'Phường Lãm Hà', 20, 18, '1', '3975', 0),
(11431, 'Phường Đồng Hoà', 20, 18, '1', '3974', 0),
(11434, 'Phường Bắc Sơn', 20, 18, '1', '3973', 0),
(11437, 'Phường Nam Sơn', 20, 18, '1', '3976', 0),
(11440, 'Phường Ngọc Sơn', 20, 18, '1', '3977', 0),
(11443, 'Phường Trần Thành Ngọ', 20, 18, '1', '3981', 0),
(11446, 'Phường Văn Đẩu', 20, 18, '1', '3982', 0),
(11449, 'Phường Phù Liễn', 20, 18, '1', '3978', 0),
(11452, 'Phường Tràng Minh', 20, 18, '1', '3980', 0),
(11455, 'Phường Ngọc Xuyên', 20, 19, '1', '4015', 0),
(11458, 'Phường Ngọc Hải', 20, 19, '1', '4014', 0),
(11461, 'Phường Vạn Hương', 20, 19, '1', '4016', 0),
(11464, 'Phường Vạn Sơn', 20, 19, '1', '4017', 0),
(11465, 'Phường Minh Đức', 20, 19, '1', '4013', 0),
(11467, 'Phường Bàng La', 20, 19, '1', '4011', 0),
(11470, 'Thị trấn Núi Đèo', 20, 20, '1', '3871', 0),
(11473, 'Thị trấn Minh Đức', 20, 20, '1', '3847', 0),
(11476, 'Xã Lại Xuân', 20, 20, '1', '3855', 0),
(11479, 'Xã An Sơn', 20, 20, '1', '3859', 0),
(11482, 'Xã Kỳ Sơn', 20, 20, '1', '3864', 0),
(11485, 'Xã Liên Khê', 20, 20, '1', '3867', 0),
(11488, 'Xã Lưu Kiếm', 20, 20, '1', '3865', 0),
(11491, 'Xã Lưu Kỳ', 20, 20, '1', '3852', 0),
(11494, 'Xã Gia Minh', 20, 20, '1', '3873', 0),
(11497, 'Xã Gia Đức', 20, 20, '1', '3874', 0),
(11500, 'Xã Minh Tân', 20, 20, '1', '3866', 0),
(11503, 'Xã Phù Ninh', 20, 20, '1', '3875', 0),
(11506, 'Xã Quảng Thanh', 20, 20, '1', '3876', 0),
(11509, 'Xã Chính Mỹ', 20, 20, '1', '3877', 0),
(11512, 'Xã Kênh Giang', 20, 20, '1', '3863', 0),
(11515, 'Xã Hợp Thành', 20, 20, '1', '3850', 0),
(11518, 'Xã Cao Nhân', 20, 20, '1', '3851', 0),
(11521, 'Xã Mỹ Đồng', 20, 20, '1', '3868', 0),
(11524, 'Xã Đông Sơn', 20, 20, '1', '3861', 0),
(11527, 'Xã Hoà Bình', 20, 20, '1', '3870', 0),
(11530, 'Xã Trung Hà', 20, 20, '1', '3872', 0),
(11533, 'Xã An Lư', 20, 20, '1', '3846', 0),
(11536, 'Xã Thuỷ Triều', 20, 20, '1', '3878', 0),
(11539, 'Xã Ngũ Lão', 20, 20, '1', '3848', 0),
(11542, 'Xã Phục Lễ', 20, 20, '1', '3856', 0),
(11545, 'Xã Tam Hưng', 20, 20, '1', '3853', 0),
(11548, 'Xã Phả Lễ', 20, 20, '1', '3854', 0),
(11551, 'Xã Lập Lễ', 20, 20, '1', '3857', 0),
(11554, 'Xã Kiền Bái', 20, 20, '1', '3869', 0),
(11557, 'Xã Thiên Hương', 20, 20, '1', '3862', 0),
(11560, 'Xã Thuỷ Sơn', 20, 20, '1', '3849', 0),
(11563, 'Xã Thuỷ Đường', 20, 20, '1', '3845', 0),
(11566, 'Xã Hoàng Động', 20, 20, '1', '3879', 0),
(11569, 'Xã Lâm Động', 20, 20, '1', '3880', 0),
(11572, 'Xã Hoa Động', 20, 20, '1', '3881', 0),
(11575, 'Xã Tân Dương', 20, 20, '1', '3860', 0),
(11578, 'Xã Dương Quan', 20, 20, '1', '3858', 0),
(11581, 'Thị trấn An Dương', 20, 717, '1', '3800', 0),
(11584, 'Xã Lê Thiện', 20, 717, '1', '3801', 0),
(11587, 'Xã Đại Bản', 20, 717, '1', '3795', 0),
(11590, 'Xã An Hoà', 20, 717, '1', '3802', 0),
(11593, 'Xã Hồng Phong', 20, 717, '1', '3803', 0),
(11596, 'Xã Tân Tiến', 20, 717, '1', '3796', 0),
(11599, 'Xã An Hưng', 20, 717, '1', '3797', 0),
(11602, 'Xã An Hồng', 20, 717, '1', '3798', 0),
(11605, 'Xã Bắc Sơn', 20, 717, '1', '3804', 0),
(11608, 'Xã Nam Sơn', 20, 717, '1', '3799', 0),
(11611, 'Xã Lê Lợi', 20, 717, '1', '3805', 0),
(11614, 'Xã Đặng Cương', 20, 717, '1', '3806', 0),
(11617, 'Xã Đồng Thái', 20, 717, '1', '3807', 0),
(11620, 'Xã Quốc Tuấn', 20, 717, '1', '3808', 0),
(11623, 'Xã An Đồng', 20, 717, '1', '3810', 0),
(11626, 'Xã Hồng Thái', 20, 717, '1', '3809', 0),
(11629, 'Thị trấn An Lão', 20, 22, '1', '1082', 0),
(11632, 'Xã Bát Trang', 20, 22, '1', '3817', 0),
(11635, 'Xã Trường Thọ', 20, 22, '1', '3814', 0),
(11638, 'Xã Trường Thành', 20, 22, '1', '3813', 0),
(11641, 'Xã An Tiến', 20, 22, '1', '3818', 0),
(11644, 'Xã Quang Hưng', 20, 22, '1', '3819', 0),
(11647, 'Xã Quang Trung', 20, 22, '1', '3815', 0),
(11650, 'Xã Quốc Tuấn', 20, 22, '1', '3820', 0),
(11653, 'Xã An Thắng', 20, 22, '1', '3816', 0),
(11656, 'Thị trấn Trường Sơn', 20, 22, '1', '3811', 0),
(11659, 'Xã Tân Dân', 20, 22, '1', '3821', 0),
(11662, 'Xã Thái Sơn', 20, 22, '1', '3822', 0),
(11665, 'Xã Tân Viên', 20, 22, '1', '3823', 0),
(11668, 'Xã Mỹ Đức', 20, 22, '1', '3812', 0),
(11671, 'Xã Chiến Thắng', 20, 22, '1', '3824', 0),
(11674, 'Xã An Thọ', 20, 22, '1', '3825', 0),
(11677, 'Xã An Thái', 20, 22, '1', '3826', 0),
(11680, 'Thị trấn Núi Đối', 20, 23, '0', NULL, 0),
(11683, 'Phường Đa Phúc', 20, 716, '1', '3948', 0),
(11686, 'Phường Hưng Đạo', 20, 716, '1', '3949', 0),
(11689, 'Phường Anh Dũng', 20, 716, '1', '3950', 0),
(11692, 'Phường Hải Thành', 20, 716, '1', '3951', 0),
(11695, 'Xã Đông Phương', 20, 23, '1', '3828', 0),
(11698, 'Xã Thuận Thiên', 20, 23, '1', '3831', 0),
(11701, 'Xã Hữu Bằng', 20, 23, '1', '3830', 0),
(11704, 'Xã Đại Đồng', 20, 23, '1', '3829', 0),
(11707, 'Phường Hoà Nghĩa', 20, 716, '1', '3952', 0),
(11710, 'Xã Ngũ Phúc', 20, 23, '1', '3833', 0),
(11713, 'Xã Kiến Quốc', 20, 23, '1', '3834', 0),
(11716, 'Xã Du Lễ', 20, 23, '1', '3832', 0),
(11719, 'Xã Thuỵ Hương', 20, 23, '1', '3835', 0),
(11722, 'Xã Thanh Sơn', 20, 23, '1', '3836', 0),
(11725, 'Xã Minh Tân', 20, 23, '1', '3844', 0),
(11728, 'Xã Đại Hà', 20, 23, '1', '3837', 0),
(11731, 'Xã Ngũ Đoan', 20, 23, '1', '3838', 0),
(11734, 'Xã Tân Phong', 20, 23, '1', '3843', 0),
(11737, 'Phường Hợp Đức', 20, 19, '1', '4012', 0),
(11740, 'Phường Tân Thành', 20, 716, '1', '3953', 0),
(11743, 'Xã Tân Trào', 20, 23, '1', '3839', 0),
(11746, 'Xã Đoàn Xá', 20, 23, '1', '3840', 0),
(11749, 'Xã Tú Sơn', 20, 23, '1', '3842', 0),
(11752, 'Xã Đại Hợp', 20, 23, '1', '3841', 0),
(11755, 'Thị trấn Tiên Lãng', 20, 24, '1', '3890', 0),
(11758, 'Xã Đại Thắng', 20, 24, '1', '3891', 0),
(11761, 'Xã Tiên Cường', 20, 24, '1', '3892', 0),
(11764, 'Xã Tự Cường', 20, 24, '1', '3893', 0),
(11767, 'Xã Tiên Tiến', 20, 24, '1', '3894', 0),
(11770, 'Xã Quyết Tiến', 20, 24, '1', '3888', 0),
(11773, 'Xã Khởi Nghĩa', 20, 24, '1', '3886', 0),
(11776, 'Xã Tiên Thanh', 20, 24, '1', '3895', 0),
(11779, 'Xã Cấp Tiến', 20, 24, '1', '3896', 0),
(11782, 'Xã Kiến Thiết', 20, 24, '1', '3897', 0),
(11785, 'Xã Đoàn Lập', 20, 24, '1', '3898', 0),
(11788, 'Xã Bạch Đằng', 20, 24, '1', '3899', 0),
(11791, 'Xã Quang Phục', 20, 24, '1', '3900', 0),
(11794, 'Xã Toàn Thắng', 20, 24, '1', '3887', 0),
(11797, 'Xã Tiên Thắng', 20, 24, '1', '3901', 0),
(11800, 'Xã Tiên Minh', 20, 24, '1', '3902', 0),
(11803, 'Xã Bắc Hưng', 20, 24, '1', '3903', 0),
(11806, 'Xã Nam Hưng', 20, 24, '1', '3884', 0),
(11809, 'Xã Hùng Thắng', 20, 24, '1', '3882', 0),
(11812, 'Xã Tây Hưng', 20, 24, '1', '3904', 0),
(11815, 'Xã Đông Hưng', 20, 24, '1', '3885', 0),
(11818, 'Xã Tiên Hưng', 20, 24, '1', '3889', 0),
(11821, 'Xã Vinh Quang', 20, 24, '1', '3883', 0),
(11824, 'Thị trấn Vĩnh Bảo', 20, 25, '1', '3920', 0),
(11827, 'Xã Dũng Tiến', 20, 25, '1', '3913', 0),
(11830, 'Xã Giang Biên', 20, 25, '1', '3911', 0),
(11833, 'Xã Thắng Thuỷ', 20, 25, '1', '3922', 0),
(11836, 'Xã Trung Lập', 20, 25, '1', '3923', 0),
(11839, 'Xã Việt Tiến', 20, 25, '1', '3921', 0),
(11842, 'Xã Vĩnh An', 20, 25, '1', '3912', 0),
(11845, 'Xã Vĩnh Long', 20, 25, '1', '3910', 0),
(11848, 'Xã Hiệp Hoà', 20, 25, '1', '3924', 0),
(11851, 'Xã Hùng Tiến', 20, 25, '1', '3925', 0),
(11854, 'Xã An Hoà', 20, 25, '1', '3905', 0),
(11857, 'Xã Tân Hưng', 20, 25, '1', '3926', 0),
(11860, 'Xã Tân Liên', 20, 25, '1', '3917', 0),
(11863, 'Xã Nhân Hoà', 20, 25, '1', '3907', 0),
(11866, 'Xã Tam Đa', 20, 25, '1', '3906', 0),
(11869, 'Xã Hưng Nhân', 20, 25, '1', '3927', 0),
(11872, 'Xã Vinh Quang', 20, 25, '1', '3914', 0),
(11875, 'Xã Đồng Minh', 20, 25, '1', '3928', 0),
(11878, 'Xã Thanh Lương', 20, 25, '1', '3929', 0),
(11881, 'Xã Liên Am', 20, 25, '1', '3915', 0),
(11884, 'Xã Lý Học', 20, 25, '1', '3919', 0),
(11887, 'Xã Tam Cường', 20, 25, '1', '3934', 0),
(11890, 'Xã Hoà Bình', 20, 25, '1', '3918', 0),
(11893, 'Xã Tiền Phong', 20, 25, '1', '3931', 0),
(11896, 'Xã Vĩnh Phong', 20, 25, '1', '3932', 0),
(11899, 'Xã Cộng Hiền', 20, 25, '1', '3930', 0),
(11902, 'Xã Cao Minh', 20, 25, '1', '3933', 0),
(11905, 'Xã Cổ Am', 20, 25, '1', '3908', 0),
(11908, 'Xã Vĩnh Tiến', 20, 25, '1', '3916', 0),
(11911, 'Xã Trấn Dương', 20, 25, '1', '3909', 0),
(11914, 'Thị trấn Cát Bà', 20, 26, '1', '3946', 0),
(11917, 'Thị trấn Cát Hải', 20, 26, '1', '3947', 0),
(11920, 'Xã Nghĩa Lộ', 20, 26, '1', '3940', 0),
(11923, 'Xã Đồng Bài', 20, 26, '1', '3939', 0),
(11926, 'Xã Hoàng Châu', 20, 26, '1', '3938', 0),
(11929, 'Xã Văn Phong', 20, 26, '1', '3937', 0),
(11932, 'Xã Phù Long', 20, 26, '1', '3936', 0),
(11935, 'Xã Gia Luận', 20, 26, '1', '3943', 0),
(11938, 'Xã Hiền Hào', 20, 26, '1', '3942', 0),
(11941, 'Xã Trân Châu', 20, 26, '1', '3941', 0),
(11944, 'Xã Việt Hải', 20, 26, '1', '3944', 0),
(11947, 'Xã Xuân Đám', 20, 26, '1', '3945', 0),
(11950, 'Phường Lam Sơn', 21, 74, '1', '3503', 0),
(11953, 'Phường Hiến Nam', 21, 74, '1', '3506', 0),
(11956, 'Phường An Tảo', 21, 74, '1', '3509', 0),
(11959, 'Phường Lê Lợi', 21, 74, '1', '3504', 0),
(11962, 'Phường Minh Khai', 21, 74, '1', '3507', 0),
(11965, 'Phường Quang Trung', 21, 74, '1', '3505', 0),
(11968, 'Phường Hồng Châu', 21, 74, '1', '3508', 0),
(11971, 'Xã Trung Nghĩa', 21, 74, '1', '3511', 0),
(11974, 'Xã Liên Phương', 21, 74, '1', '3512', 0),
(11977, 'Xã Hồng Nam', 21, 74, '1', '3513', 0),
(11980, 'Xã Quảng Châu', 21, 74, '1', '3514', 0),
(11983, 'Xã Bảo Khê', 21, 74, '1', '3510', 0),
(11986, 'Thị trấn Như Quỳnh', 21, 75, '1', '3451', 0),
(11989, 'Xã Lạc Đạo', 21, 75, '1', '3452', 0),
(11992, 'Xã Chỉ Đạo', 21, 75, '1', '3453', 0),
(11995, 'Xã Đại Đồng', 21, 75, '1', '3454', 0),
(11998, 'Xã Việt Hưng', 21, 75, '1', '3455', 0),
(12001, 'Xã Tân Quang', 21, 75, '1', '3456', 0),
(12004, 'Xã Đình Dù', 21, 75, '1', '3457', 0),
(12007, 'Xã Minh Hải', 21, 75, '1', '3458', 0),
(12010, 'Xã Lương Tài', 21, 75, '1', '3459', 0),
(12013, 'Xã Trưng Trắc', 21, 75, '1', '3460', 0),
(12016, 'Xã Lạc Hồng', 21, 75, '1', '3461', 0),
(12019, 'Thị trấn Văn Giang', 21, 760, '1', '3440', 0),
(12022, 'Xã Xuân Quan', 21, 760, '1', '3441', 0),
(12025, 'Xã Cửu Cao', 21, 760, '1', '3443', 0),
(12028, 'Xã Phụng Công', 21, 760, '1', '3442', 0),
(12031, 'Xã Nghĩa Trụ', 21, 760, '1', '3445', 0),
(12034, 'Xã Long Hưng', 21, 760, '1', '3444', 0),
(12037, 'Xã Vĩnh Khúc', 21, 760, '1', '3446', 0),
(12040, 'Xã Liên Nghĩa', 21, 760, '1', '3448', 0),
(12043, 'Xã Tân Tiến', 21, 760, '1', '3447', 0),
(12046, 'Xã Thắng Lợi', 21, 760, '1', '3450', 0),
(12049, 'Xã Mễ Sở', 21, 760, '1', '3449', 0),
(12052, 'Thị trấn Yên Mỹ', 21, 77, '1', '3463', 0),
(12055, 'Xã Giai Phạm', 21, 77, '1', '3464', 0),
(12058, 'Xã Nghĩa Hiệp', 21, 77, '1', '3466', 0),
(12061, 'Xã Đồng Than', 21, 77, '1', '3475', 0),
(12064, 'Xã Ngọc Long', 21, 77, '1', '3465', 0),
(12067, 'Xã Liêu Xá', 21, 77, '1', '3467', 0),
(12070, 'Xã Hoàn Long', 21, 77, '1', '3480', 0),
(12073, 'Xã Tân Lập', 21, 77, '1', '3468', 0),
(12076, 'Xã Thanh Long', 21, 77, '1', '3470', 0),
(12079, 'Xã Yên Phú', 21, 77, '1', '3478', 0),
(12082, 'Xã Việt Cường', 21, 77, '1', '3477', 0),
(12085, 'Xã Trung Hòa', 21, 77, '1', '3469', 0),
(12088, 'Xã Yên Hòa', 21, 77, '1', '3479', 0),
(12091, 'Xã Minh Châu', 21, 77, '1', '3476', 0),
(12094, 'Xã Trung Hưng', 21, 77, '1', '3471', 0),
(12097, 'Xã Lý Thường Kiệt', 21, 77, '1', '3473', 0),
(12100, 'Xã Tân Việt', 21, 77, '1', '3472', 0),
(12103, 'Thị trấn Bần Yên Nhân', 21, 759, '1', '3394', 0),
(12106, 'Xã Phan Đình Phùng', 21, 759, '1', '3395', 0),
(12109, 'Xã Cẩm Xá', 21, 759, '1', '3400', 0),
(12112, 'Xã Dương Quang', 21, 759, '1', '3401', 0),
(12115, 'Xã Hòa Phong', 21, 759, '1', '3406', 0),
(12118, 'Xã Nhân Hòa', 21, 759, '1', '3396', 0),
(12121, 'Xã Dị Sử', 21, 759, '1', '3397', 0),
(12124, 'Xã Bạch Sam', 21, 759, '1', '3402', 0),
(12127, 'Xã Minh Đức', 21, 759, '1', '3405', 0),
(12130, 'Xã Phùng Chí Kiên', 21, 759, '1', '3399', 0),
(12133, 'Xã Xuân Dục', 21, 759, '1', '3403', 0),
(12136, 'Xã Ngọc Lâm', 21, 759, '1', '3404', 0),
(12139, 'Xã Hưng Long', 21, 759, '1', '3398', 0),
(12142, 'Thị trấn Ân Thi', 21, 80, '1', '3482', 0),
(12145, 'Xã Phù Ủng', 21, 80, '1', '3483', 0),
(12148, 'Xã Bắc Sơn', 21, 80, '1', '3485', 0),
(12151, 'Xã Bãi Sậy', 21, 80, '1', '3484', 0),
(12154, 'Xã Đào Dương', 21, 80, '1', '3486', 0),
(12157, 'Xã Tân Phúc', 21, 80, '1', '3487', 0),
(12160, 'Xã Vân Du', 21, 80, '1', '3491', 0),
(12163, 'Xã Quang Vinh', 21, 80, '1', '3490', 0),
(12166, 'Xã Xuân Trúc', 21, 80, '1', '3492', 0),
(12169, 'Xã Hoàng Hoa Thám', 21, 80, '1', '3489', 0),
(12172, 'Xã Quảng Lãng', 21, 80, '1', '3493', 0),
(12175, 'Xã Văn Nhuệ', 21, 80, '1', '3488', 0),
(12178, 'Xã Đặng Lễ', 21, 80, '1', '3494', 0),
(12181, 'Xã Cẩm Ninh', 21, 80, '1', '3495', 0),
(12184, 'Xã Nguyễn Trãi', 21, 80, '1', '3496', 0),
(12187, 'Xã Đa Lộc', 21, 80, '1', '3497', 0),
(12190, 'Xã Hồ Tùng Mậu', 21, 80, '1', '3499', 0),
(12193, 'Xã Tiền Phong', 21, 80, '1', '3498', 0),
(12196, 'Xã Hồng Vân', 21, 80, '1', '3500', 0),
(12199, 'Xã Hồng Quang', 21, 80, '1', '3501', 0),
(12202, 'Xã Hạ Lễ', 21, 80, '1', '3502', 0),
(12205, 'Thị trấn Khoái Châu', 21, 79, '1', '3349', 0),
(12208, 'Xã Đông Tảo', 21, 79, '1', '3350', 0),
(12211, 'Xã Bình Minh', 21, 79, '1', '3351', 0),
(12214, 'Xã Dạ Trạch', 21, 79, '1', '3352', 0),
(12217, 'Xã Hàm Tử', 21, 79, '1', '3353', 0),
(12220, 'Xã Ông Đình', 21, 79, '1', '3354', 0),
(12223, 'Xã Tân Dân', 21, 79, '1', '3355', 0),
(12226, 'Xã Tứ Dân', 21, 79, '1', '3356', 0),
(12229, 'Xã An Vĩ', 21, 79, '1', '3357', 0),
(12232, 'Xã Đông Kết', 21, 79, '1', '3358', 0),
(12235, 'Xã Bình Kiều', 21, 79, '1', '3359', 0),
(12238, 'Xã Dân Tiến', 21, 79, '1', '3360', 0),
(12241, 'Xã Đồng Tiến', 21, 79, '1', '3361', 0),
(12244, 'Xã Hồng Tiến', 21, 79, '1', '3362', 0),
(12247, 'Xã Tân Châu', 21, 79, '1', '3363', 0),
(12250, 'Xã Liên Khê', 21, 79, '1', '3364', 0),
(12253, 'Xã Phùng Hưng', 21, 79, '1', '3365', 0),
(12256, 'Xã Việt Hòa', 21, 79, '1', '3366', 0),
(12259, 'Xã Đông Ninh', 21, 79, '1', '3367', 0),
(12262, 'Xã Đại Tập', 21, 79, '1', '3368', 0),
(12265, 'Xã Chí Tân', 21, 79, '1', '3369', 0),
(12268, 'Xã Đại Hưng', 21, 79, '1', '3370', 0),
(12271, 'Xã Thuần Hưng', 21, 79, '1', '3371', 0),
(12274, 'Xã Thành Công', 21, 79, '1', '3373', 0),
(12277, 'Xã Nhuế Dương', 21, 79, '1', '3372', 0),
(12280, 'Thị trấn Lương Bằng', 21, 81, '1', '3374', 0),
(12283, 'Xã Nghĩa Dân', 21, 81, '1', '3375', 0),
(12286, 'Xã Toàn Thắng', 21, 81, '1', '3376', 0),
(12289, 'Xã Vĩnh Xá', 21, 81, '1', '3377', 0),
(12292, 'Xã Phạm Ngũ Lão', 21, 81, '0', NULL, 0),
(12295, 'Xã Thọ Vinh', 21, 81, '1', '3384', 0),
(12298, 'Xã Đồng Thanh', 21, 81, '1', '3383', 0),
(12301, 'Xã Song Mai', 21, 81, '1', '3382', 0),
(12304, 'Xã Chính Nghĩa', 21, 81, '1', '3381', 0),
(12307, 'Xã Nhân La', 21, 81, '1', '3379', 0),
(12310, 'Xã Phú Thịnh', 21, 81, '1', '3385', 0),
(12313, 'Xã Mai Động', 21, 81, '1', '3386', 0),
(12316, 'Xã Đức Hợp', 21, 81, '1', '3387', 0),
(12319, 'Xã Hùng An', 21, 81, '1', '3388', 0),
(12322, 'Xã Ngọc Thanh', 21, 81, '1', '3389', 0),
(12325, 'Xã Vũ Xá', 21, 81, '1', '3380', 0),
(12328, 'Xã Hiệp Cường', 21, 81, '1', '3390', 0),
(12331, 'Xã Phú Cường', 21, 74, '0', NULL, 0),
(12334, 'Xã Hùng Cường', 21, 74, '0', NULL, 0),
(12337, 'Thị trấn Vương', 21, 83, '1', '3421', 0),
(12340, 'Xã Hưng Đạo', 21, 83, '1', '3423', 0),
(12343, 'Xã Ngô Quyền', 21, 83, '1', '3424', 0),
(12346, 'Xã Nhật Tân', 21, 83, '1', '3425', 0),
(12349, 'Xã Dị Chế', 21, 83, '1', '3426', 0),
(12352, 'Xã Lệ Xá', 21, 83, '1', '3422', 0),
(12355, 'Xã An Viên', 21, 83, '1', '3429', 0),
(12358, 'Xã Đức Thắng', 21, 83, '1', '3428', 0),
(12361, 'Xã Trung Dũng', 21, 83, '1', '3427', 0),
(12364, 'Xã Hải Triều', 21, 83, '1', '3436', 0),
(12367, 'Xã Thủ Sỹ', 21, 83, '1', '3430', 0),
(12370, 'Xã Thiện Phiến', 21, 83, '1', '3431', 0),
(12373, 'Xã Thụy Lôi', 21, 83, '1', '3437', 0),
(12376, 'Xã Cương Chính', 21, 83, '1', '3438', 0),
(12379, 'Xã Minh Phương', 21, 83, '1', '3439', 0),
(12382, 'Xã Phương Chiểu', 21, 74, '0', NULL, 0),
(12385, 'Xã Tân Hưng', 21, 74, '0', NULL, 0),
(12388, 'Xã Hoàng Hanh', 21, 74, '0', NULL, 0),
(12391, 'Thị trấn Trần Cao', 21, 82, '1', '3407', 0),
(12394, 'Xã Minh Tân', 21, 82, '1', '3408', 0),
(12397, 'Xã Phan Sào Nam', 21, 82, '1', '3409', 0),
(12400, 'Xã Quang Hưng', 21, 82, '1', '3410', 0),
(12403, 'Xã Minh Hoàng', 21, 82, '1', '3411', 0),
(12406, 'Xã Đoàn Đào', 21, 82, '1', '3412', 0),
(12409, 'Xã Tống Phan', 21, 82, '1', '3413', 0),
(12412, 'Xã Đình Cao', 21, 82, '1', '3414', 0),
(12415, 'Xã Nhật Quang', 21, 82, '1', '3415', 0),
(12418, 'Xã Tiền Tiến', 21, 82, '1', '3416', 0),
(12421, 'Xã Tam Đa', 21, 82, '1', '3417', 0),
(12424, 'Xã Minh Tiến', 21, 82, '1', '3418', 0),
(12427, 'Xã Nguyên Hòa', 21, 82, '1', '3419', 0),
(12430, 'Xã Tống Trân', 21, 82, '1', '3420', 0),
(12433, 'Phường Lê Hồng Phong', 22, 103, '1', '9040', 0),
(12436, 'Phường Bồ Xuyên', 22, 103, '1', '9035', 0),
(12439, 'Phường Đề Thám', 22, 103, '1', '9036', 0),
(12442, 'Phường Kỳ Bá', 22, 103, '1', '9041', 0),
(12445, 'Phường Quang Trung', 22, 103, '1', '9048', 0),
(12448, 'Phường Phú Khánh', 22, 103, '1', '9046', 0),
(12451, 'Phường Tiền Phong', 22, 103, '1', '9039', 0),
(12452, 'Phường Trần Hưng Đạo', 22, 103, '1', '9049', 0),
(12454, 'Phường Trần Lãm', 22, 103, '1', '9042', 0),
(12457, 'Xã Đông Hòa', 22, 103, '1', '9037', 0),
(12460, 'Phường Hoàng Diệu', 22, 103, '1', '9038', 0),
(12463, 'Xã Phú Xuân', 22, 103, '1', '9053', 0),
(12466, 'Xã Vũ Phúc', 22, 103, '1', '9045', 0),
(12469, 'Xã Vũ Chính', 22, 103, '1', '9044', 0),
(12472, 'Thị trấn Quỳnh Côi', 22, 104, '1', '8851', 0),
(12475, 'Xã An Khê', 22, 104, '1', '8858', 0),
(12478, 'Xã An Đồng', 22, 104, '1', '8855', 0),
(12481, 'Xã Quỳnh Hoa', 22, 104, '1', '8835', 0),
(12484, 'Xã Quỳnh Lâm', 22, 104, '1', '8841', 0),
(12487, 'Xã Quỳnh Thọ', 22, 104, '1', '8847', 0),
(12490, 'Xã An Hiệp', 22, 104, '1', '8857', 0),
(12493, 'Xã Quỳnh Hoàng', 22, 104, '1', '8836', 0),
(12496, 'Xã Quỳnh Giao', 22, 104, '1', '8833', 0),
(12499, 'Xã An Thái', 22, 104, '1', '8863', 0),
(12502, 'Xã An Cầu', 22, 104, '1', '8854', 0),
(12505, 'Xã Quỳnh Hồng', 22, 104, '1', '8838', 0),
(12508, 'Xã Quỳnh Khê', 22, 104, '1', '8840', 0),
(12511, 'Xã Quỳnh Minh', 22, 104, '1', '8842', 0),
(12514, 'Xã An Ninh', 22, 104, '1', '8861', 0),
(12517, 'Xã Quỳnh Ngọc', 22, 104, '1', '8844', 0),
(12520, 'Xã Quỳnh Hải', 22, 104, '1', '8834', 0),
(12523, 'Thị trấn An Bài', 22, 104, '1', '8853', 0),
(12526, 'Xã An Ấp', 22, 104, '1', '8852', 0),
(12529, 'Xã Quỳnh Hội', 22, 104, '1', '8837', 0),
(12532, 'Xã Quỳnh Sơn', 22, 104, '1', '8846', 0),
(12535, 'Xã Quỳnh Mỹ', 22, 104, '1', '8843', 0),
(12538, 'Xã An Quí', 22, 104, '0', NULL, 0),
(12541, 'Xã An Thanh', 22, 104, '1', '8864', 0),
(12544, 'Xã Quỳnh Châu', 22, 104, '1', '8832', 0),
(12547, 'Xã An Vũ', 22, 104, '1', '8867', 0),
(12550, 'Xã An Lễ', 22, 104, '1', '8859', 0),
(12553, 'Xã Quỳnh Hưng', 22, 104, '1', '8839', 0),
(12556, 'Xã Quỳnh Bảo', 22, 104, '1', '8831', 0),
(12559, 'Xã An Mỹ', 22, 104, '1', '8860', 0),
(12562, 'Xã Quỳnh Nguyên', 22, 104, '1', '8845', 0),
(12565, 'Xã An Vinh', 22, 104, '1', '8866', 0),
(12568, 'Xã Quỳnh Xá', 22, 104, '1', '8850', 0),
(12571, 'Xã An Dục', 22, 104, '1', '8856', 0),
(12574, 'Xã Đông Hải', 22, 104, '1', '8868', 0);
INSERT INTO `wards` (`WardId`, `WardName`, `ProvinceId`, `DistrictId`, `ShipChungSupport`, `ShipChungWardCode`, `DisplayOrder`) VALUES
(12577, 'Xã Quỳnh Trang', 22, 104, '1', '8848', 0),
(12580, 'Xã An Tràng', 22, 104, '1', '8865', 0),
(12583, 'Xã Đồng Tiến', 22, 104, '1', '8869', 0),
(12586, 'Thị trấn Hưng Hà', 22, 105, '1', '8771', 0),
(12589, 'Xã Điệp Nông', 22, 105, '1', '8776', 0),
(12592, 'Xã Tân Lễ', 22, 105, '1', '8779', 0),
(12595, 'Xã Cộng Hòa', 22, 105, '1', '8750', 0),
(12598, 'Xã Dân Chủ', 22, 105, '1', '8751', 0),
(12601, 'Xã Canh Tân', 22, 105, '1', '8775', 0),
(12604, 'Xã Hòa Tiến', 22, 105, '1', '8777', 0),
(12607, 'Xã Hùng Dũng', 22, 105, '1', '8759', 0),
(12610, 'Xã Tân Tiến', 22, 105, '1', '8780', 0),
(12613, 'Thị trấn Hưng Nhân', 22, 105, '1', '8786', 0),
(12616, 'Xã Đoan Hùng', 22, 105, '1', '8752', 0),
(12619, 'Xã Duyên Hải', 22, 105, '1', '8755', 0),
(12622, 'Xã Tân Hòa', 22, 105, '1', '8766', 0),
(12625, 'Xã Văn Cẩm', 22, 105, '1', '8782', 0),
(12628, 'Xã Bắc Sơn', 22, 105, '1', '8773', 0),
(12631, 'Xã Đông Đô', 22, 105, '1', '8754', 0),
(12634, 'Xã Phúc Khánh', 22, 105, '1', '8765', 0),
(12637, 'Xã Liên Hiệp', 22, 105, '1', '8778', 0),
(12640, 'Xã Tây Đô', 22, 105, '1', '8781', 0),
(12643, 'Xã Thống Nhất', 22, 105, '1', '8769', 0),
(12646, 'Xã Tiến Đức', 22, 105, '1', '8770', 0),
(12649, 'Xã Thái Hưng', 22, 105, '1', '8767', 0),
(12652, 'Xã Thái Phương', 22, 105, '1', '8768', 0),
(12655, 'Xã Hòa Bình', 22, 105, '1', '8784', 0),
(12656, 'Xã Chi Lăng', 22, 105, '1', '8783', 0),
(12658, 'Xã Minh Khai', 22, 105, '1', '8762', 0),
(12661, 'Xã Hồng An', 22, 105, '1', '8756', 0),
(12664, 'Xã Kim Chung', 22, 105, '0', NULL, 0),
(12667, 'Xã Hồng Lĩnh', 22, 105, '1', '8757', 0),
(12670, 'Xã Minh Tân', 22, 105, '1', '8763', 0),
(12673, 'Xã Văn Lang', 22, 105, '1', '8772', 0),
(12676, 'Xã Độc Lập', 22, 105, '1', '8753', 0),
(12679, 'Xã Chí Hòa', 22, 105, '1', '8749', 0),
(12682, 'Xã Minh Hòa', 22, 105, '1', '8761', 0),
(12685, 'Xã Hồng Minh', 22, 105, '1', '8758', 0),
(12688, 'Thị trấn Đông Hưng', 22, 107, '1', '9018', 0),
(12691, 'Xã Đô Lương', 22, 107, '1', '8991', 0),
(12694, 'Xã Đông Phương', 22, 107, '1', '9024', 0),
(12697, 'Xã Liên Giang', 22, 107, '1', '9011', 0),
(12700, 'Xã An Châu', 22, 107, '1', '9019', 0),
(12703, 'Xã Đông Sơn', 22, 107, '1', '9005', 0),
(12706, 'Xã Đông Cường', 22, 107, '1', '9021', 0),
(12709, 'Xã Phú Lương', 22, 107, '1', '9016', 0),
(12712, 'Xã Mê Linh', 22, 107, '1', '9031', 0),
(12715, 'Xã Lô Giang', 22, 107, '1', '9030', 0),
(12718, 'Xã Đông La', 22, 107, '1', '9000', 0),
(12721, 'Xã Minh Tân', 22, 107, '1', '9032', 0),
(12724, 'Xã Đông Xá', 22, 107, '1', '9025', 0),
(12727, 'Xã Chương Dương', 22, 107, '1', '8990', 0),
(12730, 'Xã Nguyên Xá', 22, 107, '1', '9013', 0),
(12733, 'Xã Phong Châu', 22, 107, '1', '9014', 0),
(12736, 'Xã Hợp Tiến', 22, 107, '1', '9010', 0),
(12739, 'Xã Hồng Việt', 22, 107, '0', NULL, 0),
(12742, 'Xã Đông Hà', 22, 107, '1', '8996', 0),
(12745, 'Xã Đông Giang', 22, 107, '1', '8995', 0),
(12748, 'Xã Đông Kinh', 22, 107, '1', '9022', 0),
(12751, 'Xã Đông Hợp', 22, 107, '1', '8998', 0),
(12754, 'Xã Thăng Long', 22, 107, '1', '9033', 0),
(12757, 'Xã Đông Các', 22, 107, '1', '8992', 0),
(12760, 'Xã Phú Châu', 22, 107, '1', '9015', 0),
(12763, 'Xã Hoa Lư', 22, 107, '1', '9026', 0),
(12766, 'Xã Minh Châu', 22, 107, '1', '9012', 0),
(12769, 'Xã Đông Tân', 22, 107, '1', '9006', 0),
(12772, 'Xã Đông Vinh', 22, 107, '1', '9008', 0),
(12775, 'Xã Đông Động', 22, 107, '1', '8993', 0),
(12778, 'Xã Hồng Châu', 22, 107, '1', '9028', 0),
(12781, 'Xã Bạch Đằng', 22, 107, '1', '9020', 0),
(12784, 'Xã Trọng Quan', 22, 107, '1', '9017', 0),
(12787, 'Xã Hoa Nam', 22, 107, '1', '9027', 0),
(12790, 'Xã Hồng Giang', 22, 107, '1', '9029', 0),
(12793, 'Xã Đông Phong', 22, 107, '1', '9003', 0),
(12796, 'Xã Đông Quang', 22, 107, '0', NULL, 0),
(12799, 'Xã Đông Xuân', 22, 107, '1', '9009', 0),
(12802, 'Xã Đông Á', 22, 107, '0', NULL, 0),
(12805, 'Xã Đông Lĩnh', 22, 107, '1', '9001', 0),
(12808, 'Xã Đông Hoàng', 22, 107, '1', '8997', 0),
(12811, 'Xã Đông Dương', 22, 107, '1', '8994', 0),
(12814, 'Xã Đông Huy', 22, 107, '1', '8999', 0),
(12817, 'Xã Đông Mỹ', 22, 103, '0', NULL, 0),
(12820, 'Xã Đông Thọ', 22, 103, '0', NULL, 0),
(12823, 'Xã Đồng Phú', 22, 107, '1', '9023', 0),
(12826, 'Thị trấn Diêm Điền', 22, 106, '1', '8891', 0),
(12829, 'Xã Thụy Tân', 22, 106, '1', '8910', 0),
(12832, 'Xã Thụy Trường', 22, 106, '1', '8913', 0),
(12835, 'Xã Hồng Quỳnh', 22, 106, '1', '8870', 0),
(12838, 'Xã Thụy Dũng', 22, 106, '1', '8896', 0),
(12841, 'Xã Thụy Hồng', 22, 106, '1', '8901', 0),
(12844, 'Xã Thụy Quỳnh', 22, 106, '1', '8908', 0),
(12847, 'Xã Thụy An', 22, 106, '1', '8892', 0),
(12850, 'Xã Thụy Ninh', 22, 106, '1', '8905', 0),
(12853, 'Xã Thụy Hưng', 22, 106, '1', '8902', 0),
(12856, 'Xã Thụy Việt', 22, 106, '1', '8915', 0),
(12859, 'Xã Thụy Văn', 22, 106, '1', '8914', 0),
(12862, 'Xã Thụy Xuân', 22, 106, '1', '8916', 0),
(12865, 'Xã Thụy Dương', 22, 106, '1', '8897', 0),
(12868, 'Xã Thụy Trình', 22, 106, '1', '8912', 0),
(12871, 'Xã Thụy Bình', 22, 106, '1', '8893', 0),
(12874, 'Xã Thụy Chính', 22, 106, '1', '8894', 0),
(12877, 'Xã Thụy Dân', 22, 106, '1', '8895', 0),
(12880, 'Xã Thụy Hải', 22, 106, '1', '8900', 0),
(12883, 'Xã Thụy Phúc', 22, 106, '1', '8907', 0),
(12886, 'Xã Thụy Lương', 22, 106, '1', '8904', 0),
(12889, 'Xã Thụy Liên', 22, 106, '1', '8903', 0),
(12892, 'Xã Thụy Duyên', 22, 106, '1', '8898', 0),
(12895, 'Xã Thụy Hà', 22, 106, '1', '8899', 0),
(12898, 'Xã Thụy Thanh', 22, 106, '1', '8911', 0),
(12901, 'Xã Thụy Sơn', 22, 106, '1', '8909', 0),
(12904, 'Xã Thụy Phong', 22, 106, '1', '8906', 0),
(12907, 'Xã Thái Thượng', 22, 106, '1', '8888', 0),
(12910, 'Xã Thái Nguyên', 22, 106, '1', '8880', 0),
(12913, 'Xã Thái Thủy', 22, 106, '1', '8889', 0),
(12916, 'Xã Thái Dương', 22, 106, '1', '8874', 0),
(12919, 'Xã Thái Giang', 22, 106, '1', '8875', 0),
(12922, 'Xã Thái Hòa', 22, 106, '1', '8917', 0),
(12925, 'Xã Thái Sơn', 22, 106, '1', '8882', 0),
(12928, 'Xã Thái Hồng', 22, 106, '1', '8878', 0),
(12931, 'Xã Thái An', 22, 106, '1', '8872', 0),
(12934, 'Xã Thái Phúc', 22, 106, '1', '8881', 0),
(12937, 'Xã Thái Hưng', 22, 106, '1', '8879', 0),
(12940, 'Xã Thái Đô', 22, 106, '1', '8873', 0),
(12943, 'Xã Thái Xuyên', 22, 106, '1', '8890', 0),
(12946, 'Xã Thái Hà', 22, 106, '1', '8876', 0),
(12949, 'Xã  Mỹ Lộc', 22, 106, '0', NULL, 0),
(12952, 'Xã Thái Tân', 22, 106, '1', '8883', 0),
(12955, 'Xã Thái Thuần', 22, 106, '1', '8887', 0),
(12958, 'Xã Thái Học', 22, 106, '1', '8877', 0),
(12961, 'Xã Thái Thịnh', 22, 106, '1', '8885', 0),
(12964, 'Xã Thái Thành', 22, 106, '1', '8884', 0),
(12967, 'Xã Thái Thọ', 22, 106, '1', '8886', 0),
(12970, 'Thị trấn Tiền Hải', 22, 110, '1', '8938', 0),
(12973, 'Xã Đông Hải', 22, 110, '1', '8921', 0),
(12976, 'Xã Đông Trà', 22, 110, '1', '8928', 0),
(12979, 'Xã Đông Long', 22, 110, '1', '8924', 0),
(12982, 'Xã Đông Quí', 22, 110, '0', NULL, 0),
(12985, 'Xã Vũ Lăng', 22, 110, '1', '8940', 0),
(12988, 'Xã Đông Xuyên', 22, 110, '1', '8930', 0),
(12991, 'Xã Tây Lương', 22, 110, '1', '8933', 0),
(12994, 'Xã Tây Ninh', 22, 110, '1', '8934', 0),
(12997, 'Xã Đông Trung', 22, 110, '1', '8929', 0),
(13000, 'Xã Đông Hoàng', 22, 110, '1', '8922', 0),
(13003, 'Xã Đông Minh', 22, 110, '1', '8925', 0),
(13006, 'Xã Tây An', 22, 110, '1', '8931', 0),
(13009, 'Xã Đông Phong', 22, 110, '1', '8926', 0),
(13012, 'Xã An Ninh', 22, 110, '1', '8918', 0),
(13015, 'Xã Tây Sơn', 22, 110, '1', '8936', 0),
(13018, 'Xã Đông Cơ', 22, 110, '1', '8920', 0),
(13021, 'Xã Tây Giang', 22, 110, '1', '8932', 0),
(13024, 'Xã Đông Lâm', 22, 110, '1', '8923', 0),
(13027, 'Xã Phương Công', 22, 110, '1', '8952', 0),
(13030, 'Xã Tây Phong', 22, 110, '1', '8935', 0),
(13033, 'Xã Tây Tiến', 22, 110, '1', '8937', 0),
(13036, 'Xã Nam Cường', 22, 110, '1', '8942', 0),
(13039, 'Xã Vân Trường', 22, 110, '1', '8939', 0),
(13042, 'Xã Nam Thắng', 22, 110, '1', '8948', 0),
(13045, 'Xã Nam Chính', 22, 110, '1', '8941', 0),
(13048, 'Xã Bắc Hải', 22, 110, '1', '8919', 0),
(13051, 'Xã Nam Thịnh', 22, 110, '1', '8950', 0),
(13054, 'Xã Nam Hà', 22, 110, '1', '8943', 0),
(13057, 'Xã Nam Thanh', 22, 110, '1', '8949', 0),
(13060, 'Xã Nam Trung', 22, 110, '1', '8951', 0),
(13063, 'Xã Nam Hồng', 22, 110, '1', '8945', 0),
(13066, 'Xã Nam Hưng', 22, 110, '1', '8946', 0),
(13069, 'Xã Nam Hải', 22, 110, '1', '8944', 0),
(13072, 'Xã Nam Phú', 22, 110, '1', '8947', 0),
(13075, 'Thị trấn Thanh Nê', 22, 109, '1', '8816', 0),
(13078, 'Xã Trà Giang', 22, 109, '1', '8815', 0),
(13081, 'Xã Quốc Tuấn', 22, 109, '1', '8809', 0),
(13084, 'Xã Vũ Đông', 22, 103, '0', NULL, 0),
(13087, 'Xã An Bình', 22, 109, '1', '8788', 0),
(13090, 'Xã Vũ Tây', 22, 109, '1', '8827', 0),
(13093, 'Xã Hồng Thái', 22, 109, '1', '8796', 0),
(13096, 'Xã Bình Nguyên', 22, 109, '1', '8792', 0),
(13099, 'Xã Vũ Sơn', 22, 109, '1', '8826', 0),
(13102, 'Xã Lê Lợi', 22, 109, '1', '8798', 0),
(13105, 'Xã Quyết Tiến', 22, 109, '1', '8810', 0),
(13108, 'Xã Vũ Lạc', 22, 103, '1', '9043', 0),
(13111, 'Xã Vũ Lễ', 22, 109, '1', '8823', 0),
(13114, 'Xã Thanh Tân', 22, 109, '1', '8812', 0),
(13117, 'Xã Thượng Hiền', 22, 109, '1', '8814', 0),
(13120, 'Xã Nam Cao', 22, 109, '1', '8802', 0),
(13123, 'Xã Đình Phùng', 22, 109, '1', '8794', 0),
(13126, 'Xã Vũ Ninh', 22, 109, '1', '8824', 0),
(13129, 'Xã Vũ An', 22, 109, '1', '8817', 0),
(13132, 'Xã Quang Lịch', 22, 109, '1', '8806', 0),
(13135, 'Xã Hòa Bình', 22, 109, '1', '8795', 0),
(13138, 'Xã Bình Minh', 22, 109, '1', '8791', 0),
(13141, 'Xã Vũ Quí', 22, 109, '0', NULL, 0),
(13144, 'Xã Quang Bình', 22, 109, '1', '8804', 0),
(13147, 'Xã An Bồi', 22, 109, '1', '8789', 0),
(13150, 'Xã Vũ Trung', 22, 109, '1', '8830', 0),
(13153, 'Xã Vũ Thắng', 22, 109, '1', '8828', 0),
(13156, 'Xã Vũ Công', 22, 109, '1', '8819', 0),
(13159, 'Xã Vũ Hòa', 22, 109, '1', '8821', 0),
(13162, 'Xã Quang Minh', 22, 109, '1', '8807', 0),
(13165, 'Xã Quang Trung', 22, 109, '1', '8808', 0),
(13168, 'Xã Minh Hưng', 22, 109, '1', '8799', 0),
(13171, 'Xã Quang Hưng', 22, 109, '1', '8805', 0),
(13174, 'Xã Vũ Bình', 22, 109, '1', '8818', 0),
(13177, 'Xã Minh Tân', 22, 109, '1', '8800', 0),
(13180, 'Xã Nam Bình', 22, 109, '1', '8801', 0),
(13183, 'Xã Bình Thanh', 22, 109, '1', '8793', 0),
(13186, 'Xã Bình Định', 22, 109, '1', '8790', 0),
(13189, 'Xã Hồng Tiến', 22, 109, '1', '8797', 0),
(13192, 'Thị trấn Vũ Thư', 22, 108, '1', '8989', 0),
(13195, 'Xã Hồng Lý', 22, 108, '1', '8961', 0),
(13198, 'Xã Đồng Thanh', 22, 108, '1', '8956', 0),
(13201, 'Xã Xuân Hòa', 22, 108, '1', '8988', 0),
(13204, 'Xã Hiệp Hòa', 22, 108, '1', '8959', 0),
(13207, 'Xã Phúc Thành', 22, 108, '1', '8969', 0),
(13210, 'Xã Tân Phong', 22, 108, '1', '8976', 0),
(13213, 'Xã Song Lãng', 22, 108, '1', '8971', 0),
(13216, 'Xã Tân Hòa', 22, 108, '1', '8974', 0),
(13219, 'Xã Việt Hùng', 22, 108, '1', '8980', 0),
(13222, 'Xã Minh Lãng', 22, 108, '1', '8964', 0),
(13225, 'Xã Tân Bình', 22, 103, '0', NULL, 0),
(13228, 'Xã Minh Khai', 22, 108, '1', '8963', 0),
(13231, 'Xã Dũng Nghĩa', 22, 108, '1', '8957', 0),
(13234, 'Xã Minh Quang', 22, 108, '1', '8965', 0),
(13237, 'Xã Tam Quang', 22, 108, '1', '8972', 0),
(13240, 'Xã Tân Lập', 22, 108, '1', '8975', 0),
(13243, 'Xã Bách Thuận', 22, 108, '1', '8955', 0),
(13246, 'Xã Tự Tân', 22, 108, '1', '8979', 0),
(13249, 'Xã Song An', 22, 108, '1', '8970', 0),
(13252, 'Xã Trung An', 22, 108, '1', '8978', 0),
(13255, 'Xã Vũ Hội', 22, 108, '1', '8983', 0),
(13258, 'Xã Hòa Bình', 22, 108, '1', '8960', 0),
(13261, 'Xã Nguyên Xá', 22, 108, '1', '8967', 0),
(13264, 'Xã Việt Thuận', 22, 108, '1', '8981', 0),
(13267, 'Xã Vũ Vinh', 22, 108, '1', '8987', 0),
(13270, 'Xã Vũ Đoài', 22, 108, '1', '8982', 0),
(13273, 'Xã Vũ Tiến', 22, 108, '1', '8985', 0),
(13276, 'Xã Vũ Vân', 22, 108, '1', '8986', 0),
(13279, 'Xã Duy Nhất', 22, 108, '1', '8958', 0),
(13282, 'Xã Hồng Phong', 22, 108, '1', '8962', 0),
(13285, 'Phường Quang Trung', 23, 85, '1', '2856', 0),
(13288, 'Phường Lương Khánh Thiện', 23, 85, '1', '2850', 0),
(13291, 'Phường Lê Hồng Phong', 23, 85, '1', '2847', 0),
(13294, 'Phường Minh Khai', 23, 85, '1', '2852', 0),
(13297, 'Phường Hai Bà Trưng', 23, 85, '1', '2851', 0),
(13300, 'Phường Trần Hưng Đạo', 23, 85, '1', '2857', 0),
(13303, 'Phường Lam Hà', 23, 85, '0', NULL, 0),
(13306, 'Xã Phù Vân', 23, 85, '1', '2849', 0),
(13309, 'Phường Liêm Chính', 23, 85, '0', NULL, 0),
(13312, 'Xã Liêm Chung', 23, 85, '1', '2853', 0),
(13315, 'Phường Thanh Châu', 23, 85, '0', NULL, 0),
(13318, 'Phường Châu Sơn', 23, 85, '0', NULL, 0),
(13321, 'Thị trấn Đồng Văn', 23, 86, '1', '2764', 0),
(13324, 'Thị trấn Hòa Mạc', 23, 86, '1', '2763', 0),
(13327, 'Xã Mộc Bắc', 23, 86, '1', '2780', 0),
(13330, 'Xã Châu Giang', 23, 86, '1', '2781', 0),
(13333, 'Xã Bạch Thượng', 23, 86, '1', '2766', 0),
(13336, 'Xã Duy Minh', 23, 86, '1', '2767', 0),
(13339, 'Xã Mộc Nam', 23, 86, '1', '2779', 0),
(13342, 'Xã Duy Hải', 23, 86, '1', '2765', 0),
(13345, 'Xã Chuyên Ngoại', 23, 86, '1', '2778', 0),
(13348, 'Xã Yên Bắc', 23, 86, '1', '2783', 0),
(13351, 'Xã Trác Văn', 23, 86, '1', '2777', 0),
(13354, 'Xã Tiên Nội', 23, 86, '1', '2769', 0),
(13357, 'Xã Hoàng Đông', 23, 86, '1', '2768', 0),
(13360, 'Xã Yên Nam', 23, 86, '1', '2776', 0),
(13363, 'Xã Tiên Ngoại', 23, 86, '1', '2770', 0),
(13366, 'Xã Tiên Tân', 23, 85, '0', NULL, 0),
(13369, 'Xã Đọi Sơn', 23, 86, '1', '2775', 0),
(13372, 'Xã Tiên Hiệp', 23, 85, '0', NULL, 0),
(13375, 'Xã Châu Sơn', 23, 86, '1', '2774', 0),
(13378, 'Xã Tiền Phong', 23, 86, '1', '2782', 0),
(13381, 'Xã Tiên Hải', 23, 85, '0', NULL, 0),
(13384, 'Thị trấn Quế', 23, 87, '1', '2785', 0),
(13387, 'Xã Nguyễn Úy', 23, 87, '1', '2787', 0),
(13390, 'Xã Đại Cương', 23, 87, '1', '2789', 0),
(13393, 'Xã Lê Hồ', 23, 87, '1', '2788', 0),
(13396, 'Xã Tượng Lĩnh', 23, 87, '1', '2796', 0),
(13399, 'Xã Nhật Tựu', 23, 87, '1', '2790', 0),
(13402, 'Xã Nhật Tân', 23, 87, '1', '2792', 0),
(13405, 'Xã Đồng Hóa', 23, 87, '1', '2795', 0),
(13408, 'Xã Hoàng Tây', 23, 87, '1', '2791', 0),
(13411, 'Xã Tân Sơn', 23, 87, '1', '2797', 0),
(13414, 'Xã Thụy Lôi', 23, 87, '1', '2799', 0),
(13417, 'Xã Văn Xá', 23, 87, '1', '2793', 0),
(13420, 'Xã Khả Phong', 23, 87, '1', '2798', 0),
(13423, 'Xã Ngọc Sơn', 23, 87, '1', '2800', 0),
(13426, 'Xã Kim Bình', 23, 85, '0', NULL, 0),
(13429, 'Thị trấn Ba Sao', 23, 87, '1', '2786', 0),
(13432, 'Xã Liên Sơn', 23, 87, '1', '2803', 0),
(13435, 'Xã Thi Sơn', 23, 87, '1', '2801', 0),
(13438, 'Xã Thanh Sơn', 23, 87, '1', '2802', 0),
(13441, 'Thị trấn Kiện Khê', 23, 89, '1', '2841', 0),
(13444, 'Xã Liêm Tuyền', 23, 85, '0', NULL, 0),
(13447, 'Xã Liêm Tiết', 23, 85, '0', NULL, 0),
(13450, 'Xã Liêm Phong', 23, 89, '1', '2844', 0),
(13453, 'Xã Thanh Hà', 23, 89, '1', '2842', 0),
(13456, 'Xã Liêm Cần', 23, 89, '1', '2843', 0),
(13459, 'Phường Thanh Tuyền', 23, 85, '0', NULL, 0),
(13462, 'Xã Thanh Bình', 23, 89, '1', '2838', 0),
(13465, 'Xã Liêm Thuận', 23, 89, '1', '2839', 0),
(13468, 'Xã Thanh Thủy', 23, 89, '1', '2840', 0),
(13471, 'Xã Thanh Phong', 23, 89, '1', '2837', 0),
(13474, 'Xã Thanh Lưu', 23, 89, '1', '2836', 0),
(13477, 'Xã Thanh Tân', 23, 89, '0', NULL, 0),
(13480, 'Xã Liêm Túc', 23, 89, '1', '2835', 0),
(13483, 'Xã Liêm Sơn', 23, 89, '1', '2834', 0),
(13486, 'Xã Thanh Hương', 23, 89, '1', '2833', 0),
(13489, 'Xã Thanh Nghị', 23, 89, '1', '2831', 0),
(13492, 'Xã Thanh Tâm', 23, 89, '1', '2832', 0),
(13495, 'Xã Thanh Nguyên', 23, 89, '1', '2829', 0),
(13498, 'Xã Thanh Hải', 23, 89, '1', '2828', 0),
(13501, 'Thị trấn Bình Mỹ', 23, 90, '1', '2742', 0),
(13504, 'Xã Bình Nghĩa', 23, 90, '1', '2762', 0),
(13507, 'Xã Đinh Xá', 23, 85, '0', NULL, 0),
(13510, 'Xã Tràng An', 23, 90, '1', '2745', 0),
(13513, 'Xã Trịnh Xá', 23, 85, '0', NULL, 0),
(13516, 'Xã Đồng Du', 23, 90, '1', '2747', 0),
(13519, 'Xã Ngọc Lũ', 23, 90, '1', '2757', 0),
(13522, 'Xã Hưng Công', 23, 90, '1', '2756', 0),
(13525, 'Xã Đồn Xá', 23, 90, '1', '2746', 0),
(13528, 'Xã An Ninh', 23, 90, '1', '2761', 0),
(13531, 'Xã Bồ Đề', 23, 90, '1', '2758', 0),
(13534, 'Xã Bối Cầu', 23, 90, '1', '2755', 0),
(13537, 'Xã An Mỹ', 23, 90, '1', '2749', 0),
(13540, 'Xã An Nội', 23, 90, '1', '2759', 0),
(13543, 'Xã Vũ Bản', 23, 90, '1', '2760', 0),
(13546, 'Xã Trung Lương', 23, 90, '1', '2754', 0),
(13549, 'Xã Mỹ Thọ', 23, 90, '1', '2748', 0),
(13552, 'Xã An Đổ', 23, 90, '1', '2751', 0),
(13555, 'Xã La Sơn', 23, 90, '1', '2750', 0),
(13558, 'Xã Tiêu Động', 23, 90, '1', '2752', 0),
(13561, 'Xã An Lão', 23, 90, '1', '2753', 0),
(13564, 'Thị trấn Vĩnh Trụ', 23, 88, '1', '2804', 0),
(13567, 'Xã Hợp Lý', 23, 88, '1', '2805', 0),
(13570, 'Xã Nguyên Lý', 23, 88, '1', '2809', 0),
(13573, 'Xã Chính Lý', 23, 88, '1', '2806', 0),
(13576, 'Xã Chân Lý', 23, 88, '1', '2815', 0),
(13579, 'Xã Đạo Lý', 23, 88, '1', '2812', 0),
(13582, 'Xã Công Lý', 23, 88, '1', '2808', 0),
(13585, 'Xã Văn Lý', 23, 88, '1', '2807', 0),
(13588, 'Xã Bắc Lý', 23, 88, '1', '2814', 0),
(13591, 'Xã Đức Lý', 23, 88, '1', '2811', 0),
(13594, 'Xã Nhân Đạo', 23, 88, '1', '2824', 0),
(13597, 'Xã Đồng Lý', 23, 88, '1', '2810', 0),
(13600, 'Xã Nhân Thịnh', 23, 88, '1', '2823', 0),
(13603, 'Xã Nhân Hưng', 23, 88, '1', '2825', 0),
(13606, 'Xã Nhân Khang', 23, 88, '1', '2813', 0),
(13609, 'Xã Nhân Mỹ', 23, 88, '1', '2826', 0),
(13612, 'Xã Nhân Nghĩa', 23, 88, '1', '2817', 0),
(13615, 'Xã Nhân Chính', 23, 88, '1', '2816', 0),
(13618, 'Xã Nhân Bình', 23, 88, '1', '2818', 0),
(13621, 'Xã Phú Phúc', 23, 88, '1', '2820', 0),
(13624, 'Xã Xuân Khê', 23, 88, '1', '2819', 0),
(13627, 'Xã Tiến Thắng', 23, 88, '1', '2821', 0),
(13630, 'Xã Hòa Hậu', 23, 88, '1', '2822', 0),
(13633, 'Phường Hạ Long', 24, 92, '1', '5756', 0),
(13636, 'Phường Trần Tế Xương', 24, 92, '1', '5772', 0),
(13639, 'Phường Vị Hoàng', 24, 92, '1', '5775', 0),
(13642, 'Phường Vị Xuyên', 24, 92, '1', '5776', 0),
(13645, 'Phường Quang Trung', 24, 92, '1', '5768', 0),
(13648, 'Phường Cửa Bắc', 24, 92, '1', '5754', 0),
(13651, 'Phường Nguyễn Du', 24, 92, '1', '5766', 0),
(13654, 'Phường Bà Triệu', 24, 92, '1', '5753', 0),
(13657, 'Phường Trường Thi', 24, 92, '1', '5773', 0),
(13660, 'Phường Phan Đình Phùng', 24, 92, '1', '5767', 0),
(13663, 'Phường Ngô Quyền', 24, 92, '1', '5765', 0),
(13666, 'Phường Trần Hưng Đạo', 24, 92, '1', '5770', 0),
(13669, 'Phường Trần Đăng Ninh', 24, 92, '1', '5769', 0),
(13672, 'Phường Năng Tĩnh', 24, 92, '1', '5764', 0),
(13675, 'Phường Văn Miếu', 24, 92, '1', '5774', 0),
(13678, 'Phường Trần Quang Khải', 24, 92, '1', '5771', 0),
(13681, 'Phường Thống Nhất', 24, 92, '1', '5777', 0),
(13684, 'Phường Lộc Hạ', 24, 92, '1', '5758', 0),
(13687, 'Phường Lộc Vượng', 24, 92, '1', '5760', 0),
(13690, 'Phường Cửa Nam', 24, 92, '1', '5755', 0),
(13693, 'Xã Lộc Hòa', 24, 92, '1', '5759', 0),
(13696, 'Xã Nam Phong', 24, 92, '1', '5762', 0),
(13699, 'Xã Mỹ Xá', 24, 92, '1', '5761', 0),
(13702, 'Xã Lộc An', 24, 92, '1', '5757', 0),
(13705, 'Xã Nam Vân', 24, 92, '1', '5763', 0),
(13708, 'Thị trấn Mỹ Lộc', 24, 94, '1', '5611', 0),
(13711, 'Xã Mỹ Hà', 24, 94, '1', '5601', 0),
(13714, 'Xã Mỹ Tiến', 24, 94, '1', '5609', 0),
(13717, 'Xã Mỹ Thắng', 24, 94, '1', '5605', 0),
(13720, 'Xã Mỹ Trung', 24, 94, '1', '5610', 0),
(13723, 'Xã Mỹ Tân', 24, 94, '1', '5604', 0),
(13726, 'Xã Mỹ Phúc', 24, 94, '1', '5603', 0),
(13729, 'Xã Mỹ Hưng', 24, 94, '1', '5602', 0),
(13732, 'Xã Mỹ Thuận', 24, 94, '1', '5608', 0),
(13735, 'Xã Mỹ Thịnh', 24, 94, '1', '5607', 0),
(13738, 'Xã Mỹ Thành', 24, 94, '1', '5606', 0),
(13741, 'Thị trấn Gôi', 24, 93, '1', '5683', 0),
(13744, 'Xã Minh Thuận', 24, 93, '1', '5694', 0),
(13747, 'Xã Hiển Khánh', 24, 93, '1', '5688', 0),
(13750, 'Xã Tân Khánh', 24, 93, '1', '5697', 0),
(13753, 'Xã Hợp Hưng', 24, 93, '1', '5689', 0),
(13756, 'Xã Đại An', 24, 93, '1', '5686', 0),
(13759, 'Xã Tân Thành', 24, 93, '1', '5698', 0),
(13762, 'Xã Cộng Hòa', 24, 93, '1', '5685', 0),
(13765, 'Xã Trung Thành', 24, 93, '1', '5700', 0),
(13768, 'Xã Quang Trung', 24, 93, '1', '5695', 0),
(13771, 'Xã Minh Tân', 24, 93, '1', '5693', 0),
(13774, 'Xã Liên Bảo', 24, 93, '1', '5691', 0),
(13777, 'Xã Thành Lợi', 24, 93, '1', '5699', 0),
(13780, 'Xã Kim Thái', 24, 93, '1', '5690', 0),
(13783, 'Xã Liên Minh', 24, 93, '1', '5692', 0),
(13786, 'Xã Đại Thắng', 24, 93, '1', '5687', 0),
(13789, 'Xã Tam Thanh', 24, 93, '1', '5696', 0),
(13792, 'Xã Vĩnh Hào', 24, 93, '0', NULL, 0),
(13795, 'Thị trấn Lâm', 24, 95, '1', '11368', 0),
(13798, 'Xã Yên Trung', 24, 95, '1', '11398', 0),
(13801, 'Xã Yên Thành', 24, 95, '1', '11394', 0),
(13804, 'Xã Yên Tân', 24, 95, '1', '11392', 0),
(13807, 'Xã Yên Lợi', 24, 95, '1', '11380', 0),
(13810, 'Xã Yên Thọ', 24, 95, '1', '11395', 0),
(13813, 'Xã Yên Nghĩa', 24, 95, '1', '11384', 0),
(13816, 'Xã Yên Minh', 24, 95, '1', '11382', 0),
(13819, 'Xã Yên Phương', 24, 95, '1', '11390', 0),
(13822, 'Xã Yên Chính', 24, 95, '1', '11371', 0),
(13825, 'Xã Yên Bình', 24, 95, '1', '11370', 0),
(13828, 'Xã Yên Phú', 24, 95, '1', '11388', 0),
(13831, 'Xã Yên Mỹ', 24, 95, '1', '11383', 0),
(13834, 'Xã Yên Dương', 24, 95, '1', '11374', 0),
(13837, 'Xã Yên Xá', 24, 95, '0', NULL, 0),
(13840, 'Xã Yên Hưng', 24, 95, '1', '11376', 0),
(13843, 'Xã Yên Khánh', 24, 95, '1', '11378', 0),
(13846, 'Xã Yên Phong', 24, 95, '1', '11387', 0),
(13849, 'Xã Yên Ninh', 24, 95, '1', '11386', 0),
(13852, 'Xã Yên Lương', 24, 95, '1', '11381', 0),
(13855, 'Xã Yên Hồng', 24, 95, '1', '11375', 0),
(13858, 'Xã Yên Quang', 24, 95, '1', '11391', 0),
(13861, 'Xã Yên Tiến', 24, 95, '1', '11396', 0),
(13864, 'Xã Yên Thắng', 24, 95, '1', '11393', 0),
(13867, 'Xã Yên Phúc', 24, 95, '1', '11389', 0),
(13870, 'Xã Yên Cường', 24, 95, '1', '11372', 0),
(13873, 'Xã Yên Lộc', 24, 95, '1', '11379', 0),
(13876, 'Xã Yên Bằng', 24, 95, '1', '11369', 0),
(13879, 'Xã Yên Đồng', 24, 95, '1', '11373', 0),
(13882, 'Xã Yên Khang', 24, 95, '1', '11377', 0),
(13885, 'Xã Yên Nhân', 24, 95, '1', '11385', 0),
(13888, 'Xã Yên Trị', 24, 95, '1', '11397', 0),
(13891, 'Thị trấn Liễu Đề', 24, 100, '1', '5655', 0),
(13894, 'Thị trấn Rạng Đông', 24, 100, '1', '5657', 0),
(13897, 'Xã Nghĩa Đồng', 24, 100, '1', '5637', 0),
(13900, 'Xã Nghĩa Thịnh', 24, 100, '1', '5653', 0),
(13903, 'Xã Nghĩa Minh', 24, 100, '1', '5644', 0),
(13906, 'Xã Nghĩa Thái', 24, 100, '1', '5650', 0),
(13909, 'Xã Hoàng Nam', 24, 100, '1', '5633', 0),
(13912, 'Xã Nghĩa Châu', 24, 100, '1', '5636', 0),
(13915, 'Xã Nghĩa Trung', 24, 100, '1', '5654', 0),
(13918, 'Xã Nghĩa Sơn', 24, 100, '1', '5648', 0),
(13921, 'Xã Nghĩa Lạc', 24, 100, '1', '5641', 0),
(13924, 'Xã Nghĩa Hồng', 24, 100, '1', '5639', 0),
(13927, 'Xã Nghĩa Phong', 24, 100, '1', '5645', 0),
(13930, 'Xã Nghĩa Phú', 24, 100, '1', '5646', 0),
(13933, 'Xã Nghĩa Bình', 24, 100, '1', '5635', 0),
(13936, 'Thị trấn Quỹ Nhất', 24, 100, '1', '5656', 0),
(13939, 'Xã Nghĩa Tân', 24, 100, '1', '5649', 0),
(13942, 'Xã Nghĩa Hùng', 24, 100, '1', '5640', 0),
(13945, 'Xã Nghĩa Lâm', 24, 100, '1', '5642', 0),
(13948, 'Xã Nghĩa Thành', 24, 100, '1', '5652', 0),
(13951, 'Xã Nghĩa Thắng', 24, 100, '1', '5651', 0),
(13954, 'Xã Nghĩa Lợi', 24, 100, '1', '5643', 0),
(13957, 'Xã Nghĩa Hải', 24, 100, '1', '5638', 0),
(13960, 'Xã Nghĩa Phúc', 24, 100, '1', '5647', 0),
(13963, 'Xã Nam Điền', 24, 100, '1', '5634', 0),
(13966, 'Thị trấn Nam Giang', 24, 96, '1', '5618', 0),
(13969, 'Xã Nam Mỹ', 24, 96, '1', '5624', 0),
(13972, 'Xã Điền Xá', 24, 96, '1', '5613', 0),
(13975, 'Xã Nghĩa An', 24, 96, '1', '5631', 0),
(13978, 'Xã Nam Thắng', 24, 96, '1', '5626', 0),
(13981, 'Xã Nam Toàn', 24, 96, '1', '5629', 0),
(13984, 'Xã Hồng Quang', 24, 96, '1', '5615', 0),
(13987, 'Xã Tân Thịnh', 24, 96, '1', '5632', 0),
(13990, 'Xã Nam Cường', 24, 96, '1', '5616', 0),
(13993, 'Xã Nam Hồng', 24, 96, '1', '5621', 0),
(13996, 'Xã Nam Hùng', 24, 96, '1', '5622', 0),
(13999, 'Xã Nam Hoa', 24, 96, '1', '5620', 0),
(14002, 'Xã Nam Dương', 24, 96, '1', '5617', 0),
(14005, 'Xã Nam Thanh', 24, 96, '1', '5627', 0),
(14008, 'Xã Nam Lợi', 24, 96, '1', '5623', 0),
(14011, 'Xã Bình Minh', 24, 96, '1', '5612', 0),
(14014, 'Xã Đồng Sơn', 24, 96, '1', '5614', 0),
(14017, 'Xã Nam Tiến', 24, 96, '1', '5628', 0),
(14020, 'Xã Nam Hải', 24, 96, '1', '5619', 0),
(14023, 'Xã Nam Thái', 24, 96, '1', '5625', 0),
(14026, 'Thị trấn Cổ Lễ', 24, 97, '1', '5659', 0),
(14029, 'Xã Phương Định', 24, 97, '1', '5661', 0),
(14032, 'Xã Trực Chính', 24, 97, '1', '5662', 0),
(14035, 'Xã Trung Đông', 24, 97, '1', '5677', 0),
(14038, 'Xã Liêm Hải', 24, 97, '1', '5660', 0),
(14041, 'Xã Trực Tuấn', 24, 97, '1', '5676', 0),
(14044, 'Xã Việt Hùng', 24, 97, '1', '5678', 0),
(14047, 'Xã Trực Đạo', 24, 97, '1', '5665', 0),
(14050, 'Xã Trực Hưng', 24, 97, '1', '5667', 0),
(14053, 'Xã Trực Nội', 24, 97, '1', '5670', 0),
(14056, 'Thị trấn Cát Thành', 24, 97, '1', '5679', 0),
(14059, 'Xã Trực Thanh', 24, 97, '1', '5674', 0),
(14062, 'Xã Trực Khang', 24, 97, '1', '5668', 0),
(14065, 'Xã Trực Thuận', 24, 97, '1', '5675', 0),
(14068, 'Xã Trực Mỹ', 24, 97, '1', '5669', 0),
(14071, 'Xã Trực Đại', 24, 97, '1', '5664', 0),
(14074, 'Xã Trực Cường', 24, 97, '1', '5663', 0),
(14077, 'Xã Trực Phú', 24, 97, '1', '5671', 0),
(14080, 'Xã Trực Thái', 24, 97, '1', '5672', 0),
(14083, 'Xã Trực Hùng', 24, 97, '0', NULL, 0),
(14086, 'Xã Trực Thắng', 24, 97, '1', '5673', 0),
(14089, 'Thị trấn Xuân Trường', 24, 98, '1', '5701', 0),
(14092, 'Xã Xuân Châu', 24, 98, '1', '5704', 0),
(14095, 'Xã Xuân Hồng', 24, 98, '1', '5707', 0),
(14098, 'Xã Xuân Thành', 24, 98, '1', '5716', 0),
(14101, 'Xã Xuân Thượng', 24, 98, '0', NULL, 0),
(14104, 'Xã Xuân Phong', 24, 98, '1', '5712', 0),
(14107, 'Xã Xuân Đài', 24, 98, '1', '5705', 0),
(14110, 'Xã Xuân Tân', 24, 98, '1', '5715', 0),
(14113, 'Xã Xuân Thủy', 24, 98, '1', '5717', 0),
(14116, 'Xã Xuân Ngọc', 24, 98, '1', '5710', 0),
(14119, 'Xã Xuân Bắc', 24, 98, '1', '5703', 0),
(14122, 'Xã Xuân Phương', 24, 98, '1', '5714', 0),
(14125, 'Xã Thọ Nghiệp', 24, 98, '1', '5702', 0),
(14128, 'Xã Xuân Phú', 24, 98, '1', '5713', 0),
(14131, 'Xã Xuân Trung', 24, 98, '1', '5719', 0),
(14134, 'Xã Xuân Vinh', 24, 98, '1', '5720', 0),
(14137, 'Xã Xuân Kiên', 24, 98, '1', '5709', 0),
(14140, 'Xã Xuân Tiến', 24, 98, '1', '5718', 0),
(14143, 'Xã Xuân Ninh', 24, 98, '1', '5711', 0),
(14146, 'Xã Xuân Hòa', 24, 98, '1', '5706', 0),
(14149, 'Thị trấn Ngô Đồng', 24, 99, '1', '5564', 0),
(14152, 'Thị trấn Quất Lâm', 24, 99, '1', '5565', 0),
(14155, 'Xã Giao Hương', 24, 99, '1', '5551', 0),
(14158, 'Xã Hồng Thuận', 24, 99, '1', '5562', 0),
(14161, 'Xã Giao Thiện', 24, 99, '1', '5543', 0),
(14164, 'Xã Giao Thanh', 24, 99, '1', '5542', 0),
(14167, 'Xã Hoành Sơn', 24, 99, '1', '5561', 0),
(14170, 'Xã Bình Hòa', 24, 99, '1', '5545', 0),
(14173, 'Xã Giao Tiến', 24, 99, '1', '5558', 0),
(14176, 'Xã Giao Hà', 24, 99, '1', '5548', 0),
(14179, 'Xã Giao Nhân', 24, 99, '1', '5555', 0),
(14182, 'Xã Giao An', 24, 99, '1', '5546', 0),
(14185, 'Xã Giao Lạc', 24, 99, '1', '5552', 0),
(14188, 'Xã Giao Châu', 24, 99, '1', '5547', 0),
(14191, 'Xã Giao Tân', 24, 99, '1', '5541', 0),
(14194, 'Xã Giao Yến', 24, 99, '1', '5560', 0),
(14197, 'Xã Giao Xuân', 24, 99, '1', '5559', 0),
(14200, 'Xã Giao Thịnh', 24, 99, '1', '5557', 0),
(14203, 'Xã Giao Hải', 24, 99, '1', '5549', 0),
(14206, 'Xã Bạch Long', 24, 99, '1', '5544', 0),
(14209, 'Xã Giao Long', 24, 99, '1', '5554', 0),
(14212, 'Xã Giao Phong', 24, 99, '1', '5556', 0),
(14215, 'Thị trấn Yên Định', 24, 101, '1', '5600', 0),
(14218, 'Thị trấn Cồn', 24, 101, '1', '5598', 0),
(14221, 'Thị trấn Thịnh Long', 24, 101, '1', '5599', 0),
(14224, 'Xã Hải Nam', 24, 101, '1', '5582', 0),
(14227, 'Xã Hải Trung', 24, 101, '1', '5595', 0),
(14230, 'Xã Hải Vân', 24, 101, '1', '5596', 0),
(14233, 'Xã Hải Minh', 24, 101, '1', '5581', 0),
(14236, 'Xã Hải Anh', 24, 101, '1', '5567', 0),
(14239, 'Xã Hải Hưng', 24, 101, '1', '5577', 0),
(14242, 'Xã Hải Bắc', 24, 101, '1', '5568', 0),
(14245, 'Xã Hải Phúc', 24, 101, '1', '5586', 0),
(14248, 'Xã Hải Thanh', 24, 101, '1', '5592', 0),
(14251, 'Xã Hải Hà', 24, 101, '1', '5575', 0),
(14254, 'Xã Hải Long', 24, 101, '1', '5579', 0),
(14257, 'Xã Hải Phương', 24, 101, '1', '5587', 0),
(14260, 'Xã Hải Đường', 24, 101, '1', '5573', 0),
(14263, 'Xã Hải Lộc', 24, 101, '1', '5578', 0),
(14266, 'Xã Hải Quang', 24, 101, '1', '5588', 0),
(14269, 'Xã Hải Đông', 24, 101, '1', '5572', 0),
(14272, 'Xã Hải Sơn', 24, 101, '1', '5589', 0),
(14275, 'Xã Hải Tân', 24, 101, '1', '5590', 0),
(14278, 'Xã Hải Toàn', 24, 101, '1', '5593', 0),
(14281, 'Xã Hải Phong', 24, 101, '1', '5584', 0),
(14284, 'Xã Hải An', 24, 101, '1', '5566', 0),
(14287, 'Xã Hải Tây', 24, 101, '1', '5591', 0),
(14290, 'Xã Hải Lý', 24, 101, '1', '5580', 0),
(14293, 'Xã Hải Phú', 24, 101, '1', '5585', 0),
(14296, 'Xã Hải Giang', 24, 101, '1', '5574', 0),
(14299, 'Xã Hải Cường', 24, 101, '1', '5571', 0),
(14302, 'Xã Hải Ninh', 24, 101, '1', '5583', 0),
(14305, 'Xã Hải Chính', 24, 101, '1', '5570', 0),
(14308, 'Xã Hải Xuân', 24, 101, '1', '5597', 0),
(14311, 'Xã Hải Châu', 24, 101, '1', '5569', 0),
(14314, 'Xã Hải Triều', 24, 101, '1', '5594', 0),
(14317, 'Xã Hải Hòa', 24, 101, '1', '5576', 0),
(14320, 'Phường Đông Thành', 25, 112, '1', '6407', 0),
(14323, 'Phường Tân Thành', 25, 112, '1', '6417', 0),
(14326, 'Phường Thanh Bình', 25, 112, '1', '6418', 0),
(14329, 'Phường Vân Giang', 25, 112, '1', '6419', 0),
(14332, 'Phường Bích Đào', 25, 112, '1', '6406', 0),
(14335, 'Phường Phúc Thành', 25, 112, '1', '6416', 0),
(14338, 'Phường Nam Bình', 25, 112, '1', '6408', 0),
(14341, 'Phường Nam Thành', 25, 112, '1', '6409', 0),
(14344, 'Phường Ninh Khánh', 25, 112, '1', '6410', 0),
(14347, 'Xã Ninh Nhất', 25, 112, '0', NULL, 0),
(14350, 'Xã Ninh Tiến', 25, 112, '0', NULL, 0),
(14353, 'Xã Ninh Phúc', 25, 112, '0', NULL, 0),
(14356, 'Phường Ninh Sơn', 25, 112, '1', '6414', 0),
(14359, 'Phường Ninh Phong', 25, 112, '1', '6412', 0),
(14362, 'Phường Bắc Sơn', 25, 113, '1', '6420', 0),
(14365, 'Phường Trung Sơn', 25, 113, '1', '6426', 0),
(14368, 'Phường Nam Sơn', 25, 113, '1', '6422', 0),
(14369, 'Phường Tây Sơn', 25, 113, '1', '6425', 0),
(14371, 'Xã Yên Sơn', 25, 113, '0', NULL, 0),
(14374, 'Phường Yên Bình', 25, 113, '1', '6427', 0),
(14375, 'Phường Tân Bình', 25, 113, '1', '6424', 0),
(14377, 'Xã Quang Sơn', 25, 113, '1', '6423', 0),
(14380, 'Xã Đông Sơn', 25, 113, '1', '6421', 0),
(14383, 'Thị trấn Nho Quan', 25, 114, '1', '6357', 0),
(14386, 'Xã Xích Thổ', 25, 114, '1', '6360', 0),
(14389, 'Xã Gia Lâm', 25, 114, '1', '6336', 0),
(14392, 'Xã Gia Sơn', 25, 114, '1', '6343', 0),
(14395, 'Xã Thạch Bình', 25, 114, '1', '6354', 0),
(14398, 'Xã Gia Thủy', 25, 114, '1', '6344', 0),
(14401, 'Xã Gia Tường', 25, 114, '1', '6337', 0),
(14404, 'Xã Cúc Phương', 25, 114, '1', '6340', 0),
(14407, 'Xã Phú Sơn', 25, 114, '1', '6348', 0),
(14410, 'Xã Đức Long', 25, 114, '1', '6342', 0),
(14413, 'Xã Lạc Vân', 25, 114, '1', '6338', 0),
(14416, 'Xã Đồng Phong', 25, 114, '1', '6341', 0),
(14419, 'Xã Yên Quang', 25, 114, '1', '6361', 0),
(14422, 'Xã Lạng Phong', 25, 114, '0', NULL, 0),
(14425, 'Xã Thượng Hòa', 25, 114, '1', '6356', 0),
(14428, 'Xã Văn Phong', 25, 114, '1', '6358', 0),
(14431, 'Xã Văn Phương', 25, 114, '1', '6362', 0),
(14434, 'Xã Thanh Lạc', 25, 114, '1', '6355', 0),
(14437, 'Xã Sơn Lai', 25, 114, '1', '6352', 0),
(14440, 'Xã Sơn Thành', 25, 114, '1', '6353', 0),
(14443, 'Xã Văn Phú', 25, 114, '1', '6359', 0),
(14446, 'Xã Phú Lộc', 25, 114, '1', '6346', 0),
(14449, 'Xã Kỳ Phú', 25, 114, '1', '6345', 0),
(14452, 'Xã Quỳnh Lưu', 25, 114, '1', '6350', 0),
(14455, 'Xã Sơn Hà', 25, 114, '1', '6351', 0),
(14458, 'Xã Phú Long', 25, 114, '1', '6347', 0),
(14461, 'Xã Quảng Lạc', 25, 114, '1', '6349', 0),
(14464, 'Thị trấn Me', 25, 115, '1', '6284', 0),
(14467, 'Xã Gia Hòa', 25, 115, '1', '6273', 0),
(14470, 'Xã Gia Hưng', 25, 115, '1', '6274', 0),
(14473, 'Xã Liên Sơn', 25, 115, '1', '6293', 0),
(14476, 'Xã Gia Thanh', 25, 115, '1', '6279', 0),
(14479, 'Xã Gia Vân', 25, 115, '1', '6281', 0),
(14482, 'Xã Gia Phú', 25, 115, '1', '6277', 0),
(14485, 'Xã Gia Xuân', 25, 115, '1', '6283', 0),
(14488, 'Xã Gia Lập', 25, 115, '1', '6276', 0),
(14491, 'Xã Gia Vượng', 25, 115, '1', '6282', 0),
(14494, 'Xã Gia Trấn', 25, 115, '1', '6280', 0),
(14497, 'Xã Gia Thịnh', 25, 115, '1', '6290', 0),
(14500, 'Xã Gia Phương', 25, 115, '1', '6278', 0),
(14503, 'Xã Gia Tân', 25, 115, '1', '6288', 0),
(14506, 'Xã Gia Thắng', 25, 115, '1', '6289', 0),
(14509, 'Xã Gia Trung', 25, 115, '1', '6292', 0),
(14512, 'Xã Gia Minh', 25, 115, '1', '6285', 0),
(14515, 'Xã Gia Lạc', 25, 115, '1', '6275', 0),
(14518, 'Xã Gia Tiến', 25, 115, '1', '6291', 0),
(14521, 'Xã Gia Sinh', 25, 115, '1', '6287', 0),
(14524, 'Xã Gia Phong', 25, 115, '1', '6286', 0),
(14527, 'Thị trấn Thiên Tôn', 25, 116, '1', '6305', 0),
(14530, 'Xã Ninh Giang', 25, 116, '1', '6296', 0),
(14533, 'Xã Trường Yên', 25, 116, '1', '6304', 0),
(14536, 'Xã Ninh Khang', 25, 116, '1', '6298', 0),
(14539, 'Xã Ninh Mỹ', 25, 116, '1', '6299', 0),
(14542, 'Xã Ninh Hòa', 25, 116, '1', '6297', 0),
(14545, 'Xã Ninh Xuân', 25, 116, '1', '6302', 0),
(14548, 'Xã Ninh Hải', 25, 116, '1', '11580', 0),
(14551, 'Xã Ninh Thắng', 25, 116, '1', '6301', 0),
(14554, 'Xã Ninh Vân', 25, 116, '1', '11564', 0),
(14557, 'Xã Ninh An', 25, 116, '0', NULL, 0),
(14560, 'Thị trấn Yên Ninh', 25, 118, '1', '6370', 0),
(14563, 'Xã Khánh Tiên', 25, 118, '1', '6381', 0),
(14566, 'Xã Khánh Phú', 25, 118, '1', '6368', 0),
(14569, 'Xã Khánh Hòa', 25, 118, '1', '6366', 0),
(14572, 'Xã Khánh Lợi', 25, 118, '1', '6375', 0),
(14575, 'Xã Khánh An', 25, 118, '1', '6363', 0),
(14578, 'Xã Khánh Cường', 25, 118, '1', '6372', 0),
(14581, 'Xã Khánh Cư', 25, 118, '1', '6364', 0),
(14584, 'Xã Khánh Thiện', 25, 118, '1', '6379', 0),
(14587, 'Xã Khánh Hải', 25, 118, '1', '6365', 0),
(14590, 'Xã Khánh Trung', 25, 118, '1', '6382', 0),
(14593, 'Xã Khánh Mậu', 25, 118, '1', '6376', 0),
(14596, 'Xã Khánh Vân', 25, 118, '1', '6369', 0),
(14599, 'Xã Khánh Hội', 25, 118, '1', '6373', 0),
(14602, 'Xã Khánh Công', 25, 118, '1', '6371', 0),
(14608, 'Xã Khánh Thành', 25, 118, '1', '6378', 0),
(14611, 'Xã Khánh Nhạc', 25, 118, '1', '6367', 0),
(14614, 'Xã Khánh Thủy', 25, 118, '1', '6380', 0),
(14617, 'Xã Khánh Hồng', 25, 118, '1', '6374', 0),
(14620, 'Thị trấn Phát Diệm', 25, 119, '1', '6331', 0),
(14623, 'Thị trấn Bình Minh', 25, 119, '1', '6330', 0),
(14626, 'Xã Xuân Thiện', 25, 119, '1', '6333', 0),
(14629, 'Xã Hồi Ninh', 25, 119, '1', '6313', 0),
(14632, 'Xã Chính Tâm', 25, 119, '1', '6309', 0),
(14635, 'Xã Kim Định', 25, 119, '1', '6316', 0),
(14638, 'Xã Ân Hòa', 25, 119, '1', '6307', 0),
(14641, 'Xã Hùng Tiến', 25, 119, '1', '6314', 0),
(14644, 'Xã Yên Mật', 25, 119, '1', '6335', 0),
(14647, 'Xã Quang Thiện', 25, 119, '1', '6326', 0),
(14650, 'Xã Như Hòa', 25, 119, '1', '6325', 0),
(14653, 'Xã Chất Bình', 25, 119, '1', '6308', 0),
(14656, 'Xã Đồng Hướng', 25, 119, '1', '6311', 0),
(14659, 'Xã Kim Chính', 25, 119, '1', '6315', 0),
(14662, 'Xã Thượng Kiệm', 25, 119, '1', '6329', 0),
(14665, 'Xã Lưu Phương', 25, 119, '1', '6323', 0),
(14668, 'Xã Tân Thành', 25, 119, '1', '6327', 0),
(14671, 'Xã Yên Lộc', 25, 119, '1', '6334', 0),
(14674, 'Xã Lai Thành', 25, 119, '1', '6322', 0),
(14677, 'Xã Định Hóa', 25, 119, '1', '6312', 0),
(14680, 'Xã Văn Hải', 25, 119, '1', '6332', 0),
(14683, 'Xã Kim Tân', 25, 119, '1', '6320', 0),
(14686, 'Xã Kim Mỹ', 25, 119, '1', '6319', 0),
(14689, 'Xã Cồn Thoi', 25, 119, '1', '6310', 0),
(14692, 'Xã Kim Hải', 25, 119, '1', '6318', 0),
(14695, 'Xã Kim Trung', 25, 119, '1', '6321', 0),
(14698, 'Xã Kim Đông', 25, 119, '1', '6317', 0),
(14701, 'Thị trấn Yên Thịnh', 25, 117, '1', '6386', 0),
(14704, 'Xã Khánh Thượng', 25, 117, '1', '6396', 0),
(14707, 'Xã Khánh Dương', 25, 117, '1', '6384', 0),
(14710, 'Xã Mai Sơn', 25, 117, '1', '6397', 0),
(14713, 'Xã Khánh Thịnh', 25, 117, '1', '6385', 0),
(14719, 'Xã Yên Phong', 25, 117, '1', '6393', 0),
(14722, 'Xã Yên Hòa', 25, 117, '1', '6387', 0),
(14725, 'Xã Yên Thắng', 25, 117, '1', '6400', 0),
(14728, 'Xã Yên Từ', 25, 117, '1', '6395', 0),
(14731, 'Xã Yên Hưng', 25, 117, '1', '6388', 0),
(14734, 'Xã Yên Thành', 25, 117, '1', '6401', 0),
(14737, 'Xã Yên Nhân', 25, 117, '1', '6392', 0),
(14740, 'Xã Yên Mỹ', 25, 117, '1', '6391', 0),
(14743, 'Xã Yên Mạc', 25, 117, '1', '6390', 0),
(14746, 'Xã Yên Đồng', 25, 117, '1', '6398', 0),
(14749, 'Xã Yên Thái', 25, 117, '1', '6399', 0),
(14752, 'Xã Yên Lâm', 25, 117, '1', '6389', 0),
(14755, 'Phường Hàm Rồng', 26, 273, '1', '8730', 0),
(14758, 'Phường Đông Thọ', 26, 273, '1', '8729', 0),
(14761, 'Phường Nam Ngạn', 26, 273, '1', '8731', 0),
(14764, 'Phường Trường Thi', 26, 273, '1', '8728', 0),
(14767, 'Phường Điện Biên', 26, 273, '1', '8727', 0),
(14770, 'Phường Phú Sơn', 26, 273, '1', '8725', 0),
(14773, 'Phường Lam Sơn', 26, 273, '1', '8721', 0),
(14776, 'Phường Ba Đình', 26, 273, '1', '8722', 0),
(14779, 'Phường Ngọc Trạo', 26, 273, '1', '8723', 0),
(14782, 'Phường Đông Vệ', 26, 273, '1', '8724', 0),
(14785, 'Phường Đông Sơn', 26, 273, '1', '8720', 0),
(14788, 'Phường Tân Sơn', 26, 273, '1', '8726', 0),
(14791, 'Phường Đông Cương', 26, 273, '0', NULL, 0),
(14794, 'Phường Đông Hương', 26, 273, '0', NULL, 0),
(14797, 'Phường Đông Hải', 26, 273, '0', NULL, 0),
(14800, 'Phường Quảng Hưng', 26, 273, '0', NULL, 0),
(14803, 'Phường Quảng Thắng', 26, 273, '0', NULL, 0),
(14806, 'Phường Quảng Thành', 26, 273, '0', NULL, 0),
(14809, 'Phường Bắc Sơn', 26, 274, '1', '8740', 0),
(14812, 'Phường Ba Đình', 26, 274, '1', '8741', 0),
(14815, 'Phường Lam Sơn', 26, 274, '1', '8739', 0),
(14818, 'Phường Ngọc Trạo', 26, 274, '1', '8738', 0),
(14821, 'Phường Đông Sơn', 26, 274, '1', '8743', 0),
(14823, 'Phường Phú Sơn', 26, 274, '0', NULL, 0),
(14824, 'Xã Quang Trung', 26, 274, '0', NULL, 0),
(14827, 'Xã Hà Lan', 26, 274, '0', NULL, 0),
(14830, 'Phường Trung Sơn', 26, 275, '1', '8745', 0),
(14833, 'Phường Bắc Sơn', 26, 275, '1', '8744', 0),
(14836, 'Phường Trường Sơn', 26, 275, '1', '8746', 0),
(14839, 'Xã Quảng Cư', 26, 275, '1', '8747', 0),
(14842, 'Phường Quảng Tiến', 26, 275, '0', NULL, 0),
(14845, 'Thị trấn Mường Lát', 26, 276, '1', '8251', 0),
(14848, 'Xã Tam Chung', 26, 276, '0', NULL, 0),
(14851, 'Xã Tén Tằn', 26, 276, '1', '8255', 0),
(14854, 'Xã Mường Lý', 26, 276, '1', '8257', 0),
(14857, 'Xã Trung Lý', 26, 276, '1', '8258', 0),
(14860, 'Xã Quang Chiểu', 26, 276, '1', '8252', 0),
(14863, 'Xã Pù Nhi', 26, 276, '0', NULL, 0),
(14864, 'Xã Nhi Sơn', 26, 276, '1', '8259', 0),
(14866, 'Xã Mường Chanh', 26, 276, '1', '8253', 0),
(14869, 'Thị trấn Quan Hóa', 26, 277, '1', '8382', 0),
(14872, 'Xã Thành Sơn', 26, 277, '1', '8384', 0),
(14875, 'Xã Trung Sơn', 26, 277, '1', '8383', 0),
(14878, 'Xã Phú Thanh', 26, 277, '1', '8386', 0),
(14881, 'Xã Trung Thành', 26, 277, '1', '8385', 0),
(14884, 'Xã Phú Lệ', 26, 277, '1', '8388', 0),
(14887, 'Xã Phú Sơn', 26, 277, '1', '8387', 0),
(14890, 'Xã Phú Xuân', 26, 277, '1', '8389', 0),
(14893, 'Xã Thanh Xuân', 26, 277, '1', '8390', 0),
(14896, 'Xã Hiền Chung', 26, 277, '0', NULL, 0),
(14899, 'Xã Hiền Kiệt', 26, 277, '1', '8393', 0),
(14902, 'Xã Nam Tiến', 26, 277, '1', '8398', 0),
(14905, 'Xã Hồi Xuân', 26, 277, '1', '8391', 0),
(14908, 'Xã Thiên Phủ', 26, 277, '1', '8394', 0),
(14911, 'Xã Phú Nghiêm', 26, 277, '1', '8399', 0),
(14914, 'Xã Nam Xuân', 26, 277, '1', '8396', 0),
(14917, 'Xã Nam Động', 26, 277, '1', '8395', 0),
(14920, 'Xã Xuân Phú', 26, 277, '1', '8397', 0),
(14923, 'Thị trấn Cành Nàng', 26, 279, '1', '8120', 0),
(14926, 'Xã Điền Thượng', 26, 279, '1', '8135', 0),
(14929, 'Xã Điền Hạ', 26, 279, '1', '8136', 0),
(14932, 'Xã Điền Quang', 26, 279, '1', '8140', 0),
(14935, 'Xã Điền Trung', 26, 279, '1', '8137', 0),
(14938, 'Xã Thành Sơn', 26, 279, '1', '8121', 0),
(14941, 'Xã Lương Ngoại', 26, 279, '1', '8129', 0),
(14944, 'Xã Ái Thượng', 26, 279, '1', '8130', 0),
(14947, 'Xã Lương Nội', 26, 279, '1', '8128', 0),
(14950, 'Xã Điền Lư', 26, 279, '1', '8139', 0),
(14953, 'Xã Lương Trung', 26, 279, '1', '8138', 0),
(14956, 'Xã Lũng Niêm', 26, 279, '1', '8123', 0),
(14959, 'Xã Lũng Cao', 26, 279, '1', '8122', 0),
(14962, 'Xã Hạ Trung', 26, 279, '1', '8127', 0),
(14965, 'Xã Cổ Lũng', 26, 279, '1', '8125', 0),
(14968, 'Xã Thành Lâm', 26, 279, '1', '8124', 0),
(14971, 'Xã Ban Công', 26, 279, '1', '8126', 0),
(14974, 'Xã Kỳ Tân', 26, 279, '1', '8132', 0),
(14977, 'Xã Văn Nho', 26, 279, '1', '8134', 0),
(14980, 'Xã Thiết Ống', 26, 279, '1', '8133', 0),
(14983, 'Xã Lâm Sa', 26, 279, '1', '8142', 0),
(14986, 'Xã Thiết Kế', 26, 279, '1', '8131', 0),
(14989, 'Xã Tân Lập', 26, 279, '1', '8141', 0),
(14992, 'Thị trấn Quan Sơn', 26, 278, '1', '8400', 0),
(14995, 'Xã Trung Xuân', 26, 278, '1', '8411', 0),
(14998, 'Xã Trung Thượng', 26, 278, '1', '8409', 0),
(14999, 'Xã Trung Tiến', 26, 278, '1', '8412', 0),
(15001, 'Xã Trung Hạ', 26, 278, '1', '8410', 0),
(15004, 'Xã Sơn Hà', 26, 278, '1', '8406', 0),
(15007, 'Xã Tam Thanh', 26, 278, '1', '8404', 0),
(15010, 'Xã Sơn Thủy', 26, 278, '1', '8401', 0),
(15013, 'Xã Na Mèo', 26, 278, '1', '8402', 0),
(15016, 'Xã Sơn Lư', 26, 278, '1', '8407', 0),
(15019, 'Xã Tam Lư', 26, 278, '1', '8405', 0),
(15022, 'Xã Sơn Điện', 26, 278, '1', '8408', 0),
(15025, 'Xã Mường Mìn', 26, 278, '1', '8403', 0),
(15028, 'Thị trấn Lang Chánh', 26, 281, '1', '8240', 0),
(15031, 'Xã Yên Khương', 26, 281, '1', '8242', 0),
(15034, 'Xã Yên Thắng', 26, 281, '1', '8244', 0),
(15037, 'Xã Trí Nang', 26, 281, '0', NULL, 0),
(15040, 'Xã Giao An', 26, 281, '1', '8247', 0),
(15043, 'Xã Giao Thiện', 26, 281, '1', '8246', 0),
(15046, 'Xã Tân Phúc', 26, 281, '1', '8249', 0),
(15049, 'Xã Tam Văn', 26, 281, '1', '8243', 0),
(15052, 'Xã Lâm Phú', 26, 281, '1', '8241', 0),
(15055, 'Xã Quang Hiến', 26, 281, '1', '8250', 0),
(15058, 'Xã Đồng Lương', 26, 281, '1', '8248', 0),
(15061, 'Thị Trấn Ngọc Lặc', 26, 283, '1', '8289', 0),
(15064, 'Xã Lam Sơn', 26, 283, '1', '8307', 0),
(15067, 'Xã Mỹ Tân', 26, 283, '1', '8292', 0),
(15070, 'Xã Thúy Sơn', 26, 283, '1', '8291', 0),
(15073, 'Xã Thạch Lập', 26, 283, '1', '8290', 0),
(15076, 'Xã Vân Âm', 26, 283, '1', '8295', 0),
(15079, 'Xã Cao Ngọc', 26, 283, '1', '8293', 0),
(15082, 'Xã Ngọc Khê', 26, 283, '1', '8294', 0),
(15085, 'Xã Quang Trung', 26, 283, '1', '8300', 0),
(15088, 'Xã Đồng Thịnh', 26, 283, '1', '8301', 0),
(15091, 'Xã Ngọc Liên', 26, 283, '1', '8302', 0),
(15094, 'Xã Ngọc Sơn', 26, 283, '1', '8303', 0),
(15097, 'Xã Lộc Thịnh', 26, 283, '1', '8304', 0),
(15100, 'Xã Cao Thịnh', 26, 283, '1', '8305', 0),
(15103, 'Xã Ngọc Trung', 26, 283, '1', '8310', 0),
(15106, 'Xã Phùng Giáo', 26, 283, '1', '8296', 0),
(15109, 'Xã Phùng Minh', 26, 283, '1', '8297', 0),
(15112, 'Xã Phúc Thịnh', 26, 283, '1', '8299', 0),
(15115, 'Xã Nguyệt Ấn', 26, 283, '1', '8298', 0),
(15118, 'Xã Kiên Thọ', 26, 283, '1', '8309', 0),
(15121, 'Xã Minh Tiến', 26, 283, '1', '8308', 0),
(15124, 'Xã Minh Sơn', 26, 283, '1', '8306', 0),
(15127, 'Thị trấn Cẩm Thủy', 26, 280, '1', '8144', 0),
(15130, 'Xã Phúc Do', 26, 280, '1', '8160', 0),
(15133, 'Xã Cẩm Thành', 26, 280, '1', '8146', 0),
(15136, 'Xã Cẩm Quý', 26, 280, '1', '8145', 0),
(15139, 'Xã Cẩm Lương', 26, 280, '1', '8147', 0),
(15142, 'Xã Cẩm Thạch', 26, 280, '1', '8150', 0),
(15145, 'Xã Cẩm Liên', 26, 280, '1', '8149', 0),
(15148, 'Xã Cẩm Giang', 26, 280, '1', '8148', 0),
(15151, 'Xã Cẩm Bình', 26, 280, '1', '8151', 0),
(15154, 'Xã Cẩm Tú', 26, 280, '1', '8152', 0),
(15157, 'Xã Cẩm Sơn', 26, 280, '1', '8161', 0),
(15160, 'Xã Cẩm Châu', 26, 280, '1', '8153', 0),
(15163, 'Xã Cẩm Tâm', 26, 280, '0', NULL, 0),
(15166, 'Xã Cẩm Phong', 26, 280, '1', '8162', 0),
(15169, 'Xã Cẩm Ngọc', 26, 280, '1', '8154', 0),
(15172, 'Xã Cẩm Long', 26, 280, '1', '8155', 0),
(15175, 'Xã Cẩm Yên', 26, 280, '1', '8156', 0),
(15178, 'Xã Cẩm Tân', 26, 280, '1', '8158', 0),
(15181, 'Xã Cẩm Phú', 26, 280, '1', '8157', 0),
(15184, 'Xã Cẩm Vân', 26, 280, '1', '8159', 0),
(15187, 'Thị trấn Kim Tân', 26, 282, '1', '8510', 0),
(15190, 'Thị trấn Vân Du', 26, 282, '1', '8528', 0),
(15193, 'Xã Thạch Tân', 26, 282, '0', NULL, 0),
(15196, 'Xã Thạch Lâm', 26, 282, '1', '8511', 0),
(15199, 'Xã Thạch Quảng', 26, 282, '1', '8514', 0),
(15202, 'Xã Thạch Tượng', 26, 282, '1', '8512', 0),
(15205, 'Xã Thạch Cẩm', 26, 282, '1', '8529', 0),
(15208, 'Xã Thạch Sơn', 26, 282, '1', '8515', 0),
(15211, 'Xã Thạch Bình', 26, 282, '0', NULL, 0),
(15214, 'Xã Thạch Định', 26, 282, '0', NULL, 0),
(15217, 'Xã Thạch Đồng', 26, 282, '1', '8516', 0),
(15220, 'Xã Thạch Long', 26, 282, '1', '8536', 0),
(15223, 'Xã Thành Mỹ', 26, 282, '1', '8513', 0),
(15226, 'Xã Thành Yên', 26, 282, '1', '8517', 0),
(15229, 'Xã Thành Vinh', 26, 282, '1', '8530', 0),
(15232, 'Xã Thành Minh', 26, 282, '1', '8518', 0),
(15235, 'Xã Thành Công', 26, 282, '1', '8519', 0),
(15238, 'Xã Thành Tân', 26, 282, '1', '8520', 0),
(15241, 'Xã Thành Trực', 26, 282, '1', '8531', 0),
(15244, 'Xã Thành Vân', 26, 282, '1', '8521', 0),
(15247, 'Xã Thành Tâm', 26, 282, '1', '8527', 0),
(15250, 'Xã Thành An', 26, 282, '1', '8524', 0),
(15253, 'Xã Thành Thọ', 26, 282, '1', '8523', 0),
(15256, 'Xã Thành Tiến', 26, 282, '1', '8522', 0),
(15259, 'Xã Thành Long', 26, 282, '1', '8525', 0),
(15262, 'Xã Thành Kim', 26, 282, '1', '8532', 0),
(15265, 'Xã Thành Hưng', 26, 282, '1', '8533', 0),
(15268, 'Xã Ngọc Trạo', 26, 282, '1', '8526', 0),
(15271, 'Thị trấn Hà Trung', 26, 288, '0', NULL, 0),
(15274, 'Xã Hà Long', 26, 288, '1', '8206', 0),
(15277, 'Xã Hà Vinh', 26, 288, '1', '8213', 0),
(15280, 'Xã Hà Bắc', 26, 288, '0', NULL, 0),
(15283, 'Xã Hà Vân', 26, 288, '0', NULL, 0),
(15286, 'Xã Hà Yên', 26, 288, '0', NULL, 0),
(15289, 'Xã Hà Thanh', 26, 288, '1', '11426', 0),
(15292, 'Xã Hà Giang', 26, 288, '0', NULL, 0),
(15295, 'Xã Hà Dương', 26, 288, '0', NULL, 0),
(15298, 'Xã Hà Phú', 26, 288, '0', NULL, 0),
(15301, 'Xã Hà Phong', 26, 288, '1', '8208', 0),
(15304, 'Xã Hà Ngọc', 26, 288, '0', NULL, 0),
(15307, 'Xã Hà Ninh', 26, 288, '1', '8209', 0),
(15310, 'Xã Hà Lâm', 26, 288, '1', '8207', 0),
(15313, 'Xã Hà Sơn', 26, 288, '0', NULL, 0),
(15316, 'Xã Hà Lĩnh', 26, 288, '0', NULL, 0),
(15319, 'Xã Hà Đông', 26, 288, '0', NULL, 0),
(15322, 'Xã Hà Tân', 26, 288, '0', NULL, 0),
(15325, 'Xã Hà Tiến', 26, 288, '0', NULL, 0),
(15328, 'Xã Hà Bình', 26, 288, '1', '8211', 0),
(15331, 'Xã Hà Lai', 26, 288, '1', '8212', 0),
(15334, 'Xã Hà Châu', 26, 288, '1', '11637', 0),
(15337, 'Xã Hà Toại', 26, 288, '0', NULL, 0),
(15340, 'Xã Hà Thái', 26, 288, '0', NULL, 0),
(15343, 'Xã Hà Hải', 26, 288, '1', '8210', 0),
(15346, 'Thị trấn Vĩnh Lộc', 26, 287, '1', '8647', 0),
(15349, 'Xã Vĩnh Thành', 26, 287, '1', '8654', 0),
(15352, 'Xã Vĩnh Quang', 26, 287, '1', '8648', 0),
(15355, 'Xã Vĩnh Yên', 26, 287, '1', '8649', 0),
(15358, 'Xã Vĩnh Tiến', 26, 287, '1', '8650', 0),
(15361, 'Xã Vĩnh Long', 26, 287, '1', '8651', 0),
(15364, 'Xã Vĩnh Phúc', 26, 287, '1', '8653', 0),
(15367, 'Xã Vĩnh Hưng', 26, 287, '1', '8660', 0),
(15370, 'Xã Vĩnh Minh', 26, 287, '1', '8659', 0),
(15373, 'Xã Vĩnh Khang', 26, 287, '1', '8656', 0),
(15376, 'Xã Vĩnh Hòa', 26, 287, '1', '8657', 0),
(15379, 'Xã Vĩnh Hùng', 26, 287, '0', NULL, 0),
(15382, 'Xã Vĩnh Tân', 26, 287, '1', '8661', 0),
(15385, 'Xã Vĩnh Ninh', 26, 287, '1', '8655', 0),
(15388, 'Xã Vĩnh Thịnh', 26, 287, '1', '8658', 0),
(15391, 'Xã Vĩnh An', 26, 287, '1', '8662', 0),
(15394, 'Thị trấn Quán Lào', 26, 290, '1', '8665', 0),
(15397, 'Thị trấn Thống Nhất', 26, 290, '0', NULL, 0),
(15400, 'Xã Yên Phú', 26, 290, '1', '8669', 0),
(15403, 'Xã Yên Lâm', 26, 290, '1', '8666', 0),
(15406, 'Xã Yên Tâm', 26, 290, '1', '8667', 0),
(15409, 'Xã Yên Giang', 26, 290, '1', '8668', 0),
(15412, 'Xã Quí Lộc', 26, 290, '0', NULL, 0),
(15415, 'Xã Yên Thọ', 26, 290, '1', '8673', 0),
(15418, 'Xã Yên Trung', 26, 290, '1', '8671', 0),
(15421, 'Xã Yên Trường', 26, 290, '1', '8693', 0),
(15424, 'Xã Yên Bái', 26, 290, '1', '8670', 0),
(15427, 'Xã Yên Phong', 26, 290, '1', '8675', 0),
(15430, 'Xã Yên Thái', 26, 290, '1', '8676', 0),
(15433, 'Xã Yên Hùng', 26, 290, '1', '8678', 0),
(15436, 'Xã Yên Thịnh', 26, 290, '1', '8679', 0),
(15439, 'Xã Yên Ninh', 26, 290, '1', '8677', 0),
(15442, 'Xã Yên Lạc', 26, 290, '1', '8680', 0),
(15445, 'Xã Định Tăng', 26, 290, '1', '8687', 0),
(15448, 'Xã Định Hòa', 26, 290, '1', '8688', 0),
(15451, 'Xã Định Thành', 26, 290, '1', '8689', 0),
(15454, 'Xã Định Công', 26, 290, '1', '8690', 0),
(15457, 'Xã Định Tân', 26, 290, '1', '8692', 0),
(15460, 'Xã Định Tiến', 26, 290, '1', '8691', 0),
(15463, 'Xã Định Long', 26, 290, '1', '8683', 0),
(15466, 'Xã Định Liên', 26, 290, '1', '8681', 0),
(15469, 'Xã Định Tường', 26, 290, '1', '8682', 0),
(15472, 'Xã Định Hưng', 26, 290, '1', '8685', 0),
(15475, 'Xã Định Hải', 26, 290, '1', '8684', 0),
(15478, 'Xã Định Bình', 26, 290, '1', '8686', 0),
(15481, 'Thị trấn Thọ Xuân', 26, 291, '1', '8559', 0),
(15484, 'Thị trấn Lam Sơn', 26, 291, '1', '8538', 0),
(15487, 'Thị trấn Sao Vàng', 26, 291, '1', '8537', 0),
(15490, 'Xã Xuân Khánh', 26, 291, '1', '8549', 0),
(15493, 'Xã Thọ Nguyên', 26, 291, '1', '8560', 0),
(15496, 'Xã Xuân Thành', 26, 291, '1', '8561', 0),
(15499, 'Xã Hạnh Phúc', 26, 291, '1', '8562', 0),
(15502, 'Xã Bắc Lương', 26, 291, '1', '8563', 0),
(15505, 'Xã Nam Giang', 26, 291, '1', '8551', 0),
(15508, 'Xã Xuân Phong', 26, 291, '1', '8548', 0),
(15511, 'Xã Thọ Lộc', 26, 291, '1', '8541', 0),
(15514, 'Xã Xuân Trường', 26, 291, '1', '8557', 0),
(15517, 'Xã Xuân Hòa', 26, 291, '1', '8547', 0),
(15520, 'Xã Thọ Hải', 26, 291, '1', '8565', 0),
(15523, 'Xã Tây Hồ', 26, 291, '0', NULL, 0),
(15526, 'Xã Xuân Giang', 26, 291, '1', '8566', 0),
(15529, 'Xã Xuân Quang', 26, 291, '1', '8552', 0),
(15532, 'Xã Xuân Sơn', 26, 291, '1', '8554', 0),
(15535, 'Xã Xuân Hưng', 26, 291, '1', '8553', 0),
(15538, 'Xã Thọ Diên', 26, 291, '1', '8567', 0),
(15541, 'Xã Thọ Lâm', 26, 291, '0', NULL, 0),
(15544, 'Xã Thọ Xương', 26, 291, '1', '8544', 0),
(15547, 'Xã Xuân Bái', 26, 291, '1', '8555', 0),
(15550, 'Xã Xuân Phú', 26, 291, '1', '8568', 0),
(15553, 'Xã Xuân Thắng', 26, 291, '1', '8569', 0),
(15556, 'Xã Xuân Lam', 26, 291, '1', '8570', 0),
(15559, 'Xã Xuân Thiên', 26, 291, '1', '8542', 0),
(15562, 'Xã Thọ Minh', 26, 291, '1', '8571', 0),
(15565, 'Xã Xuân Châu', 26, 291, '1', '8539', 0),
(15568, 'Xã Thọ Lập', 26, 291, '1', '8564', 0),
(15571, 'Xã Quảng Phú', 26, 291, '1', '8572', 0),
(15574, 'Xã Xuân Tín', 26, 291, '1', '8540', 0),
(15577, 'Xã Phú Yên', 26, 291, '1', '8573', 0),
(15580, 'Xã Xuân Yên', 26, 291, '1', '8558', 0),
(15583, 'Xã Xuân Lai', 26, 291, '1', '8574', 0),
(15586, 'Xã Xuân Lập', 26, 291, '1', '8546', 0),
(15589, 'Xã Thọ Thắng', 26, 291, '1', '8545', 0),
(15592, 'Xã Xuân Minh', 26, 291, '1', '8575', 0),
(15595, 'Xã Xuân Tân', 26, 291, '1', '8576', 0),
(15598, 'Xã Xuân Vinh', 26, 291, '1', '8556', 0),
(15601, 'Xã Thọ Trường', 26, 291, '1', '8550', 0),
(15604, 'Thị trấn Thường Xuân', 26, 284, '1', '8490', 0),
(15607, 'Xã Bát Mọt', 26, 284, '1', '8491', 0),
(15610, 'Xã Yên Nhân', 26, 284, '1', '8492', 0),
(15619, 'Xã Xuân Lẹ', 26, 284, '1', '8497', 0),
(15622, 'Xã Vạn Xuân', 26, 284, '1', '8496', 0),
(15628, 'Xã Lương Sơn', 26, 284, '1', '8506', 0),
(15631, 'Xã Xuân Cao', 26, 284, '1', '8493', 0),
(15634, 'Xã Luận Thành', 26, 284, '1', '8502', 0),
(15637, 'Xã Luận Khê', 26, 284, '1', '8503', 0),
(15640, 'Xã Xuân Thắng', 26, 284, '1', '8499', 0),
(15643, 'Xã Xuân Lộc', 26, 284, '1', '8500', 0),
(15646, 'Xã Xuân Cẩm', 26, 284, '1', '8504', 0),
(15649, 'Xã Xuân Dương', 26, 284, '1', '8505', 0),
(15652, 'Xã Thọ Thanh', 26, 284, '1', '8507', 0),
(15655, 'Xã Ngọc Phụng', 26, 284, '1', '8508', 0),
(15658, 'Xã Xuân Chinh', 26, 284, '1', '8498', 0),
(15661, 'Xã Tân Thành', 26, 284, '1', '8501', 0),
(15664, 'Thị trấn Triệu Sơn', 26, 296, '1', '8613', 0),
(15667, 'Xã Thọ Sơn', 26, 296, '1', '8578', 0),
(15670, 'Xã Thọ Bình', 26, 296, '1', '8582', 0),
(15673, 'Xã Thọ Tiến', 26, 296, '1', '8592', 0),
(15676, 'Xã Hợp Lý', 26, 296, '1', '8591', 0),
(15679, 'Xã Hợp Tiến', 26, 296, '1', '8608', 0),
(15682, 'Xã Hợp Thành', 26, 296, '1', '8594', 0),
(15685, 'Xã Triệu Thành', 26, 296, '1', '8593', 0),
(15688, 'Xã Hợp Thắng', 26, 296, '1', '8596', 0),
(15691, 'Xã Minh Sơn', 26, 296, '1', '8609', 0),
(15694, 'Xã Minh Dân', 26, 296, '1', '8606', 0),
(15697, 'Xã Minh Châu', 26, 296, '1', '8604', 0),
(15700, 'Xã Dân Lực', 26, 296, '1', '8610', 0),
(15703, 'Xã Dân Lý', 26, 296, '1', '8605', 0),
(15706, 'Xã Dân Quyền', 26, 296, '1', '8607', 0);
INSERT INTO `wards` (`WardId`, `WardName`, `ProvinceId`, `DistrictId`, `ShipChungSupport`, `ShipChungWardCode`, `DisplayOrder`) VALUES
(15709, 'Xã An Nông', 26, 296, '1', '8595', 0),
(15712, 'Xã Văn Sơn', 26, 296, '1', '8597', 0),
(15715, 'Xã Thái Hòa', 26, 296, '1', '8598', 0),
(15718, 'Xã Tân Ninh', 26, 296, '1', '8599', 0),
(15721, 'Xã Đồng Lợi', 26, 296, '1', '8601', 0),
(15724, 'Xã Đồng Tiến', 26, 296, '1', '8603', 0),
(15727, 'Xã Đồng Thắng', 26, 296, '1', '8602', 0),
(15730, 'Xã Tiến Nông', 26, 296, '1', '8611', 0),
(15733, 'Xã Khuyến Nông', 26, 296, '1', '8612', 0),
(15736, 'Xã Xuân Thịnh', 26, 296, '1', '8586', 0),
(15739, 'Xã Xuân Lộc', 26, 296, '1', '8584', 0),
(15742, 'Xã Thọ Dân', 26, 296, '1', '8589', 0),
(15745, 'Xã Xuân Thọ', 26, 296, '1', '8583', 0),
(15748, 'Xã Thọ Tân', 26, 296, '1', '8590', 0),
(15751, 'Xã Thọ Ngọc', 26, 296, '1', '8580', 0),
(15754, 'Xã Thọ Cường', 26, 296, '1', '8579', 0),
(15757, 'Xã Thọ Phú', 26, 296, '1', '8587', 0),
(15760, 'Xã Thọ Vực', 26, 296, '1', '8585', 0),
(15763, 'Xã Thọ Thế', 26, 296, '1', '8588', 0),
(15766, 'Xã Nông Trường', 26, 296, '1', '8600', 0),
(15769, 'Xã Bình Sơn', 26, 296, '1', '8581', 0),
(15772, 'Thị trấn Vạn Hà', 26, 293, '1', '8456', 0),
(15775, 'Xã Thiệu Ngọc', 26, 293, '1', '8457', 0),
(15778, 'Xã Thiệu Vũ', 26, 293, '1', '8465', 0),
(15781, 'Xã Thiệu Phúc', 26, 293, '1', '8482', 0),
(15784, 'Xã Thiệu Tiến', 26, 293, '1', '8463', 0),
(15787, 'Xã Thiệu Công', 26, 293, '1', '8466', 0),
(15790, 'Xã Thiệu Phú', 26, 293, '1', '8467', 0),
(15793, 'Xã Thiệu Long', 26, 293, '1', '8469', 0),
(15796, 'Xã Thiệu Giang', 26, 293, '1', '8483', 0),
(15799, 'Xã Thiệu Duy', 26, 293, '1', '8473', 0),
(15802, 'Xã Thiệu Nguyên', 26, 293, '1', '8472', 0),
(15805, 'Xã Thiệu Hợp', 26, 293, '1', '8475', 0),
(15808, 'Xã Thiệu Thịnh', 26, 293, '1', '8476', 0),
(15811, 'Xã Thiệu Quang', 26, 293, '1', '8474', 0),
(15814, 'Xã Thiệu Thành', 26, 293, '1', '8464', 0),
(15817, 'Xã Thiệu Toán', 26, 293, '1', '8458', 0),
(15820, 'Xã Thiệu Chính', 26, 293, '1', '8459', 0),
(15823, 'Xã Thiệu Hòa', 26, 293, '1', '8460', 0),
(15826, 'Xã Thiệu Minh', 26, 293, '1', '8461', 0),
(15829, 'Xã Thiệu Tâm', 26, 293, '1', '8462', 0),
(15832, 'Xã Thiệu Viên', 26, 293, '1', '8468', 0),
(15835, 'Xã Thiệu Lý', 26, 293, '1', '8481', 0),
(15838, 'Xã Thiệu Vận', 26, 293, '1', '8484', 0),
(15841, 'Xã Thiệu Trung', 26, 293, '1', '8480', 0),
(15844, 'Xã Thiệu Đô', 26, 293, '1', '8471', 0),
(15847, 'Xã Thiệu Châu', 26, 293, '1', '8479', 0),
(15850, 'Xã Thiệu Vân', 26, 273, '0', NULL, 0),
(15853, 'Xã Thiệu Giao', 26, 293, '1', '8478', 0),
(15856, 'Xã Thiệu Khánh', 26, 273, '0', NULL, 0),
(15859, 'Xã Thiệu Dương', 26, 273, '0', NULL, 0),
(15862, 'Xã Thiệu Tân', 26, 293, '1', '8486', 0),
(15865, 'Thị trấn Hoằng Hóa', 26, 294, '0', NULL, 0),
(15868, 'Phường Tào Xuyên', 26, 273, '0', NULL, 0),
(15871, 'Xã Hoằng Giang', 26, 294, '1', '8168', 0),
(15874, 'Xã Hoằng Xuân', 26, 294, '1', '8166', 0),
(15877, 'Xã Hoằng Khánh', 26, 294, '1', '8165', 0),
(15880, 'Xã Hoằng Phượng', 26, 294, '1', '8167', 0),
(15883, 'Xã Hoằng Phú', 26, 294, '1', '8202', 0),
(15886, 'Xã Hoằng Quỳ', 26, 294, '1', '8196', 0),
(15889, 'Xã Hoằng Kim', 26, 294, '0', NULL, 0),
(15892, 'Xã Hoằng Trung', 26, 294, '0', NULL, 0),
(15895, 'Xã Hoằng Trinh', 26, 294, '1', '8197', 0),
(15898, 'Xã Hoằng Sơn', 26, 294, '1', '8170', 0),
(15901, 'Xã Hoằng Lương', 26, 294, '1', '8198', 0),
(15904, 'Xã Hoằng Xuyên', 26, 294, '0', NULL, 0),
(15907, 'Xã Hoằng Cát', 26, 294, '1', '8173', 0),
(15910, 'Xã Hoằng Khê', 26, 294, '1', '8171', 0),
(15913, 'Xã Hoằng Lý', 26, 273, '0', NULL, 0),
(15916, 'Xã Hoằng Quý', 26, 294, '0', NULL, 0),
(15919, 'Xã Hoằng Hợp', 26, 294, '0', NULL, 0),
(15922, 'Xã Hoằng Long', 26, 273, '0', NULL, 0),
(15925, 'Xã Hoằng Quang', 26, 273, '0', NULL, 0),
(15928, 'Xã Hoằng Minh', 26, 294, '0', NULL, 0),
(15931, 'Xã Hoằng Phúc', 26, 294, '1', '8177', 0),
(15934, 'Xã Hoằng Đức', 26, 294, '1', '8175', 0),
(15937, 'Xã Hoằng Hà', 26, 294, '1', '8184', 0),
(15940, 'Xã Hoằng Đạt', 26, 294, '1', '8174', 0),
(15943, 'Xã Hoằng Vinh', 26, 294, '1', '8200', 0),
(15946, 'Xã Hoằng Đạo', 26, 294, '1', '8178', 0),
(15949, 'Xã Hoằng Thắng', 26, 294, '1', '8183', 0),
(15952, 'Xã Hoằng Đồng', 26, 294, '1', '8181', 0),
(15955, 'Xã Hoằng Thái', 26, 294, '1', '8182', 0),
(15958, 'Xã Hoằng Thịnh', 26, 294, '1', '8180', 0),
(15961, 'Xã Hoằng Thành', 26, 294, '1', '8189', 0),
(15964, 'Xã Hoằng Lộc', 26, 294, '1', '8203', 0),
(15967, 'Xã Hoằng Trạch', 26, 294, '1', '8192', 0),
(15970, 'Xã Hoằng Đại', 26, 273, '0', NULL, 0),
(15973, 'Xã Hoằng Phong', 26, 294, '1', '8201', 0),
(15976, 'Xã Hoằng Lưu', 26, 294, '1', '8194', 0),
(15979, 'Xã Hoằng Châu', 26, 294, '1', '8190', 0),
(15982, 'Xã Hoằng Tân', 26, 294, '1', '8191', 0),
(15985, 'Xã Hoằng Yến', 26, 294, '1', '8185', 0),
(15988, 'Xã Hoằng Tiến', 26, 294, '1', '8188', 0),
(15991, 'Xã Hoằng Hải', 26, 294, '1', '8186', 0),
(15994, 'Xã Hoằng Ngọc', 26, 294, '1', '8195', 0),
(15997, 'Xã Hoằng Đông', 26, 294, '0', NULL, 0),
(16000, 'Xã Hoằng Thanh', 26, 294, '0', NULL, 0),
(16003, 'Xã Hoằng Phụ', 26, 294, '0', NULL, 0),
(16006, 'Xã Hoằng Trường', 26, 294, '1', '8187', 0),
(16009, 'Xã Hoằng Anh', 26, 273, '0', NULL, 0),
(16012, 'Thị trấn Hậu Lộc', 26, 292, '1', '8214', 0),
(16015, 'Xã Đồng Lộc', 26, 292, '1', '8220', 0),
(16018, 'Xã Đại Lộc', 26, 292, '1', '8237', 0),
(16021, 'Xã Triệu Lộc', 26, 292, '1', '8217', 0),
(16024, 'Xã Châu Lộc', 26, 292, '1', '8215', 0),
(16027, 'Xã Tiến Lộc', 26, 292, '1', '8219', 0),
(16030, 'Xã Lộc Sơn', 26, 292, '1', '8223', 0),
(16033, 'Xã Cầu Lộc', 26, 292, '1', '8222', 0),
(16036, 'Xã Thành Lộc', 26, 292, '1', '8218', 0),
(16039, 'Xã Tuy Lộc', 26, 292, '1', '8227', 0),
(16042, 'Xã Phong Lộc', 26, 292, '1', '8221', 0),
(16045, 'Xã Mỹ Lộc', 26, 292, '1', '8238', 0),
(16048, 'Xã Văn Lộc', 26, 292, '1', '8230', 0),
(16051, 'Xã Thuần Lộc', 26, 292, '1', '8229', 0),
(16054, 'Xã Lộc Tân', 26, 292, '1', '8224', 0),
(16057, 'Xã Xuân Lộc', 26, 292, '1', '8232', 0),
(16060, 'Xã Thịnh Lộc', 26, 292, '1', '8225', 0),
(16063, 'Xã Hoa Lộc', 26, 292, '1', '8231', 0),
(16066, 'Xã Liên Lộc', 26, 292, '1', '8226', 0),
(16069, 'Xã Quang Lộc', 26, 292, '1', '8228', 0),
(16072, 'Xã Phú Lộc', 26, 292, '1', '8239', 0),
(16075, 'Xã Hòa Lộc', 26, 292, '0', NULL, 0),
(16078, 'Xã Minh Lộc', 26, 292, '1', '8234', 0),
(16081, 'Xã Hưng Lộc', 26, 292, '1', '8236', 0),
(16084, 'Xã Hải Lộc', 26, 292, '1', '8233', 0),
(16087, 'Xã Đa Lộc', 26, 292, '1', '8216', 0),
(16090, 'Xã Ngư Lộc', 26, 292, '1', '8235', 0),
(16093, 'Thị trấn Nga Sơn', 26, 289, '1', '8260', 0),
(16096, 'Xã Ba Đình', 26, 289, '1', '8287', 0),
(16099, 'Xã Nga Vịnh', 26, 289, '1', '8261', 0),
(16102, 'Xã Nga Văn', 26, 289, '1', '8288', 0),
(16105, 'Xã Nga Thiện', 26, 289, '1', '8281', 0),
(16108, 'Xã Nga Tiến', 26, 289, '1', '8284', 0),
(16111, 'Xã Nga Lĩnh', 26, 289, '1', '8264', 0),
(16114, 'Xã Nga Nhân', 26, 289, '1', '8265', 0),
(16117, 'Xã Nga Trung', 26, 289, '1', '8267', 0),
(16120, 'Xã Nga Bạch', 26, 289, '1', '8268', 0),
(16123, 'Xã Nga Thanh', 26, 289, '1', '8277', 0),
(16126, 'Xã Nga Hưng', 26, 289, '1', '8285', 0),
(16129, 'Xã Nga Mỹ', 26, 289, '1', '8270', 0),
(16132, 'Xã Nga Yên', 26, 289, '1', '8275', 0),
(16135, 'Xã Nga Giáp', 26, 289, '1', '8283', 0),
(16138, 'Xã Nga Hải', 26, 289, '1', '8276', 0),
(16141, 'Xã Nga Thành', 26, 289, '0', NULL, 0),
(16144, 'Xã Nga An', 26, 289, '1', '8282', 0),
(16147, 'Xã Nga Phú', 26, 289, '1', '8279', 0),
(16150, 'Xã Nga Điền', 26, 289, '1', '8280', 0),
(16153, 'Xã Nga Tân', 26, 289, '1', '8272', 0),
(16156, 'Xã Nga Thủy', 26, 289, '1', '8271', 0),
(16159, 'Xã Nga Liên', 26, 289, '1', '8274', 0),
(16162, 'Xã Nga Thái', 26, 289, '1', '8278', 0),
(16165, 'Xã Nga Thạch', 26, 289, '1', '8266', 0),
(16168, 'Xã Nga Thắng', 26, 289, '1', '8263', 0),
(16171, 'Xã Nga Trường', 26, 289, '1', '8262', 0),
(16174, 'Thị trấn Yên Cát', 26, 285, '1', '8328', 0),
(16177, 'Xã Bãi Trành', 26, 285, '0', NULL, 0),
(16180, 'Xã Xuân Hòa', 26, 285, '1', '8331', 0),
(16183, 'Xã Xuân Bình', 26, 285, '1', '8330', 0),
(16186, 'Xã Hóa Quỳ', 26, 285, '1', '8339', 0),
(16189, 'Xã Xuân Quỳ', 26, 285, '1', '8340', 0),
(16192, 'Xã Yên Lễ', 26, 285, '1', '8343', 0),
(16195, 'Xã Cát Vân', 26, 285, '1', '8338', 0),
(16198, 'Xã Cát Tân', 26, 285, '1', '8345', 0),
(16201, 'Xã Tân Bình', 26, 285, '1', '8342', 0),
(16204, 'Xã Bình Lương', 26, 285, '1', '8341', 0),
(16207, 'Xã Thanh Quân', 26, 285, '1', '8334', 0),
(16210, 'Xã Thanh Xuân', 26, 285, '1', '8336', 0),
(16213, 'Xã Thanh Hòa', 26, 285, '1', '8332', 0),
(16216, 'Xã Thanh Phong', 26, 285, '1', '8333', 0),
(16219, 'Xã Thanh Lâm', 26, 285, '1', '8337', 0),
(16222, 'Xã Thanh Sơn', 26, 285, '1', '8335', 0),
(16225, 'Xã Thượng Ninh', 26, 285, '1', '8344', 0),
(16228, 'Thị trấn Bến Sung', 26, 286, '1', '8311', 0),
(16231, 'Xã Cán Khê', 26, 286, '1', '8319', 0),
(16234, 'Xã Xuân Du', 26, 286, '1', '8321', 0),
(16237, 'Xã Xuân Thọ', 26, 286, '1', '8320', 0),
(16240, 'Xã Phượng Nghi', 26, 286, '1', '8322', 0),
(16243, 'Xã Mậu Lâm', 26, 286, '1', '8323', 0),
(16246, 'Xã Xuân Khang', 26, 286, '1', '8326', 0),
(16249, 'Xã Phú Nhuận', 26, 286, '1', '8324', 0),
(16252, 'Xã Hải Long', 26, 286, '1', '8325', 0),
(16255, 'Xã Hải Vân', 26, 286, '1', '8313', 0),
(16258, 'Xã Xuân Thái', 26, 286, '1', '8314', 0),
(16261, 'Xã Xuân Phúc', 26, 286, '1', '8327', 0),
(16264, 'Xã Yên Thọ', 26, 286, '1', '8312', 0),
(16267, 'Xã Yên Lạc', 26, 286, '0', NULL, 0),
(16270, 'Xã Phúc Đường', 26, 286, '1', '8316', 0),
(16273, 'Xã Thanh Tân', 26, 286, '1', '8317', 0),
(16276, 'Xã Thanh Kỳ', 26, 286, '1', '8318', 0),
(16279, 'Thị trấn Nông Cống', 26, 298, '1', '8368', 0),
(16282, 'Xã Tân Phúc', 26, 298, '1', '8369', 0),
(16285, 'Xã Tân Thọ', 26, 298, '1', '8370', 0),
(16288, 'Xã Hoàng Sơn', 26, 298, '1', '8371', 0),
(16291, 'Xã Tân Khang', 26, 298, '1', '8372', 0),
(16294, 'Xã Hoàng Giang', 26, 298, '1', '8349', 0),
(16297, 'Xã Trung Chính', 26, 298, '1', '8348', 0),
(16300, 'Xã Trung Ý', 26, 298, '1', '8373', 0),
(16303, 'Xã Trung Thành', 26, 298, '1', '8374', 0),
(16306, 'Xã Tế Tân', 26, 298, '1', '8375', 0),
(16309, 'Xã Tế Thắng', 26, 298, '1', '8376', 0),
(16315, 'Xã Tế Lợi', 26, 298, '1', '8360', 0),
(16318, 'Xã Tế Nông', 26, 298, '1', '8361', 0),
(16321, 'Xã Minh Nghĩa', 26, 298, '1', '8365', 0),
(16324, 'Xã Minh Khôi', 26, 298, '1', '8364', 0),
(16327, 'Xã Vạn Hòa', 26, 298, '1', '8363', 0),
(16330, 'Xã Trường Trung', 26, 298, '1', '8377', 0),
(16333, 'Xã Vạn Thắng', 26, 298, '1', '8359', 0),
(16336, 'Xã Trường Giang', 26, 298, '1', '8350', 0),
(16339, 'Xã Vạn Thiện', 26, 298, '1', '8366', 0),
(16342, 'Xã Thăng Long', 26, 298, '1', '8356', 0),
(16345, 'Xã Trường Minh', 26, 298, '1', '8351', 0),
(16348, 'Xã Trường Sơn', 26, 298, '1', '8352', 0),
(16351, 'Xã Thăng Bình', 26, 298, '1', '8353', 0),
(16354, 'Xã Công Liêm', 26, 298, '1', '8378', 0),
(16357, 'Xã Tượng Văn', 26, 298, '1', '8367', 0),
(16360, 'Xã Thăng Thọ', 26, 298, '1', '8347', 0),
(16363, 'Xã Tượng Lĩnh', 26, 298, '1', '8354', 0),
(16366, 'Xã Tượng Sơn', 26, 298, '1', '8355', 0),
(16369, 'Xã Công Chính', 26, 298, '1', '8379', 0),
(16372, 'Xã Công Bình', 26, 298, '1', '8380', 0),
(16375, 'Xã Yên Mỹ', 26, 298, '1', '8381', 0),
(16378, 'Thị trấn Rừng Thông', 26, 295, '1', '8695', 0),
(16379, 'Phường An Hoạch', 26, 273, '0', NULL, 0),
(16381, 'Xã Đông Hoàng', 26, 295, '1', '8711', 0),
(16384, 'Xã Đông Ninh', 26, 295, '1', '8702', 0),
(16387, 'Xã Đông Khê', 26, 295, '1', '8699', 0),
(16390, 'Xã Đông Hòa', 26, 295, '1', '8710', 0),
(16393, 'Xã Đông Yên', 26, 295, '1', '8705', 0),
(16396, 'Xã Đông Lĩnh', 26, 273, '0', NULL, 0),
(16399, 'Xã Đông Minh', 26, 295, '1', '8703', 0),
(16402, 'Xã Đông Thanh', 26, 295, '1', '8698', 0),
(16405, 'Xã Đông Tiến', 26, 295, '1', '8700', 0),
(16408, 'Xã Đông Anh', 26, 295, '1', '8712', 0),
(16414, 'Xã Đông Thịnh', 26, 295, '1', '8704', 0),
(16417, 'Xã Đông Văn', 26, 295, '1', '8706', 0),
(16420, 'Xã Đông Phú', 26, 295, '1', '8707', 0),
(16423, 'Xã Đông Nam', 26, 295, '1', '8709', 0),
(16426, 'Xã Đông Quang', 26, 295, '1', '8714', 0),
(16429, 'Xã Đông Vinh', 26, 273, '0', NULL, 0),
(16432, 'Xã Đông Tân', 26, 273, '0', NULL, 0),
(16435, 'Xã Đông Hưng', 26, 273, '0', NULL, 0),
(16438, 'Thị trấn Quảng Xương', 26, 297, '1', '8414', 0),
(16441, 'Xã Quảng Thịnh', 26, 273, '0', NULL, 0),
(16444, 'Xã Quảng Tân', 26, 297, '1', '8419', 0),
(16447, 'Xã Quảng Trạch', 26, 297, '1', '8417', 0),
(16450, 'Xã Quảng Phong', 26, 297, '1', '8437', 0),
(16453, 'Xã Quảng Đức', 26, 297, '1', '8438', 0),
(16456, 'Xã Quảng Định', 26, 297, '1', '8442', 0),
(16459, 'Xã Quảng Đông', 26, 273, '0', NULL, 0),
(16462, 'Xã Quảng Nhân', 26, 297, '1', '8435', 0),
(16465, 'Xã Quảng Ninh', 26, 297, '1', '8433', 0),
(16468, 'Xã Quảng Bình', 26, 297, '1', '8432', 0),
(16471, 'Xã Quảng Hợp', 26, 297, '1', '8434', 0),
(16474, 'Xã Quảng Văn', 26, 297, '1', '8421', 0),
(16477, 'Xã Quảng Long', 26, 297, '1', '8449', 0),
(16480, 'Xã Quảng Yên', 26, 297, '1', '8418', 0),
(16483, 'Xã Quảng Hòa', 26, 297, '1', '8420', 0),
(16486, 'Xã Quảng Lĩnh', 26, 297, '1', '8427', 0),
(16489, 'Xã Quảng Khê', 26, 297, '1', '8424', 0),
(16492, 'Xã Quảng Trung', 26, 297, '1', '8425', 0),
(16495, 'Xã Quảng Chính', 26, 297, '1', '8426', 0),
(16498, 'Xã Quảng Ngọc', 26, 297, '1', '8422', 0),
(16501, 'Xã Quảng Trường', 26, 297, '1', '8423', 0),
(16504, 'Xã Quảng Phúc', 26, 297, '1', '8450', 0),
(16507, 'Xã Quảng Cát', 26, 273, '0', NULL, 0),
(16510, 'Xã Quảng Vọng', 26, 297, '1', '8451', 0),
(16513, 'Xã Quảng Minh', 26, 275, '0', NULL, 0),
(16516, 'Xã Quảng Hùng', 26, 275, '0', NULL, 0),
(16519, 'Xã Quảng Giao', 26, 297, '1', '8452', 0),
(16522, 'Xã Quảng Phú', 26, 273, '0', NULL, 0),
(16525, 'Xã Quảng Tâm', 26, 273, '0', NULL, 0),
(16528, 'Xã Quảng Thọ', 26, 275, '0', NULL, 0),
(16531, 'Xã Quảng Châu', 26, 275, '0', NULL, 0),
(16534, 'Xã Quảng Vinh', 26, 275, '0', NULL, 0),
(16537, 'Xã Quảng Đại', 26, 275, '0', NULL, 0),
(16540, 'Xã Quảng Hải', 26, 297, '1', '8440', 0),
(16543, 'Xã Quảng Lưu', 26, 297, '1', '8436', 0),
(16546, 'Xã Quảng Lộc', 26, 297, '1', '8431', 0),
(16549, 'Xã Quảng Lợi', 26, 297, '1', '8454', 0),
(16552, 'Xã Quảng Nham', 26, 297, '1', '8428', 0),
(16555, 'Xã Quảng Thạch', 26, 297, '1', '8429', 0),
(16558, 'Xã Quảng Thái', 26, 297, '1', '8430', 0),
(16561, 'Thị trấn Tĩnh Gia', 26, 299, '0', NULL, 0),
(16564, 'Xã Hải Châu', 26, 299, '1', '8628', 0),
(16567, 'Xã Thanh Thủy', 26, 299, '1', '8627', 0),
(16570, 'Xã Thanh Sơn', 26, 299, '1', '8629', 0),
(16573, 'Xã Triêu Dương', 26, 299, '1', '8633', 0),
(16576, 'Xã Hải Ninh', 26, 299, '1', '8639', 0),
(16579, 'Xã Anh Sơn', 26, 299, '1', '8630', 0),
(16582, 'Xã Ngọc Lĩnh', 26, 299, '1', '8632', 0),
(16585, 'Xã Hải An', 26, 299, '1', '8634', 0),
(16588, 'Xã Hùng Sơn', 26, 299, '1', '8640', 0),
(16591, 'Xã Các Sơn', 26, 299, '1', '8631', 0),
(16594, 'Xã Tân Dân', 26, 299, '1', '8641', 0),
(16597, 'Xã Hải Lĩnh', 26, 299, '1', '8635', 0),
(16600, 'Xã Định Hải', 26, 299, '1', '8616', 0),
(16603, 'Xã Phú Sơn', 26, 299, '0', NULL, 0),
(16606, 'Xã Ninh Hải', 26, 299, '0', NULL, 0),
(16609, 'Xã Nguyên Bình', 26, 299, '1', '8618', 0),
(16612, 'Xã Hải Nhân', 26, 299, '1', '8617', 0),
(16615, 'Xã Hải Hòa', 26, 299, '1', '8637', 0),
(16618, 'Xã Bình Minh', 26, 299, '1', '8638', 0),
(16621, 'Xã Hải Thanh', 26, 299, '1', '11701', 0),
(16624, 'Xã Phú Lâm', 26, 299, '1', '8619', 0),
(16627, 'Xã Xuân Lâm', 26, 299, '1', '11695', 0),
(16630, 'Xã Trúc Lâm', 26, 299, '1', '8643', 0),
(16633, 'Xã Hải Bình', 26, 299, '1', '8625', 0),
(16636, 'Xã Tân Trường', 26, 299, '1', '8620', 0),
(16639, 'Xã Tùng Lâm', 26, 299, '1', '8645', 0),
(16642, 'Xã Tĩnh Hải', 26, 299, '1', '8626', 0),
(16645, 'Xã Mai Lâm', 26, 299, '1', '8622', 0),
(16648, 'Xã Trường Lâm', 26, 299, '1', '8621', 0),
(16651, 'Xã Hải Yến', 26, 299, '1', '8624', 0),
(16654, 'Xã Hải Thượng', 26, 299, '1', '8615', 0),
(16657, 'Xã Nghi Sơn', 26, 299, '1', '8642', 0),
(16660, 'Xã Hải Hà', 26, 299, '1', '8623', 0),
(16663, 'Phường Đông Vĩnh', 27, 301, '1', '6236', 0),
(16666, 'Phường Hà Huy Tập', 27, 301, '1', '6237', 0),
(16669, 'Phường Lê Lợi', 27, 301, '1', '6245', 0),
(16670, 'Phường Quán Bàu', 27, 301, '1', '6248', 0),
(16672, 'Phường Hưng Bình', 27, 301, '1', '6239', 0),
(16673, 'Phường Hưng Phúc', 27, 301, '1', '6244', 0),
(16675, 'Phường Hưng Dũng', 27, 301, '1', '6241', 0),
(16678, 'Phường Cửa Nam', 27, 301, '1', '6234', 0),
(16681, 'Phường Quang Trung', 27, 301, '1', '6249', 0),
(16684, 'Phường Đội Cung', 27, 301, '1', '6235', 0),
(16687, 'Phường Lê Mao', 27, 301, '1', '6246', 0),
(16690, 'Phường Trường Thi', 27, 301, '1', '6251', 0),
(16693, 'Phường Bến Thủy', 27, 301, '1', '6255', 0),
(16696, 'Phường Hồng Sơn', 27, 301, '1', '6238', 0),
(16699, 'Phường Trung Đô', 27, 301, '1', '6250', 0),
(16702, 'Xã Nghi Phú', 27, 301, '1', '6254', 0),
(16705, 'Xã Hưng Đông', 27, 301, '1', '6240', 0),
(16708, 'Xã Hưng Lộc', 27, 301, '0', NULL, 0),
(16711, 'Xã Hưng Hòa', 27, 301, '1', '6242', 0),
(16714, 'Phường Vinh Tân', 27, 301, '1', '6252', 0),
(16717, 'Phường Nghi Thuỷ', 27, 302, '1', '6256', 0),
(16720, 'Phường Nghi Tân', 27, 302, '1', '6259', 0),
(16723, 'Phường Thu Thuỷ', 27, 302, '1', '6257', 0),
(16726, 'Phường Nghi Hòa', 27, 302, '1', '6262', 0),
(16729, 'Phường Nghi Hải', 27, 302, '1', '6261', 0),
(16732, 'Phường Nghi Hương', 27, 302, '1', '6258', 0),
(16735, 'Phường Nghi Thu', 27, 302, '1', '6260', 0),
(16738, 'Thị trấn Kim Sơn', 27, 303, '1', '5996', 0),
(16741, 'Xã Thông Thụ', 27, 303, '1', '5988', 0),
(16744, 'Xã Đồng Văn', 27, 303, '1', '5992', 0),
(16747, 'Xã Hạnh Dịch', 27, 303, '1', '5993', 0),
(16750, 'Xã Tiền Phong', 27, 303, '1', '5984', 0),
(16753, 'Xã Nậm Giải', 27, 303, '1', '5985', 0),
(16756, 'Xã Tri Lễ', 27, 303, '1', '5987', 0),
(16759, 'Xã Châu Kim', 27, 303, '1', '5995', 0),
(16762, 'Xã Mường Nọc', 27, 303, '0', NULL, 0),
(16763, 'Xã Quế Sơn', 27, 303, '1', '5983', 0),
(16765, 'Xã Châu Thôn', 27, 303, '1', '5994', 0),
(16768, 'Xã Nậm Nhoóng', 27, 303, '1', '5986', 0),
(16771, 'Xã Quang Phong', 27, 303, '1', '5989', 0),
(16774, 'Xã Căm Muộn', 27, 303, '1', '5990', 0),
(16777, 'Thị trấn Tân Lạc', 27, 304, '0', NULL, 0),
(16780, 'Xã Châu Bính', 27, 304, '1', '6006', 0),
(16783, 'Xã Châu Thuận', 27, 304, '1', '5999', 0),
(16786, 'Xã Châu Hội', 27, 304, '1', '6000', 0),
(16789, 'Xã Châu Nga', 27, 304, '1', '6001', 0),
(16792, 'Xã Châu Tiến', 27, 304, '1', '6002', 0),
(16795, 'Xã Châu Hạnh', 27, 304, '1', '6003', 0),
(16798, 'Xã Châu Thắng', 27, 304, '1', '6004', 0),
(16801, 'Xã Châu Phong', 27, 304, '1', '6005', 0),
(16804, 'Xã Châu Bình', 27, 304, '0', NULL, 0),
(16807, 'Xã Châu Hoàn', 27, 304, '1', '6007', 0),
(16810, 'Xã Diên Lãm', 27, 304, '1', '6008', 0),
(16813, 'Thị trấn Mường Xén', 27, 305, '1', '11348', 0),
(16816, 'Xã Mỹ Lý', 27, 305, '1', '11349', 0),
(16819, 'Xã Bắc Lý', 27, 305, '1', '11350', 0),
(16822, 'Xã Keng Đu', 27, 305, '1', '11351', 0),
(16825, 'Xã Đoọc Mạy', 27, 305, '1', '11352', 0),
(16828, 'Xã Huồi Tụ', 27, 305, '1', '11353', 0),
(16831, 'Xã Mường Lống', 27, 305, '1', '11354', 0),
(16834, 'Xã Na Loi', 27, 305, '1', '11355', 0),
(16837, 'Xã Nậm Cắn', 27, 305, '1', '11365', 0),
(16840, 'Xã Bảo Nam', 27, 305, '1', '11366', 0),
(16843, 'Xã Phà Đánh', 27, 305, '1', '11367', 0),
(16846, 'Xã Bảo Thắng', 27, 305, '1', '11356', 0),
(16849, 'Xã Hữu Lập', 27, 305, '1', '11357', 0),
(16852, 'Xã Tà Cạ', 27, 305, '1', '11358', 0),
(16855, 'Xã Chiêu Lưu', 27, 305, '1', '11359', 0),
(16858, 'Xã Mường Típ', 27, 305, '1', '11360', 0),
(16861, 'Xã Hữu Kiệm', 27, 305, '1', '11361', 0),
(16864, 'Xã Tây Sơn', 27, 305, '1', '11362', 0),
(16867, 'Xã Mường Ải', 27, 305, '1', '11363', 0),
(16870, 'Xã Na Ngoi', 27, 305, '1', '11364', 0),
(16873, 'Xã Nậm Càn', 27, 305, '0', NULL, 0),
(16876, 'Thị trấn Hòa Bình', 27, 308, '1', '6141', 0),
(16879, 'Xã Mai Sơn', 27, 308, '1', '6152', 0),
(16882, 'Xã Nhôn Mai', 27, 308, '1', '6151', 0),
(16885, 'Xã Hữu Khuông', 27, 308, '1', '6150', 0),
(16900, 'Xã Yên Tĩnh', 27, 308, '1', '6154', 0),
(16903, 'Xã Nga My', 27, 308, '1', '6157', 0),
(16904, 'Xã Xiêng My', 27, 308, '1', '6158', 0),
(16906, 'Xã Lưỡng Minh', 27, 308, '1', '6149', 0),
(16909, 'Xã Yên Hòa', 27, 308, '1', '6155', 0),
(16912, 'Xã Yên Na', 27, 308, '1', '6153', 0),
(16915, 'Xã Lưu Kiền', 27, 308, '1', '6148', 0),
(16918, 'Xã Thạch Giám', 27, 308, '1', '6146', 0),
(16921, 'Xã Xá Lượng', 27, 308, '1', '6147', 0),
(16924, 'Xã Tam Thái', 27, 308, '1', '6144', 0),
(16927, 'Xã Tam Đình', 27, 308, '1', '6143', 0),
(16930, 'Xã Yên Thắng', 27, 308, '1', '6156', 0),
(16933, 'Xã Tam Quang', 27, 308, '1', '6142', 0),
(16936, 'Xã Tam Hợp', 27, 308, '1', '6145', 0),
(16939, 'Phường Hoà Hiếu', 27, 773, '1', '6263', 0),
(16941, 'Thị trấn Nghĩa Đàn', 27, 307, '0', NULL, 0),
(16942, 'Xã Nghĩa Mai', 27, 307, '1', '5974', 0),
(16945, 'Xã Nghĩa Yên', 27, 307, '1', '5980', 0),
(16948, 'Xã Nghĩa Lạc', 27, 307, '1', '5961', 0),
(16951, 'Xã Nghĩa Lâm', 27, 307, '1', '5964', 0),
(16954, 'Xã Nghĩa Sơn', 27, 307, '1', '5963', 0),
(16957, 'Xã Nghĩa Lợi', 27, 307, '1', '5972', 0),
(16960, 'Xã Nghĩa Bình', 27, 307, '1', '5958', 0),
(16963, 'Xã Nghĩa Thọ', 27, 307, '1', '5960', 0),
(16966, 'Xã Nghĩa Minh', 27, 307, '1', '5975', 0),
(16969, 'Xã Nghĩa Phú', 27, 307, '1', '5959', 0),
(16972, 'Xã Nghĩa Hưng', 27, 307, '1', '5969', 0),
(16975, 'Xã Nghĩa Hồng', 27, 307, '1', '5968', 0),
(16978, 'Xã Nghĩa Thịnh', 27, 307, '1', '5981', 0),
(16981, 'Xã Nghĩa Trung', 27, 307, '1', '5962', 0),
(16984, 'Xã Nghĩa Hội', 27, 307, '1', '5957', 0),
(16987, 'Xã Nghĩa Tân', 27, 307, '1', '5977', 0),
(16990, 'Xã Nghĩa Thắng', 27, 307, '1', '5978', 0),
(16993, 'Phường Quang Phong', 27, 773, '1', '6264', 0),
(16994, 'Phường Quang Tiến', 27, 773, '1', '6265', 0),
(16996, 'Xã Nghĩa Hiếu', 27, 307, '1', '5967', 0),
(16999, 'Xã Nghĩa Liên', 27, 307, '1', '5971', 0),
(17002, 'Xã Nghĩa Hòa', 27, 773, '1', '6267', 0),
(17003, 'Phường Long Sơn', 27, 773, '1', '6266', 0),
(17005, 'Xã Nghĩa Tiến', 27, 773, '1', '6268', 0),
(17008, 'Xã Nghĩa Mỹ', 27, 773, '1', '6269', 0),
(17011, 'Xã Tây Hiếu', 27, 773, '1', '6270', 0),
(17014, 'Xã Nghĩa Thuận', 27, 773, '1', '6271', 0),
(17017, 'Xã Đông Hiếu', 27, 773, '1', '6272', 0),
(17020, 'Xã Nghĩa Đức', 27, 307, '1', '5966', 0),
(17023, 'Xã Nghĩa An', 27, 307, '1', '5965', 0),
(17026, 'Xã Nghĩa Long', 27, 307, '1', '5973', 0),
(17029, 'Xã Nghĩa Lộc', 27, 307, '1', '5982', 0),
(17032, 'Xã Nghĩa Khánh', 27, 307, '1', '5970', 0),
(17035, 'Thị trấn Quỳ Hợp', 27, 306, '1', '6009', 0),
(17038, 'Xã Yên Hợp', 27, 306, '1', '6029', 0),
(17041, 'Xã Châu Tiến', 27, 306, '1', '6022', 0),
(17044, 'Xã Châu Hồng', 27, 306, '1', '6020', 0),
(17047, 'Xã Đồng Hợp', 27, 306, '1', '6016', 0),
(17050, 'Xã Châu Thành', 27, 306, '1', '6021', 0),
(17053, 'Xã Liên Hợp', 27, 306, '1', '6024', 0),
(17056, 'Xã Châu Lộc', 27, 306, '1', '6012', 0),
(17059, 'Xã Tam Hợp', 27, 306, '1', '6017', 0),
(17062, 'Xã Châu Cường', 27, 306, '1', '6010', 0),
(17065, 'Xã Châu Quang', 27, 306, '1', '6014', 0),
(17068, 'Xã Thọ Hợp', 27, 306, '1', '6018', 0),
(17071, 'Xã Minh Hợp', 27, 306, '1', '6025', 0),
(17074, 'Xã Nghĩa Xuân', 27, 306, '1', '6027', 0),
(17077, 'Xã Châu Thái', 27, 306, '1', '6015', 0),
(17080, 'Xã Châu Đình', 27, 306, '1', '6011', 0),
(17083, 'Xã Văn Lợi', 27, 306, '1', '6028', 0),
(17086, 'Xã Nam Sơn', 27, 306, '1', '6026', 0),
(17089, 'Xã Châu Lý', 27, 306, '1', '6013', 0),
(17092, 'Xã Hạ Sơn', 27, 306, '1', '6023', 0),
(17095, 'Xã Bắc Sơn', 27, 306, '1', '6019', 0),
(17098, 'Thị trấn Cầu Giát', 27, 309, '1', '6045', 0),
(17101, 'Xã Quỳnh Thắng', 27, 309, '1', '6063', 0),
(17104, 'Xã Quỳnh Vinh', 27, 772, '1', '11559', 0),
(17107, 'Xã Quỳnh Lộc', 27, 772, '1', '11560', 0),
(17110, 'Phường Quỳnh Thiện', 27, 772, '1', '11555', 0),
(17113, 'Xã Quỳnh Lập', 27, 772, '1', '11561', 0),
(17116, 'Xã Quỳnh Trang', 27, 772, '1', '11563', 0),
(17119, 'Xã Quỳnh Tân', 27, 309, '1', '6062', 0),
(17122, 'Xã Quỳnh Châu', 27, 309, '1', '6049', 0),
(17125, 'Phường Mai Hùng', 27, 772, '1', '11556', 0),
(17128, 'Phường Quỳnh Dị', 27, 772, '1', '11554', 0),
(17131, 'Phường Quỳnh Xuân', 27, 772, '1', '11558', 0),
(17134, 'Phường Quỳnh Phương', 27, 772, '1', '11557', 0),
(17137, 'Xã Quỳnh Liên', 27, 772, '1', '11562', 0),
(17140, 'Xã Tân Sơn', 27, 309, '1', '6070', 0),
(17143, 'Xã Quỳnh Văn', 27, 309, '1', '6042', 0),
(17146, 'Xã Ngọc Sơn', 27, 309, '1', '6047', 0),
(17149, 'Xã Quỳnh Tam', 27, 309, '1', '6061', 0),
(17152, 'Xã Quỳnh Hoa', 27, 309, '1', '6037', 0),
(17155, 'Xã Quỳnh Thạch', 27, 309, '1', '6041', 0),
(17158, 'Xã Quỳnh Bảng', 27, 309, '1', '6048', 0),
(17161, 'Xã Quỳnh Mỹ', 27, 309, '1', '6057', 0),
(17164, 'Xã Quỳnh Thanh', 27, 309, '1', '6064', 0),
(17167, 'Xã Quỳnh Hậu', 27, 309, '1', '6036', 0),
(17170, 'Xã Quỳnh Lâm', 27, 309, '1', '6040', 0),
(17173, 'Xã Quỳnh Đôi', 27, 309, '1', '6050', 0),
(17176, 'Xã Quỳnh Lương', 27, 309, '1', '6055', 0),
(17179, 'Xã Quỳnh Hồng', 27, 309, '1', '6038', 0),
(17182, 'Xã Quỳnh Yên', 27, 309, '1', '6043', 0),
(17185, 'Xã Quỳnh Bá', 27, 309, '1', '6032', 0),
(17188, 'Xã Quỳnh Minh', 27, 309, '1', '6056', 0),
(17191, 'Xã Quỳnh Diện', 27, 309, '1', '6034', 0),
(17194, 'Xã Quỳnh Hưng', 27, 309, '1', '6039', 0),
(17197, 'Xã Quỳnh Giang', 27, 309, '1', '6035', 0),
(17200, 'Xã Quỳnh Ngọc', 27, 309, '1', '6059', 0),
(17203, 'Xã Quỳnh Nghĩa', 27, 309, '1', '6058', 0),
(17206, 'Xã An Hòa', 27, 309, '1', '6031', 0),
(17209, 'Xã Tiến Thủy', 27, 309, '1', '6072', 0),
(17212, 'Xã Sơn Hải', 27, 309, '1', '6044', 0),
(17215, 'Xã Quỳnh Thọ', 27, 309, '1', '6066', 0),
(17218, 'Xã Quỳnh Thuận', 27, 309, '1', '6067', 0),
(17221, 'Xã Quỳnh Long', 27, 309, '1', '6054', 0),
(17224, 'Xã Tân Thắng', 27, 309, '1', '6071', 0),
(17227, 'Thị trấn Con Cuông', 27, 311, '1', '5802', 0),
(17230, 'Xã Bình Chuẩn', 27, 311, '1', '5811', 0),
(17233, 'Xã Lạng Khê', 27, 311, '1', '5810', 0),
(17236, 'Xã Cam Lâm', 27, 311, '1', '5809', 0),
(17239, 'Xã Thạch Ngàn', 27, 311, '1', '5814', 0),
(17242, 'Xã Đôn Phục', 27, 311, '1', '5812', 0),
(17245, 'Xã Mậu Đức', 27, 311, '1', '5813', 0),
(17248, 'Xã Châu Khê', 27, 311, '1', '5808', 0),
(17251, 'Xã Chi Khê', 27, 311, '1', '5807', 0),
(17254, 'Xã Bồng Khê', 27, 311, '1', '5806', 0),
(17257, 'Xã Yên Khê', 27, 311, '1', '5805', 0),
(17260, 'Xã Lục Dạ', 27, 311, '1', '5804', 0),
(17263, 'Xã Môn Sơn', 27, 311, '1', '5803', 0),
(17266, 'Thị trấn Tân Kỳ', 27, 310, '1', '6119', 0),
(17269, 'Xã Tân Hợp', 27, 310, '1', '6137', 0),
(17272, 'Xã Tân Phú', 27, 310, '1', '6138', 0),
(17275, 'Xã Tân Xuân', 27, 310, '1', '6139', 0),
(17278, 'Xã Giai Xuân', 27, 310, '1', '6127', 0),
(17281, 'Xã Nghĩa Bình', 27, 310, '1', '6129', 0),
(17284, 'Xã Nghĩa Đồng', 27, 310, '1', '6130', 0),
(17287, 'Xã Đồng Văn', 27, 310, '1', '6126', 0),
(17290, 'Xã Nghĩa Thái', 27, 310, '1', '6134', 0),
(17293, 'Xã Nghĩa Hợp', 27, 310, '1', '6132', 0),
(17296, 'Xã Nghĩa Hoàn', 27, 310, '1', '6131', 0),
(17299, 'Xã Nghĩa Phúc', 27, 310, '1', '6133', 0),
(17302, 'Xã Tiên Kỳ', 27, 310, '1', '6140', 0),
(17305, 'Xã Tân An', 27, 310, '1', '6136', 0),
(17308, 'Xã Nghĩa Dũng', 27, 310, '1', '6122', 0),
(17311, 'Xã Tân Long', 27, 310, '1', '6124', 0),
(17314, 'Xã Kỳ Sơn', 27, 310, '1', '6120', 0),
(17317, 'Xã Hương Sơn', 27, 310, '1', '6128', 0),
(17320, 'Xã Kỳ Tân', 27, 310, '1', '6121', 0),
(17323, 'Xã Phú Sơn', 27, 310, '1', '6135', 0),
(17325, 'Xã Tân Hương', 27, 310, '1', '6125', 0),
(17326, 'Xã Nghĩa Hành', 27, 310, '1', '6123', 0),
(17329, 'Thị trấn Anh Sơn', 27, 314, '1', '5781', 0),
(17332, 'Xã Thọ Sơn', 27, 314, '1', '5800', 0),
(17335, 'Xã Thành Sơn', 27, 314, '1', '5799', 0),
(17338, 'Xã Bình Sơn', 27, 314, '1', '5789', 0),
(17341, 'Xã Tam Sơn', 27, 314, '1', '5796', 0),
(17344, 'Xã Đỉnh Sơn', 27, 314, '1', '5782', 0),
(17347, 'Xã Hùng Sơn', 27, 314, '1', '5794', 0),
(17350, 'Xã Cẩm Sơn', 27, 314, '1', '5790', 0),
(17353, 'Xã Đức Sơn', 27, 314, '1', '5783', 0),
(17356, 'Xã Tường Sơn', 27, 314, '1', '5801', 0),
(17357, 'Xã Hoa Sơn', 27, 314, '1', '5792', 0),
(17359, 'Xã Tào Sơn', 27, 314, '1', '5797', 0),
(17362, 'Xã Vĩnh Sơn', 27, 314, '1', '5788', 0),
(17365, 'Xã Lạng Sơn', 27, 314, '1', '5785', 0),
(17368, 'Xã Hội Sơn', 27, 314, '1', '5793', 0),
(17371, 'Xã Thạch Sơn', 27, 314, '1', '5798', 0),
(17374, 'Xã Phúc Sơn', 27, 314, '1', '5787', 0),
(17377, 'Xã Long Sơn', 27, 314, '1', '5786', 0),
(17380, 'Xã Khai Sơn', 27, 314, '1', '5784', 0),
(17383, 'Xã Lĩnh Sơn', 27, 314, '1', '5795', 0),
(17386, 'Xã Cao Sơn', 27, 314, '1', '5791', 0),
(17389, 'Thị trấn Diễn Châu', 27, 313, '1', '5815', 0),
(17392, 'Xã Diễn Lâm', 27, 313, '1', '5831', 0),
(17395, 'Xã Diễn Đoài', 27, 313, '1', '5829', 0),
(17398, 'Xã Diễn Trường', 27, 313, '1', '5839', 0),
(17401, 'Xã Diễn Yên', 27, 313, '1', '5847', 0),
(17404, 'Xã Diễn Hoàng', 27, 313, '1', '5830', 0),
(17407, 'Xã Diễn Hùng', 27, 313, '1', '5842', 0),
(17410, 'Xã Diễn Mỹ', 27, 313, '1', '5836', 0),
(17413, 'Xã Diễn Hồng', 27, 313, '1', '5822', 0),
(17416, 'Xã Diễn Phong', 27, 313, '1', '5848', 0),
(17419, 'Xã Diễn Hải', 27, 313, '1', '5843', 0),
(17422, 'Xã Diễn Tháp', 27, 313, '1', '5826', 0),
(17425, 'Xã Diễn Liên', 27, 313, '1', '5832', 0),
(17428, 'Xã Diễn Vạn', 27, 313, '1', '5849', 0),
(17431, 'Xã Diễn Kim', 27, 313, '1', '5841', 0),
(17434, 'Xã Diễn Kỷ', 27, 313, '1', '5818', 0),
(17437, 'Xã Diễn Xuân', 27, 313, '1', '5823', 0),
(17440, 'Xã Diễn Thái', 27, 313, '1', '5850', 0),
(17443, 'Xã Diễn Đồng', 27, 313, '1', '5827', 0),
(17446, 'Xã Diễn Bích', 27, 313, '1', '5817', 0),
(17449, 'Xã Diễn Hạnh', 27, 313, '1', '5825', 0),
(17452, 'Xã Diễn Ngọc', 27, 313, '1', '5816', 0),
(17455, 'Xã Diễn Quảng', 27, 313, '1', '5851', 0),
(17458, 'Xã Diễn Nguyên', 27, 313, '1', '5852', 0),
(17461, 'Xã Diễn Hoa', 27, 313, '1', '5824', 0),
(17464, 'Xã Diễn Thành', 27, 313, '1', '5821', 0),
(17467, 'Xã Diễn Phúc', 27, 313, '1', '5819', 0),
(17470, 'Xã Diễn Minh', 27, 313, '1', '5835', 0),
(17473, 'Xã Diễn Bình', 27, 313, '1', '5846', 0),
(17476, 'Xã Diễn Cát', 27, 313, '1', '5840', 0),
(17479, 'Xã Diễn Thịnh', 27, 313, '1', '5820', 0),
(17482, 'Xã Diễn Tân', 27, 313, '1', '5853', 0),
(17485, 'Xã Diễn Thắng', 27, 313, '1', '5854', 0),
(17488, 'Xã Diễn Thọ', 27, 313, '1', '5837', 0),
(17491, 'Xã Diễn Lợi', 27, 313, '1', '5834', 0),
(17494, 'Xã Diễn Lộc', 27, 313, '1', '5833', 0),
(17497, 'Xã Diễn Trung', 27, 313, '1', '5838', 0),
(17500, 'Xã Diễn An', 27, 313, '1', '5828', 0),
(17503, 'Xã Diễn Phú', 27, 313, '1', '5844', 0),
(17506, 'Thị trấn Yên Thành', 27, 312, '1', '6164', 0),
(17509, 'Xã Mã Thành', 27, 312, '1', '6183', 0),
(17510, 'Xã Tiến Thành', 27, 312, '0', NULL, 0),
(17512, 'Xã Lăng Thành', 27, 312, '1', '6180', 0),
(17515, 'Xã Tân Thành', 27, 312, '1', '6192', 0),
(17518, 'Xã Đức Thành', 27, 312, '1', '6176', 0),
(17521, 'Xã Kim Thành', 27, 312, '1', '6179', 0),
(17524, 'Xã Hậu Thành', 27, 312, '1', '6177', 0),
(17525, 'Xã Hùng Thành', 27, 312, '1', '11662', 0),
(17527, 'Xã Đô Thành', 27, 312, '1', '6174', 0),
(17530, 'Xã Thọ Thành', 27, 312, '1', '6195', 0),
(17533, 'Xã Quang Thành', 27, 312, '1', '6190', 0),
(17536, 'Xã Tây Thành', 27, 312, '1', '6193', 0),
(17539, 'Xã Phúc Thành', 27, 312, '1', '6189', 0),
(17542, 'Xã Hồng Thành', 27, 312, '1', '6178', 0),
(17545, 'Xã Đồng Thành', 27, 312, '1', '6175', 0),
(17548, 'Xã Phú Thành', 27, 312, '1', '6188', 0),
(17551, 'Xã Hoa Thành', 27, 312, '1', '6165', 0),
(17554, 'Xã Tăng Thành', 27, 312, '1', '6169', 0),
(17557, 'Xã Văn Thành', 27, 312, '1', '6196', 0),
(17560, 'Xã Thịnh Thành', 27, 312, '1', '6194', 0),
(17563, 'Xã Hợp Thành', 27, 312, '1', '6166', 0),
(17566, 'Xã Xuân Thành', 27, 312, '1', '11589', 0),
(17569, 'Xã Bắc Thành', 27, 312, '1', '6163', 0),
(17572, 'Xã Nhân Thành', 27, 312, '1', '6187', 0),
(17575, 'Xã Trung Thành', 27, 312, '1', '6170', 0),
(17578, 'Xã Long Thành', 27, 312, '1', '6168', 0),
(17581, 'Xã Minh Thành', 27, 312, '1', '6184', 0),
(17584, 'Xã Nam Thành', 27, 312, '1', '6186', 0),
(17587, 'Xã Vĩnh Thành', 27, 312, '1', '6198', 0),
(17590, 'Xã Lý Thành', 27, 312, '1', '6182', 0),
(17593, 'Xã Khánh Thành', 27, 312, '1', '6167', 0),
(17596, 'Xã Viên Thành', 27, 312, '1', '6197', 0),
(17599, 'Xã Đại Thành', 27, 312, '1', '6173', 0),
(17602, 'Xã Liên Thành', 27, 312, '1', '6181', 0),
(17605, 'Xã Bảo Thành', 27, 312, '1', '6171', 0),
(17608, 'Xã Mỹ Thành', 27, 312, '1', '6185', 0),
(17611, 'Xã Công Thành', 27, 312, '1', '6172', 0),
(17614, 'Xã Sơn Thành', 27, 312, '1', '6191', 0),
(17617, 'Thị trấn Đô Lương', 27, 315, '1', '6199', 0),
(17619, 'Xã Giang Sơn Đông', 27, 315, '1', '6226', 0),
(17620, 'Xã Giang Sơn Tây', 27, 315, '1', '6227', 0),
(17623, 'Xã Lam Sơn', 27, 315, '1', '6219', 0),
(17626, 'Xã Bồi Sơn', 27, 315, '1', '6215', 0),
(17629, 'Xã Hồng Sơn', 27, 315, '1', '6218', 0),
(17632, 'Xã Bài Sơn', 27, 315, '1', '6214', 0),
(17635, 'Xã Ngọc Sơn', 27, 315, '1', '6223', 0),
(17638, 'Xã Bắc Sơn', 27, 315, '1', '6213', 0),
(17641, 'Xã Tràng Sơn', 27, 315, '1', '6230', 0),
(17644, 'Xã Thượng Sơn', 27, 315, '1', '6221', 0),
(17647, 'Xã Hòa Sơn', 27, 315, '1', '6202', 0),
(17650, 'Xã Đặng Sơn', 27, 315, '1', '6224', 0),
(17653, 'Xã Đông Sơn', 27, 315, '1', '6216', 0),
(17656, 'Xã Nam Sơn', 27, 315, '1', '6222', 0),
(17659, 'Xã Lưu Sơn', 27, 315, '1', '6210', 0),
(17662, 'Xã Yên Sơn', 27, 315, '1', '6233', 0),
(17665, 'Xã Văn Sơn', 27, 315, '1', '6209', 0),
(17668, 'Xã Đà Sơn', 27, 315, '1', '6208', 0),
(17671, 'Xã Lạc Sơn', 27, 315, '1', '6206', 0),
(17674, 'Xã Tân Sơn', 27, 315, '1', '6200', 0),
(17677, 'Xã Thái Sơn', 27, 315, '1', '6203', 0),
(17680, 'Xã Quang Sơn', 27, 315, '1', '6207', 0),
(17683, 'Xã Thịnh Sơn', 27, 315, '1', '6201', 0),
(17686, 'Xã Trung Sơn', 27, 315, '1', '6225', 0),
(17689, 'Xã Xuân Sơn', 27, 315, '1', '6204', 0),
(17692, 'Xã Minh Sơn', 27, 315, '1', '6205', 0),
(17695, 'Xã Thuận Sơn', 27, 315, '1', '6229', 0),
(17698, 'Xã Nhân Sơn', 27, 315, '1', '6228', 0),
(17701, 'Xã Hiến Sơn', 27, 315, '1', '6211', 0),
(17704, 'Xã Mỹ Sơn', 27, 315, '1', '6220', 0),
(17707, 'Xã Trù Sơn', 27, 315, '1', '6231', 0),
(17710, 'Xã Đại Sơn', 27, 315, '1', '6217', 0),
(17713, 'Thị trấn Thanh Chương', 27, 316, '0', NULL, 0),
(17716, 'Xã Cát Văn', 27, 316, '1', '6086', 0),
(17719, 'Xã Thanh Nho', 27, 316, '1', '6104', 0),
(17722, 'Xã Hạnh Lâm', 27, 316, '1', '6112', 0),
(17723, 'Xã Thanh Sơn', 27, 316, '1', '6117', 0),
(17725, 'Xã Thanh Hòa', 27, 316, '1', '6115', 0),
(17728, 'Xã Phong Thịnh', 27, 316, '1', '6087', 0),
(17731, 'Xã Thanh Phong', 27, 316, '1', '6100', 0),
(17734, 'Xã Thanh Mỹ', 27, 316, '1', '6103', 0),
(17737, 'Xã Thanh Tiên', 27, 316, '1', '6078', 0),
(17740, 'Xã Thanh Hưng', 27, 316, '1', '6079', 0),
(17743, 'Xã Thanh Liên', 27, 316, '1', '6099', 0),
(17746, 'Xã Thanh Tường', 27, 316, '1', '6111', 0),
(17749, 'Xã Thanh Văn', 27, 316, '1', '6080', 0),
(17752, 'Xã Thanh Đồng', 27, 316, '1', '6076', 0),
(17755, 'Xã Thanh Ngọc', 27, 316, '1', '6082', 0),
(17758, 'Xã Thanh Hương', 27, 316, '1', '6084', 0),
(17759, 'Xã Ngọc Lâm', 27, 316, '1', '6118', 0),
(17761, 'Xã Thanh Lĩnh', 27, 316, '1', '6077', 0),
(17764, 'Xã Đồng Văn', 27, 316, '1', '6081', 0),
(17767, 'Xã Ngọc Sơn', 27, 316, '1', '6083', 0),
(17770, 'Xã Thanh Thịnh', 27, 316, '1', '6085', 0),
(17773, 'Xã Thanh An', 27, 316, '1', '6088', 0),
(17776, 'Xã Thanh Chi', 27, 316, '1', '6089', 0),
(17779, 'Xã Xuân Tường', 27, 316, '1', '6109', 0),
(17782, 'Xã Thanh Dương', 27, 316, '1', '6092', 0),
(17785, 'Xã Thanh Lương', 27, 316, '1', '6101', 0),
(17788, 'Xã Thanh Khê', 27, 316, '1', '6097', 0),
(17791, 'Xã Võ Liệt', 27, 316, '1', '6116', 0),
(17794, 'Xã Thanh Long', 27, 316, '1', '6114', 0),
(17797, 'Xã Thanh Thủy', 27, 316, '1', '6105', 0),
(17800, 'Xã Thanh Khai', 27, 316, '1', '6096', 0),
(17803, 'Xã Thanh Yên', 27, 316, '1', '6108', 0),
(17806, 'Xã Thanh Hà', 27, 316, '1', '6095', 0),
(17809, 'Xã Thanh Giang', 27, 316, '1', '6093', 0),
(17812, 'Xã Thanh Tùng', 27, 316, '1', '6106', 0),
(17815, 'Xã Thanh Lâm', 27, 316, '1', '6098', 0),
(17818, 'Xã Thanh Mai', 27, 316, '1', '6102', 0),
(17821, 'Xã Thanh Xuân', 27, 316, '1', '6107', 0),
(17824, 'Xã Thanh Đức', 27, 316, '1', '6091', 0),
(17827, 'Thị trấn Quán Hành', 27, 317, '1', '5924', 0),
(17830, 'Xã Nghi Văn', 27, 317, '1', '5951', 0),
(17833, 'Xã Nghi Yên', 27, 317, '1', '5938', 0),
(17836, 'Xã Nghi Tiến', 27, 317, '1', '5950', 0),
(17839, 'Xã Nghi Hưng', 27, 317, '1', '5942', 0),
(17842, 'Xã Nghi Đồng', 27, 317, '1', '5941', 0),
(17845, 'Xã Nghi Thiết', 27, 317, '1', '5948', 0),
(17848, 'Xã Nghi Lâm', 27, 317, '1', '5944', 0),
(17851, 'Xã Nghi Quang', 27, 317, '1', '5946', 0),
(17854, 'Xã Nghi Kiều', 27, 317, '1', '5943', 0),
(17857, 'Xã Nghi Mỹ', 27, 317, '1', '5945', 0),
(17860, 'Xã Nghi Phương', 27, 317, '1', '5931', 0),
(17863, 'Xã Nghi Thuận', 27, 317, '1', '5934', 0),
(17866, 'Xã Nghi Long', 27, 317, '1', '5930', 0),
(17869, 'Xã Nghi Xá', 27, 317, '1', '5937', 0),
(17872, 'Xã Nghi Hợp', 27, 317, '1', '5927', 0),
(17875, 'Xã Nghi Hoa', 27, 317, '1', '5926', 0),
(17878, 'Xã Nghi Khánh', 27, 317, '1', '5928', 0),
(17881, 'Xã Nghi Thịnh', 27, 317, '1', '5933', 0),
(17884, 'Xã Nghi Công Bắc', 27, 317, '1', '5939', 0),
(17887, 'Xã Nghi Công Nam', 27, 317, '1', '5940', 0),
(17890, 'Xã Nghi Thạch', 27, 317, '1', '5932', 0),
(17893, 'Xã Nghi Trung', 27, 317, '1', '5935', 0),
(17896, 'Xã Nghi Trường', 27, 317, '1', '5936', 0),
(17899, 'Xã Nghi Diên', 27, 317, '1', '5925', 0),
(17902, 'Xã Nghi Phong', 27, 317, '1', '5929', 0),
(17905, 'Xã Nghi Xuân', 27, 317, '1', '5952', 0),
(17908, 'Xã Nghi Liên', 27, 301, '0', NULL, 0),
(17911, 'Xã Nghi Vạn', 27, 317, '0', NULL, 0),
(17914, 'Xã Nghi Ân', 27, 301, '1', '6253', 0),
(17917, 'Xã Phúc Thọ', 27, 317, '1', '5953', 0),
(17920, 'Xã Nghi Kim', 27, 301, '1', '6247', 0),
(17923, 'Xã Nghi Đức', 27, 301, '0', NULL, 0),
(17926, 'Xã Nghi Thái', 27, 317, '1', '5947', 0),
(17929, 'Thị trấn Nam Đàn', 27, 318, '1', '5899', 0),
(17932, 'Xã Nam Hưng', 27, 318, '1', '5901', 0),
(17935, 'Xã Nam Nghĩa', 27, 318, '1', '5919', 0),
(17938, 'Xã Nam Thanh', 27, 318, '1', '5914', 0),
(17941, 'Xã Nam Anh', 27, 318, '1', '5909', 0),
(17944, 'Xã Nam Xuân', 27, 318, '1', '5920', 0),
(17947, 'Xã Nam Thái', 27, 318, '1', '5913', 0),
(17950, 'Xã Vân Diên', 27, 318, '1', '5911', 0),
(17953, 'Xã Nam Lĩnh', 27, 318, '1', '5905', 0),
(17956, 'Xã Nam Giang', 27, 318, '1', '5904', 0),
(17959, 'Xã Xuân Hòa', 27, 318, '1', '5900', 0),
(17962, 'Xã Hùng Tiến', 27, 318, '1', '5907', 0),
(17965, 'Xã Nam Thượng', 27, 318, '1', '5916', 0),
(17968, 'Xã Nam Tân', 27, 318, '1', '5922', 0),
(17971, 'Xã Kim Liên', 27, 318, '1', '5903', 0),
(17974, 'Xã Nam Lộc', 27, 318, '1', '5915', 0),
(17977, 'Xã Hồng Long', 27, 318, '1', '5906', 0),
(17980, 'Xã Xuân Lâm', 27, 318, '1', '5902', 0),
(17983, 'Xã Nam Cát', 27, 318, '1', '5910', 0),
(17986, 'Xã Khánh Sơn', 27, 318, '1', '5908', 0),
(17989, 'Xã Nam Phúc', 27, 318, '1', '5918', 0),
(17992, 'Xã Nam Cường', 27, 318, '1', '5921', 0),
(17995, 'Xã Nam Trung', 27, 318, '1', '5917', 0),
(17998, 'Xã Nam Kim', 27, 318, '1', '5912', 0),
(18001, 'Thị trấn Hưng Nguyên', 27, 319, '1', '5855', 0),
(18004, 'Xã Hưng Trung', 27, 319, '1', '5875', 0),
(18007, 'Xã Hưng Yên', 27, 319, '1', '5876', 0),
(18008, 'Xã Hưng Yên Bắc', 27, 319, '0', NULL, 0),
(18010, 'Xã Hưng Tây', 27, 319, '1', '5856', 0),
(18013, 'Xã Hưng Chính', 27, 301, '0', NULL, 0),
(18016, 'Xã Hưng Đạo', 27, 319, '1', '5857', 0),
(18019, 'Xã Hưng Mỹ', 27, 319, '1', '5858', 0),
(18022, 'Xã Hưng Thịnh', 27, 319, '1', '5859', 0),
(18025, 'Xã Hưng Lĩnh', 27, 319, '1', '5860', 0),
(18028, 'Xã Hưng Thông', 27, 319, '1', '5861', 0),
(18031, 'Xã Hưng Tân', 27, 319, '1', '5862', 0),
(18034, 'Xã Hưng Lợi', 27, 319, '1', '5863', 0),
(18037, 'Xã Hưng Thắng', 27, 319, '1', '5864', 0),
(18040, 'Xã Hưng Phúc', 27, 319, '1', '5865', 0),
(18043, 'Xã Hưng Long', 27, 319, '1', '5866', 0),
(18046, 'Xã Hưng Tiến', 27, 319, '1', '5867', 0),
(18049, 'Xã Hưng Xá', 27, 319, '1', '5868', 0),
(18052, 'Xã Hưng Châu', 27, 319, '1', '5869', 0),
(18055, 'Xã Hưng Xuân', 27, 319, '1', '5870', 0),
(18058, 'Xã Hưng Nhân', 27, 319, '1', '5871', 0),
(18061, 'Xã Hưng Phú', 27, 319, '1', '5872', 0),
(18064, 'Xã Hưng Khánh', 27, 319, '1', '5873', 0),
(18067, 'Xã Hưng Lam', 27, 319, '1', '5874', 0),
(18070, 'Phường Trần Phú', 28, 321, '1', '3115', 0),
(18073, 'Phường Nam Hà', 28, 321, '1', '3114', 0),
(18076, 'Phường Bắc Hà', 28, 321, '1', '3118', 0),
(18077, 'Phường Nguyễn Du', 28, 321, '1', '3116', 0),
(18079, 'Phường Tân Giang', 28, 321, '1', '3119', 0),
(18082, 'Phường Đại Nài', 28, 321, '1', '3111', 0),
(18085, 'Phường Hà Huy Tập', 28, 321, '1', '3112', 0),
(18088, 'Xã Thạch Trung', 28, 321, '1', '3121', 0),
(18091, 'Phường Thạch Quý', 28, 321, '1', '3120', 0),
(18094, 'Phường Thạch Linh', 28, 321, '1', '3117', 0),
(18097, 'Phường Văn Yên', 28, 321, '1', '3113', 0),
(18100, 'Xã Thạch Hạ', 28, 321, '1', '3122', 0),
(18103, 'Xã Thạch Môn', 28, 321, '1', '3123', 0),
(18106, 'Xã Thạch Đồng', 28, 321, '1', '3125', 0),
(18109, 'Xã Thạch Hưng', 28, 321, '1', '3124', 0),
(18112, 'Xã Thạch Bình', 28, 321, '1', '3126', 0),
(18115, 'Phường Bắc Hồng', 28, 322, '1', '3127', 0),
(18118, 'Phường Nam Hồng', 28, 322, '1', '3128', 0),
(18121, 'Phường Trung Lương', 28, 322, '1', '3129', 0),
(18124, 'Phường Đức Thuận', 28, 322, '1', '3130', 0),
(18127, 'Phường Đậu Liêu', 28, 322, '1', '3131', 0),
(18130, 'Xã Thuận Lộc', 28, 322, '0', NULL, 0),
(18133, 'Thị trấn Phố Châu', 28, 325, '1', '2933', 0),
(18136, 'Thị trấn  Tây Sơn', 28, 325, '0', NULL, 0),
(18139, 'Xã Sơn Hồng', 28, 325, '1', '2938', 0),
(18142, 'Xã Sơn Tiến', 28, 325, '1', '2957', 0),
(18145, 'Xã Sơn Lâm', 28, 325, '1', '2943', 0),
(18148, 'Xã Sơn Lễ', 28, 325, '1', '2956', 0),
(18151, 'Xã Sơn Thịnh', 28, 325, '1', '2953', 0),
(18154, 'Xã Sơn An', 28, 325, '1', '2955', 0),
(18157, 'Xã Sơn Giang', 28, 325, '1', '2942', 0),
(18160, 'Xã Sơn Lĩnh', 28, 325, '1', '2939', 0),
(18163, 'Xã Sơn Hòa', 28, 325, '1', '2954', 0),
(18166, 'Xã Sơn Tân', 28, 325, '1', '2963', 0),
(18169, 'Xã Sơn Mỹ', 28, 325, '1', '2964', 0),
(18172, 'Xã Sơn Tây', 28, 325, '1', '2935', 0),
(18175, 'Xã Sơn Ninh', 28, 325, '1', '2952', 0),
(18178, 'Xã Sơn Châu', 28, 325, '1', '2958', 0),
(18181, 'Xã Sơn Hà', 28, 325, '1', '2960', 0),
(18184, 'Xã Sơn Quang', 28, 325, '1', '2941', 0),
(18187, 'Xã Sơn Trung', 28, 325, '1', '2945', 0),
(18190, 'Xã Sơn Bằng', 28, 325, '1', '2951', 0),
(18193, 'Xã Sơn Bình', 28, 325, '1', '2959', 0),
(18196, 'Xã Sơn Kim 1', 28, 325, '1', '2936', 0),
(18199, 'Xã Sơn Kim 2', 28, 325, '1', '2937', 0),
(18202, 'Xã Sơn Trà', 28, 325, '1', '2961', 0),
(18205, 'Xã Sơn Long', 28, 325, '1', '2962', 0),
(18208, 'Xã Sơn Diệm', 28, 325, '1', '2940', 0),
(18211, 'Xã Sơn Thủy', 28, 325, '1', '2950', 0),
(18214, 'Xã Sơn Hàm', 28, 325, '1', '2944', 0),
(18217, 'Xã Sơn Phú', 28, 325, '1', '2946', 0),
(18220, 'Xã Sơn Phúc', 28, 325, '1', '2948', 0),
(18223, 'Xã Sơn Trường', 28, 325, '1', '2947', 0),
(18226, 'Xã Sơn Mai', 28, 325, '1', '2949', 0),
(18229, 'Thị trấn Đức Thọ', 28, 324, '1', '3081', 0),
(18232, 'Xã Đức Quang', 28, 324, '1', '3083', 0),
(18235, 'Xã Đức Vĩnh', 28, 324, '1', '3082', 0),
(18238, 'Xã Đức Châu', 28, 324, '1', '3084', 0),
(18241, 'Xã Đức Tùng', 28, 324, '1', '3085', 0),
(18244, 'Xã Trường Sơn', 28, 324, '1', '3106', 0),
(18247, 'Xã Liên Minh', 28, 324, '1', '3107', 0),
(18250, 'Xã Đức La', 28, 324, '1', '3109', 0),
(18253, 'Xã Yên Hồ', 28, 324, '1', '3086', 0),
(18256, 'Xã Đức Nhân', 28, 324, '1', '3091', 0),
(18259, 'Xã Tùng Ảnh', 28, 324, '1', '3088', 0),
(18262, 'Xã Bùi Xá', 28, 324, '1', '3104', 0),
(18265, 'Xã Đức Thịnh', 28, 324, '1', '3108', 0),
(18268, 'Xã Đức Yên', 28, 324, '1', '3105', 0),
(18271, 'Xã Đức Thủy', 28, 324, '1', '3092', 0),
(18274, 'Xã Thái Yên', 28, 324, '1', '3093', 0),
(18277, 'Xã Trung Lễ', 28, 324, '1', '3095', 0),
(18280, 'Xã Đức Hòa', 28, 324, '1', '3103', 0),
(18283, 'Xã Đức Long', 28, 324, '1', '3102', 0),
(18286, 'Xã Đức Lâm', 28, 324, '1', '3096', 0),
(18289, 'Xã Đức Thanh', 28, 324, '1', '3094', 0),
(18292, 'Xã Đức Dũng', 28, 324, '1', '3097', 0),
(18295, 'Xã Đức Lập', 28, 324, '1', '3099', 0),
(18298, 'Xã Đức An', 28, 324, '1', '3098', 0),
(18301, 'Xã Đức Lạc', 28, 324, '1', '3101', 0),
(18304, 'Xã Đức Đồng', 28, 324, '1', '3089', 0),
(18307, 'Xã Đức Lạng', 28, 324, '1', '3100', 0),
(18310, 'Xã Tân Hương', 28, 324, '1', '3090', 0),
(18313, 'Thị trấn Vũ Quang', 28, 750, '1', '3067', 0),
(18316, 'Xã Ân Phú', 28, 750, '1', '3073', 0),
(18319, 'Xã Đức Giang', 28, 750, '1', '3072', 0),
(18322, 'Xã Đức Lĩnh', 28, 750, '1', '3071', 0),
(18325, 'Xã Sơn Thọ', 28, 750, '1', '3079', 0),
(18328, 'Xã Đức Hương', 28, 750, '1', '3069', 0),
(18331, 'Xã Đức Bồng', 28, 750, '1', '3070', 0),
(18334, 'Xã Đức Liên', 28, 750, '1', '3068', 0),
(18337, 'Xã Hương Điền', 28, 750, '1', '3077', 0),
(18340, 'Xã Hương Minh', 28, 750, '1', '3075', 0),
(18343, 'Xã Hương Thọ', 28, 750, '1', '3074', 0),
(18346, 'Xã Hương Quang', 28, 750, '1', '3078', 0),
(18349, 'Thị trấn Nghi Xuân', 28, 323, '1', '3029', 0),
(18352, 'Thị trấn Xuân An', 28, 323, '1', '3011', 0),
(18355, 'Xã Xuân Hội', 28, 323, '1', '3012', 0),
(18358, 'Xã Xuân Trường', 28, 323, '1', '3013', 0),
(18361, 'Xã Xuân Đan', 28, 323, '1', '3014', 0),
(18364, 'Xã Xuân Phổ', 28, 323, '1', '3015', 0),
(18367, 'Xã Xuân Hải', 28, 323, '1', '3016', 0),
(18370, 'Xã Xuân Giang', 28, 323, '1', '3019', 0),
(18373, 'Xã Tiên Điền', 28, 323, '1', '3018', 0),
(18376, 'Xã Xuân Yên', 28, 323, '1', '3017', 0),
(18379, 'Xã Xuân Mỹ', 28, 323, '1', '3020', 0),
(18382, 'Xã Xuân Thành', 28, 323, '1', '3021', 0),
(18385, 'Xã Xuân Viên', 28, 323, '1', '3023', 0),
(18388, 'Xã Xuân Hồng', 28, 323, '1', '3022', 0),
(18391, 'Xã Cỗ Đạm', 28, 323, '1', '3027', 0),
(18394, 'Xã Xuân Liên', 28, 323, '1', '3026', 0),
(18397, 'Xã Xuân Lĩnh', 28, 323, '1', '3025', 0),
(18400, 'Xã Xuân Lam', 28, 323, '1', '3024', 0),
(18403, 'Xã Cương Gián', 28, 323, '1', '3028', 0),
(18406, 'Thị trấn Nghèn', 28, 326, '1', '2860', 0),
(18409, 'Xã Tân Lộc', 28, 751, '1', '3002', 0),
(18412, 'Xã Hồng Lộc', 28, 751, '1', '3000', 0),
(18415, 'Xã Thiên Lộc', 28, 326, '1', '2861', 0),
(18418, 'Xã Thuần Thiện', 28, 326, '1', '2862', 0),
(18421, 'Xã Thịnh Lộc', 28, 751, '1', '3004', 0),
(18424, 'Xã Kim Lộc', 28, 326, '1', '2863', 0),
(18427, 'Xã Vượng Lộc', 28, 326, '1', '2864', 0),
(18430, 'Xã An Lộc', 28, 751, '1', '3003', 0),
(18433, 'Xã Thanh Lộc', 28, 326, '1', '2865', 0),
(18436, 'Xã Song Lộc', 28, 326, '1', '2866', 0),
(18439, 'Xã Thường Nga', 28, 326, '1', '2867', 0),
(18442, 'Xã Trường Lộc', 28, 326, '1', '2868', 0),
(18445, 'Xã Tùng Lộc', 28, 326, '1', '2869', 0),
(18448, 'Xã Bình Lộc', 28, 751, '1', '3001', 0),
(18451, 'Xã Yên Lộc', 28, 326, '1', '2870', 0),
(18454, 'Xã Phú Lộc', 28, 326, '1', '2871', 0),
(18457, 'Xã Ích Hậu', 28, 751, '1', '2998', 0),
(18460, 'Xã Khánh Lộc', 28, 326, '1', '2872', 0),
(18463, 'Xã Gia Hanh', 28, 326, '1', '2873', 0),
(18466, 'Xã Vĩnh Lộc', 28, 326, '1', '2874', 0),
(18469, 'Xã Tiến Lộc', 28, 326, '1', '2875', 0),
(18472, 'Xã Trung Lộc', 28, 326, '1', '2876', 0),
(18475, 'Xã Xuân Lộc', 28, 326, '1', '2877', 0),
(18478, 'Xã Thượng Lộc', 28, 326, '1', '2879', 0),
(18481, 'Xã Quang Lộc', 28, 326, '1', '2878', 0),
(18484, 'Xã Đồng Lộc', 28, 326, '1', '2880', 0),
(18487, 'Xã Mỹ Lộc', 28, 326, '1', '2881', 0),
(18490, 'Xã Sơn Lộc', 28, 326, '1', '2882', 0),
(18493, 'Xã Phù Lưu', 28, 751, '1', '2999', 0),
(18496, 'Thị trấn Hương Khê', 28, 329, '1', '2911', 0),
(18499, 'Xã Phương Mỹ', 28, 329, '1', '2932', 0),
(18502, 'Xã Hà Linh', 28, 329, '1', '2930', 0),
(18505, 'Xã Hương Thủy', 28, 329, '1', '2926', 0),
(18508, 'Xã Hòa Hải', 28, 329, '1', '2929', 0),
(18511, 'Xã Phương Điền', 28, 329, '1', '2931', 0),
(18514, 'Xã Phúc Đồng', 28, 329, '1', '2928', 0),
(18517, 'Xã Hương Giang', 28, 329, '1', '2925', 0),
(18520, 'Xã Lộc Yên', 28, 329, '1', '2918', 0),
(18523, 'Xã Hương Bình', 28, 329, '1', '2927', 0),
(18526, 'Xã Hương Long', 28, 329, '1', '2923', 0),
(18529, 'Xã Phú Gia', 28, 329, '1', '2922', 0),
(18532, 'Xã Gia Phố', 28, 329, '1', '2924', 0),
(18535, 'Xã Phú Phong', 28, 329, '1', '2920', 0),
(18538, 'Xã Hương Đô', 28, 329, '1', '2914', 0),
(18541, 'Xã Hương Vĩnh', 28, 329, '1', '2921', 0),
(18544, 'Xã Hương Xuân', 28, 329, '1', '2919', 0),
(18547, 'Xã Phúc Trạch', 28, 329, '1', '2913', 0),
(18550, 'Xã Hương Trà', 28, 329, '1', '2915', 0),
(18553, 'Xã Hương Trạch', 28, 329, '1', '2912', 0),
(18556, 'Xã Hương Lâm', 28, 329, '1', '2917', 0),
(18559, 'Xã Hương Liên', 28, 329, '1', '2916', 0),
(18562, 'Thị trấn Thạch Hà', 28, 327, '1', '3066', 0),
(18565, 'Xã Ngọc Sơn', 28, 327, '1', '3060', 0),
(18568, 'Xã Thạch Bằng', 28, 751, '1', '3006', 0),
(18571, 'Xã Thạch Hải', 28, 327, '1', '3040', 0),
(18574, 'Xã Thạch Bàn', 28, 327, '1', '3035', 0),
(18577, 'Xã Thạch Mỹ', 28, 751, '1', '3008', 0),
(18580, 'Xã Thạch Kim', 28, 751, '1', '3005', 0),
(18583, 'Xã Thạch Châu', 28, 751, '1', '3007', 0),
(18586, 'Xã Thạch Kênh', 28, 327, '1', '3032', 0),
(18589, 'Xã Thạch Sơn', 28, 327, '1', '3034', 0),
(18592, 'Xã Thạch Liên', 28, 327, '1', '3031', 0),
(18595, 'Xã Thạch Đỉnh', 28, 327, '1', '3039', 0),
(18598, 'Xã Hộ Độ', 28, 751, '1', '3010', 0),
(18601, 'Xã Phù Việt', 28, 327, '1', '3036', 0),
(18604, 'Xã Thạch Khê', 28, 327, '1', '3038', 0),
(18607, 'Xã Thạch Long', 28, 327, '1', '3037', 0),
(18610, 'Xã Việt Xuyên', 28, 327, '1', '3033', 0),
(18613, 'Xã Thạch Tiến', 28, 327, '1', '3041', 0),
(18616, 'Xã Thạch Thanh', 28, 327, '1', '3042', 0),
(18619, 'Xã Thạch Trị', 28, 327, '1', '3043', 0),
(18622, 'Xã Thạch Lạc', 28, 327, '1', '3045', 0),
(18625, 'Xã Thạch Ngọc', 28, 327, '1', '3046', 0),
(18628, 'Xã Tượng Sơn', 28, 327, '1', '3044', 0),
(18631, 'Xã Thạch Văn', 28, 327, '1', '3053', 0),
(18634, 'Xã Thạch Vĩnh', 28, 327, '1', '3047', 0),
(18637, 'Xã Thạch Thắng', 28, 327, '1', '3052', 0),
(18640, 'Xã Thạch Lưu', 28, 327, '1', '3048', 0),
(18643, 'Xã Thạch Đài', 28, 327, '1', '3050', 0),
(18646, 'Xã Bắc Sơn', 28, 327, '1', '3049', 0),
(18649, 'Xã Thạch Hội', 28, 327, '1', '3051', 0),
(18652, 'Xã Thạch Tân', 28, 327, '1', '3055', 0),
(18655, 'Xã Thạch Lâm', 28, 327, '1', '3059', 0),
(18658, 'Xã Thạch Xuân', 28, 327, '1', '3054', 0),
(18661, 'Xã Thạch Hương', 28, 327, '1', '3056', 0),
(18664, 'Xã Nam Hương', 28, 327, '1', '3058', 0),
(18667, 'Xã Thạch Điền', 28, 327, '1', '3057', 0),
(18670, 'Xã Mai Phụ', 28, 751, '1', '3009', 0),
(18673, 'Thị trấn Cẩm Xuyên', 28, 328, '1', '2883', 0),
(18676, 'Thị trấn Thiên Cầm', 28, 328, '1', '2884', 0),
(18679, 'Xã Cẩm Hòa', 28, 328, '1', '2886', 0),
(18682, 'Xã Cẩm Dương', 28, 328, '1', '2887', 0),
(18685, 'Xã Cẩm Bình', 28, 328, '1', '2893', 0),
(18688, 'Xã Cẩm Yên', 28, 328, '1', '2885', 0),
(18691, 'Xã Cẩm Vĩnh', 28, 328, '1', '2894', 0),
(18694, 'Xã Cẩm Thành', 28, 328, '1', '2895', 0),
(18697, 'Xã Cẩm Quang', 28, 328, '1', '2892', 0),
(18700, 'Xã Cẩm Nam', 28, 328, '1', '2888', 0),
(18703, 'Xã Cẩm Huy', 28, 328, '1', '2890', 0),
(18706, 'Xã Cẩm Thạch', 28, 328, '1', '2910', 0),
(18709, 'Xã Cẩm Nhượng', 28, 328, '1', '2904', 0),
(18712, 'Xã Cẩm Thăng', 28, 328, '1', '2891', 0),
(18715, 'Xã Cẩm Duệ', 28, 328, '1', '2896', 0),
(18718, 'Xã Cẩm Phúc', 28, 328, '1', '2903', 0),
(18721, 'Xã Cẩm Lĩnh', 28, 328, '1', '2906', 0),
(18724, 'Xã Cẩm Quan', 28, 328, '1', '2898', 0),
(18727, 'Xã Cẩm Hà', 28, 328, '1', '2902', 0),
(18730, 'Xã Cẩm Lộc', 28, 328, '1', '2905', 0),
(18733, 'Xã Cẩm Hưng', 28, 328, '1', '2901', 0),
(18736, 'Xã Cẩm Thịnh', 28, 328, '1', '2900', 0),
(18739, 'Xã Cẩm Mỹ', 28, 328, '1', '2897', 0),
(18742, 'Xã Cẩm Trung', 28, 328, '1', '2907', 0),
(18745, 'Xã Cẩm Sơn', 28, 328, '1', '2899', 0),
(18748, 'Xã Cẩm Lạc', 28, 328, '1', '2909', 0),
(18751, 'Xã Cẩm Minh', 28, 328, '1', '2908', 0),
(18754, 'Phường Sông Trí', 28, 812, '0', NULL, 0),
(18757, 'Xã Kỳ Xuân', 28, 330, '1', '2968', 0),
(18760, 'Xã Kỳ Bắc', 28, 330, '1', '2966', 0),
(18763, 'Xã Kỳ Phú', 28, 330, '1', '2970', 0),
(18766, 'Xã Kỳ Phong', 28, 330, '1', '2971', 0),
(18769, 'Xã Kỳ Tiến', 28, 330, '1', '2967', 0),
(18772, 'Xã Kỳ Giang', 28, 330, '1', '2969', 0),
(18775, 'Xã Kỳ Đồng', 28, 330, '1', '2991', 0),
(18778, 'Xã Kỳ Khang', 28, 330, '1', '2976', 0),
(18781, 'Xã Kỳ Ninh', 28, 812, '0', NULL, 0),
(18784, 'Xã Kỳ Văn', 28, 330, '1', '2977', 0),
(18787, 'Xã Kỳ Trung', 28, 330, '1', '2997', 0);
INSERT INTO `wards` (`WardId`, `WardName`, `ProvinceId`, `DistrictId`, `ShipChungSupport`, `ShipChungWardCode`, `DisplayOrder`) VALUES
(18790, 'Xã Kỳ Thọ', 28, 330, '1', '2986', 0),
(18793, 'Xã Kỳ Tây', 28, 330, '1', '2973', 0),
(18796, 'Xã Kỳ Lợi', 28, 812, '0', NULL, 0),
(18799, 'Xã Kỳ Thượng', 28, 330, '1', '2995', 0),
(18802, 'Xã Kỳ Hải', 28, 330, '1', '2981', 0),
(18805, 'Xã Kỳ Thư', 28, 330, '1', '2985', 0),
(18808, 'Xã Kỳ Hà', 28, 812, '0', NULL, 0),
(18811, 'Xã Kỳ Châu', 28, 330, '1', '2982', 0),
(18814, 'Xã Kỳ Tân', 28, 330, '1', '2983', 0),
(18817, 'Xã Kỳ Hưng', 28, 812, '0', NULL, 0),
(18820, 'Phường Kỳ Trinh', 28, 812, '0', NULL, 0),
(18823, 'Phường Kỳ Thịnh', 28, 812, '0', NULL, 0),
(18826, 'Xã Kỳ Hợp', 28, 330, '1', '2974', 0),
(18829, 'Xã Kỳ Hoa', 28, 812, '0', NULL, 0),
(18832, 'Phường Kỳ Phương', 28, 812, '0', NULL, 0),
(18835, 'Phường Kỳ Long', 28, 812, '0', NULL, 0),
(18838, 'Xã Kỳ Lâm', 28, 330, '1', '2975', 0),
(18841, 'Phường Kỳ Liên', 28, 812, '0', NULL, 0),
(18844, 'Xã Kỳ Sơn', 28, 330, '1', '2972', 0),
(18847, 'Xã Kỳ Nam', 28, 812, '0', NULL, 0),
(18850, 'Xã Kỳ Lạc', 28, 330, '1', '2978', 0),
(18853, 'Phường Hải Thành', 29, 332, '1', '7038', 0),
(18856, 'Phường Đồng Phú', 29, 332, '1', '7034', 0),
(18859, 'Phường Bắc Lý', 29, 332, '1', '7031', 0),
(18862, 'Phường Đồng Mỹ', 29, 332, '1', '7033', 0),
(18865, 'Phường Nam Lý', 29, 332, '1', '7039', 0),
(18868, 'Phường Hải Đình', 29, 332, '1', '7037', 0),
(18871, 'Phường Đồng Sơn', 29, 332, '0', NULL, 0),
(18874, 'Phường Phú Hải', 29, 332, '1', '7040', 0),
(18877, 'Phường Bắc Nghĩa', 29, 332, '1', '7032', 0),
(18880, 'Phường Đức Ninh Đông', 29, 332, '1', '7042', 0),
(18883, 'Xã Quang Phú', 29, 332, '1', '7045', 0),
(18886, 'Xã Lộc Ninh', 29, 332, '1', '7043', 0),
(18889, 'Xã Bảo Ninh', 29, 332, '1', '7041', 0),
(18892, 'Xã Nghĩa Ninh', 29, 332, '1', '7044', 0),
(18895, 'Xã Thuận Đức', 29, 332, '1', '7046', 0),
(18898, 'Xã Đức Ninh', 29, 332, '0', NULL, 0),
(18901, 'Thị trấn Quy Đạt', 29, 334, '1', '6948', 0),
(18904, 'Xã Dân Hóa', 29, 334, '1', '6959', 0),
(18907, 'Xã Trọng Hóa', 29, 334, '1', '6961', 0),
(18910, 'Xã Hóa Phúc', 29, 334, '1', '6957', 0),
(18913, 'Xã Hồng Hóa', 29, 334, '1', '6954', 0),
(18916, 'Xã Hóa Thanh', 29, 334, '1', '6958', 0),
(18919, 'Xã Hóa Tiến', 29, 334, '1', '6955', 0),
(18922, 'Xã Hóa Hợp', 29, 334, '1', '6956', 0),
(18925, 'Xã Xuân Hóa', 29, 334, '1', '6949', 0),
(18928, 'Xã Yên Hóa', 29, 334, '1', '6950', 0),
(18931, 'Xã Minh Hóa', 29, 334, '1', '6953', 0),
(18934, 'Xã Tân Hóa', 29, 334, '1', '6952', 0),
(18937, 'Xã Hóa Sơn', 29, 334, '1', '6963', 0),
(18940, 'Xã Quy Hóa', 29, 334, '1', '6962', 0),
(18943, 'Xã Trung Hóa', 29, 334, '1', '6951', 0),
(18946, 'Xã Thượng Hóa', 29, 334, '1', '6960', 0),
(18949, 'Thị trấn Đồng Lê', 29, 333, '1', '7011', 0),
(18952, 'Xã Hương Hóa', 29, 333, '1', '7013', 0),
(18955, 'Xã Kim Hóa', 29, 333, '1', '7016', 0),
(18958, 'Xã Thanh Hóa', 29, 333, '1', '7014', 0),
(18961, 'Xã Thanh Thạch', 29, 333, '1', '7015', 0),
(18964, 'Xã Thuận Hóa', 29, 333, '1', '7019', 0),
(18967, 'Xã Lâm Hóa', 29, 333, '1', '7012', 0),
(18970, 'Xã Lê Hóa', 29, 333, '1', '7018', 0),
(18973, 'Xã Sơn Hóa', 29, 333, '1', '7017', 0),
(18976, 'Xã Đồng Hóa', 29, 333, '1', '7020', 0),
(18979, 'Xã Ngư Hóa', 29, 333, '1', '7026', 0),
(18982, 'Xã Nam Hóa', 29, 333, '1', '7022', 0),
(18985, 'Xã Thạch Hóa', 29, 333, '1', '7021', 0),
(18988, 'Xã Đức Hóa', 29, 333, '1', '7023', 0),
(18991, 'Xã Phong Hóa', 29, 333, '1', '7024', 0),
(18994, 'Xã Mai Hóa', 29, 333, '1', '7025', 0),
(18997, 'Xã Tiến Hóa', 29, 333, '1', '7027', 0),
(19000, 'Xã Châu Hóa', 29, 333, '1', '7028', 0),
(19003, 'Xã Cao Quảng', 29, 333, '1', '7029', 0),
(19006, 'Xã Văn Hóa', 29, 333, '1', '7030', 0),
(19009, 'Phường Ba Đồn', 29, 781, '1', '11538', 0),
(19012, 'Xã Quảng Hợp', 29, 335, '1', '6983', 0),
(19015, 'Xã Quảng Kim', 29, 335, '1', '6987', 0),
(19018, 'Xã Quảng Đông', 29, 335, '1', '6989', 0),
(19021, 'Xã Quảng Phú', 29, 335, '1', '6988', 0),
(19024, 'Xã Quảng Châu', 29, 335, '1', '6991', 0),
(19027, 'Xã Quảng Thạch', 29, 335, '1', '7008', 0),
(19030, 'Xã Quảng Lưu', 29, 335, '1', '6992', 0),
(19033, 'Xã Quảng Tùng', 29, 335, '1', '7009', 0),
(19036, 'Xã Cảnh Dương', 29, 335, '1', '7010', 0),
(19039, 'Xã Quảng Tiến', 29, 335, '1', '7001', 0),
(19042, 'Xã Quảng Hưng', 29, 335, '1', '7005', 0),
(19045, 'Xã Quảng Xuân', 29, 335, '1', '6985', 0),
(19048, 'Xã Cảnh Hóa', 29, 335, '1', '7003', 0),
(19051, 'Xã Quảng Liên', 29, 335, '1', '6990', 0),
(19054, 'Xã Quảng Trường', 29, 335, '1', '6993', 0),
(19057, 'Xã Quảng Phương', 29, 335, '1', '7007', 0),
(19060, 'Phường Quảng Long', 29, 781, '1', '11540', 0),
(19063, 'Xã Phù Hóa', 29, 335, '1', '7004', 0),
(19066, 'Phường Quảng Thọ', 29, 781, '1', '11539', 0),
(19069, 'Xã Quảng Tiên', 29, 781, '1', '11552', 0),
(19072, 'Xã Quảng Thanh', 29, 335, '1', '6986', 0),
(19075, 'Xã Quảng Trung', 29, 781, '1', '11551', 0),
(19078, 'Phường Quảng Phong', 29, 781, '1', '11542', 0),
(19081, 'Phường Quảng Thuận', 29, 781, '1', '11541', 0),
(19084, 'Xã Quảng Tân', 29, 781, '1', '11550', 0),
(19087, 'Xã Quảng Hải', 29, 781, '1', '11553', 0),
(19090, 'Xã Quảng Sơn', 29, 781, '1', '11545', 0),
(19093, 'Xã Quảng Lộc', 29, 781, '1', '11548', 0),
(19096, 'Xã Quảng Thủy', 29, 781, '1', '11546', 0),
(19099, 'Xã Quảng Văn', 29, 781, '1', '11549', 0),
(19102, 'Phường Quảng Phúc', 29, 781, '1', '11543', 0),
(19105, 'Xã Quảng Hòa', 29, 781, '1', '11547', 0),
(19108, 'Xã Quảng Minh', 29, 781, '1', '11544', 0),
(19111, 'Thị trấn Hoàn Lão', 29, 336, '1', '6890', 0),
(19114, 'Thị trấn NT Việt Trung', 29, 336, '0', NULL, 0),
(19117, 'Xã Xuân Trạch', 29, 336, '1', '6894', 0),
(19120, 'Xã Mỹ Trạch', 29, 336, '1', '6899', 0),
(19123, 'Xã Hạ Trạch', 29, 336, '1', '6900', 0),
(19126, 'Xã Bắc Trạch', 29, 336, '1', '6901', 0),
(19129, 'Xã Lâm Trạch', 29, 336, '1', '6895', 0),
(19132, 'Xã Thanh Trạch', 29, 336, '1', '6902', 0),
(19135, 'Xã Liên Trạch', 29, 336, '1', '6898', 0),
(19138, 'Xã Phúc Trạch', 29, 336, '1', '6896', 0),
(19141, 'Xã Cự Nẫm', 29, 336, '1', '6914', 0),
(19144, 'Xã Hải Trạch', 29, 336, '1', '6903', 0),
(19147, 'Xã Thượng Trạch', 29, 336, '1', '6892', 0),
(19150, 'Xã Sơn Lộc', 29, 336, '1', '6919', 0),
(19153, 'Xã Phú Trạch', 29, 336, '1', '6906', 0),
(19156, 'Xã Hưng Trạch', 29, 336, '1', '6897', 0),
(19159, 'Xã Đồng Trạch', 29, 336, '1', '6904', 0),
(19162, 'Xã Đức Trạch', 29, 336, '1', '6905', 0),
(19165, 'Xã Sơn Trạch', 29, 336, '1', '6913', 0),
(19168, 'Xã Vạn Trạch', 29, 336, '1', '6912', 0),
(19171, 'Xã Hoàn Trạch', 29, 336, '1', '6915', 0),
(19174, 'Xã Phú Định', 29, 336, '1', '6917', 0),
(19177, 'Xã Trung Trạch', 29, 336, '1', '6909', 0),
(19180, 'Xã Tây Trạch', 29, 336, '1', '6918', 0),
(19183, 'Xã Hòa Trạch', 29, 336, '1', '6910', 0),
(19186, 'Xã Đại Trạch', 29, 336, '1', '6907', 0),
(19189, 'Xã Nhân Trạch', 29, 336, '1', '6891', 0),
(19192, 'Xã Tân Trạch', 29, 336, '1', '6893', 0),
(19195, 'Xã Nam Trạch', 29, 336, '1', '6908', 0),
(19198, 'Xã Lý Trạch', 29, 336, '1', '6911', 0),
(19201, 'Thị trấn Quán Hàu', 29, 337, '1', '6964', 0),
(19204, 'Xã Trường Sơn', 29, 337, '1', '6978', 0),
(19207, 'Xã Lương Ninh', 29, 337, '1', '6966', 0),
(19210, 'Xã Vĩnh Ninh', 29, 337, '1', '6969', 0),
(19213, 'Xã Võ Ninh', 29, 337, '1', '6965', 0),
(19216, 'Xã Hải Ninh', 29, 337, '1', '6967', 0),
(19219, 'Xã Hàm Ninh', 29, 337, '1', '6970', 0),
(19222, 'Xã Duy Ninh', 29, 337, '1', '6968', 0),
(19225, 'Xã Gia Ninh', 29, 337, '1', '6974', 0),
(19228, 'Xã Trường Xuân', 29, 337, '1', '6977', 0),
(19231, 'Xã Hiền Ninh', 29, 337, '1', '6971', 0),
(19234, 'Xã Tân Ninh', 29, 337, '1', '6975', 0),
(19237, 'Xã Xuân Ninh', 29, 337, '1', '6972', 0),
(19240, 'Xã An Ninh', 29, 337, '1', '6973', 0),
(19243, 'Xã Vạn Ninh', 29, 337, '1', '6976', 0),
(19246, 'Thị trấn NT Lệ Ninh', 29, 338, '0', NULL, 0),
(19249, 'Thị trấn Kiến Giang', 29, 338, '1', '6920', 0),
(19252, 'Xã Hồng Thủy', 29, 338, '1', '6924', 0),
(19255, 'Xã Ngư Thủy Bắc', 29, 338, '1', '6945', 0),
(19258, 'Xã Hoa Thủy', 29, 338, '1', '6942', 0),
(19261, 'Xã Thanh Thủy', 29, 338, '1', '6925', 0),
(19264, 'Xã An Thủy', 29, 338, '1', '6926', 0),
(19267, 'Xã Phong Thủy', 29, 338, '1', '6921', 0),
(19270, 'Xã Cam Thủy', 29, 338, '1', '6943', 0),
(19273, 'Xã Ngân Thủy', 29, 338, '1', '6928', 0),
(19276, 'Xã Sơn Thủy', 29, 338, '1', '6927', 0),
(19279, 'Xã Lộc Thủy', 29, 338, '1', '6923', 0),
(19282, 'Xã Ngư Thủy Trung', 29, 338, '1', '6946', 0),
(19285, 'Xã Liên Thủy', 29, 338, '1', '6922', 0),
(19288, 'Xã Hưng Thủy', 29, 338, '1', '6929', 0),
(19291, 'Xã Dương Thủy', 29, 338, '1', '6932', 0),
(19294, 'Xã Tân Thủy', 29, 338, '1', '6930', 0),
(19297, 'Xã Phú Thủy', 29, 338, '1', '6934', 0),
(19300, 'Xã Xuân Thủy', 29, 338, '1', '6931', 0),
(19303, 'Xã Mỹ Thủy', 29, 338, '1', '6935', 0),
(19306, 'Xã Ngư Thủy Nam', 29, 338, '1', '6947', 0),
(19309, 'Xã Mai Thủy', 29, 338, '1', '6933', 0),
(19312, 'Xã Sen Thủy', 29, 338, '1', '6936', 0),
(19315, 'Xã Thái Thủy', 29, 338, '1', '6940', 0),
(19318, 'Xã Kim Thủy', 29, 338, '1', '6939', 0),
(19321, 'Xã Trường Thủy', 29, 338, '1', '6937', 0),
(19324, 'Xã Văn Thủy', 29, 338, '1', '6938', 0),
(19327, 'Xã Lâm Thủy', 29, 338, '1', '6944', 0),
(19330, 'Phường Đông Giang', 30, 340, '1', '7797', 0),
(19333, 'Phường 1', 30, 340, '1', '7792', 0),
(19336, 'Phường Đông Lễ', 30, 340, '1', '7799', 0),
(19339, 'Phường Đông Thanh', 30, 340, '1', '7800', 0),
(19342, 'Phường 2', 30, 340, '1', '7793', 0),
(19345, 'Phường 4', 30, 340, '1', '7795', 0),
(19348, 'Phường 5', 30, 340, '1', '7796', 0),
(19351, 'Phường Đông Lương', 30, 340, '1', '7798', 0),
(19354, 'Phường 3', 30, 340, '1', '7794', 0),
(19357, 'Phường 1', 30, 341, '1', '7801', 0),
(19358, 'Phường An Đôn', 30, 341, '1', '7804', 0),
(19360, 'Phường 2', 30, 341, '1', '7802', 0),
(19361, 'Phường 3', 30, 341, '1', '7803', 0),
(19363, 'Thị trấn Hồ Xá', 30, 342, '1', '7755', 0),
(19366, 'Thị trấn Bến Quan', 30, 342, '1', '7756', 0),
(19369, 'Xã Vĩnh Thái', 30, 342, '1', '7758', 0),
(19372, 'Xã Vĩnh Tú', 30, 342, '1', '7769', 0),
(19375, 'Xã Vĩnh Chấp', 30, 342, '1', '7763', 0),
(19378, 'Xã Vĩnh Trung', 30, 342, '1', '7768', 0),
(19381, 'Xã Vĩnh Kim', 30, 342, '1', '7773', 0),
(19384, 'Xã Vĩnh Thạch', 30, 342, '1', '7772', 0),
(19387, 'Xã Vĩnh Long', 30, 342, '1', '7762', 0),
(19390, 'Xã Vĩnh Nam', 30, 342, '1', '7767', 0),
(19393, 'Xã Vĩnh Khê', 30, 342, '1', '7760', 0),
(19396, 'Xã Vĩnh Hòa', 30, 342, '1', '7771', 0),
(19399, 'Xã Vĩnh Hiền', 30, 342, '1', '7770', 0),
(19402, 'Xã Vĩnh Thủy', 30, 342, '1', '7766', 0),
(19405, 'Xã Vĩnh Lâm', 30, 342, '1', '7764', 0),
(19408, 'Xã Vĩnh Thành', 30, 342, '1', '7776', 0),
(19411, 'Xã Vĩnh Tân', 30, 342, '1', '7775', 0),
(19414, 'Thị trấn Cửa Tùng', 30, 342, '1', '7757', 0),
(19417, 'Xã Vĩnh Hà', 30, 342, '1', '7761', 0),
(19420, 'Xã Vĩnh Sơn', 30, 342, '1', '7765', 0),
(19423, 'Xã Vĩnh Giang', 30, 342, '1', '7774', 0),
(19426, 'Xã Vĩnh Ô', 30, 342, '1', '7759', 0),
(19429, 'Thị trấn Khe Sanh', 30, 347, '1', '7693', 0),
(19432, 'Thị trấn Lao Bảo', 30, 347, '1', '7694', 0),
(19435, 'Xã Hướng Lập', 30, 347, '1', '7713', 0),
(19438, 'Xã Hướng Việt', 30, 347, '1', '7712', 0),
(19441, 'Xã Hướng Phùng', 30, 347, '1', '7710', 0),
(19444, 'Xã Hướng Sơn', 30, 347, '1', '7711', 0),
(19447, 'Xã Hướng Linh', 30, 347, '1', '7709', 0),
(19450, 'Xã Tân Hợp', 30, 347, '1', '7703', 0),
(19453, 'Xã Hướng Tân', 30, 347, '1', '7708', 0),
(19456, 'Xã Tân Thành', 30, 347, '1', '7707', 0),
(19459, 'Xã Tân Long', 30, 347, '1', '7706', 0),
(19462, 'Xã Tân Lập', 30, 347, '1', '7705', 0),
(19465, 'Xã Tân Liên', 30, 347, '1', '7704', 0),
(19468, 'Xã Húc', 30, 347, '1', '7714', 0),
(19471, 'Xã Thuận', 30, 347, '1', '7700', 0),
(19474, 'Xã Hướng Lộc', 30, 347, '1', '7702', 0),
(19477, 'Xã Ba Tầng', 30, 347, '0', NULL, 0),
(19480, 'Xã Thanh', 30, 347, '1', '7699', 0),
(19483, 'Xã  A Dơi', 30, 347, '0', NULL, 0),
(19486, 'Xã A Xing', 30, 347, '1', '7698', 0),
(19489, 'Xã A Túc', 30, 347, '1', '7696', 0),
(19492, 'Xã Xy', 30, 347, '1', '7695', 0),
(19495, 'Thị trấn Gio Linh', 30, 343, '1', '7672', 0),
(19496, 'Thị trấn Cửa Việt', 30, 343, '1', '7673', 0),
(19498, 'Xã Trung Giang', 30, 343, '1', '7676', 0),
(19501, 'Xã Trung Hải', 30, 343, '1', '7675', 0),
(19504, 'Xã Trung Sơn', 30, 343, '1', '7677', 0),
(19507, 'Xã Gio Phong', 30, 343, '1', '7679', 0),
(19510, 'Xã Gio Mỹ', 30, 343, '1', '7678', 0),
(19513, 'Xã Vĩnh Trường', 30, 343, '1', '7687', 0),
(19516, 'Xã Gio Bình', 30, 343, '1', '7681', 0),
(19519, 'Xã Gio Hải', 30, 343, '1', '7682', 0),
(19522, 'Xã Gio An', 30, 343, '1', '7680', 0),
(19525, 'Xã Gio Châu', 30, 343, '1', '7674', 0),
(19528, 'Xã Gio Thành', 30, 343, '1', '7692', 0),
(19531, 'Xã Gio Việt', 30, 343, '1', '7686', 0),
(19534, 'Xã Linh Thượng', 30, 343, '1', '7691', 0),
(19537, 'Xã Gio Sơn', 30, 343, '1', '7683', 0),
(19540, 'Xã Gio Hòa', 30, 343, '1', '7684', 0),
(19543, 'Xã Gio Mai', 30, 343, '1', '7689', 0),
(19546, 'Xã Hải Thái', 30, 343, '1', '7688', 0),
(19549, 'Xã Linh Hải', 30, 343, '1', '7685', 0),
(19552, 'Xã Gio Quang', 30, 343, '1', '7690', 0),
(19555, 'Thị trấn Krông Klang', 30, 348, '1', '7778', 0),
(19558, 'Xã Mò Ó', 30, 348, '1', '7786', 0),
(19561, 'Xã Hướng Hiệp', 30, 348, '1', '7790', 0),
(19564, 'Xã Đa Krông', 30, 348, '1', '7791', 0),
(19567, 'Xã Triệu Nguyên', 30, 348, '1', '7787', 0),
(19570, 'Xã Ba Lòng', 30, 348, '1', '7788', 0),
(19573, 'Xã Hải Phúc', 30, 348, '1', '7789', 0),
(19576, 'Xã Ba Nang', 30, 348, '1', '7785', 0),
(19579, 'Xã Tà Long', 30, 348, '1', '7784', 0),
(19582, 'Xã Húc Nghì', 30, 348, '1', '7783', 0),
(19585, 'Xã A Vao', 30, 348, '1', '7779', 0),
(19588, 'Xã Tà Rụt', 30, 348, '1', '7782', 0),
(19591, 'Xã A Bung', 30, 348, '1', '7780', 0),
(19594, 'Xã A Ngo', 30, 348, '1', '7781', 0),
(19597, 'Thị trấn Cam Lộ', 30, 344, '1', '7662', 0),
(19600, 'Xã Cam Tuyền', 30, 344, '1', '7667', 0),
(19603, 'Xã Cam An', 30, 344, '1', '7664', 0),
(19606, 'Xã Cam Thủy', 30, 344, '1', '7666', 0),
(19609, 'Xã Cam Thanh', 30, 344, '1', '7665', 0),
(19612, 'Xã Cam Thành', 30, 344, '0', NULL, 0),
(19615, 'Xã Cam Hiếu', 30, 344, '1', '7668', 0),
(19618, 'Xã Cam Chính', 30, 344, '1', '7669', 0),
(19621, 'Xã Cam Nghĩa', 30, 344, '1', '7670', 0),
(19624, 'Thị Trấn Ái Tử', 30, 345, '1', '7736', 0),
(19627, 'Xã Triệu An', 30, 345, '1', '7751', 0),
(19630, 'Xã Triệu Vân', 30, 345, '1', '7747', 0),
(19633, 'Xã Triệu Phước', 30, 345, '1', '7738', 0),
(19636, 'Xã Triệu Độ', 30, 345, '1', '7748', 0),
(19639, 'Xã Triệu Trạch', 30, 345, '1', '7752', 0),
(19642, 'Xã Triệu Thuận', 30, 345, '1', '7746', 0),
(19645, 'Xã Triệu Đại', 30, 345, '1', '7749', 0),
(19648, 'Xã Triệu Hòa', 30, 345, '1', '7741', 0),
(19651, 'Xã Triệu Lăng', 30, 345, '1', '7750', 0),
(19654, 'Xã Triệu Sơn', 30, 345, '1', '7743', 0),
(19657, 'Xã Triệu Long', 30, 345, '1', '7740', 0),
(19660, 'Xã Triệu Tài', 30, 345, '1', '7742', 0),
(19663, 'Xã Triệu Đông', 30, 345, '1', '7744', 0),
(19666, 'Xã Triệu Trung', 30, 345, '1', '7753', 0),
(19669, 'Xã Triệu Ái', 30, 345, '1', '7754', 0),
(19672, 'Xã Triệu Thượng', 30, 345, '1', '7737', 0),
(19675, 'Xã Triệu Giang', 30, 345, '1', '7745', 0),
(19678, 'Xã Triệu Thành', 30, 345, '1', '7739', 0),
(19681, 'Thị trấn Hải Lăng', 30, 346, '1', '7715', 0),
(19684, 'Xã Hải An', 30, 346, '1', '7717', 0),
(19687, 'Xã Hải Ba', 30, 346, '1', '7718', 0),
(19690, 'Xã Hải Xuân', 30, 346, '1', '7719', 0),
(19693, 'Xã Hải Quy', 30, 346, '1', '7720', 0),
(19696, 'Xã Hải Quế', 30, 346, '1', '7721', 0),
(19699, 'Xã Hải Vĩnh', 30, 346, '1', '7722', 0),
(19702, 'Xã Hải Phú', 30, 346, '1', '7723', 0),
(19705, 'Xã Hải Lệ', 30, 341, '0', NULL, 0),
(19708, 'Xã Hải Thượng', 30, 346, '1', '7724', 0),
(19711, 'Xã Hải Dương', 30, 346, '1', '7725', 0),
(19714, 'Xã Hải Thiện', 30, 346, '1', '7726', 0),
(19717, 'Xã Hải Lâm', 30, 346, '1', '7716', 0),
(19720, 'Xã Hải Thành', 30, 346, '1', '7727', 0),
(19723, 'Xã Hải Hòa', 30, 346, '1', '7728', 0),
(19726, 'Xã Hải Tân', 30, 346, '1', '7729', 0),
(19729, 'Xã Hải Trường', 30, 346, '1', '7730', 0),
(19732, 'Xã Hải Thọ', 30, 346, '1', '7731', 0),
(19735, 'Xã Hải Sơn', 30, 346, '1', '7732', 0),
(19738, 'Xã Hải Chánh', 30, 346, '1', '7733', 0),
(19741, 'Xã Hải Khê', 30, 346, '1', '7734', 0),
(19744, 'Phường Phú Thuận', 31, 350, '1', '9373', 0),
(19747, 'Phường Phú Bình', 31, 350, '1', '9354', 0),
(19750, 'Phường Tây Lộc', 31, 350, '1', '9347', 0),
(19753, 'Phường Thuận Lộc', 31, 350, '1', '9353', 0),
(19756, 'Phường Phú Hiệp', 31, 350, '1', '9352', 0),
(19759, 'Phường Phú Hậu', 31, 350, '1', '9351', 0),
(19762, 'Phường Thuận Hòa', 31, 350, '1', '9350', 0),
(19765, 'Phường Thuận Thành', 31, 350, '1', '9349', 0),
(19768, 'Phường Phú Hòa', 31, 350, '1', '9356', 0),
(19771, 'Phường Phú Cát', 31, 350, '1', '9357', 0),
(19774, 'Phường Kim Long', 31, 350, '1', '9359', 0),
(19777, 'Phường Vĩ Dạ', 31, 350, '0', NULL, 0),
(19780, 'Phường Phường Đúc', 31, 350, '1', '9355', 0),
(19783, 'Phường Vĩnh Ninh', 31, 350, '1', '9360', 0),
(19786, 'Phường Phú Hội', 31, 350, '1', '9361', 0),
(19789, 'Phường Phú Nhuận', 31, 350, '1', '9366', 0),
(19792, 'Phường Xuân Phú', 31, 350, '1', '9363', 0),
(19795, 'Phường Trường An', 31, 350, '1', '9362', 0),
(19798, 'Phường Phước Vĩnh', 31, 350, '1', '9364', 0),
(19801, 'Phường An Cựu', 31, 350, '1', '9348', 0),
(19803, 'Phường An Hòa', 31, 350, '1', '9369', 0),
(19804, 'Phường Hương Sơ', 31, 350, '1', '9371', 0),
(19807, 'Phường Thuỷ Biều', 31, 350, '1', '9370', 0),
(19810, 'Phường Hương Long', 31, 350, '1', '9372', 0),
(19813, 'Phường Thuỷ Xuân', 31, 350, '1', '9367', 0),
(19815, 'Phường An Đông', 31, 350, '1', '9365', 0),
(19816, 'Phường An Tây', 31, 350, '1', '9368', 0),
(19819, 'Thị trấn Phong Điền', 31, 351, '1', '2257', 0),
(19822, 'Xã Điền Hương', 31, 351, '1', '9295', 0),
(19825, 'Xã Điền Môn', 31, 351, '1', '9290', 0),
(19828, 'Xã Điền Lộc', 31, 351, '1', '9287', 0),
(19831, 'Xã Phong Bình', 31, 351, '1', '9285', 0),
(19834, 'Xã Điền Hòa', 31, 351, '1', '9292', 0),
(19837, 'Xã Phong Chương', 31, 351, '1', '9296', 0),
(19840, 'Xã Phong Hải', 31, 351, '1', '9291', 0),
(19843, 'Xã Điền Hải', 31, 351, '1', '9298', 0),
(19846, 'Xã Phong Hòa', 31, 351, '1', '9288', 0),
(19849, 'Xã Phong Thu', 31, 351, '1', '9284', 0),
(19852, 'Xã Phong Hiền', 31, 351, '1', '9294', 0),
(19855, 'Xã Phong Mỹ', 31, 351, '1', '9286', 0),
(19858, 'Xã Phong An', 31, 351, '1', '9297', 0),
(19861, 'Xã Phong Xuân', 31, 351, '1', '9293', 0),
(19864, 'Xã Phong Sơn', 31, 351, '1', '9289', 0),
(19867, 'Thị trấn Sịa', 31, 352, '1', '11623', 0),
(19870, 'Xã Quảng Thái', 31, 352, '1', '9345', 0),
(19873, 'Xã Quảng Ngạn', 31, 352, '1', '9342', 0),
(19876, 'Xã Quảng Lợi', 31, 352, '1', '9344', 0),
(19879, 'Xã Quảng Công', 31, 352, '1', '9341', 0),
(19882, 'Xã Quảng Phước', 31, 352, '1', '9337', 0),
(19885, 'Xã Quảng Vinh', 31, 352, '1', '9338', 0),
(19888, 'Xã Quảng An', 31, 352, '1', '9343', 0),
(19891, 'Xã Quảng Thành', 31, 352, '1', '9340', 0),
(19894, 'Xã Quảng Thọ', 31, 352, '1', '9346', 0),
(19897, 'Xã Quảng Phú', 31, 352, '1', '9339', 0),
(19900, 'Thị trấn Thuận An', 31, 354, '1', '9317', 0),
(19903, 'Xã Phú Thuận', 31, 354, '1', '9329', 0),
(19906, 'Xã Phú Dương', 31, 354, '1', '9332', 0),
(19909, 'Xã Phú Mậu', 31, 354, '1', '9322', 0),
(19912, 'Xã Phú An', 31, 354, '1', '9326', 0),
(19915, 'Xã Phú Hải', 31, 354, '1', '9330', 0),
(19918, 'Xã Phú Xuân', 31, 354, '1', '9323', 0),
(19921, 'Xã Phú Diên', 31, 354, '1', '9320', 0),
(19924, 'Xã Phú Thanh', 31, 354, '1', '9325', 0),
(19927, 'Xã Phú Mỹ', 31, 354, '1', '9328', 0),
(19930, 'Xã Phú Thượng', 31, 354, '1', '9319', 0),
(19933, 'Xã Phú Hồ', 31, 354, '1', '9333', 0),
(19936, 'Xã Vinh Xuân', 31, 354, '1', '9324', 0),
(19939, 'Xã Phú Lương', 31, 354, '1', '9336', 0),
(19942, 'Thị trấn Phú Đa', 31, 354, '1', '9327', 0),
(19945, 'Xã Vinh Thanh', 31, 354, '1', '9334', 0),
(19948, 'Xã Vinh An', 31, 354, '1', '9318', 0),
(19951, 'Xã Vinh Phú', 31, 354, '1', '9321', 0),
(19954, 'Xã Vinh Thái', 31, 354, '1', '9331', 0),
(19957, 'Xã Vinh Hà', 31, 354, '1', '9335', 0),
(19960, 'Phường Phú Bài', 31, 355, '1', '9374', 0),
(19963, 'Xã Thủy Vân', 31, 355, '1', '9377', 0),
(19966, 'Xã Thủy Thanh', 31, 355, '1', '9379', 0),
(19969, 'Phường Thủy Dương', 31, 355, '1', '9375', 0),
(19972, 'Phường Thủy Phương', 31, 355, '1', '9384', 0),
(19975, 'Phường Thủy Châu', 31, 355, '1', '9376', 0),
(19978, 'Phường Thủy Lương', 31, 355, '1', '9378', 0),
(19981, 'Xã Thủy Bằng', 31, 355, '1', '9382', 0),
(19984, 'Xã Thủy Tân', 31, 355, '1', '9380', 0),
(19987, 'Xã Thủy Phù', 31, 355, '1', '9381', 0),
(19990, 'Xã Phú Sơn', 31, 355, '1', '9385', 0),
(19993, 'Xã Dương Hòa', 31, 355, '1', '9383', 0),
(19996, 'Phường Tứ Hạ', 31, 353, '0', NULL, 0),
(19999, 'Xã Hải Dương', 31, 353, '1', '9260', 0),
(20002, 'Xã Hương Phong', 31, 353, '1', '9271', 0),
(20005, 'Xã Hương Toàn', 31, 353, '1', '9267', 0),
(20008, 'Phường Hương Vân', 31, 353, '0', NULL, 0),
(20011, 'Phường Hương Văn', 31, 353, '0', NULL, 0),
(20014, 'Xã Hương Vinh', 31, 353, '1', '9261', 0),
(20017, 'Phường Hương Xuân', 31, 353, '0', NULL, 0),
(20020, 'Phường Hương Chữ', 31, 353, '0', NULL, 0),
(20023, 'Phường Hương An', 31, 353, '0', NULL, 0),
(20026, 'Xã Hương Bình', 31, 353, '1', '9266', 0),
(20029, 'Phường Hương Hồ', 31, 353, '0', NULL, 0),
(20032, 'Xã Hương Thọ', 31, 353, '1', '9268', 0),
(20035, 'Xã Bình Điền', 31, 353, '1', '9272', 0),
(20038, 'Xã Hồng Tiến', 31, 353, '1', '9265', 0),
(20041, 'Xã Bình Thành', 31, 353, '1', '9262', 0),
(20044, 'Thị trấn A Lưới', 31, 357, '1', '9235', 0),
(20047, 'Xã Hồng Vân', 31, 357, '1', '9243', 0),
(20050, 'Xã Hồng Hạ', 31, 357, '1', '9237', 0),
(20053, 'Xã Hồng Kim', 31, 357, '1', '9246', 0),
(20056, 'Xã Hồng Trung', 31, 357, '1', '9241', 0),
(20059, 'Xã Hương Nguyên', 31, 357, '1', '9245', 0),
(20062, 'Xã Bắc Sơn', 31, 357, '1', '9249', 0),
(20065, 'Xã Hồng Bắc', 31, 357, '1', '9236', 0),
(20068, 'Xã A Ngo', 31, 357, '1', '9240', 0),
(20071, 'Xã Sơn Thủy', 31, 357, '1', '9250', 0),
(20074, 'Xã Phú Vinh', 31, 357, '1', '9247', 0),
(20077, 'Xã Hồng Quảng', 31, 357, '1', '9253', 0),
(20080, 'Xã Hương Phong', 31, 357, '1', '9242', 0),
(20083, 'Xã Nhâm', 31, 357, '1', '9244', 0),
(20086, 'Xã Hồng Thượng', 31, 357, '1', '9238', 0),
(20089, 'Xã Hồng Thái', 31, 357, '1', '9254', 0),
(20092, 'Xã Hương Lâm', 31, 357, '1', '9251', 0),
(20095, 'Xã A Roằng', 31, 357, '1', '9255', 0),
(20098, 'Xã Đông Sơn', 31, 357, '1', '9248', 0),
(20101, 'Xã A Đớt', 31, 357, '1', '9239', 0),
(20104, 'Xã Hồng Thủy', 31, 357, '1', '9252', 0),
(20107, 'Thị trấn Phú Lộc', 31, 356, '1', '9299', 0),
(20110, 'Thị trấn Lăng Cô', 31, 356, '1', '9306', 0),
(20113, 'Xã Vinh Mỹ', 31, 356, '1', '9314', 0),
(20116, 'Xã Vinh Hưng', 31, 356, '1', '9303', 0),
(20119, 'Xã Vinh Hải', 31, 356, '1', '9301', 0),
(20122, 'Xã Vinh Giang', 31, 356, '1', '9304', 0),
(20125, 'Xã Vinh Hiền', 31, 356, '1', '9308', 0),
(20128, 'Xã Lộc Bổn', 31, 356, '1', '9307', 0),
(20131, 'Xã Lộc Sơn', 31, 356, '1', '9311', 0),
(20134, 'Xã Lộc Bình', 31, 356, '1', '9316', 0),
(20137, 'Xã Lộc Vĩnh', 31, 356, '1', '9302', 0),
(20140, 'Xã Lộc An', 31, 356, '1', '9300', 0),
(20143, 'Xã Lộc Điền', 31, 356, '1', '9315', 0),
(20146, 'Xã Lộc Thủy', 31, 356, '1', '9309', 0),
(20149, 'Xã Lộc Trì', 31, 356, '1', '9305', 0),
(20152, 'Xã Lộc Tiến', 31, 356, '1', '9313', 0),
(20155, 'Xã Lộc Hòa', 31, 356, '1', '9312', 0),
(20158, 'Xã Xuân Lộc', 31, 356, '1', '9310', 0),
(20161, 'Thị trấn Khe Tre', 31, 358, '1', '9273', 0),
(20164, 'Xã Hương Phú', 31, 358, '1', '9275', 0),
(20167, 'Xã Hương Sơn', 31, 358, '1', '9277', 0),
(20170, 'Xã Hương Lộc', 31, 358, '1', '9276', 0),
(20173, 'Xã Thượng Quảng', 31, 358, '1', '9279', 0),
(20176, 'Xã Hương Hòa', 31, 358, '1', '9274', 0),
(20179, 'Xã Hương Giang', 31, 358, '1', '9283', 0),
(20182, 'Xã Hương Hữu', 31, 358, '1', '9281', 0),
(20185, 'Xã Thượng Lộ', 31, 358, '1', '9282', 0),
(20188, 'Xã Thượng Long', 31, 358, '1', '9278', 0),
(20191, 'Xã Thượng Nhật', 31, 358, '1', '9280', 0),
(20194, 'Phường Hòa Hiệp Bắc', 32, 364, '1', '10393', 0),
(20195, 'Phường Hòa Hiệp Nam', 32, 364, '1', '10392', 0),
(20197, 'Phường Hòa Khánh Bắc', 32, 364, '1', '10395', 0),
(20198, 'Phường Hòa Khánh Nam', 32, 364, '1', '10394', 0),
(20200, 'Phường Hòa Minh', 32, 364, '1', '10396', 0),
(20203, 'Phường Tam Thuận', 32, 361, '1', '10413', 0),
(20206, 'Phường Thanh Khê Tây', 32, 361, '1', '10410', 0),
(20207, 'Phường Thanh Khê Đông', 32, 361, '1', '10409', 0),
(20209, 'Phường Xuân Hà', 32, 361, '1', '10417', 0),
(20212, 'Phường Tân Chính', 32, 361, '1', '10414', 0),
(20215, 'Phường Chính Gián', 32, 361, '1', '10412', 0),
(20218, 'Phường Vĩnh Trung', 32, 361, '1', '10416', 0),
(20221, 'Phường Thạc Gián', 32, 361, '1', '10415', 0),
(20224, 'Phường An Khê', 32, 361, '1', '10411', 0),
(20225, 'Phường Hòa Khê', 32, 361, '1', '10408', 0),
(20227, 'Phường Thanh Bình', 32, 360, '1', '10383', 0),
(20230, 'Phường Thuận Phước', 32, 360, '1', '10384', 0),
(20233, 'Phường Thạch Thang', 32, 360, '1', '10382', 0),
(20236, 'Phường Hải Châu  I', 32, 360, '0', NULL, 0),
(20239, 'Phường Hải Châu II', 32, 360, '0', NULL, 0),
(20242, 'Phường Phước Ninh', 32, 360, '1', '10388', 0),
(20245, 'Phường Hòa Thuận Tây', 32, 360, '1', '10386', 0),
(20246, 'Phường Hòa Thuận Đông', 32, 360, '1', '10385', 0),
(20248, 'Phường Nam Dương', 32, 360, '1', '10387', 0),
(20251, 'Phường Bình Hiên', 32, 360, '1', '10390', 0),
(20254, 'Phường Bình Thuận', 32, 360, '1', '10389', 0),
(20257, 'Phường Hòa Cường Bắc', 32, 360, '1', '10391', 0),
(20258, 'Phường Hòa Cường Nam', 32, 360, '1', '10379', 0),
(20260, 'Phường Khuê Trung', 32, 685, '1', '10373', 0),
(20263, 'Phường Thọ Quang', 32, 362, '1', '10403', 0),
(20266, 'Phường Nại Hiên Đông', 32, 362, '1', '10404', 0),
(20269, 'Phường Mân Thái', 32, 362, '1', '10407', 0),
(20272, 'Phường An Hải Bắc', 32, 362, '1', '10405', 0),
(20275, 'Phường Phước Mỹ', 32, 362, '1', '10401', 0),
(20278, 'Phường An Hải Tây', 32, 362, '1', '10406', 0),
(20281, 'Phường An Hải Đông', 32, 362, '1', '10402', 0),
(20284, 'Phường Mỹ An', 32, 363, '1', '10397', 0),
(20285, 'Phường Khuê Mỹ', 32, 363, '1', '10398', 0),
(20287, 'Phường Hoà Quý', 32, 363, '1', '10399', 0),
(20290, 'Phường Hoà Hải', 32, 363, '1', '10400', 0),
(20293, 'Xã Hòa Bắc', 32, 365, '1', '10364', 0),
(20296, 'Xã Hòa Liên', 32, 365, '1', '10372', 0),
(20299, 'Xã Hòa Ninh', 32, 365, '1', '10363', 0),
(20302, 'Xã Hòa Sơn', 32, 365, '1', '10362', 0),
(20305, 'Phường Hòa Phát', 32, 685, '1', '10376', 0),
(20306, 'Phường Hòa An', 32, 685, '1', '10378', 0),
(20308, 'Xã Hòa Nhơn', 32, 365, '1', '10371', 0),
(20311, 'Phường Hòa Thọ Tây', 32, 685, '1', '10375', 0),
(20312, 'Phường Hòa Thọ Đông', 32, 685, '1', '10374', 0),
(20314, 'Phường Hòa Xuân', 32, 685, '1', '10377', 0),
(20317, 'Xã Hòa Phú', 32, 365, '1', '10366', 0),
(20320, 'Xã Hòa Phong', 32, 365, '1', '10365', 0),
(20323, 'Xã Hòa Châu', 32, 365, '1', '10367', 0),
(20326, 'Xã Hòa Tiến', 32, 365, '1', '10370', 0),
(20329, 'Xã Hòa Phước', 32, 365, '1', '10369', 0),
(20332, 'Xã Hòa Khương', 32, 365, '1', '10368', 0),
(20335, 'Phường Tân Thạnh', 33, 368, '1', '7282', 0),
(20338, 'Phường Phước Hòa', 33, 368, '1', '7276', 0),
(20341, 'Phường An Mỹ', 33, 368, '1', '7278', 0),
(20344, 'Phường Hòa Hương', 33, 368, '1', '7277', 0),
(20347, 'Phường An Xuân', 33, 368, '1', '7279', 0),
(20350, 'Phường An Sơn', 33, 368, '1', '7280', 0),
(20353, 'Phường Trường Xuân', 33, 368, '1', '7281', 0),
(20356, 'Phường An Phú', 33, 368, '1', '7288', 0),
(20359, 'Xã Tam Thanh', 33, 368, '1', '7287', 0),
(20362, 'Xã Tam Thăng', 33, 368, '1', '7285', 0),
(20364, 'Thị trấn Phú Thịnh', 33, 783, '0', NULL, 0),
(20365, 'Xã Tam Thành', 33, 783, '0', NULL, 0),
(20368, 'Xã Tam An', 33, 783, '0', NULL, 0),
(20371, 'Xã Tam Phú', 33, 368, '1', '7286', 0),
(20374, 'Xã Tam Đàn', 33, 783, '0', NULL, 0),
(20375, 'Phường Hoà Thuận', 33, 368, '1', '7283', 0),
(20377, 'Xã Tam Lộc', 33, 783, '0', NULL, 0),
(20380, 'Xã Tam Phước', 33, 783, '0', NULL, 0),
(20383, 'Xã Tam Vinh', 33, 783, '0', NULL, 0),
(20386, 'Xã Tam Thái', 33, 783, '0', NULL, 0),
(20387, 'Xã Tam Đại', 33, 783, '0', NULL, 0),
(20389, 'Xã Tam Ngọc', 33, 368, '1', '7284', 0),
(20392, 'Xã Tam Dân', 33, 783, '0', NULL, 0),
(20395, 'Xã Tam Lãnh', 33, 783, '0', NULL, 0),
(20398, 'Phường Minh An', 33, 369, '1', '7266', 0),
(20401, 'Phường Tân An', 33, 369, '1', '7264', 0),
(20404, 'Phường Cẩm Phô', 33, 369, '1', '7267', 0),
(20407, 'Phường Thanh Hà', 33, 369, '1', '7263', 0),
(20410, 'Phường Sơn Phong', 33, 369, '1', '7268', 0),
(20413, 'Phường Cẩm Châu', 33, 369, '1', '7272', 0),
(20416, 'Phường Cửa Đại', 33, 369, '1', '7265', 0),
(20419, 'Phường Cẩm An', 33, 369, '1', '7271', 0),
(20422, 'Xã Cẩm Hà', 33, 369, '1', '7269', 0),
(20425, 'Xã Cẩm Kim', 33, 369, '1', '7274', 0),
(20428, 'Phường Cẩm Nam', 33, 369, '1', '7273', 0),
(20431, 'Xã Cẩm Thanh', 33, 369, '1', '7270', 0),
(20434, 'Xã Tân Hiệp', 33, 369, '1', '7275', 0),
(20437, 'Xã Ch\'ơm', 33, 805, '1', '7204', 0),
(20440, 'Xã Ga Ri', 33, 805, '0', NULL, 0),
(20443, 'Xã A Xan', 33, 805, '1', '7205', 0),
(20446, 'Xã Tr\'Hy', 33, 805, '1', '7206', 0),
(20449, 'Xã Lăng', 33, 805, '1', '7207', 0),
(20452, 'Xã A Nông', 33, 805, '1', '7211', 0),
(20455, 'Xã A Tiêng', 33, 805, '1', '7208', 0),
(20458, 'Xã Bha Lê', 33, 805, '0', NULL, 0),
(20461, 'Xã A Vương', 33, 805, '1', '7213', 0),
(20464, 'Xã Dang', 33, 805, '1', '7212', 0),
(20467, 'Thị trấn P Rao', 33, 804, '0', NULL, 0),
(20470, 'Xã Tà Lu', 33, 804, '1', '7239', 0),
(20473, 'Xã Sông Kôn', 33, 804, '1', '7237', 0),
(20476, 'Xã Jơ Ngây', 33, 804, '1', '7238', 0),
(20479, 'Xã A Ting', 33, 804, '1', '7236', 0),
(20482, 'Xã  Tư', 33, 804, '0', NULL, 0),
(20485, 'Xã Ba', 33, 804, '1', '7234', 0),
(20488, 'Xã A Rooi', 33, 804, '1', '7241', 0),
(20491, 'Xã Za Hung', 33, 804, '1', '7240', 0),
(20494, 'Xã Mà Cooi', 33, 804, '1', '7244', 0),
(20497, 'Xã Ka Dăng', 33, 804, '1', '7242', 0),
(20500, 'Thị Trấn Ái Nghĩa', 33, 371, '1', '7245', 0),
(20503, 'Xã Đại Sơn', 33, 371, '1', '7252', 0),
(20506, 'Xã Đại Lãnh', 33, 371, '1', '7247', 0),
(20509, 'Xã Đại Hưng', 33, 371, '1', '7253', 0),
(20512, 'Xã Đại Hồng', 33, 371, '1', '7262', 0),
(20515, 'Xã Đại Đồng', 33, 371, '1', '7248', 0),
(20518, 'Xã Đại Quang', 33, 371, '1', '7246', 0),
(20521, 'Xã Đại Nghĩa', 33, 371, '1', '7254', 0),
(20524, 'Xã Đại Hiệp', 33, 371, '1', '7249', 0),
(20527, 'Xã Đại Thạnh', 33, 371, '1', '7261', 0),
(20530, 'Xã Đại Chánh', 33, 371, '1', '7250', 0),
(20533, 'Xã Đại Tân', 33, 371, '1', '7258', 0),
(20536, 'Xã Đại Phong', 33, 371, '1', '7259', 0),
(20539, 'Xã Đại Minh', 33, 371, '1', '7256', 0),
(20542, 'Xã Đại Thắng', 33, 371, '1', '7255', 0),
(20545, 'Xã Đại Cường', 33, 371, '1', '7260', 0),
(20547, 'Xã Đại An', 33, 371, '1', '7251', 0),
(20548, 'Xã Đại Hòa', 33, 371, '1', '7257', 0),
(20551, 'Phường Vĩnh Điện', 33, 372, '0', NULL, 0),
(20554, 'Xã Điện Tiến', 33, 372, '1', '7231', 0),
(20557, 'Xã Điện Hòa', 33, 372, '1', '7217', 0),
(20560, 'Xã Điện Thắng Bắc', 33, 372, '1', '7226', 0),
(20561, 'Xã Điện Thắng Trung', 33, 372, '1', '7227', 0),
(20562, 'Xã Điện Thắng Nam', 33, 372, '1', '7218', 0),
(20563, 'Phường Điện Ngọc', 33, 372, '0', NULL, 0),
(20566, 'Xã Điện Hồng', 33, 372, '1', '7230', 0),
(20569, 'Xã Điện Thọ', 33, 372, '1', '7229', 0),
(20572, 'Xã Điện Phước', 33, 372, '1', '7228', 0),
(20575, 'Phường Điện An', 33, 372, '0', NULL, 0),
(20578, 'Phường Điện Nam Bắc', 33, 372, '0', NULL, 0),
(20579, 'Phường Điện Nam Trung', 33, 372, '0', NULL, 0),
(20580, 'Phường Điện Nam Đông', 33, 372, '0', NULL, 0),
(20581, 'Phường Điện Dương', 33, 372, '0', NULL, 0),
(20584, 'Xã Điện Quang', 33, 372, '1', '7232', 0),
(20587, 'Xã Điện Trung', 33, 372, '1', '7219', 0),
(20590, 'Xã Điện Phong', 33, 372, '1', '7233', 0),
(20593, 'Xã Điện Minh', 33, 372, '1', '7215', 0),
(20596, 'Xã Điện Phương', 33, 372, '1', '7216', 0),
(20599, 'Thị trấn Nam Phước', 33, 373, '1', '7061', 0),
(20602, 'Xã Duy Thu', 33, 373, '1', '7071', 0),
(20605, 'Xã Duy Phú', 33, 373, '1', '7072', 0),
(20608, 'Xã Duy Tân', 33, 373, '1', '7073', 0),
(20611, 'Xã Duy Hòa', 33, 373, '1', '7062', 0),
(20614, 'Xã Duy Châu', 33, 373, '1', '7065', 0),
(20617, 'Xã Duy Trinh', 33, 373, '1', '7064', 0),
(20620, 'Xã Duy Sơn', 33, 373, '1', '7068', 0),
(20623, 'Xã Duy Trung', 33, 373, '1', '7063', 0),
(20626, 'Xã Duy Phước', 33, 373, '1', '7066', 0),
(20629, 'Xã Duy Thành', 33, 373, '1', '7070', 0),
(20632, 'Xã Duy Vinh', 33, 373, '1', '7067', 0),
(20635, 'Xã Duy Nghĩa', 33, 373, '1', '7069', 0),
(20638, 'Xã Duy Hải', 33, 373, '1', '7074', 0),
(20641, 'Thị trấn Đông Phú', 33, 376, '1', '7166', 0),
(20644, 'Xã Quế Xuân 1', 33, 376, '1', '7153', 0),
(20647, 'Xã Quế Xuân 2', 33, 376, '1', '7154', 0),
(20650, 'Xã Quế Phú', 33, 376, '1', '7155', 0),
(20651, 'Xã Hương An', 33, 376, '1', '7165', 0),
(20653, 'Xã Quế Cường', 33, 376, '1', '7156', 0),
(20656, 'Xã Quế Trung', 33, 782, '1', '7106', 0),
(20659, 'Xã Quế Hiệp', 33, 376, '1', '7159', 0),
(20662, 'Xã Quế Thuận', 33, 376, '1', '7158', 0),
(20665, 'Xã Phú Thọ', 33, 376, '1', '7157', 0),
(20668, 'Xã Quế Ninh', 33, 782, '1', '7108', 0),
(20669, 'Xã Phước Ninh', 33, 782, '1', '7112', 0),
(20671, 'Xã Quế Lộc', 33, 782, '1', '7107', 0),
(20672, 'Xã Sơn Viên', 33, 782, '1', '7111', 0),
(20674, 'Xã Quế Phước', 33, 782, '1', '7109', 0),
(20677, 'Xã Quế Long', 33, 376, '1', '7164', 0),
(20680, 'Xã Quế Châu', 33, 376, '1', '7160', 0),
(20683, 'Xã Quế Phong', 33, 376, '1', '7163', 0),
(20686, 'Xã Quế An', 33, 376, '1', '7162', 0),
(20689, 'Xã Quế Minh', 33, 376, '1', '7161', 0),
(20692, 'Xã Quế Lâm', 33, 782, '1', '7110', 0),
(20695, 'Thị trấn Thạnh Mỹ', 33, 806, '1', '7087', 0),
(20698, 'Xã Laêê', 33, 806, '0', NULL, 0),
(20699, 'Xã Chơ Chun', 33, 806, '0', NULL, 0),
(20701, 'Xã Zuôich', 33, 806, '0', NULL, 0),
(20702, 'Xã Tà Pơơ', 33, 806, '0', NULL, 0),
(20704, 'Xã La Dêê', 33, 806, '1', '7092', 0),
(20705, 'Xã Đắc Tôi', 33, 806, '0', NULL, 0),
(20707, 'Xã Chà Vàl', 33, 806, '0', NULL, 0),
(20710, 'Xã Tà Bhinh', 33, 806, '1', '7089', 0),
(20713, 'Xã Cà Dy', 33, 806, '1', '7088', 0),
(20716, 'Xã Đắc Pre', 33, 806, '1', '7091', 0),
(20719, 'Xã Đắc Pring', 33, 806, '0', NULL, 0),
(20722, 'Thị trấn Khâm Đức', 33, 379, '1', '7152', 0),
(20725, 'Xã Phước Xuân', 33, 379, '1', '7149', 0),
(20728, 'Xã Phước Hiệp', 33, 379, '1', '7150', 0),
(20729, 'Xã Phước Hoà', 33, 379, '1', '7151', 0),
(20731, 'Xã Phước Đức', 33, 379, '1', '7148', 0),
(20734, 'Xã Phước Năng', 33, 379, '1', '7147', 0),
(20737, 'Xã Phước Mỹ', 33, 379, '1', '7146', 0),
(20740, 'Xã Phước Chánh', 33, 379, '1', '7145', 0),
(20743, 'Xã Phước Công', 33, 379, '1', '7144', 0),
(20746, 'Xã Phước Kim', 33, 379, '1', '7143', 0),
(20749, 'Xã Phước Lộc', 33, 379, '1', '7141', 0),
(20752, 'Xã Phước Thành', 33, 379, '1', '7142', 0),
(20755, 'Thị trấn Tân An', 33, 377, '1', '7075', 0),
(20758, 'Xã Hiệp Hòa', 33, 377, '1', '7076', 0),
(20761, 'Xã Hiệp Thuận', 33, 377, '1', '7077', 0),
(20764, 'Xã Quế Thọ', 33, 377, '1', '7078', 0),
(20767, 'Xã Bình Lâm', 33, 377, '1', '7079', 0),
(20770, 'Xã Sông Trà', 33, 377, '1', '7080', 0),
(20773, 'Xã Phước Trà', 33, 377, '1', '7081', 0),
(20776, 'Xã Phước Gia', 33, 377, '1', '7082', 0),
(20779, 'Xã Quế Bình', 33, 377, '1', '7083', 0),
(20782, 'Xã Quế Lưu', 33, 377, '1', '7084', 0),
(20785, 'Xã Thăng Phước', 33, 377, '1', '7085', 0),
(20788, 'Xã Bình Sơn', 33, 377, '1', '7086', 0),
(20791, 'Thị trấn Hà Lam', 33, 375, '1', '7167', 0),
(20794, 'Xã Bình Dương', 33, 375, '1', '7187', 0),
(20797, 'Xã Bình Giang', 33, 375, '1', '7180', 0),
(20800, 'Xã Bình Nguyên', 33, 375, '1', '7168', 0),
(20803, 'Xã Bình Phục', 33, 375, '1', '7181', 0),
(20806, 'Xã Bình Triều', 33, 375, '1', '7182', 0),
(20809, 'Xã Bình Đào', 33, 375, '1', '7169', 0),
(20812, 'Xã Bình Minh', 33, 375, '1', '7171', 0),
(20815, 'Xã Bình Lãnh', 33, 375, '1', '7174', 0),
(20818, 'Xã Bình Trị', 33, 375, '1', '7175', 0),
(20821, 'Xã Bình Định Bắc', 33, 375, '1', '7183', 0),
(20822, 'Xã Bình Định Nam', 33, 375, '1', '7176', 0),
(20824, 'Xã Bình Quý', 33, 375, '1', '7177', 0),
(20827, 'Xã Bình Phú', 33, 375, '1', '7188', 0),
(20830, 'Xã Bình Chánh', 33, 375, '1', '7179', 0),
(20833, 'Xã Bình Tú', 33, 375, '1', '7172', 0),
(20836, 'Xã Bình Sa', 33, 375, '1', '7178', 0),
(20839, 'Xã Bình Hải', 33, 375, '1', '7170', 0),
(20842, 'Xã Bình Quế', 33, 375, '1', '7186', 0),
(20845, 'Xã Bình An', 33, 375, '1', '7173', 0),
(20848, 'Xã Bình Trung', 33, 375, '1', '7185', 0),
(20851, 'Xã Bình Nam', 33, 375, '1', '7184', 0),
(20854, 'Thị trấn Tiên Kỳ', 33, 378, '1', '7189', 0),
(20857, 'Xã Tiên Sơn', 33, 378, '1', '7203', 0),
(20860, 'Xã Tiên Hà', 33, 378, '1', '7193', 0),
(20863, 'Xã Tiên Cẩm', 33, 378, '1', '7201', 0),
(20866, 'Xã Tiên Châu', 33, 378, '1', '7195', 0),
(20869, 'Xã Tiên Lãnh', 33, 378, '1', '7199', 0),
(20872, 'Xã Tiên Ngọc', 33, 378, '1', '7200', 0),
(20875, 'Xã Tiên Hiệp', 33, 378, '1', '7192', 0),
(20878, 'Xã Tiên Cảnh', 33, 378, '1', '7190', 0),
(20881, 'Xã Tiên Mỹ', 33, 378, '1', '7202', 0),
(20884, 'Xã Tiên Phong', 33, 378, '1', '7191', 0),
(20887, 'Xã Tiên Thọ', 33, 378, '1', '7194', 0),
(20890, 'Xã Tiên An', 33, 378, '1', '7198', 0),
(20893, 'Xã Tiên Lộc', 33, 378, '1', '7197', 0),
(20896, 'Xã Tiên Lập', 33, 378, '1', '7196', 0),
(20899, 'Thị trấn Trà My', 33, 381, '1', '7048', 0),
(20900, 'Xã Trà Sơn', 33, 381, '1', '7060', 0),
(20902, 'Xã Trà Kót', 33, 381, '1', '7054', 0),
(20905, 'Xã Trà Nú', 33, 381, '1', '7051', 0),
(20908, 'Xã Trà Đông', 33, 381, '1', '7057', 0),
(20911, 'Xã Trà Dương', 33, 381, '1', '7049', 0),
(20914, 'Xã Trà Giang', 33, 381, '1', '7056', 0),
(20917, 'Xã Trà Bui', 33, 381, '1', '7055', 0),
(20920, 'Xã Trà Đốc', 33, 381, '1', '7059', 0),
(20923, 'Xã Trà Tân', 33, 381, '1', '7058', 0),
(20926, 'Xã Trà Giác', 33, 381, '1', '7050', 0),
(20929, 'Xã Trà Giáp', 33, 381, '1', '7052', 0),
(20932, 'Xã Trà Ka', 33, 381, '1', '7053', 0),
(20935, 'Xã Trà Leng', 33, 803, '1', '7097', 0),
(20938, 'Xã Trà Dơn', 33, 803, '1', '7101', 0),
(20941, 'Xã Trà Tập', 33, 803, '1', '7100', 0),
(20944, 'Xã Trà Mai', 33, 803, '1', '7104', 0),
(20947, 'Xã Trà Cang', 33, 803, '1', '7103', 0),
(20950, 'Xã Trà Linh', 33, 803, '1', '7105', 0),
(20953, 'Xã Trà Nam', 33, 803, '1', '7102', 0),
(20956, 'Xã Trà Don', 33, 803, '0', NULL, 0),
(20959, 'Xã Trà Vân', 33, 803, '1', '7098', 0),
(20962, 'Xã Trà Vinh', 33, 803, '1', '7099', 0),
(20965, 'Thị trấn Núi Thành', 33, 380, '1', '7113', 0),
(20968, 'Xã Tam Xuân I', 33, 380, '0', NULL, 0),
(20971, 'Xã Tam Xuân II', 33, 380, '0', NULL, 0),
(20974, 'Xã Tam Tiến', 33, 380, '1', '7115', 0),
(20977, 'Xã Tam Sơn', 33, 380, '1', '7119', 0),
(20980, 'Xã Tam Thạnh', 33, 380, '1', '7127', 0),
(20983, 'Xã Tam Anh Bắc', 33, 380, '1', '7122', 0),
(20984, 'Xã Tam Anh Nam', 33, 380, '1', '7124', 0),
(20986, 'Xã Tam Hòa', 33, 380, '1', '7114', 0),
(20989, 'Xã Tam Hiệp', 33, 380, '1', '7123', 0),
(20992, 'Xã Tam Hải', 33, 380, '1', '7117', 0),
(20995, 'Xã Tam Giang', 33, 380, '1', '7128', 0),
(20998, 'Xã Tam Quang', 33, 380, '1', '7116', 0),
(21001, 'Xã Tam Nghĩa', 33, 380, '1', '7118', 0),
(21004, 'Xã Tam Mỹ Tây', 33, 380, '1', '7125', 0),
(21005, 'Xã Tam Mỹ Đông', 33, 380, '1', '7129', 0),
(21007, 'Xã Tam Trà', 33, 380, '1', '7120', 0),
(21010, 'Phường Lê Hồng Phong', 34, 383, '1', '7470', 0),
(21013, 'Phường Trần Phú', 34, 383, '1', '7471', 0),
(21016, 'Phường Quảng Phú', 34, 383, '1', '7472', 0),
(21019, 'Phường Nghĩa Chánh', 34, 383, '1', '7468', 0),
(21022, 'Phường Trần Hưng Đạo', 34, 383, '1', '7465', 0),
(21025, 'Phường Nguyễn Nghiêm', 34, 383, '1', '7469', 0),
(21028, 'Phường Nghĩa Lộ', 34, 383, '1', '7467', 0),
(21031, 'Phường Chánh Lộ', 34, 383, '1', '7466', 0),
(21034, 'Xã Nghĩa Dũng', 34, 383, '1', '7473', 0),
(21037, 'Xã Nghĩa Dõng', 34, 383, '1', '7474', 0),
(21040, 'Thị Trấn Châu Ổ', 34, 385, '1', '7328', 0),
(21043, 'Xã Bình Thuận', 34, 385, '1', '7330', 0),
(21046, 'Xã Bình Thạnh', 34, 385, '1', '7327', 0),
(21049, 'Xã Bình Đông', 34, 385, '1', '7326', 0),
(21052, 'Xã Bình Chánh', 34, 385, '1', '7308', 0),
(21055, 'Xã Bình Nguyên', 34, 385, '1', '7318', 0),
(21058, 'Xã Bình Khương', 34, 385, '1', '7314', 0),
(21061, 'Xã Bình Trị', 34, 385, '1', '7331', 0),
(21064, 'Xã Bình An', 34, 385, '1', '7309', 0),
(21067, 'Xã Bình Hải', 34, 385, '1', '7329', 0),
(21070, 'Xã Bình Dương', 34, 385, '1', '7312', 0),
(21073, 'Xã Bình Phước', 34, 385, '1', '7320', 0),
(21076, 'Xã Bình Thới', 34, 385, '1', '7323', 0),
(21079, 'Xã Bình Hòa', 34, 385, '1', '7313', 0),
(21082, 'Xã Bình Trung', 34, 385, '1', '7324', 0),
(21085, 'Xã Bình Minh', 34, 385, '1', '7316', 0),
(21088, 'Xã Bình Long', 34, 385, '1', '7315', 0),
(21091, 'Xã Bình Thanh Tây', 34, 385, '1', '7325', 0),
(21094, 'Xã Bình Phú', 34, 385, '1', '7319', 0),
(21097, 'Xã Bình Thanh Đông', 34, 385, '1', '7322', 0),
(21100, 'Xã Bình Chương', 34, 385, '1', '7311', 0),
(21103, 'Xã Bình Hiệp', 34, 385, '0', NULL, 0),
(21106, 'Xã Bình Mỹ', 34, 385, '1', '7317', 0),
(21109, 'Xã Bình Tân', 34, 385, '1', '7321', 0),
(21112, 'Xã Bình Châu', 34, 385, '1', '7310', 0),
(21115, 'Thị trấn Trà Xuân', 34, 386, '1', '7421', 0),
(21118, 'Xã Trà Giang', 34, 386, '1', '7413', 0),
(21121, 'Xã Trà Thủy', 34, 386, '1', '7419', 0),
(21124, 'Xã Trà Hiệp', 34, 386, '1', '7414', 0),
(21127, 'Xã Trà Bình', 34, 386, '1', '7420', 0),
(21130, 'Xã Trà Phú', 34, 386, '1', '7416', 0),
(21133, 'Xã Trà Lâm', 34, 386, '1', '7415', 0),
(21136, 'Xã Trà Tân', 34, 386, '1', '7418', 0),
(21139, 'Xã Trà Sơn', 34, 386, '1', '7417', 0),
(21142, 'Xã Trà Bùi', 34, 386, '1', '7412', 0),
(21145, 'Xã Trà Thanh', 34, 784, '1', '7427', 0),
(21148, 'Xã Trà Khê', 34, 784, '1', '7422', 0),
(21151, 'Xã Trà Quân', 34, 784, '1', '7426', 0),
(21154, 'Xã Trà Phong', 34, 784, '1', '7425', 0),
(21157, 'Xã Trà Lãnh', 34, 784, '1', '7423', 0),
(21160, 'Xã Trà Nham', 34, 784, '1', '7424', 0),
(21163, 'Xã Trà Xinh', 34, 784, '1', '7430', 0),
(21166, 'Xã Trà Thọ', 34, 784, '1', '7428', 0),
(21169, 'Xã Trà Trung', 34, 784, '1', '7429', 0),
(21172, 'Phường Trương Quang Trọng', 34, 383, '0', NULL, 0),
(21175, 'Xã Tịnh Thọ', 34, 387, '1', '7408', 0),
(21178, 'Xã Tịnh Trà', 34, 387, '1', '7409', 0),
(21181, 'Xã Tịnh Phong', 34, 387, '1', '7405', 0),
(21184, 'Xã Tịnh Hiệp', 34, 387, '1', '7399', 0),
(21187, 'Xã Tịnh Hòa', 34, 383, '0', NULL, 0),
(21190, 'Xã Tịnh Kỳ', 34, 383, '0', NULL, 0),
(21193, 'Xã Tịnh Bình', 34, 387, '1', '7394', 0),
(21196, 'Xã Tịnh Đông', 34, 387, '1', '7396', 0),
(21199, 'Xã Tịnh Thiện', 34, 383, '0', NULL, 0),
(21202, 'Xã Tịnh Ấn Đông', 34, 383, '0', NULL, 0),
(21205, 'Xã Tịnh Bắc', 34, 387, '1', '7410', 0),
(21208, 'Xã Tịnh Châu', 34, 383, '0', NULL, 0),
(21211, 'Xã Tịnh Khê', 34, 383, '0', NULL, 0),
(21214, 'Xã Tịnh Long', 34, 383, '0', NULL, 0),
(21217, 'Xã Tịnh Sơn', 34, 387, '1', '7406', 0),
(21220, 'Xã Tịnh Hà', 34, 387, '1', '7398', 0),
(21223, 'Xã Tịnh Ấn Tây', 34, 383, '0', NULL, 0),
(21226, 'Xã Tịnh Giang', 34, 387, '1', '7397', 0),
(21229, 'Xã Tịnh Minh', 34, 387, '1', '7404', 0),
(21232, 'Xã Tịnh An', 34, 383, '0', NULL, 0),
(21235, 'Thị trấn La Hà', 34, 390, '1', '7432', 0),
(21238, 'Thị trấn Sông Vệ', 34, 390, '1', '7431', 0),
(21241, 'Xã Nghĩa Lâm', 34, 390, '1', '7439', 0),
(21244, 'Xã Nghĩa Thắng', 34, 390, '1', '7444', 0),
(21247, 'Xã Nghĩa Thuận', 34, 390, '1', '7446', 0),
(21250, 'Xã Nghĩa Kỳ', 34, 390, '1', '7438', 0),
(21253, 'Xã Nghĩa Phú', 34, 383, '0', NULL, 0),
(21256, 'Xã Nghĩa Hà', 34, 383, '0', NULL, 0),
(21259, 'Xã Nghĩa Sơn', 34, 390, '1', '7443', 0),
(21262, 'Xã Nghĩa An', 34, 383, '0', NULL, 0),
(21265, 'Xã Nghĩa Thọ', 34, 390, '1', '7445', 0),
(21268, 'Xã Nghĩa Hòa', 34, 390, '1', '7437', 0),
(21271, 'Xã Nghĩa Điền', 34, 390, '1', '7434', 0),
(21274, 'Xã Nghĩa Thương', 34, 390, '1', '7447', 0),
(21277, 'Xã Nghĩa Trung', 34, 390, '1', '7448', 0),
(21280, 'Xã Nghĩa Hiệp', 34, 390, '1', '7436', 0),
(21283, 'Xã Nghĩa Phương', 34, 390, '1', '7442', 0),
(21286, 'Xã Nghĩa Mỹ', 34, 390, '1', '7440', 0),
(21289, 'Thị trấn Di Lăng', 34, 389, '1', '7380', 0),
(21292, 'Xã Sơn Hạ', 34, 389, '1', '7371', 0),
(21295, 'Xã Sơn Thành', 34, 389, '1', '7376', 0),
(21298, 'Xã Sơn Nham', 34, 389, '1', '7375', 0),
(21301, 'Xã Sơn Bao', 34, 389, '1', '7368', 0),
(21304, 'Xã Sơn Linh', 34, 389, '1', '7374', 0),
(21307, 'Xã Sơn Giang', 34, 389, '1', '7370', 0),
(21310, 'Xã Sơn Trung', 34, 389, '1', '7379', 0),
(21313, 'Xã Sơn Thượng', 34, 389, '1', '7377', 0),
(21316, 'Xã Sơn Cao', 34, 389, '1', '7369', 0),
(21319, 'Xã Sơn Hải', 34, 389, '1', '7372', 0),
(21322, 'Xã Sơn Thủy', 34, 389, '1', '7378', 0),
(21325, 'Xã Sơn Kỳ', 34, 389, '1', '7373', 0),
(21328, 'Xã Sơn Ba', 34, 389, '1', '7367', 0),
(21331, 'Xã Sơn Bua', 34, 388, '0', NULL, 0),
(21334, 'Xã Sơn Mùa', 34, 388, '0', NULL, 0),
(21335, 'Xã Sơn Liên', 34, 388, '0', NULL, 0),
(21337, 'Xã Sơn Tân', 34, 388, '0', NULL, 0),
(21338, 'Xã Sơn Màu', 34, 388, '0', NULL, 0),
(21340, 'Xã Sơn Dung', 34, 388, '0', NULL, 0),
(21341, 'Xã Sơn Long', 34, 388, '0', NULL, 0),
(21343, 'Xã Sơn Tinh', 34, 388, '0', NULL, 0),
(21346, 'Xã Sơn Lập', 34, 388, '0', NULL, 0),
(21349, 'Xã Long Sơn', 34, 392, '1', '7339', 0),
(21352, 'Xã Long Mai', 34, 392, '1', '7337', 0),
(21355, 'Xã Thanh An', 34, 392, '1', '7340', 0),
(21358, 'Xã Long Môn', 34, 392, '1', '7338', 0),
(21361, 'Xã Long Hiệp', 34, 392, '1', '7336', 0),
(21364, 'Thị trấn Chợ Chùa', 34, 391, '1', '7365', 0),
(21367, 'Xã Hành Thuận', 34, 391, '1', '7366', 0),
(21370, 'Xã Hành Dũng', 34, 391, '1', '7356', 0),
(21373, 'Xã Hành Trung', 34, 391, '1', '7364', 0),
(21376, 'Xã Hành Nhân', 34, 391, '1', '7358', 0),
(21379, 'Xã Hành Đức', 34, 391, '1', '7355', 0),
(21382, 'Xã Hành Minh', 34, 391, '1', '7357', 0),
(21385, 'Xã Hành Phước', 34, 391, '1', '7359', 0),
(21388, 'Xã Hành Thiện', 34, 391, '1', '7360', 0),
(21391, 'Xã Hành Thịnh', 34, 391, '1', '7361', 0),
(21394, 'Xã Hành Tín Tây', 34, 391, '1', '7363', 0),
(21397, 'Xã Hành Tín  Đông', 34, 391, '0', NULL, 0),
(21400, 'Thị trấn Mộ Đức', 34, 393, '1', '7341', 0),
(21403, 'Xã Đức Lợi', 34, 393, '1', '7346', 0),
(21406, 'Xã Đức Thắng', 34, 393, '1', '7352', 0),
(21409, 'Xã Đức Nhuận', 34, 393, '1', '7348', 0),
(21412, 'Xã Đức Chánh', 34, 393, '1', '7342', 0),
(21415, 'Xã Đức Hiệp', 34, 393, '1', '7343', 0),
(21418, 'Xã Đức Minh', 34, 393, '1', '7347', 0),
(21421, 'Xã Đức Thạnh', 34, 393, '1', '7353', 0),
(21424, 'Xã Đức Hòa', 34, 393, '1', '7344', 0),
(21427, 'Xã Đức Tân', 34, 393, '1', '7351', 0),
(21430, 'Xã Đức Phú', 34, 393, '1', '7350', 0),
(21433, 'Xã Đức Phong', 34, 393, '1', '7349', 0),
(21436, 'Xã Đức Lân', 34, 393, '1', '7345', 0),
(21439, 'Thị trấn Đức Phổ', 34, 394, '1', '7449', 0),
(21442, 'Xã Phổ An', 34, 394, '1', '7452', 0),
(21445, 'Xã Phổ Phong', 34, 394, '1', '7457', 0),
(21448, 'Xã Phổ Thuận', 34, 394, '1', '7464', 0),
(21451, 'Xã Phổ Văn', 34, 394, '1', '7460', 0),
(21454, 'Xã Phổ Quang', 34, 394, '1', '7458', 0),
(21457, 'Xã Phổ Nhơn', 34, 394, '1', '7456', 0),
(21460, 'Xã Phổ Ninh', 34, 394, '1', '7463', 0),
(21463, 'Xã Phổ Minh', 34, 394, '1', '7450', 0),
(21466, 'Xã Phổ Vinh', 34, 394, '1', '7451', 0),
(21469, 'Xã Phổ Hòa', 34, 394, '1', '7462', 0),
(21472, 'Xã Phổ Cường', 34, 394, '1', '7454', 0),
(21475, 'Xã Phổ Khánh', 34, 394, '1', '7455', 0),
(21478, 'Xã Phổ Thạnh', 34, 394, '1', '7459', 0),
(21481, 'Xã Phổ Châu', 34, 394, '1', '7453', 0),
(21484, 'Thị trấn Ba Tơ', 34, 395, '1', '7307', 0),
(21487, 'Xã Ba Điền', 34, 395, '1', '7291', 0),
(21490, 'Xã Ba Vinh', 34, 395, '1', '7304', 0),
(21493, 'Xã Ba Thành', 34, 395, '1', '7299', 0),
(21496, 'Xã Ba Động', 34, 395, '1', '7293', 0),
(21499, 'Xã Ba Dinh', 34, 395, '1', '7292', 0),
(21500, 'Xã Ba Giang', 34, 395, '0', NULL, 0),
(21502, 'Xã Ba Liên', 34, 395, '1', '7296', 0),
(21505, 'Xã Ba Ngạc', 34, 395, '1', '7298', 0),
(21508, 'Xã Ba Khâm', 34, 395, '1', '7294', 0),
(21511, 'Xã Ba Cung', 34, 395, '1', '7290', 0),
(21514, 'Xã Ba Chùa', 34, 395, '1', '7289', 0),
(21517, 'Xã Ba Tiêu', 34, 395, '1', '7300', 0),
(21520, 'Xã Ba Trang', 34, 395, '1', '7302', 0),
(21523, 'Xã Ba Tô', 34, 395, '1', '7301', 0),
(21526, 'Xã Ba Bích', 34, 395, '1', '7306', 0),
(21529, 'Xã Ba Vì', 34, 395, '1', '7303', 0),
(21532, 'Xã Ba Lế', 34, 395, '1', '7295', 0),
(21535, 'Xã Ba Nam', 34, 395, '1', '7297', 0),
(21538, 'Xã Ba Xa', 34, 395, '1', '7305', 0),
(21541, 'Xã An Vĩnh', 34, 384, '1', '7334', 0),
(21544, 'Xã An Hải', 34, 384, '1', '7333', 0),
(21547, 'Xã An Bình', 34, 384, '1', '7332', 0),
(21550, 'Phường Nhơn Bình', 35, 397, '1', '1218', 0),
(21553, 'Phường Nhơn Phú', 35, 397, '1', '1219', 0),
(21556, 'Phường Đống Đa', 35, 397, '1', '1212', 0),
(21559, 'Phường Trần Quang Diệu', 35, 397, '1', '1221', 0),
(21562, 'Phường Hải Cảng', 35, 397, '1', '1214', 0),
(21565, 'Phường Quang Trung', 35, 397, '1', '1217', 0),
(21568, 'Phường Thị Nại', 35, 397, '1', '1213', 0),
(21571, 'Phường Lê Hồng Phong', 35, 397, '1', '1208', 0),
(21574, 'Phường Trần Hưng Đạo', 35, 397, '1', '1206', 0),
(21577, 'Phường Ngô Mây', 35, 397, '1', '1215', 0),
(21580, 'Phường Lý Thường Kiệt', 35, 397, '1', '1210', 0),
(21583, 'Phường Lê Lợi', 35, 397, '1', '1207', 0),
(21586, 'Phường Trần Phú', 35, 397, '1', '1209', 0),
(21589, 'Phường Bùi Thị Xuân', 35, 397, '1', '1220', 0),
(21592, 'Phường Nguyễn Văn Cừ', 35, 397, '1', '1211', 0),
(21595, 'Phường Ghềnh Ráng', 35, 397, '1', '1216', 0),
(21598, 'Xã Nhơn Lý', 35, 397, '1', '1222', 0),
(21601, 'Xã Nhơn Hội', 35, 397, '1', '1223', 0),
(21604, 'Xã Nhơn Hải', 35, 397, '1', '1226', 0),
(21607, 'Xã Nhơn Châu', 35, 397, '1', '1224', 0),
(21609, 'Thị trấn An Lão', 20, 22, '0', NULL, 0),
(21610, 'Xã An Hưng', 20, 22, '1', '1085', 0),
(21613, 'Xã An Trung', 20, 22, '1', '1090', 0),
(21616, 'Xã An Dũng', 20, 22, '1', '1083', 0),
(21619, 'Xã An Vinh', 20, 22, '1', '1091', 0),
(21622, 'Xã An Toàn', 20, 22, '1', '1089', 0),
(21625, 'Xã An Tân', 20, 22, '1', '1088', 0),
(21628, 'Xã An Hòa', 20, 22, '1', '1084', 0),
(21631, 'Xã An Quang', 20, 22, '0', NULL, 0),
(21634, 'Xã An Nghĩa', 20, 22, '1', '1086', 0),
(21637, 'Thị trấn  Tam Quan', 35, 399, '0', NULL, 0),
(21640, 'Thị trấn Bồng Sơn', 35, 399, '1', '1107', 0),
(21643, 'Xã Hoài Sơn', 35, 399, '1', '1109', 0),
(21646, 'Xã Hoài Châu Bắc', 35, 399, '1', '1111', 0),
(21649, 'Xã Hoài Châu', 35, 399, '1', '1110', 0),
(21652, 'Xã Hoài Phú', 35, 399, '1', '1112', 0),
(21655, 'Xã Tam Quan Bắc', 35, 399, '1', '1113', 0),
(21658, 'Xã Tam Quan Nam', 35, 399, '1', '1114', 0),
(21661, 'Xã Hoài Hảo', 35, 399, '0', NULL, 0),
(21664, 'Xã Hoài Thanh Tây', 35, 399, '1', '1117', 0),
(21667, 'Xã Hoài Thanh', 35, 399, '1', '1116', 0),
(21670, 'Xã Hoài Hương', 35, 399, '1', '1118', 0),
(21673, 'Xã Hoài Tân', 35, 399, '1', '1119', 0),
(21676, 'Xã Hoài Hải', 35, 399, '1', '1120', 0),
(21679, 'Xã Hoài Xuân', 35, 399, '0', NULL, 0),
(21682, 'Xã Hoài Mỹ', 35, 399, '1', '1122', 0),
(21685, 'Xã Hoài Đức', 35, 399, '1', '1123', 0),
(21688, 'Thị trấn Tăng Bạt Hổ', 35, 400, '1', '1124', 0),
(21690, 'Xã Ân Hảo Tây', 35, 400, '1', '1134', 0),
(21691, 'Xã Ân Hảo Đông', 35, 400, '1', '1133', 0),
(21694, 'Xã Ân Sơn', 35, 400, '1', '1137', 0),
(21697, 'Xã Ân Mỹ', 35, 400, '1', '1135', 0),
(21700, 'Xã Dak Mang', 35, 400, '0', NULL, 0),
(21703, 'Xã Ân Tín', 35, 400, '1', '1132', 0),
(21706, 'Xã Ân Thạnh', 35, 400, '1', '1131', 0),
(21709, 'Xã Ân Phong', 35, 400, '1', '1130', 0),
(21712, 'Xã Ân Đức', 35, 400, '1', '1129', 0),
(21715, 'Xã Ân Hữu', 35, 400, '1', '1127', 0),
(21718, 'Xã Bok Tới', 35, 400, '0', NULL, 0),
(21721, 'Xã Ân Tường Tây', 35, 400, '1', '1126', 0),
(21724, 'Xã Ân Tường Đông', 35, 400, '1', '1125', 0),
(21727, 'Xã Ân Nghĩa', 35, 400, '1', '1128', 0),
(21730, 'Thị trấn Phù Mỹ', 35, 401, '1', '1158', 0),
(21733, 'Thị trấn Bình Dương', 35, 401, '1', '1159', 0),
(21736, 'Xã Mỹ Đức', 35, 401, '1', '1164', 0),
(21739, 'Xã Mỹ Châu', 35, 401, '1', '1163', 0),
(21742, 'Xã Mỹ Thắng', 35, 401, '1', '1174', 0),
(21745, 'Xã Mỹ Lộc', 35, 401, '1', '1167', 0),
(21748, 'Xã Mỹ Lợi', 35, 401, '1', '1168', 0),
(21751, 'Xã Mỹ An', 35, 401, '1', '1160', 0),
(21754, 'Xã Mỹ Phong', 35, 401, '1', '1169', 0),
(21757, 'Xã Mỹ Trinh', 35, 401, '1', '1175', 0),
(21760, 'Xã Mỹ Thọ', 35, 401, '1', '1173', 0),
(21763, 'Xã Mỹ Hòa', 35, 401, '1', '1166', 0),
(21766, 'Xã Mỹ Thành', 35, 401, '1', '1172', 0),
(21769, 'Xã Mỹ Chánh', 35, 401, '1', '1176', 0),
(21772, 'Xã Mỹ Quang', 35, 401, '1', '1170', 0);
INSERT INTO `wards` (`WardId`, `WardName`, `ProvinceId`, `DistrictId`, `ShipChungSupport`, `ShipChungWardCode`, `DisplayOrder`) VALUES
(21775, 'Xã Mỹ Hiệp', 35, 401, '1', '1165', 0),
(21778, 'Xã Mỹ Tài', 35, 401, '1', '1171', 0),
(21781, 'Xã Mỹ Cát', 35, 401, '1', '1161', 0),
(21784, 'Xã Mỹ Chánh Tây', 35, 401, '1', '1162', 0),
(21786, 'Thị trấn Vĩnh Thạnh', 35, 402, '1', '1205', 0),
(21787, 'Xã Vĩnh Sơn', 35, 402, '1', '1197', 0),
(21790, 'Xã Vĩnh Kim', 35, 402, '1', '1198', 0),
(21796, 'Xã Vĩnh Hiệp', 35, 402, '1', '1200', 0),
(21799, 'Xã Vĩnh Hảo', 35, 402, '1', '1201', 0),
(21801, 'Xã Vĩnh Hòa', 35, 402, '1', '1199', 0),
(21802, 'Xã Vĩnh Thịnh', 35, 402, '1', '1202', 0),
(21804, 'Xã Vĩnh Thuận', 35, 402, '1', '1204', 0),
(21805, 'Xã Vĩnh Quang', 35, 402, '1', '1203', 0),
(21808, 'Thị trấn Phú Phong', 35, 404, '1', '1067', 0),
(21811, 'Xã Bình Tân', 35, 404, '1', '1072', 0),
(21814, 'Xã Tây Thuận', 35, 404, '1', '1080', 0),
(21817, 'Xã Bình Thuận', 35, 404, '1', '1073', 0),
(21820, 'Xã Tây Giang', 35, 404, '1', '1079', 0),
(21823, 'Xã Bình Thành', 35, 404, '1', '1068', 0),
(21826, 'Xã Tây An', 35, 404, '1', '1074', 0),
(21829, 'Xã Bình Hòa', 35, 404, '1', '1071', 0),
(21832, 'Xã Tây Bình', 35, 404, '1', '1076', 0),
(21835, 'Xã Bình Tường', 35, 404, '1', '1070', 0),
(21838, 'Xã Tây Vinh', 35, 404, '1', '1075', 0),
(21841, 'Xã Vĩnh An', 35, 404, '1', '1081', 0),
(21844, 'Xã Tây Xuân', 35, 404, '1', '1077', 0),
(21847, 'Xã Bình Nghi', 35, 404, '1', '1069', 0),
(21850, 'Xã Tây Phú', 35, 404, '1', '1078', 0),
(21853, 'Thị trấn Ngô Mây', 35, 403, '1', '1139', 0),
(21856, 'Xã Cát Sơn', 35, 403, '1', '1140', 0),
(21859, 'Xã Cát Minh', 35, 403, '1', '1141', 0),
(21862, 'Xã Cát Khánh', 35, 403, '1', '1143', 0),
(21865, 'Xã Cát Tài', 35, 403, '1', '1142', 0),
(21868, 'Xã Cát Lâm', 35, 403, '1', '1144', 0),
(21871, 'Xã Cát Hanh', 35, 403, '1', '1145', 0),
(21874, 'Xã Cát Thành', 35, 403, '1', '1146', 0),
(21877, 'Xã Cát Trinh', 35, 403, '1', '1149', 0),
(21880, 'Xã Cát Hải', 35, 403, '1', '1147', 0),
(21883, 'Xã Cát Hiệp', 35, 403, '1', '1148', 0),
(21886, 'Xã Cát Nhơn', 35, 403, '1', '1150', 0),
(21889, 'Xã Cát Hưng', 35, 403, '1', '1151', 0),
(21892, 'Xã Cát Tường', 35, 403, '1', '1152', 0),
(21895, 'Xã Cát Tân', 35, 403, '1', '1153', 0),
(21898, 'Xã Cát Tiến', 35, 403, '1', '1154', 0),
(21901, 'Xã Cát Thắng', 35, 403, '1', '1156', 0),
(21904, 'Xã Cát Chánh', 35, 403, '1', '1157', 0),
(21907, 'Phường Bình Định', 35, 405, '0', NULL, 0),
(21910, 'Phường Đập Đá', 35, 405, '0', NULL, 0),
(21913, 'Xã Nhơn Mỹ', 35, 405, '1', '1095', 0),
(21916, 'Phường Nhơn Thành', 35, 405, '0', NULL, 0),
(21919, 'Xã Nhơn Hạnh', 35, 405, '1', '1096', 0),
(21922, 'Xã Nhơn Hậu', 35, 405, '1', '1098', 0),
(21925, 'Xã Nhơn Phong', 35, 405, '1', '1097', 0),
(21928, 'Xã Nhơn An', 35, 405, '1', '1099', 0),
(21931, 'Xã Nhơn Phúc', 35, 405, '1', '1101', 0),
(21934, 'Phường Nhơn Hưng', 35, 405, '0', NULL, 0),
(21937, 'Xã Nhơn Khánh', 35, 405, '1', '1102', 0),
(21940, 'Xã Nhơn Lộc', 35, 405, '1', '1103', 0),
(21943, 'Phường Nhơn Hoà', 35, 405, '0', NULL, 0),
(21946, 'Xã Nhơn Tân', 35, 405, '1', '1106', 0),
(21949, 'Xã Nhơn Thọ', 35, 405, '1', '1105', 0),
(21952, 'Thị trấn Tuy Phước', 35, 406, '1', '1178', 0),
(21955, 'Thị trấn Diêu Trì', 35, 406, '1', '1177', 0),
(21958, 'Xã Phước Thắng', 35, 406, '1', '1179', 0),
(21961, 'Xã Phước Hưng', 35, 406, '1', '1180', 0),
(21964, 'Xã Phước Quang', 35, 406, '1', '1182', 0),
(21967, 'Xã Phước Hòa', 35, 406, '1', '1181', 0),
(21970, 'Xã Phước Sơn', 35, 406, '1', '1183', 0),
(21973, 'Xã Phước Hiệp', 35, 406, '1', '1184', 0),
(21976, 'Xã Phước Lộc', 35, 406, '1', '1185', 0),
(21979, 'Xã Phước Nghĩa', 35, 406, '1', '1187', 0),
(21982, 'Xã Phước Thuận', 35, 406, '1', '1186', 0),
(21985, 'Xã Phước An', 35, 406, '1', '1188', 0),
(21988, 'Xã Phước Thành', 35, 406, '1', '1189', 0),
(21991, 'Xã Phước Mỹ', 35, 397, '1', '1225', 0),
(21994, 'Thị trấn Vân Canh', 35, 407, '1', '1190', 0),
(21997, 'Xã Canh Liên', 35, 407, '1', '1196', 0),
(22000, 'Xã Canh Hiệp', 35, 407, '1', '1193', 0),
(22003, 'Xã Canh Vinh', 35, 407, '1', '1195', 0),
(22006, 'Xã Canh Hiển', 35, 407, '1', '1194', 0),
(22009, 'Xã Canh Thuận', 35, 407, '1', '1192', 0),
(22012, 'Xã Canh Hòa', 35, 407, '1', '1191', 0),
(22015, 'Phường 1', 36, 409, '1', '6862', 0),
(22018, 'Phường 8', 36, 409, '1', '6869', 0),
(22021, 'Phường 2', 36, 409, '1', '6863', 0),
(22024, 'Phường 9', 36, 409, '1', '6870', 0),
(22027, 'Phường 3', 36, 409, '1', '6864', 0),
(22030, 'Phường 4', 36, 409, '1', '6865', 0),
(22033, 'Phường 5', 36, 409, '1', '6866', 0),
(22036, 'Phường 7', 36, 409, '1', '6868', 0),
(22039, 'Phường 6', 36, 409, '1', '6867', 0),
(22040, 'Phường Phú Thạnh', 36, 409, '1', '6874', 0),
(22041, 'Phường Phú Đông', 36, 409, '1', '6875', 0),
(22042, 'Xã Hòa Kiến', 36, 409, '0', NULL, 0),
(22045, 'Xã Bình Kiến', 36, 409, '1', '6872', 0),
(22048, 'Xã Bình Ngọc', 36, 409, '1', '6873', 0),
(22051, 'Phường Xuân Phú', 36, 411, '1', '6886', 0),
(22052, 'Xã Xuân Lâm', 36, 411, '1', '6885', 0),
(22053, 'Phường Xuân Thành', 36, 411, '1', '6888', 0),
(22054, 'Xã Xuân Hải', 36, 411, '1', '6876', 0),
(22057, 'Xã Xuân Lộc', 36, 411, '1', '6877', 0),
(22060, 'Xã Xuân Bình', 36, 411, '1', '6880', 0),
(22063, 'Xã Xuân Hòa', 36, 411, '1', '6882', 0),
(22066, 'Xã Xuân Cảnh', 36, 411, '1', '6881', 0),
(22069, 'Xã Xuân Thịnh', 36, 411, '1', '6883', 0),
(22072, 'Xã Xuân Phương', 36, 411, '1', '6884', 0),
(22073, 'Phường Xuân Yên', 36, 411, '1', '6887', 0),
(22075, 'Xã Xuân Thọ 1', 36, 411, '1', '6878', 0),
(22076, 'Phường Xuân Đài', 36, 411, '1', '6889', 0),
(22078, 'Xã Xuân Thọ 2', 36, 411, '1', '6879', 0),
(22081, 'Thị trấn La Hai', 36, 410, '1', '6850', 0),
(22084, 'Xã Đa Lộc', 36, 410, '1', '6856', 0),
(22087, 'Xã Phú Mỡ', 36, 410, '1', '6859', 0),
(22090, 'Xã Xuân Lãnh', 36, 410, '1', '6851', 0),
(22093, 'Xã Xuân Long', 36, 410, '0', NULL, 0),
(22096, 'Xã Xuân Quang 1', 36, 410, '1', '6857', 0),
(22099, 'Xã Xuân Sơn Bắc', 36, 410, '1', '6854', 0),
(22102, 'Xã Xuân Quang 2', 36, 410, '1', '6852', 0),
(22105, 'Xã Xuân Sơn Nam', 36, 410, '1', '6855', 0),
(22108, 'Xã Xuân Quang 3', 36, 410, '1', '6853', 0),
(22111, 'Xã Xuân Phước', 36, 410, '1', '6858', 0),
(22114, 'Thị trấn Chí Thạnh', 36, 412, '1', '6823', 0),
(22117, 'Xã An Dân', 36, 412, '1', '6810', 0),
(22120, 'Xã An Ninh Tây', 36, 412, '1', '6814', 0),
(22123, 'Xã An Ninh Đông', 36, 412, '1', '6818', 0),
(22126, 'Xã An Thạch', 36, 412, '1', '6811', 0),
(22129, 'Xã An Định', 36, 412, '1', '6812', 0),
(22132, 'Xã An Nghiệp', 36, 412, '1', '6813', 0),
(22135, 'Xã An Hải', 36, 412, '1', '6817', 0),
(22138, 'Xã An Cư', 36, 412, '1', '6809', 0),
(22141, 'Xã An Xuân', 36, 412, '1', '6824', 0),
(22144, 'Xã An Lĩnh', 36, 412, '1', '6825', 0),
(22147, 'Xã An Hòa', 36, 412, '1', '6820', 0),
(22150, 'Xã An Hiệp', 36, 412, '1', '6819', 0),
(22153, 'Xã An Mỹ', 36, 412, '1', '6816', 0),
(22156, 'Xã An Chấn', 36, 412, '1', '6821', 0),
(22159, 'Xã An Thọ', 36, 412, '1', '6822', 0),
(22162, 'Xã An Phú', 36, 409, '0', NULL, 0),
(22165, 'Thị trấn Củng Sơn', 36, 413, '1', '6795', 0),
(22168, 'Xã Phước Tân', 36, 413, '1', '6807', 0),
(22171, 'Xã Sơn Hội', 36, 413, '1', '6802', 0),
(22174, 'Xã Sơn Định', 36, 413, '1', '6801', 0),
(22177, 'Xã Sơn Long', 36, 413, '1', '6803', 0),
(22180, 'Xã Cà Lúi', 36, 413, '1', '6808', 0),
(22183, 'Xã Sơn Phước', 36, 413, '1', '6804', 0),
(22186, 'Xã Sơn Xuân', 36, 413, '1', '6805', 0),
(22189, 'Xã Sơn Nguyên', 36, 413, '1', '6798', 0),
(22192, 'Xã Eachà Rang', 36, 413, '0', NULL, 0),
(22195, 'Xã Krông Pa', 36, 413, '1', '6800', 0),
(22198, 'Xã Suối Bạc', 36, 413, '1', '6796', 0),
(22201, 'Xã Sơn Hà', 36, 413, '1', '6797', 0),
(22204, 'Xã Suối Trai', 36, 413, '1', '6806', 0),
(22207, 'Thị trấn Hai Riêng', 36, 415, '1', '6782', 0),
(22210, 'Xã Ea Lâm', 36, 415, '1', '6794', 0),
(22213, 'Xã Đức Bình Tây', 36, 415, '1', '6788', 0),
(22216, 'Xã Ea Bá', 36, 415, '0', NULL, 0),
(22219, 'Xã Sơn Giang', 36, 415, '1', '6789', 0),
(22222, 'Xã Đức Bình Đông', 36, 415, '1', '6787', 0),
(22225, 'Xã EaBar', 36, 415, '1', '6785', 0),
(22228, 'Xã EaBia', 36, 415, '1', '6783', 0),
(22231, 'Xã EaTrol', 36, 415, '1', '6791', 0),
(22234, 'Xã Sông Hinh', 36, 415, '1', '6793', 0),
(22237, 'Xã Ealy', 36, 415, '1', '6786', 0),
(22240, 'Phường Phú Lâm', 36, 409, '1', '6871', 0),
(22243, 'Xã Hòa Thành', 36, 414, '1', '6848', 0),
(22246, 'Xã Hòa Hiệp Bắc', 36, 414, '1', '6840', 0),
(22249, 'Xã Sơn Thành Tây', 36, 677, '1', '6837', 0),
(22250, 'Xã Sơn Thành Đông', 36, 677, '1', '6838', 0),
(22252, 'Xã Hòa Bình 1', 36, 677, '1', '6828', 0),
(22255, 'Thị trấn Phú Thứ', 36, 677, '0', NULL, 0),
(22258, 'Thị trấn Hoà Vinh', 36, 414, '0', NULL, 0),
(22261, 'Thị trấn Hoà Hiệp Trung', 36, 414, '0', NULL, 0),
(22264, 'Xã Hòa Phong', 36, 677, '1', '6833', 0),
(22267, 'Xã Hòa Tân Đông', 36, 414, '1', '6845', 0),
(22270, 'Xã Hòa Phú', 36, 677, '1', '6834', 0),
(22273, 'Xã Hòa Tân Tây', 36, 677, '1', '6835', 0),
(22276, 'Xã Hòa Đồng', 36, 677, '1', '6830', 0),
(22279, 'Xã Hòa Xuân Tây', 36, 414, '1', '6849', 0),
(22282, 'Xã Hòa Hiệp Nam', 36, 414, '1', '6847', 0),
(22285, 'Xã Hòa Mỹ Đông', 36, 677, '1', '6831', 0),
(22288, 'Xã Hòa Mỹ Tây', 36, 677, '1', '6832', 0),
(22291, 'Xã Hòa Xuân Đông', 36, 414, '1', '6842', 0),
(22294, 'Xã Hòa Thịnh', 36, 677, '1', '6836', 0),
(22297, 'Xã Hòa Tâm', 36, 414, '1', '6844', 0),
(22300, 'Xã Hòa Xuân Nam', 36, 414, '1', '6843', 0),
(22303, 'Xã Hòa Quang Bắc', 36, 676, '1', '6779', 0),
(22306, 'Xã Hòa Quang Nam', 36, 676, '1', '6778', 0),
(22309, 'Xã Hòa Hội', 36, 676, '1', '6781', 0),
(22312, 'Xã Hòa Trị', 36, 676, '1', '6774', 0),
(22315, 'Xã Hòa An', 36, 676, '1', '6776', 0),
(22318, 'Xã Hòa Định Đông', 36, 676, '1', '6777', 0),
(22319, 'Thị Trấn Phú Hoà', 36, 676, '1', '6773', 0),
(22321, 'Xã Hòa Định Tây', 36, 676, '1', '6780', 0),
(22324, 'Xã Hòa Thắng', 36, 676, '1', '6775', 0),
(22327, 'Phường Vĩnh Hòa', 37, 417, '1', '4539', 0),
(22330, 'Phường Vĩnh Hải', 37, 417, '1', '4537', 0),
(22333, 'Phường Vĩnh Phước', 37, 417, '1', '4543', 0),
(22336, 'Phường Ngọc Hiệp', 37, 417, '1', '4526', 0),
(22339, 'Phường Vĩnh Thọ', 37, 417, '1', '4547', 0),
(22342, 'Phường Xương Huân', 37, 417, '1', '4550', 0),
(22345, 'Phường Vạn Thắng', 37, 417, '1', '4551', 0),
(22348, 'Phường Vạn Thạnh', 37, 417, '1', '4536', 0),
(22351, 'Phường Phương Sài', 37, 417, '1', '4533', 0),
(22354, 'Phường Phương Sơn', 37, 417, '1', '4534', 0),
(22357, 'Phường Phước Hải', 37, 417, '1', '4528', 0),
(22360, 'Phường Phước Tân', 37, 417, '1', '4531', 0),
(22363, 'Phường Lộc Thọ', 37, 417, '1', '4525', 0),
(22366, 'Phường Phước Tiến', 37, 417, '1', '4532', 0),
(22369, 'Phường Tân Lập', 37, 417, '1', '4535', 0),
(22372, 'Phường Phước Hòa', 37, 417, '1', '4529', 0),
(22375, 'Phường Vĩnh Nguyên', 37, 417, '1', '4542', 0),
(22378, 'Phường Phước Long', 37, 417, '1', '4530', 0),
(22381, 'Phường Vĩnh Trường', 37, 417, '1', '4549', 0),
(22384, 'Xã Vĩnh Lương', 37, 417, '1', '4540', 0),
(22387, 'Xã Vĩnh Phương', 37, 417, '1', '4544', 0),
(22390, 'Xã Vĩnh Ngọc', 37, 417, '1', '4541', 0),
(22393, 'Xã Vĩnh Thạnh', 37, 417, '1', '4546', 0),
(22396, 'Xã Vĩnh Trung', 37, 417, '1', '4548', 0),
(22399, 'Xã Vĩnh Hiệp', 37, 417, '1', '4538', 0),
(22402, 'Xã Vĩnh Thái', 37, 417, '1', '4545', 0),
(22405, 'Xã Phước Đồng', 37, 417, '1', '4527', 0),
(22408, 'Phường Cam Nghĩa', 37, 421, '1', '4515', 0),
(22411, 'Phường Cam Phúc Bắc', 37, 421, '1', '4519', 0),
(22414, 'Phường Cam Phúc Nam', 37, 421, '1', '4517', 0),
(22417, 'Phường Cam Lộc', 37, 421, '1', '4513', 0),
(22420, 'Phường Cam Phú', 37, 421, '1', '4516', 0),
(22423, 'Phường Ba Ngòi', 37, 421, '1', '4509', 0),
(22426, 'Phường Cam Thuận', 37, 421, '1', '4523', 0),
(22429, 'Phường Cam Lợi', 37, 421, '1', '4514', 0),
(22432, 'Phường Cam Linh', 37, 421, '1', '4512', 0),
(22435, 'Xã Cam Tân', 37, 761, '1', '4416', 0),
(22438, 'Xã Cam Hòa', 37, 761, '1', '4414', 0),
(22441, 'Xã Cam Hải Đông', 37, 761, '1', '4410', 0),
(22444, 'Xã Cam Hải Tây', 37, 761, '1', '4411', 0),
(22447, 'Xã Sơn Tân', 37, 761, '1', '4418', 0),
(22450, 'Xã Cam Hiệp Bắc', 37, 761, '1', '4412', 0),
(22453, 'Thị trấn Cam Đức', 37, 761, '1', '4420', 0),
(22456, 'Xã Cam Hiệp Nam', 37, 761, '1', '4413', 0),
(22459, 'Xã Cam Phước Tây', 37, 761, '1', '4415', 0),
(22462, 'Xã Cam Thành Bắc', 37, 761, '1', '4417', 0),
(22465, 'Xã Cam An Bắc', 37, 761, '1', '4408', 0),
(22468, 'Xã Cam Thành Nam', 37, 421, '1', '4520', 0),
(22471, 'Xã Cam An Nam', 37, 761, '1', '4409', 0),
(22474, 'Xã Cam Phước Đông', 37, 421, '1', '4518', 0),
(22477, 'Xã Cam Thịnh Tây', 37, 421, '1', '4522', 0),
(22480, 'Xã Cam Thịnh Đông', 37, 421, '1', '4521', 0),
(22483, 'Xã Cam Lập', 37, 421, '1', '4511', 0),
(22486, 'Xã Cam Bình', 37, 421, '1', '4510', 0),
(22489, 'Thị trấn Vạn Giã', 37, 418, '1', '4497', 0),
(22492, 'Xã Đại Lãnh', 37, 418, '1', '4496', 0),
(22495, 'Xã Vạn Phước', 37, 418, '1', '4503', 0),
(22498, 'Xã Vạn Long', 37, 418, '1', '4500', 0),
(22501, 'Xã Vạn Bình', 37, 418, '1', '4498', 0),
(22504, 'Xã Vạn Thọ', 37, 418, '1', '4506', 0),
(22507, 'Xã Vạn Khánh', 37, 418, '1', '4499', 0),
(22510, 'Xã Vạn Phú', 37, 418, '1', '4502', 0),
(22513, 'Xã Vạn Lương', 37, 418, '1', '4501', 0),
(22516, 'Xã Vạn Thắng', 37, 418, '1', '4504', 0),
(22519, 'Xã Vạn Thạnh', 37, 418, '1', '4505', 0),
(22522, 'Xã Xuân Sơn', 37, 418, '1', '4507', 0),
(22525, 'Xã Vạn Hưng', 37, 418, '1', '4508', 0),
(22528, 'Phường Ninh Hiệp', 37, 419, '1', '11570', 0),
(22531, 'Xã Ninh Sơn', 37, 419, '1', '4481', 0),
(22534, 'Xã Ninh Tây', 37, 419, '1', '4483', 0),
(22537, 'Xã Ninh Thượng', 37, 419, '1', '4486', 0),
(22540, 'Xã Ninh An', 37, 419, '1', '4465', 0),
(22543, 'Phường Ninh Hải', 37, 419, '0', NULL, 0),
(22546, 'Xã Ninh Thọ', 37, 419, '1', '4485', 0),
(22549, 'Xã Ninh Trung', 37, 419, '1', '4488', 0),
(22552, 'Xã Ninh Sim', 37, 419, '1', '4480', 0),
(22555, 'Xã Ninh Xuân', 37, 419, '1', '4490', 0),
(22558, 'Xã Ninh Thân', 37, 419, '1', '4484', 0),
(22561, 'Phường Ninh Diêm', 37, 419, '0', NULL, 0),
(22564, 'Xã Ninh Đông', 37, 419, '1', '4469', 0),
(22567, 'Phường Ninh Thủy', 37, 419, '0', NULL, 0),
(22570, 'Phường Ninh Đa', 37, 419, '0', NULL, 0),
(22573, 'Xã Ninh Phụng', 37, 419, '1', '4477', 0),
(22576, 'Xã Ninh Bình', 37, 419, '1', '4466', 0),
(22579, 'Xã Ninh Phước', 37, 419, '1', '4478', 0),
(22582, 'Xã Ninh Phú', 37, 419, '1', '4476', 0),
(22585, 'Xã Ninh Tân', 37, 419, '1', '4482', 0),
(22588, 'Xã Ninh Quang', 37, 419, '1', '4479', 0),
(22591, 'Phường Ninh Giang', 37, 419, '0', NULL, 0),
(22594, 'Phường Ninh Hà', 37, 419, '0', NULL, 0),
(22597, 'Xã Ninh Hưng', 37, 419, '1', '4473', 0),
(22600, 'Xã Ninh Lộc', 37, 419, '1', '4475', 0),
(22603, 'Xã Ninh Ích', 37, 419, '1', '4474', 0),
(22606, 'Xã Ninh Vân', 37, 419, '1', '4489', 0),
(22609, 'Thị trấn Khánh Vĩnh', 37, 422, '1', '4464', 0),
(22612, 'Xã Khánh Hiệp', 37, 422, '1', '4455', 0),
(22615, 'Xã Khánh Bình', 37, 422, '1', '4453', 0),
(22618, 'Xã Khánh Trung', 37, 422, '1', '4460', 0),
(22621, 'Xã Khánh Đông', 37, 422, '1', '4454', 0),
(22624, 'Xã Khánh Thượng', 37, 422, '1', '4459', 0),
(22627, 'Xã Khánh Nam', 37, 422, '1', '4456', 0),
(22630, 'Xã Sông Cầu', 37, 422, '1', '4463', 0),
(22633, 'Xã Giang Ly', 37, 422, '1', '4452', 0),
(22636, 'Xã Cầu Bà', 37, 422, '1', '4451', 0),
(22639, 'Xã Liên Sang', 37, 422, '1', '4461', 0),
(22642, 'Xã Khánh Thành', 37, 422, '1', '4458', 0),
(22645, 'Xã Khánh Phú', 37, 422, '1', '4457', 0),
(22648, 'Xã Sơn Thái', 37, 422, '1', '4462', 0),
(22651, 'Thị trấn Diên Khánh', 37, 420, '1', '4442', 0),
(22654, 'Xã Diên Lâm', 37, 420, '1', '4431', 0),
(22657, 'Xã Diên Điền', 37, 420, '1', '4427', 0),
(22660, 'Xã Diên Xuân', 37, 420, '1', '4440', 0),
(22663, 'Xã Diên Sơn', 37, 420, '1', '4435', 0),
(22666, 'Xã Diên Đồng', 37, 420, '1', '4428', 0),
(22669, 'Xã Diên Phú', 37, 420, '1', '4433', 0),
(22672, 'Xã Diên Thọ', 37, 420, '1', '4438', 0),
(22675, 'Xã Diên Phước', 37, 420, '1', '4434', 0),
(22678, 'Xã Diên Lạc', 37, 420, '1', '4430', 0),
(22681, 'Xã Diên Tân', 37, 420, '1', '4436', 0),
(22684, 'Xã Diên Hòa', 37, 420, '1', '4429', 0),
(22687, 'Xã Diên Thạnh', 37, 420, '1', '4437', 0),
(22690, 'Xã Diên Toàn', 37, 420, '1', '4439', 0),
(22693, 'Xã Diên An', 37, 420, '1', '4425', 0),
(22696, 'Xã Diên Bình', 37, 420, '1', '4426', 0),
(22699, 'Xã Diên Lộc', 37, 420, '1', '4432', 0),
(22702, 'Xã Suối Hiệp', 37, 420, '1', '4441', 0),
(22705, 'Xã Suối Tiên', 37, 420, '0', NULL, 0),
(22708, 'Xã Suối Cát', 37, 761, '1', '4421', 0),
(22711, 'Xã Suối Tân', 37, 761, '1', '4419', 0),
(22714, 'Thị trấn Tô Hạp', 37, 423, '1', '4450', 0),
(22717, 'Xã Thành Sơn', 37, 423, '1', '4449', 0),
(22720, 'Xã Sơn Lâm', 37, 423, '1', '4447', 0),
(22723, 'Xã Sơn Hiệp', 37, 423, '1', '4446', 0),
(22726, 'Xã Sơn Bình', 37, 423, '1', '4445', 0),
(22729, 'Xã Sơn Trung', 37, 423, '1', '4448', 0),
(22732, 'Xã Ba Cụm Bắc', 37, 423, '1', '4443', 0),
(22735, 'Xã Ba Cụm Nam', 37, 423, '1', '4444', 0),
(22736, 'Thị trấn Trường Sa', 37, 424, '1', '4493', 0),
(22737, 'Xã Song Tử Tây', 37, 424, '1', '4495', 0),
(22738, 'Phường Đô Vinh', 38, 501, '1', '6480', 0),
(22739, 'Xã Sinh Tồn', 37, 424, '1', '4494', 0),
(22741, 'Phường Phước Mỹ', 38, 501, '1', '6482', 0),
(22744, 'Phường Bảo An', 38, 501, '1', '6481', 0),
(22747, 'Phường Phủ Hà', 38, 501, '1', '6485', 0),
(22750, 'Phường Thanh Sơn', 38, 501, '1', '6484', 0),
(22753, 'Phường Mỹ Hương', 38, 501, '1', '6492', 0),
(22756, 'Phường Tấn Tài', 38, 501, '1', '6486', 0),
(22759, 'Phường Kinh Dinh', 38, 501, '1', '6487', 0),
(22762, 'Phường Đạo Long', 38, 501, '1', '6488', 0),
(22765, 'Phường Đài Sơn', 38, 501, '1', '6483', 0),
(22768, 'Phường Đông Hải', 38, 501, '1', '6494', 0),
(22771, 'Phường Mỹ Đông', 38, 501, '1', '6489', 0),
(22774, 'Xã Thành Hải', 38, 501, '1', '6495', 0),
(22777, 'Phường Văn Hải', 38, 501, '1', '6493', 0),
(22779, 'Phường Mỹ Bình', 38, 501, '1', '6491', 0),
(22780, 'Phường Mỹ Hải', 38, 501, '1', '6490', 0),
(22783, 'Xã Phước Bình', 38, 774, '1', '6432', 0),
(22786, 'Xã Phước Hòa', 38, 774, '1', '6433', 0),
(22789, 'Xã Phước Tân', 38, 774, '1', '6434', 0),
(22792, 'Xã Phước Tiến', 38, 774, '1', '6438', 0),
(22795, 'Xã Phước Thắng', 38, 774, '1', '6437', 0),
(22798, 'Xã Phước Thành', 38, 774, '1', '6436', 0),
(22801, 'Xã Phước Đại', 38, 774, '1', '6440', 0),
(22804, 'Xã Phước Chính', 38, 774, '1', '6435', 0),
(22807, 'Xã Phước Trung', 38, 774, '1', '6439', 0),
(22810, 'Thị trấn Tân Sơn', 38, 502, '1', '6459', 0),
(22813, 'Xã Lâm Sơn', 38, 502, '1', '6464', 0),
(22816, 'Xã Lương Sơn', 38, 502, '1', '6460', 0),
(22819, 'Xã Quảng Sơn', 38, 502, '1', '6461', 0),
(22822, 'Xã Mỹ Sơn', 38, 502, '1', '6465', 0),
(22825, 'Xã Hòa Sơn', 38, 502, '1', '6462', 0),
(22828, 'Xã Ma Nới', 38, 502, '1', '6466', 0),
(22831, 'Xã Nhơn Sơn', 38, 502, '1', '6463', 0),
(22834, 'Thị trấn Khánh Hải', 38, 503, '1', '6441', 0),
(22837, 'Xã Phước Chiến', 38, 775, '1', '6471', 0),
(22840, 'Xã Công Hải', 38, 775, '1', '6469', 0),
(22843, 'Xã Phước Kháng', 38, 775, '1', '6472', 0),
(22846, 'Xã Vĩnh Hải', 38, 503, '1', '6448', 0),
(22849, 'Xã Lợi Hải', 38, 775, '1', '6470', 0),
(22852, 'Xã Phương Hải', 38, 503, '1', '6444', 0),
(22853, 'Xã Bắc Sơn', 38, 775, '1', '6468', 0),
(22855, 'Xã Tân Hải', 38, 503, '1', '6447', 0),
(22856, 'Xã Bắc Phong', 38, 775, '1', '6467', 0),
(22858, 'Xã Xuân Hải', 38, 503, '1', '6449', 0),
(22861, 'Xã Hộ Hải', 38, 503, '1', '6442', 0),
(22864, 'Xã Tri Hải', 38, 503, '1', '6446', 0),
(22867, 'Xã Nhơn Hải', 38, 503, '1', '6443', 0),
(22868, 'Xã Thanh Hải', 38, 503, '1', '6445', 0),
(22870, 'Thị trấn Phước Dân', 38, 504, '1', '6450', 0),
(22873, 'Xã Phước Sơn', 38, 504, '1', '6454', 0),
(22876, 'Xã Phước Thái', 38, 504, '1', '6452', 0),
(22879, 'Xã Phước Hậu', 38, 504, '1', '6453', 0),
(22882, 'Xã Phước Thuận', 38, 504, '1', '6455', 0),
(22885, 'Xã Phước Hà', 38, 776, '1', '6479', 0),
(22888, 'Xã An Hải', 38, 504, '1', '6451', 0),
(22891, 'Xã Phước Hữu', 38, 504, '1', '6457', 0),
(22894, 'Xã Phước Hải', 38, 504, '1', '6456', 0),
(22897, 'Xã Phước Nam', 38, 776, '1', '6474', 0),
(22898, 'Xã Phước Ninh', 38, 776, '0', NULL, 0),
(22900, 'Xã Nhị Hà', 38, 776, '1', '6475', 0),
(22903, 'Xã Phước Dinh', 38, 776, '1', '6476', 0),
(22906, 'Xã Phước Minh', 38, 776, '1', '6477', 0),
(22909, 'Xã Phước Diêm', 38, 776, '1', '6478', 0),
(22910, 'Xã Cà Ná', 38, 776, '0', NULL, 0),
(22912, 'Xã Phước Vinh', 38, 504, '0', NULL, 0),
(22915, 'Phường Mũi Né', 39, 537, '1', '1053', 0),
(22918, 'Phường Hàm Tiến', 39, 537, '1', '1051', 0),
(22921, 'Phường Phú Hài', 39, 537, '1', '1050', 0),
(22924, 'Phường Phú Thủy', 39, 537, '1', '1043', 0),
(22927, 'Phường Phú Tài', 39, 537, '1', '1048', 0),
(22930, 'Phường Phú Trinh', 39, 537, '1', '1044', 0),
(22933, 'Phường Xuân An', 39, 537, '1', '1040', 0),
(22936, 'Phường Thanh Hải', 39, 537, '1', '1049', 0),
(22939, 'Phường Bình Hưng', 39, 537, '1', '1041', 0),
(22942, 'Phường Đức Nghĩa', 39, 537, '1', '1047', 0),
(22945, 'Phường Lạc Đạo', 39, 537, '1', '1052', 0),
(22948, 'Phường Đức Thắng', 39, 537, '1', '1046', 0),
(22951, 'Phường Hưng Long', 39, 537, '1', '1042', 0),
(22954, 'Phường Đức Long', 39, 537, '1', '1045', 0),
(22957, 'Xã Thiện Nghiệp', 39, 537, '1', '1054', 0),
(22960, 'Xã Phong Nẫm', 39, 537, '0', NULL, 0),
(22963, 'Xã Tiến Lợi', 39, 537, '1', '1056', 0),
(22966, 'Xã Tiến Thành', 39, 537, '1', '1057', 0),
(22969, 'Thị trấn Liên Hương', 39, 538, '1', '998', 0),
(22972, 'Thị trấn Phan Rí Cửa', 39, 538, '0', NULL, 0),
(22975, 'Xã Phan Dũng', 39, 538, '1', '1003', 0),
(22978, 'Xã Phong Phú', 39, 538, '1', '1006', 0),
(22981, 'Xã Vĩnh Hảo', 39, 538, '1', '1008', 0),
(22984, 'Xã Vĩnh Tân', 39, 538, '1', '1009', 0),
(22987, 'Xã Phú Lạc', 39, 538, '1', '1007', 0),
(22990, 'Xã Phước Thể', 39, 538, '1', '1004', 0),
(22993, 'Xã Hòa Minh', 39, 538, '1', '999', 0),
(22996, 'Xã Chí Công', 39, 538, '1', '1001', 0),
(22999, 'Xã Bình Thạnh', 39, 538, '1', '1002', 0),
(23002, 'Xã Hòa Phú', 39, 538, '1', '1005', 0),
(23005, 'Thị trấn Chợ Lầu', 39, 539, '1', '934', 0),
(23008, 'Xã Phan Sơn', 39, 539, '1', '951', 0),
(23011, 'Xã Phan Lâm', 39, 539, '1', '937', 0),
(23014, 'Xã Bình An', 39, 539, '1', '949', 0),
(23017, 'Xã Phan Điền', 39, 539, '1', '950', 0),
(23020, 'Xã Hải Ninh', 39, 539, '1', '946', 0),
(23023, 'Xã Sông Lũy', 39, 539, '1', '942', 0),
(23026, 'Xã Phan Tiến', 39, 539, '1', '941', 0),
(23029, 'Xã Sông Bình', 39, 539, '1', '943', 0),
(23032, 'Thị trấn Lương Sơn', 39, 539, '1', '936', 0),
(23035, 'Xã Phan Hòa', 39, 539, '1', '947', 0),
(23038, 'Xã Phan Thanh', 39, 539, '1', '945', 0),
(23041, 'Xã Hồng Thái', 39, 539, '1', '944', 0),
(23044, 'Xã Phan Hiệp', 39, 539, '1', '953', 0),
(23047, 'Xã Bình Tân', 39, 539, '1', '940', 0),
(23050, 'Xã Phan Rí Thành', 39, 539, '1', '935', 0),
(23053, 'Xã Hòa Thắng', 39, 539, '1', '939', 0),
(23056, 'Xã Hồng Phong', 39, 539, '1', '938', 0),
(23059, 'Thị trấn Ma Lâm', 39, 540, '1', '958', 0),
(23062, 'Thị trấn Phú Long', 39, 540, '1', '957', 0),
(23065, 'Xã La Dạ', 39, 540, '1', '961', 0),
(23068, 'Xã Đông Tiến', 39, 540, '1', '960', 0),
(23071, 'Xã Thuận Hòa', 39, 540, '1', '963', 0),
(23074, 'Xã Đông Giang', 39, 540, '1', '962', 0),
(23077, 'Xã Hàm Phú', 39, 540, '1', '964', 0),
(23080, 'Xã Hồng Liêm', 39, 540, '1', '968', 0),
(23083, 'Xã Thuận Minh', 39, 540, '1', '965', 0),
(23086, 'Xã Hồng Sơn', 39, 540, '1', '970', 0),
(23089, 'Xã Hàm Trí', 39, 540, '1', '967', 0),
(23092, 'Xã Hàm Đức', 39, 540, '1', '969', 0),
(23095, 'Xã Hàm Liêm', 39, 540, '1', '956', 0),
(23098, 'Xã Hàm Chính', 39, 540, '1', '955', 0),
(23101, 'Xã Hàm Hiệp', 39, 540, '1', '966', 0),
(23104, 'Xã Hàm Thắng', 39, 540, '1', '954', 0),
(23107, 'Xã Đa Mi', 39, 540, '1', '959', 0),
(23110, 'Thị trấn Thuận Nam', 39, 541, '0', NULL, 0),
(23113, 'Xã Mỹ Thạnh', 39, 541, '1', '980', 0),
(23116, 'Xã Hàm Cần', 39, 541, '1', '981', 0),
(23119, 'Xã Mương Mán', 39, 541, '1', '982', 0),
(23122, 'Xã Hàm Thạnh', 39, 541, '1', '979', 0),
(23125, 'Xã Hàm Kiệm', 39, 541, '1', '972', 0),
(23128, 'Xã Hàm Cường', 39, 541, '1', '983', 0),
(23131, 'Xã Hàm Mỹ', 39, 541, '1', '975', 0),
(23134, 'Xã Tân Lập', 39, 541, '1', '977', 0),
(23137, 'Xã Hàm Minh', 39, 541, '1', '971', 0),
(23140, 'Xã Thuận Quí', 39, 541, '0', NULL, 0),
(23143, 'Xã Tân Thuận', 39, 541, '1', '973', 0),
(23146, 'Xã Tân Thành', 39, 541, '1', '974', 0),
(23149, 'Thị trấn Lạc Tánh', 39, 542, '1', '1017', 0),
(23152, 'Xã Bắc Ruộng', 39, 542, '1', '1019', 0),
(23155, 'Xã Măng Tố', 39, 542, '1', '1025', 0),
(23158, 'Xã Nghị Đức', 39, 542, '1', '1020', 0),
(23161, 'Xã La Ngâu', 39, 542, '1', '1021', 0),
(23164, 'Xã Huy Khiêm', 39, 542, '1', '1015', 0),
(23167, 'Xã Đức Tân', 39, 542, '1', '1022', 0),
(23170, 'Xã Đức Phú', 39, 542, '1', '1023', 0),
(23173, 'Xã Đồng Kho', 39, 542, '1', '1010', 0),
(23176, 'Xã Gia An', 39, 542, '1', '1013', 0),
(23179, 'Xã Đức Bình', 39, 542, '1', '1011', 0),
(23182, 'Xã Gia Huynh', 39, 542, '1', '1014', 0),
(23185, 'Xã Đức Thuận', 39, 542, '1', '1012', 0),
(23188, 'Xã Suối Kiết', 39, 542, '1', '1024', 0),
(23191, 'Thị trấn Võ Xu', 39, 544, '1', '1030', 0),
(23194, 'Thị trấn Đức Tài', 39, 544, '1', '1029', 0),
(23197, 'Xã Đa Kai', 39, 544, '1', '1037', 0),
(23200, 'Xã Sùng Nhơn', 39, 544, '1', '1039', 0),
(23203, 'Xã Mê Pu', 39, 544, '1', '1035', 0),
(23206, 'Xã Nam Chính', 39, 544, '1', '1028', 0),
(23209, 'Xã Đức Chính', 39, 544, '1', '1026', 0),
(23212, 'Xã Đức Hạnh', 39, 544, '1', '1031', 0),
(23215, 'Xã Đức Tín', 39, 544, '1', '1032', 0),
(23218, 'Xã Vũ Hoà', 39, 544, '1', '1036', 0),
(23221, 'Xã Tân Hà', 39, 544, '1', '1033', 0),
(23224, 'Xã Đông Hà', 39, 544, '1', '1038', 0),
(23227, 'Xã Trà Tân', 39, 544, '1', '1034', 0),
(23230, 'Thị trấn Tân Minh', 39, 543, '1', '993', 0),
(23231, 'Phường Phước Hội', 39, 728, '1', '1062', 0),
(23232, 'Phường Phước Lộc', 39, 728, '1', '1061', 0),
(23234, 'Phường Tân Thiện', 39, 728, '1', '1059', 0),
(23235, 'Phường Tân An', 39, 728, '1', '1058', 0),
(23236, 'Thị trấn Tân Nghĩa', 39, 543, '1', '994', 0),
(23237, 'Phường Bình Tân', 39, 728, '1', '1060', 0),
(23239, 'Xã Sông Phan', 39, 543, '1', '987', 0),
(23242, 'Xã Tân Phúc', 39, 543, '1', '989', 0),
(23245, 'Xã Tân Hải', 39, 728, '1', '1066', 0),
(23246, 'Xã Tân Tiến', 39, 728, '1', '1064', 0),
(23248, 'Xã Tân Bình', 39, 728, '1', '1065', 0),
(23251, 'Xã Tân Đức', 39, 543, '1', '990', 0),
(23254, 'Xã Tân Thắng', 39, 543, '1', '988', 0),
(23255, 'Xã Thắng Hải', 39, 543, '1', '992', 0),
(23257, 'Xã Tân Hà', 39, 543, '1', '984', 0),
(23260, 'Xã Tân Xuân', 39, 543, '1', '986', 0),
(23266, 'Xã Sơn Mỹ', 39, 543, '1', '991', 0),
(23268, 'Xã Tân Phước', 39, 728, '1', '1063', 0),
(23272, 'Xã Ngũ Phụng', 39, 545, '1', '995', 0),
(23275, 'Xã Long Hải', 39, 545, '1', '996', 0),
(23278, 'Xã Tam Thanh', 39, 545, '1', '997', 0),
(23281, 'Phường Quang Trung', 40, 426, '1', '4787', 0),
(23284, 'Phường Duy Tân', 40, 426, '1', '4791', 0),
(23287, 'Phường Quyết Thắng', 40, 426, '1', '4788', 0),
(23290, 'Phường Trường Chinh', 40, 426, '1', '4792', 0),
(23293, 'Phường Thắng Lợi', 40, 426, '1', '4789', 0),
(23296, 'Phường Ngô Mây', 40, 426, '1', '4793', 0),
(23299, 'Phường Thống Nhất', 40, 426, '1', '4790', 0),
(23302, 'Phường Lê Lợi', 40, 426, '1', '4794', 0),
(23305, 'Phường Nguyễn Trãi', 40, 426, '1', '4796', 0),
(23308, 'Phường Trần Hưng Đạo', 40, 426, '1', '4795', 0),
(23311, 'Xã Đắk Cấm', 40, 426, '1', '4805', 0),
(23314, 'Xã Kroong', 40, 426, '1', '4804', 0),
(23317, 'Xã Ngọk Bay', 40, 426, '0', NULL, 0),
(23320, 'Xã Vinh Quang', 40, 426, '1', '4802', 0),
(23323, 'Xã Đắk Blà', 40, 426, '1', '4799', 0),
(23326, 'Xã Ia Chim', 40, 426, '1', '4801', 0),
(23327, 'Xã Đăk Năng', 40, 426, '0', NULL, 0),
(23329, 'Xã Đoàn Kết', 40, 426, '1', '4806', 0),
(23332, 'Xã Chư Hreng', 40, 426, '1', '4797', 0),
(23335, 'Xã Đắk Rơ Wa', 40, 426, '0', NULL, 0),
(23338, 'Xã Hòa Bình', 40, 426, '1', '4798', 0),
(23341, 'Thị trấn Đắk Glei', 40, 427, '1', '4759', 0),
(23344, 'Xã Đắk Plô', 40, 427, '1', '4760', 0),
(23347, 'Xã Đắk Man', 40, 427, '1', '4761', 0),
(23350, 'Xã Đắk Nhoong', 40, 427, '0', NULL, 0),
(23353, 'Xã Đắk Pék', 40, 427, '1', '11639', 0),
(23356, 'Xã Đắk Choong', 40, 427, '1', '4762', 0),
(23359, 'Xã Xốp', 40, 427, '1', '4763', 0),
(23362, 'Xã Mường Hoong', 40, 427, '1', '4764', 0),
(23365, 'Xã Ngọc Linh', 40, 427, '1', '4765', 0),
(23368, 'Xã Đắk Long', 40, 427, '1', '4766', 0),
(23371, 'Xã Đắk KRoong', 40, 427, '1', '4767', 0),
(23374, 'Xã Đắk Môn', 40, 427, '1', '4768', 0),
(23377, 'Thị trấn Plei Cần', 40, 428, '0', NULL, 0),
(23380, 'Xã Đắk Ang', 40, 428, '1', '4732', 0),
(23383, 'Xã Đắk Dục', 40, 428, '1', '4733', 0),
(23386, 'Xã Đắk Nông', 40, 428, '1', '4734', 0),
(23389, 'Xã Đắk Xú', 40, 428, '1', '4738', 0),
(23392, 'Xã Đắk Kan', 40, 428, '1', '4735', 0),
(23395, 'Xã Pờ Y', 40, 428, '1', '4736', 0),
(23398, 'Xã Sa Loong', 40, 428, '1', '4737', 0),
(23401, 'Thị trấn Đắk Tô', 40, 429, '1', '4778', 0),
(23404, 'Xã Ngọk Lây', 40, 813, '1', '4750', 0),
(23407, 'Xã Đắk Na', 40, 813, '1', '4751', 0),
(23410, 'Xã Măng Ri', 40, 813, '1', '4752', 0),
(23413, 'Xã Ngok Yêu', 40, 813, '1', '4753', 0),
(23416, 'Xã Đắk Sao', 40, 813, '1', '4754', 0),
(23417, 'Xã Đắk Rơ Ông', 40, 813, '1', '4755', 0),
(23419, 'Xã Đắk Tơ Kan', 40, 813, '0', NULL, 0),
(23422, 'Xã Tu Mơ Rông', 40, 813, '0', NULL, 0),
(23425, 'Xã Đắk Hà', 40, 813, '1', '4756', 0),
(23427, 'Xã Đắk Rơ Nga', 40, 429, '1', '4785', 0),
(23428, 'Xã Ngọk Tụ', 40, 429, '1', '4779', 0),
(23430, 'Xã Đắk Trăm', 40, 429, '1', '4786', 0),
(23431, 'Xã Văn Lem', 40, 429, '1', '4780', 0),
(23434, 'Xã Kon Đào', 40, 429, '1', '4781', 0),
(23437, 'Xã Tân Cảnh', 40, 429, '1', '4782', 0),
(23440, 'Xã Diên Bình', 40, 429, '1', '4783', 0),
(23443, 'Xã Pô Kô', 40, 429, '1', '4784', 0),
(23446, 'Xã Tê Xăng', 40, 813, '1', '4757', 0),
(23449, 'Xã Văn Xuôi', 40, 813, '1', '4758', 0),
(23452, 'Xã Đắk Nên', 40, 430, '1', '4715', 0),
(23455, 'Xã Đắk Ring', 40, 430, '1', '4716', 0),
(23458, 'Xã Măng Buk', 40, 430, '1', '4717', 0),
(23461, 'Xã Đắk Tăng', 40, 430, '1', '4718', 0),
(23464, 'Xã Ngok Tem', 40, 430, '1', '4719', 0),
(23467, 'Xã Pờ Ê', 40, 430, '1', '4720', 0),
(23470, 'Xã Măng Cành', 40, 430, '1', '4721', 0),
(23473, 'Xã Đắk Long', 40, 430, '1', '4722', 0),
(23476, 'Xã Hiếu', 40, 430, '1', '4723', 0),
(23479, 'Thị trấn Đắk Rve', 40, 765, '1', '4724', 0),
(23482, 'Xã Đắk Kôi', 40, 765, '1', '4725', 0),
(23485, 'Xã Đắk Tơ Lung', 40, 765, '1', '4726', 0),
(23488, 'Xã Đắk Ruồng', 40, 765, '1', '4727', 0),
(23491, 'Xã Đắk Pne', 40, 765, '1', '4728', 0),
(23494, 'Xã Đắk Tờ Re', 40, 765, '1', '4729', 0),
(23497, 'Xã Tân Lập', 40, 765, '1', '4730', 0),
(23500, 'Thị trấn Đắk Hà', 40, 431, '1', '4769', 0),
(23503, 'Xã Đắk PXi', 40, 431, '1', '4770', 0),
(23504, 'Xã Đăk Long', 40, 431, '0', NULL, 0),
(23506, 'Xã Đắk HRing', 40, 431, '1', '4771', 0),
(23509, 'Xã Đắk Ui', 40, 431, '1', '4772', 0),
(23510, 'Xã Đăk Ngọk', 40, 431, '0', NULL, 0),
(23512, 'Xã Đắk Mar', 40, 431, '1', '4773', 0),
(23515, 'Xã Ngok Wang', 40, 431, '1', '4774', 0),
(23518, 'Xã Ngok Réo', 40, 431, '1', '4775', 0),
(23521, 'Xã Hà Mòn', 40, 431, '1', '4776', 0),
(23524, 'Xã Đắk La', 40, 431, '1', '4777', 0),
(23527, 'Thị trấn Sa Thầy', 40, 432, '1', '4739', 0),
(23530, 'Xã Rơ Kơi', 40, 432, '1', '4740', 0),
(23533, 'Xã Sa Nhơn', 40, 432, '1', '4741', 0),
(23534, 'Xã Hơ Moong', 40, 432, '1', '4749', 0),
(23535, 'Xã Ia Dal', 41, 438, '0', NULL, 0),
(23536, 'Xã Mô Rai', 40, 432, '0', NULL, 0),
(23537, 'Xã Ia Dom', 41, 438, '0', NULL, 0),
(23538, 'Xã Ia Tơi', 41, 438, '0', NULL, 0),
(23539, 'Xã Sa Sơn', 40, 432, '1', '4743', 0),
(23542, 'Xã Sa Nghĩa', 40, 432, '1', '4744', 0),
(23545, 'Xã Sa Bình', 40, 432, '1', '4745', 0),
(23548, 'Xã Ya Xiêr', 40, 432, '1', '4746', 0),
(23551, 'Xã Ya Tăng', 40, 432, '1', '4747', 0),
(23554, 'Xã Ya ly', 40, 432, '1', '4748', 0),
(23557, 'Phường Yên Đỗ', 41, 434, '1', '2507', 0),
(23560, 'Phường Diên Hồng', 41, 434, '1', '2508', 0),
(23563, 'Phường Ia Kring', 41, 434, '0', NULL, 0),
(23566, 'Phường Hội Thương', 41, 434, '1', '2511', 0),
(23569, 'Phường Hội Phú', 41, 434, '1', '2512', 0),
(23570, 'Phường Phù Đổng', 41, 434, '1', '2521', 0),
(23572, 'Phường Hoa Lư', 41, 434, '1', '2500', 0),
(23575, 'Phường Tây Sơn', 41, 434, '1', '2504', 0),
(23578, 'Phường Thống Nhất', 41, 434, '1', '2503', 0),
(23579, 'Phường Đống Đa', 41, 434, '1', '2506', 0),
(23581, 'Phường Trà Bá', 41, 434, '1', '2509', 0),
(23582, 'Phường Thắng Lợi', 41, 434, '1', '2505', 0),
(23584, 'Phường Yên Thế', 41, 434, '1', '2502', 0),
(23586, 'Phường Chi Lăng', 41, 434, '1', '2501', 0),
(23587, 'Xã Chư HDrông', 41, 434, '0', NULL, 0),
(23590, 'Xã Biển Hồ', 41, 434, '1', '2516', 0),
(23593, 'Xã Tân Sơn', 41, 434, '1', '2520', 0),
(23596, 'Xã Trà Đa', 41, 434, '1', '2517', 0),
(23599, 'Xã Chư Á', 41, 434, '1', '2519', 0),
(23602, 'Xã An Phú', 41, 434, '1', '2513', 0),
(23605, 'Xã Diên Phú', 41, 434, '1', '2514', 0),
(23608, 'Xã Ia Kênh', 41, 434, '0', NULL, 0),
(23611, 'Xã Gào', 41, 434, '1', '2522', 0),
(23614, 'Phường An Bình', 41, 439, '1', '2523', 0),
(23617, 'Phường Tây Sơn', 41, 439, '1', '2525', 0),
(23620, 'Phường An Phú', 41, 439, '1', '2524', 0),
(23623, 'Phường An Tân', 41, 439, '1', '2526', 0),
(23626, 'Xã Tú An', 41, 439, '1', '2530', 0),
(23627, 'Xã Xuân An', 41, 439, '1', '2532', 0),
(23629, 'Xã Cửu An', 41, 439, '1', '2531', 0),
(23630, 'Phường An Phước', 41, 439, '1', '2528', 0),
(23632, 'Xã Song An', 41, 439, '1', '2529', 0),
(23633, 'Phường Ngô Mây', 41, 439, '1', '2527', 0),
(23635, 'Xã Thành An', 41, 439, '1', '2533', 0),
(23638, 'Thị trấn KBang', 41, 435, '1', '2400', 0),
(23641, 'Xã Kon Pne', 41, 435, '1', '2412', 0),
(23644, 'Xã Đăk Roong', 41, 435, '1', '2409', 0),
(23647, 'Xã Sơn Lang', 41, 435, '0', NULL, 0),
(23650, 'Xã KRong', 41, 435, '0', NULL, 0),
(23653, 'Xã Sơ Pai', 41, 435, '1', '2406', 0),
(23656, 'Xã Lơ Ku', 41, 435, '1', '2413', 0),
(23659, 'Xã Đông', 41, 435, '1', '2401', 0),
(23660, 'Xã Đak SMar', 41, 435, '0', NULL, 0),
(23662, 'Xã Nghĩa An', 41, 435, '1', '2402', 0),
(23665, 'Xã Tơ Tung', 41, 435, '1', '2403', 0),
(23668, 'Xã Kông Lơng Khơng', 41, 435, '0', NULL, 0),
(23671, 'Xã Kông Pla', 41, 435, '0', NULL, 0),
(23674, 'Xã Đăk HLơ', 41, 435, '1', '2408', 0),
(23677, 'Thị trấn Đăk Đoa', 41, 745, '1', '2489', 0),
(23680, 'Xã Hà Đông', 41, 745, '1', '2488', 0),
(23683, 'Xã Đăk Sơmei', 41, 745, '0', NULL, 0),
(23684, 'Xã Đăk Krong', 41, 745, '1', '2480', 0),
(23686, 'Xã Hải Yang', 41, 745, '1', '2486', 0),
(23689, 'Xã Kon Gang', 41, 745, '1', '2484', 0),
(23692, 'Xã Hà Bầu', 41, 745, '1', '2482', 0),
(23695, 'Xã Nam Yang', 41, 745, '1', '2473', 0),
(23698, 'Xã K\' Dang', 41, 745, '0', NULL, 0),
(23701, 'Xã H\' Neng', 41, 745, '0', NULL, 0),
(23704, 'Xã Tân Bình', 41, 745, '1', '2475', 0),
(23707, 'Xã Glar', 41, 745, '1', '2477', 0),
(23710, 'Xã A Dơk', 41, 745, '0', NULL, 0),
(23713, 'Xã Trang', 41, 745, '1', '2483', 0),
(23714, 'Xã HNol', 41, 745, '1', '2485', 0),
(23716, 'Xã Ia Pết', 41, 745, '1', '2479', 0),
(23719, 'Xã Ia Băng', 41, 745, '1', '2478', 0),
(23722, 'Thị trấn Phú Hòa', 41, 437, '1', '2339', 0),
(23725, 'Xã Hà Tây', 41, 437, '1', '2352', 0),
(23728, 'Xã Ia Khươl', 41, 437, '1', '2347', 0),
(23731, 'Xã Ia Phí', 41, 437, '1', '2346', 0),
(23734, 'Thị trấn Ia Ly', 41, 437, '0', NULL, 0),
(23737, 'Xã Ia Mơ Nông', 41, 437, '1', '2351', 0),
(23738, 'Xã Ia Kreng', 41, 437, '0', NULL, 0),
(23740, 'Xã Đăk Tơ Ver', 41, 437, '1', '2350', 0),
(23743, 'Xã Hòa Phú', 41, 437, '1', '2344', 0),
(23746, 'Xã Chư Đăng Ya', 41, 437, '1', '2349', 0),
(23749, 'Xã Ia Ka', 41, 437, '0', NULL, 0),
(23752, 'Xã Ia Nhin', 41, 437, '1', '2343', 0),
(23755, 'Xã Nghĩa Hòa', 41, 437, '1', '2341', 0),
(23758, 'Xã Chư Jôr', 41, 437, '1', '2345', 0),
(23761, 'Xã Nghĩa Hưng', 41, 437, '1', '2340', 0),
(23764, 'Thị trấn Ia Kha', 41, 438, '0', NULL, 0),
(23767, 'Xã Ia Sao', 41, 438, '1', '2379', 0),
(23768, 'Xã Ia Yok', 41, 438, '1', '2380', 0),
(23770, 'Xã Ia Hrung', 41, 438, '1', '2382', 0),
(23771, 'Xã Ia Bă', 41, 438, '1', '2388', 0),
(23773, 'Xã Ia Khai', 41, 438, '1', '2390', 0),
(23776, 'Xã Ia KRai', 41, 438, '1', '2384', 0),
(23778, 'Xã Ia Grăng', 41, 438, '1', '2389', 0),
(23779, 'Xã Ia Tô', 41, 438, '1', '2383', 0),
(23782, 'Xã Ia O', 41, 438, '1', '2385', 0),
(23785, 'Xã Ia Dêr', 41, 438, '1', '2381', 0),
(23788, 'Xã Ia Chia', 41, 438, '0', NULL, 0),
(23791, 'Xã Ia Pếch', 41, 438, '1', '2386', 0),
(23794, 'Thị trấn Kon Dơng', 41, 436, '0', NULL, 0),
(23797, 'Xã Ayun', 41, 436, '1', '2446', 0),
(23798, 'Xã Đak Jơ Ta', 41, 436, '1', '2447', 0),
(23799, 'Xã Đak Ta Ley', 41, 436, '0', NULL, 0),
(23800, 'Xã Hà Ra', 41, 436, '1', '2452', 0),
(23803, 'Xã Đăk Yă', 41, 436, '1', '2443', 0),
(23806, 'Xã Đăk Djrăng', 41, 436, '0', NULL, 0),
(23809, 'Xã Lơ Pang', 41, 436, '1', '2450', 0),
(23812, 'Xã Kon Thụp', 41, 436, '1', '2445', 0),
(23815, 'Xã Đê Ar', 41, 436, '1', '2448', 0),
(23818, 'Xã Kon Chiêng', 41, 436, '1', '2451', 0),
(23821, 'Xã Đăk Trôi', 41, 436, '1', '2449', 0),
(23824, 'Thị trấn Kông Chro', 41, 440, '0', NULL, 0),
(23827, 'Xã Chư Krêy', 41, 440, '0', NULL, 0),
(23830, 'Xã An Trung', 41, 440, '1', '2431', 0),
(23833, 'Xã Kông Yang', 41, 440, '1', '2429', 0),
(23836, 'Xã Đăk Tơ Pang', 41, 440, '1', '2438', 0),
(23839, 'Xã SRó', 41, 440, '1', '2439', 0),
(23840, 'Xã Đắk Kơ Ning', 41, 440, '1', '2437', 0),
(23842, 'Xã Đăk Song', 41, 440, '1', '2441', 0),
(23843, 'Xã Đăk Pling', 41, 440, '1', '2440', 0),
(23845, 'Xã Yang Trung', 41, 440, '1', '2432', 0),
(23846, 'Xã Đăk Pơ Pho', 41, 440, '1', '2433', 0),
(23848, 'Xã Ya Ma', 41, 440, '0', NULL, 0),
(23851, 'Xã Chơ Long', 41, 440, '1', '2435', 0),
(23854, 'Xã Yang Nam', 41, 440, '1', '2434', 0),
(23857, 'Thị trấn Chư Ty', 41, 441, '1', '2490', 0),
(23860, 'Xã Ia Dơk', 41, 441, '1', '2491', 0),
(23863, 'Xã Ia Krêl', 41, 441, '1', '2494', 0),
(23866, 'Xã Ia Din', 41, 441, '0', NULL, 0),
(23869, 'Xã Ia Kla', 41, 441, '1', '2492', 0),
(23872, 'Xã Ia Dom', 41, 441, '1', '2496', 0),
(23875, 'Xã Ia Lang', 41, 441, '1', '2499', 0),
(23878, 'Xã Ia Kriêng', 41, 441, '1', '2497', 0),
(23881, 'Xã Ia Pnôn', 41, 441, '1', '2498', 0),
(23884, 'Xã Ia Nan', 41, 441, '1', '2493', 0),
(23887, 'Thị trấn Chư Prông', 41, 442, '1', '2319', 0),
(23888, 'Xã Ia Kly', 41, 442, '1', '2338', 0),
(23890, 'Xã Bình Giáo', 41, 442, '1', '2322', 0),
(23893, 'Xã Ia Drăng', 41, 442, '1', '2320', 0),
(23896, 'Xã Thăng Hưng', 41, 442, '1', '2321', 0),
(23899, 'Xã Bàu Cạn', 41, 442, '1', '2323', 0),
(23902, 'Xã Ia Phìn', 41, 442, '1', '2331', 0),
(23905, 'Xã Ia Băng', 41, 442, '1', '2337', 0),
(23908, 'Xã Ia Tôr', 41, 442, '1', '2324', 0),
(23911, 'Xã Ia Boòng', 41, 442, '1', '2328', 0),
(23914, 'Xã Ia O', 41, 442, '1', '2333', 0),
(23917, 'Xã Ia Púch', 41, 442, '1', '2335', 0),
(23920, 'Xã Ia Me', 41, 442, '1', '2330', 0),
(23923, 'Xã Ia Vê', 41, 442, '1', '2332', 0),
(23924, 'Xã Ia Bang', 41, 442, '0', NULL, 0),
(23926, 'Xã Ia Pia', 41, 442, '1', '2326', 0),
(23929, 'Xã Ia Ga', 41, 442, '0', NULL, 0),
(23932, 'Xã Ia Lâu', 41, 442, '1', '2329', 0),
(23935, 'Xã Ia Piơr', 41, 442, '1', '2325', 0),
(23938, 'Xã Ia Mơ', 41, 442, '0', NULL, 0),
(23941, 'Thị trấn Chư Sê', 41, 443, '1', '2363', 0),
(23942, 'Thị trấn Nhơn Hoà', 41, 746, '0', NULL, 0),
(23944, 'Xã Ia Tiêm', 41, 443, '1', '2364', 0),
(23945, 'Xã Chư Pơng', 41, 443, '0', NULL, 0),
(23946, 'Xã Bar Măih', 41, 443, '1', '2377', 0),
(23947, 'Xã Bờ Ngoong', 41, 443, '1', '2371', 0),
(23950, 'Xã Ia Glai', 41, 443, '1', '2372', 0),
(23953, 'Xã AL Bá', 41, 443, '0', NULL, 0),
(23954, 'Xã Kông HTok', 41, 443, '0', NULL, 0),
(23956, 'Xã AYun', 41, 443, '1', '2374', 0),
(23959, 'Xã Ia HLốp', 41, 443, '1', '2373', 0),
(23962, 'Xã Ia Blang', 41, 443, '1', '2368', 0),
(23965, 'Xã Dun', 41, 443, '1', '2369', 0),
(23966, 'Xã Ia Pal', 41, 443, '0', NULL, 0),
(23968, 'Xã H Bông', 41, 443, '0', NULL, 0),
(23971, 'Xã Ia Hrú', 41, 746, '1', '2356', 0),
(23972, 'Xã Ia Rong', 41, 746, '0', NULL, 0),
(23974, 'Xã Ia Dreng', 41, 746, '0', NULL, 0),
(23977, 'Xã Ia Ko', 41, 443, '0', NULL, 0),
(23978, 'Xã Ia Hla', 41, 746, '1', '2361', 0),
(23980, 'Xã Chư Don', 41, 746, '0', NULL, 0),
(23983, 'Xã Ia Phang', 41, 746, '1', '2360', 0),
(23986, 'Xã Ia Le', 41, 746, '0', NULL, 0),
(23987, 'Xã Ia BLứ', 41, 746, '1', '2362', 0),
(23989, 'Xã Hà Tam', 41, 809, '1', '2467', 0),
(23992, 'Xã An Thành', 41, 809, '1', '2469', 0),
(23995, 'Thị trấn Đak Pơ', 41, 809, '0', NULL, 0),
(23998, 'Xã Yang Bắc', 41, 809, '1', '2471', 0),
(24001, 'Xã Cư An', 41, 809, '1', '2465', 0),
(24004, 'Xã Tân An', 41, 809, '1', '2466', 0),
(24007, 'Xã Phú An', 41, 809, '1', '2468', 0),
(24010, 'Xã Ya Hội', 41, 809, '1', '2470', 0),
(24013, 'Xã Pờ Tó', 41, 748, '1', '2396', 0),
(24016, 'Xã Chư Răng', 41, 748, '1', '2395', 0),
(24019, 'Xã Ia KDăm', 41, 748, '1', '2398', 0),
(24022, 'Xã Kim Tân', 41, 748, '1', '2394', 0),
(24025, 'Xã Chư Mố', 41, 748, '1', '2397', 0),
(24028, 'Xã Ia Tul', 41, 748, '1', '2399', 0),
(24031, 'Xã Ia Ma Rơn', 41, 748, '0', NULL, 0),
(24034, 'Xã Ia Broăi', 41, 748, '0', NULL, 0),
(24037, 'Xã Ia Trok', 41, 748, '1', '2391', 0),
(24041, 'Phường Cheo Reo', 41, 444, '1', '2536', 0),
(24042, 'Phường Hòa Bình', 41, 444, '1', '2534', 0),
(24043, 'Thị trấn Phú Thiện', 41, 747, '1', '2454', 0),
(24044, 'Phường Đoàn Kết', 41, 444, '1', '2535', 0),
(24045, 'Phường Sông Bờ', 41, 444, '1', '2537', 0),
(24046, 'Xã Chư A Thai', 41, 747, '1', '2457', 0),
(24048, 'Xã Ayun Hạ', 41, 747, '1', '2455', 0),
(24049, 'Xã Ia Ake', 41, 747, '0', NULL, 0),
(24052, 'Xã Ia Sol', 41, 747, '0', NULL, 0),
(24055, 'Xã Ia Piar', 41, 747, '1', '2460', 0),
(24058, 'Xã Ia Peng', 41, 747, '1', '2461', 0),
(24060, 'Xã Chrôh Pơnan', 41, 747, '1', '2456', 0),
(24061, 'Xã Ia Hiao', 41, 747, '1', '2459', 0),
(24064, 'Xã Ia RBol', 41, 444, '0', NULL, 0),
(24065, 'Xã Chư Băh', 41, 444, '0', NULL, 0),
(24067, 'Xã Ia Yeng', 41, 747, '1', '2463', 0),
(24070, 'Xã Ia RTô', 41, 444, '0', NULL, 0),
(24073, 'Xã Ia Sao', 41, 444, '0', NULL, 0),
(24076, 'Thị trấn Phú Túc', 41, 445, '1', '2414', 0),
(24079, 'Xã Ia RSai', 41, 445, '0', NULL, 0),
(24082, 'Xã Ia RSươm', 41, 445, '0', NULL, 0),
(24085, 'Xã Chư Gu', 41, 445, '1', '2416', 0),
(24088, 'Xã Đất Bằng', 41, 445, '1', '2423', 0),
(24091, 'Xã Ia Mláh', 41, 445, '1', '2422', 0),
(24094, 'Xã Chư Drăng', 41, 445, '1', '2419', 0),
(24097, 'Xã Phú Cần', 41, 445, '1', '2415', 0),
(24100, 'Xã Ia HDreh', 41, 445, '1', '2424', 0),
(24103, 'Xã Ia RMok', 41, 445, '0', NULL, 0),
(24106, 'Xã Chư Ngọc', 41, 445, '1', '2417', 0),
(24109, 'Xã Uar', 41, 445, '1', '2425', 0),
(24112, 'Xã Chư Rcăm', 41, 445, '0', NULL, 0),
(24115, 'Xã Krông Năng', 41, 445, '1', '2421', 0),
(24118, 'Phường Tân Lập', 42, 447, '1', '10582', 0),
(24121, 'Phường Tân Hòa', 42, 447, '1', '10581', 0),
(24124, 'Phường Tân An', 42, 447, '1', '10585', 0),
(24127, 'Phường Thống Nhất', 42, 447, '1', '10578', 0),
(24130, 'Phường Thành Nhất', 42, 447, '1', '10579', 0),
(24133, 'Phường Thắng Lợi', 42, 447, '1', '10575', 0),
(24136, 'Phường Tân Lợi', 42, 447, '1', '10574', 0),
(24139, 'Phường Thành Công', 42, 447, '1', '10577', 0),
(24142, 'Phường Tân Thành', 42, 447, '1', '10584', 0),
(24145, 'Phường Tân Tiến', 42, 447, '1', '10576', 0),
(24148, 'Phường Tự An', 42, 447, '1', '10580', 0),
(24151, 'Phường Ea Tam', 42, 447, '0', NULL, 0),
(24154, 'Phường Khánh Xuân', 42, 447, '1', '10586', 0),
(24157, 'Xã Hòa Thuận', 42, 447, '1', '10588', 0),
(24160, 'Xã Cư ÊBur', 42, 447, '0', NULL, 0),
(24163, 'Xã Ea Tu', 42, 447, '0', NULL, 0),
(24166, 'Xã Hòa Thắng', 42, 447, '1', '10587', 0),
(24169, 'Xã Ea Kao', 42, 447, '0', NULL, 0),
(24172, 'Xã Hòa Phú', 42, 447, '1', '10590', 0),
(24175, 'Xã Hòa Khánh', 42, 447, '1', '10593', 0),
(24178, 'Xã Hòa Xuân', 42, 447, '1', '10591', 0),
(24181, 'Thị trấn Ea Drăng', 42, 448, '1', '10452', 0),
(24184, 'Xã Ea H\'leo', 42, 448, '1', '10454', 0),
(24187, 'Xã Ea Sol', 42, 448, '1', '10459', 0),
(24190, 'Xã Ea Ral', 42, 448, '1', '10458', 0),
(24193, 'Xã Ea Wy', 42, 448, '1', '10463', 0),
(24194, 'Xã Cư A Mung', 42, 448, '1', '10453', 0),
(24196, 'Xã Cư Mốt', 42, 448, '1', '10460', 0),
(24199, 'Xã Ea Hiao', 42, 448, '1', '10461', 0),
(24202, 'Xã Ea Khal', 42, 448, '1', '10457', 0),
(24205, 'Xã Dlê Yang', 42, 448, '0', NULL, 0),
(24207, 'Xã Ea Tir', 42, 448, '1', '10455', 0),
(24208, 'Xã Ea Nam', 42, 448, '1', '10456', 0),
(24211, 'Thị trấn Ea Súp', 42, 449, '1', '10490', 0),
(24214, 'Xã Ia Lốp', 42, 449, '1', '10488', 0),
(24215, 'Xã Ia JLơi', 42, 449, '1', '10486', 0),
(24217, 'Xã Ea Rốk', 42, 449, '1', '10485', 0),
(24220, 'Xã Ya Tờ Mốt', 42, 449, '1', '10489', 0),
(24221, 'Xã Ia RVê', 42, 449, '1', '10487', 0),
(24223, 'Xã Ea Lê', 42, 449, '1', '10484', 0),
(24226, 'Xã Cư KBang', 42, 449, '0', NULL, 0),
(24229, 'Xã Ea Bung', 42, 449, '1', '10483', 0),
(24232, 'Xã Cư M\'Lan', 42, 449, '1', '10482', 0),
(24235, 'Xã Krông Na', 42, 452, '1', '10422', 0),
(24238, 'Xã Ea Huar', 42, 452, '1', '10419', 0),
(24241, 'Xã Ea Wer', 42, 452, '1', '10421', 0),
(24244, 'Xã Tân Hoà', 42, 452, '1', '10423', 0),
(24247, 'Xã Cuôr KNia', 42, 452, '1', '10424', 0),
(24250, 'Xã Ea Bar', 42, 452, '1', '10418', 0),
(24253, 'Xã Ea Nuôl', 42, 452, '1', '10420', 0),
(24256, 'Thị trấn Ea Pốk', 42, 453, '1', '10436', 0),
(24259, 'Thị trấn Quảng Phú', 42, 453, '1', '10435', 0),
(24262, 'Xã Quảng Tiến', 42, 453, '1', '10437', 0),
(24264, 'Xã Ea Kuêh', 42, 453, '1', '10451', 0),
(24265, 'Xã Ea Kiết', 42, 453, '1', '10446', 0),
(24268, 'Xã Ea Tar', 42, 453, '1', '10444', 0),
(24271, 'Xã Cư Dliê M\'nông', 42, 453, '1', '10450', 0),
(24274, 'Xã Ea H\'đinh', 42, 453, '0', NULL, 0),
(24277, 'Xã Ea Tul', 42, 453, '1', '10443', 0),
(24280, 'Xã Ea KPam', 42, 453, '1', '10439', 0),
(24283, 'Xã Ea M\'DRóh', 42, 453, '1', '10447', 0),
(24286, 'Xã Quảng Hiệp', 42, 453, '1', '10448', 0),
(24289, 'Xã Cư M\'gar', 42, 453, '0', NULL, 0),
(24292, 'Xã Ea D\'Rơng', 42, 453, '1', '10442', 0),
(24295, 'Xã Ea M\'nang', 42, 453, '1', '10438', 0),
(24298, 'Xã Cư Suê', 42, 453, '1', '10440', 0),
(24301, 'Xã Cuor Đăng', 42, 453, '1', '10441', 0),
(24305, 'Phường An Lạc', 42, 734, '1', '10596', 0),
(24307, 'Xã Cư Né', 42, 451, '1', '10514', 0),
(24308, 'Phường An Bình', 42, 734, '1', '10601', 0),
(24310, 'Xã Chư KBô', 42, 451, '1', '10513', 0),
(24311, 'Phường Thiện An', 42, 734, '1', '10598', 0),
(24313, 'Xã Cư Pơng', 42, 451, '1', '10515', 0),
(24314, 'Xã Ea Sin', 42, 451, '1', '10520', 0),
(24316, 'Xã Pơng Drang', 42, 451, '0', NULL, 0),
(24317, 'Xã Tân Lập', 42, 451, '1', '10521', 0),
(24318, 'Phường Đạt Hiếu', 42, 734, '1', '10595', 0),
(24319, 'Xã Ea Ngai', 42, 451, '1', '10517', 0),
(24322, 'Phường Đoàn Kết', 42, 734, '1', '10597', 0),
(24325, 'Xã Ea Blang', 42, 734, '1', '10604', 0),
(24328, 'Xã Ea Drông', 42, 734, '1', '10603', 0),
(24331, 'Phường Thống Nhất', 42, 734, '1', '10599', 0),
(24332, 'Phường Bình Tân', 42, 734, '1', '10600', 0),
(24334, 'Xã Ea Siên', 42, 734, '1', '10602', 0),
(24337, 'Xã Bình Thuận', 42, 734, '1', '10605', 0),
(24340, 'Xã Cư Bao', 42, 734, '1', '10606', 0),
(24343, 'Thị trấn Krông Năng', 42, 450, '1', '10533', 0),
(24346, 'Xã ĐLiê Ya', 42, 450, '1', '10523', 0),
(24349, 'Xã Ea Tóh', 42, 450, '1', '10529', 0),
(24352, 'Xã Ea Tam', 42, 450, '1', '10527', 0),
(24355, 'Xã Phú Lộc', 42, 450, '1', '10530', 0),
(24358, 'Xã Tam Giang', 42, 450, '1', '10532', 0),
(24359, 'Xã Ea Puk', 42, 450, '1', '10526', 0),
(24360, 'Xã Ea Dăh', 42, 450, '1', '10524', 0),
(24361, 'Xã Ea Hồ', 42, 450, '1', '10525', 0),
(24364, 'Xã Phú Xuân', 42, 450, '1', '10531', 0),
(24367, 'Xã Cư Klông', 42, 450, '1', '10522', 0),
(24370, 'Xã Ea Tân', 42, 450, '1', '10528', 0),
(24373, 'Thị trấn Ea Kar', 42, 454, '1', '10477', 0),
(24376, 'Thị trấn Ea Knốp', 42, 454, '1', '10478', 0),
(24379, 'Xã Ea Sô', 42, 454, '1', '10474', 0),
(24380, 'Xã Ea Sar', 42, 454, '1', '10479', 0),
(24382, 'Xã Xuân Phú', 42, 454, '1', '10476', 0),
(24385, 'Xã Cư Huê', 42, 454, '1', '10466', 0),
(24388, 'Xã Ea Tih', 42, 454, '0', NULL, 0),
(24391, 'Xã Ea Đar', 42, 454, '1', '10470', 0),
(24394, 'Xã Ea Kmút', 42, 454, '1', '10471', 0),
(24397, 'Xã Cư Ni', 42, 454, '0', NULL, 0),
(24400, 'Xã Ea Păl', 42, 454, '1', '10473', 0),
(24401, 'Xã Cư Prông', 42, 454, '1', '10468', 0),
(24403, 'Xã Ea Ô', 42, 454, '1', '10472', 0),
(24404, 'Xã Cư ELang', 42, 454, '0', NULL, 0),
(24406, 'Xã Cư Bông', 42, 454, '1', '10464', 0),
(24409, 'Xã Cư Jang', 42, 454, '1', '10480', 0),
(24412, 'Thị trấn M\'Đrắk', 42, 455, '1', '10572', 0),
(24415, 'Xã Cư Prao', 42, 455, '1', '10563', 0),
(24418, 'Xã Ea Pil', 42, 455, '1', '10566', 0),
(24421, 'Xã Ea Lai', 42, 455, '1', '10565', 0),
(24424, 'Xã Ea H\'MLay', 42, 455, '1', '10568', 0),
(24427, 'Xã Krông Jing', 42, 455, '1', '10571', 0),
(24430, 'Xã Ea M\' Doal', 42, 455, '0', NULL, 0),
(24433, 'Xã Ea Riêng', 42, 455, '1', '10573', 0),
(24436, 'Xã Cư M\'ta', 42, 455, '1', '10562', 0),
(24439, 'Xã Cư K Róa', 42, 455, '0', NULL, 0),
(24442, 'Xã Krông Á', 42, 455, '1', '10570', 0),
(24444, 'Xã Cư San', 42, 455, '0', NULL, 0),
(24445, 'Xã Ea Trang', 42, 455, '1', '10567', 0),
(24448, 'Thị trấn Krông Kmar', 42, 459, '1', '10506', 0),
(24451, 'Xã Dang Kang', 42, 459, '1', '10502', 0),
(24454, 'Xã Cư KTy', 42, 459, '1', '10500', 0),
(24457, 'Xã Hòa Thành', 42, 459, '1', '10509', 0),
(24460, 'Xã Hòa Tân', 42, 459, '1', '10508', 0),
(24463, 'Xã Hòa Phong', 42, 459, '1', '10505', 0),
(24466, 'Xã Hòa Lễ', 42, 459, '1', '10504', 0),
(24469, 'Xã Yang Reh', 42, 459, '1', '10512', 0),
(24472, 'Xã Ea Trul', 42, 459, '1', '10503', 0),
(24475, 'Xã Khuê Ngọc Điền', 42, 459, '1', '10510', 0),
(24478, 'Xã Cư Pui', 42, 459, '1', '10501', 0),
(24481, 'Xã Hòa Sơn', 42, 459, '1', '10507', 0),
(24484, 'Xã Cư Drăm', 42, 459, '1', '10499', 0),
(24487, 'Xã Yang Mao', 42, 459, '1', '10511', 0),
(24490, 'Thị trấn Phước An', 42, 456, '1', '10548', 0),
(24493, 'Xã KRông Búk', 42, 456, '1', '10546', 0),
(24496, 'Xã Ea Kly', 42, 456, '1', '10536', 0),
(24499, 'Xã Ea Kênh', 42, 456, '1', '10535', 0),
(24502, 'Xã Ea Phê', 42, 456, '1', '10539', 0),
(24505, 'Xã Ea KNuec', 42, 456, '0', NULL, 0),
(24508, 'Xã Ea Yông', 42, 456, '1', '10542', 0),
(24511, 'Xã Hòa An', 42, 456, '1', '10543', 0),
(24514, 'Xã Ea Kuăng', 42, 456, '0', NULL, 0),
(24517, 'Xã Hòa Đông', 42, 456, '1', '10544', 0),
(24520, 'Xã Ea Hiu', 42, 456, '1', '10534', 0),
(24523, 'Xã Hòa Tiến', 42, 456, '1', '10545', 0),
(24526, 'Xã Tân Tiến', 42, 456, '1', '10547', 0),
(24529, 'Xã Vụ Bổn', 42, 456, '1', '10549', 0),
(24532, 'Xã Ea Uy', 42, 456, '1', '10540', 0),
(24535, 'Xã Ea Yiêng', 42, 456, '1', '10541', 0),
(24538, 'Thị trấn Buôn Trấp', 42, 458, '1', '10497', 0),
(24540, 'Xã Ea Ning', 42, 807, '1', '10426', 0),
(24541, 'Xã Cư Ê Wi', 42, 807, '1', '10433', 0),
(24544, 'Xã Ea Ktur', 42, 807, '1', '10428', 0),
(24547, 'Xã Ea Tiêu', 42, 807, '1', '10427', 0),
(24550, 'Xã Ea BHốk', 42, 807, '1', '10429', 0),
(24553, 'Xã Ea Hu', 42, 807, '1', '10432', 0),
(24556, 'Xã Dray Sáp', 42, 458, '1', '10491', 0),
(24559, 'Xã Ea Na', 42, 458, '1', '10494', 0),
(24561, 'Xã Dray Bhăng', 42, 807, '1', '10431', 0),
(24562, 'Xã Hòa Hiệp', 42, 807, '1', '10430', 0),
(24565, 'Xã Ea Bông', 42, 458, '1', '10493', 0),
(24568, 'Xã Băng A Drênh', 42, 458, '1', '10498', 0),
(24571, 'Xã Dur KMăl', 42, 458, '1', '10492', 0),
(24574, 'Xã Bình Hòa', 42, 458, '1', '10496', 0),
(24577, 'Xã Quảng Điền', 42, 458, '1', '10495', 0),
(24580, 'Thị trấn Liên Sơn', 42, 462, '1', '10560', 0),
(24583, 'Xã Yang Tao', 42, 462, '1', '10559', 0),
(24586, 'Xã Bông Krang', 42, 462, '1', '10550', 0),
(24589, 'Xã Đắk Liêng', 42, 462, '1', '10555', 0),
(24592, 'Xã Buôn Triết', 42, 462, '1', '10552', 0),
(24595, 'Xã Buôn Tría', 42, 462, '1', '10551', 0),
(24598, 'Xã Đắk Phơi', 42, 462, '1', '10554', 0),
(24601, 'Xã Đắk Nuê', 42, 462, '1', '10553', 0),
(24604, 'Xã Krông Nô', 42, 462, '1', '10557', 0),
(24607, 'Xã Nam Ka', 42, 462, '1', '10558', 0),
(24610, 'Xã Ea R\'Bin', 42, 462, '1', '10556', 0),
(24611, 'Phường Nghĩa Đức', 43, 674, '1', '11112', 0),
(24612, 'Phường Nghĩa Thành', 43, 674, '1', '11110', 0),
(24614, 'Phường Nghĩa Phú', 43, 674, '1', '11109', 0),
(24615, 'Phường Nghĩa Tân', 43, 674, '1', '11108', 0),
(24616, 'Xã Quảng Sơn', 43, 464, '1', '11071', 0),
(24617, 'Phường Nghĩa Trung', 43, 674, '1', '11111', 0),
(24618, 'Xã Đăk R\'Moan', 43, 674, '1', '11114', 0),
(24619, 'Xã Quảng Thành', 43, 674, '1', '11115', 0);
INSERT INTO `wards` (`WardId`, `WardName`, `ProvinceId`, `DistrictId`, `ShipChungSupport`, `ShipChungWardCode`, `DisplayOrder`) VALUES
(24620, 'Xã Quảng Hoà', 43, 464, '1', '11077', 0),
(24622, 'Xã Đắk Ha', 43, 464, '1', '11072', 0),
(24625, 'Xã Đắk R\'Măng', 43, 464, '1', '11073', 0),
(24628, 'Xã Đắk Nia', 43, 674, '1', '11113', 0),
(24631, 'Xã Quảng Khê', 43, 464, '1', '11074', 0),
(24634, 'Xã Đắk Plao', 43, 464, '1', '11075', 0),
(24637, 'Xã Đắk Som', 43, 464, '1', '11076', 0),
(24640, 'Thị trấn Ea T\'Ling', 43, 457, '0', NULL, 0),
(24643, 'Xã Đắk Wil', 43, 457, '1', '11048', 0),
(24646, 'Xã Ea Pô', 43, 457, '0', NULL, 0),
(24649, 'Xã Nam Dong', 43, 457, '1', '11047', 0),
(24652, 'Xã Đắk DRông', 43, 457, '1', '11049', 0),
(24655, 'Xã Tâm Thắng', 43, 457, '1', '11045', 0),
(24658, 'Xã Cư Knia', 43, 457, '1', '11050', 0),
(24661, 'Xã Trúc Sơn', 43, 457, '1', '11051', 0),
(24664, 'Thị trấn Đắk Mil', 43, 460, '1', '11078', 0),
(24667, 'Xã  Đắk Lao', 43, 460, '0', NULL, 0),
(24670, 'Xã Đắk R\'La', 43, 460, '1', '11080', 0),
(24673, 'Xã Đắk Gằn', 43, 460, '1', '11081', 0),
(24676, 'Xã Đức Mạnh', 43, 460, '1', '11082', 0),
(24677, 'Xã Đắk N\'Drót', 43, 460, '1', '11083', 0),
(24678, 'Xã Long Sơn', 43, 460, '1', '11086', 0),
(24679, 'Xã Đắk Sắk', 43, 460, '1', '11084', 0),
(24682, 'Xã Thuận An', 43, 460, '1', '11085', 0),
(24685, 'Xã Đức Minh', 43, 460, '1', '11087', 0),
(24688, 'Thị trấn Đắk Mâm', 43, 461, '1', '11053', 0),
(24691, 'Xã Đắk Sôr', 43, 461, '1', '11054', 0),
(24692, 'Xã Nam Xuân', 43, 461, '1', '11064', 0),
(24694, 'Xã Buôn Choah', 43, 461, '0', NULL, 0),
(24697, 'Xã Nam Đà', 43, 461, '1', '11056', 0),
(24699, 'Xã Tân Thành', 43, 461, '1', '11057', 0),
(24700, 'Xã Đắk Drô', 43, 461, '0', NULL, 0),
(24703, 'Xã Nâm Nung', 43, 461, '1', '11059', 0),
(24706, 'Xã Đức Xuyên', 43, 461, '1', '11060', 0),
(24709, 'Xã Đắk Nang', 43, 461, '1', '11061', 0),
(24712, 'Xã Quảng Phú', 43, 461, '1', '11062', 0),
(24715, 'Xã Nâm N\'Đir', 43, 461, '1', '11063', 0),
(24717, 'Thị trấn Đức An', 43, 673, '1', '11099', 0),
(24718, 'Xã Đắk Môl', 43, 673, '0', NULL, 0),
(24719, 'Xã Đắk Hòa', 43, 673, '1', '11100', 0),
(24721, 'Xã Nam Bình', 43, 673, '1', '11102', 0),
(24722, 'Xã Thuận Hà', 43, 673, '1', '11107', 0),
(24724, 'Xã Thuận Hạnh', 43, 673, '1', '11103', 0),
(24727, 'Xã Đắk N\'Dung', 43, 673, '0', NULL, 0),
(24728, 'Xã Nâm N\'Jang', 43, 673, '0', NULL, 0),
(24730, 'Xã Trường Xuân', 43, 673, '1', '11106', 0),
(24733, 'Thị trấn Kiến Đức', 43, 463, '1', '11088', 0),
(24736, 'Xã Quảng Trực', 43, 675, '1', '11065', 0),
(24739, 'Xã Đắk Búk So', 43, 675, '1', '11066', 0),
(24740, 'Xã Quảng Tâm', 43, 675, '1', '11067', 0),
(24742, 'Xã Đắk R\'Tíh', 43, 675, '1', '11068', 0),
(24745, 'Xã Quảng Tín', 43, 463, '1', '11089', 0),
(24746, 'Xã Đắk Ngo', 43, 675, '1', '11069', 0),
(24748, 'Xã Quảng Tân', 43, 675, '1', '11070', 0),
(24750, 'Xã Đắk Wer', 43, 463, '1', '11090', 0),
(24751, 'Xã Nhân Cơ', 43, 463, '1', '11091', 0),
(24754, 'Xã Kiến Thành', 43, 463, '1', '11092', 0),
(24756, 'Xã Nghĩa Thắng', 43, 463, '1', '11093', 0),
(24757, 'Xã Đạo Nghĩa', 43, 463, '1', '11094', 0),
(24760, 'Xã Đắk Sin', 43, 463, '1', '11095', 0),
(24761, 'Xã Hưng Bình', 43, 463, '1', '11096', 0),
(24763, 'Xã Đắk Ru', 43, 463, '1', '11097', 0),
(24766, 'Xã Nhân Đạo', 43, 463, '1', '11098', 0),
(24769, 'Phường 7', 44, 489, '1', '5298', 0),
(24772, 'Phường 8', 44, 489, '1', '5299', 0),
(24775, 'Phường 12', 44, 489, '1', '5303', 0),
(24778, 'Phường 9', 44, 489, '1', '5300', 0),
(24781, 'Phường 2', 44, 489, '1', '5294', 0),
(24784, 'Phường 1', 44, 489, '1', '5293', 0),
(24787, 'Phường 6', 44, 489, '1', '11627', 0),
(24790, 'Phường 5', 44, 489, '1', '5297', 0),
(24793, 'Phường 4', 44, 489, '1', '5296', 0),
(24796, 'Phường 10', 44, 489, '1', '5301', 0),
(24799, 'Phường 11', 44, 489, '1', '5302', 0),
(24802, 'Phường 3', 44, 489, '1', '5295', 0),
(24805, 'Xã Xuân Thọ', 44, 489, '1', '11707', 0),
(24808, 'Xã Tà Nung', 44, 489, '1', '11705', 0),
(24810, 'Xã Trạm Hành', 44, 489, '1', '11617', 0),
(24811, 'Xã Xuân Trường', 44, 489, '1', '11706', 0),
(24814, 'Phường Lộc Phát', 44, 490, '1', '5307', 0),
(24817, 'Phường Lộc Tiến', 44, 490, '1', '5305', 0),
(24820, 'Phường 2', 44, 490, '1', '5310', 0),
(24823, 'Phường 1', 44, 490, '1', '5308', 0),
(24826, 'Phường B\'lao', 44, 490, '1', '5309', 0),
(24829, 'Phường Lộc Sơn', 44, 490, '1', '5304', 0),
(24832, 'Xã Đạm Bri', 44, 490, '0', NULL, 0),
(24835, 'Xã Lộc Thanh', 44, 490, '1', '5313', 0),
(24838, 'Xã Lộc Nga', 44, 490, '1', '5314', 0),
(24841, 'Xã Lộc Châu', 44, 490, '1', '5312', 0),
(24844, 'Xã Đại Lào', 44, 490, '1', '5311', 0),
(24846, 'Thị trấn Lạc Dương', 44, 491, '1', '5261', 0),
(24847, 'Xã Đạ Chais', 44, 491, '0', NULL, 0),
(24848, 'Xã Đạ Nhim', 44, 491, '0', NULL, 0),
(24850, 'Xã Đưng KNớ', 44, 491, '0', NULL, 0),
(24853, 'Xã Đạ Tông', 44, 770, '1', '5264', 0),
(24856, 'Xã Đạ Long', 44, 770, '1', '5265', 0),
(24859, 'Xã Đạ M\' Rong', 44, 770, '0', NULL, 0),
(24862, 'Xã Lát', 44, 491, '1', '11454', 0),
(24865, 'Xã Đạ Sar', 44, 491, '0', NULL, 0),
(24868, 'Thị trấn Nam Ban', 44, 494, '1', '11455', 0),
(24871, 'Thị trấn Đinh Văn', 44, 494, '1', '5259', 0),
(24874, 'Xã Liêng Srônh', 44, 770, '1', '5266', 0),
(24875, 'Xã Đạ Rsal', 44, 770, '1', '5267', 0),
(24877, 'Xã Rô Men', 44, 770, '1', '5270', 0),
(24880, 'Xã Phú Sơn', 44, 494, '1', '11457', 0),
(24883, 'Xã Phi Tô', 44, 494, '1', '11458', 0),
(24886, 'Xã Phi Liêng', 44, 770, '1', '5268', 0),
(24889, 'Xã Đạ K\' Nàng', 44, 770, '0', NULL, 0),
(24892, 'Xã Mê Linh', 44, 494, '1', '11463', 0),
(24895, 'Xã Đạ Đờn', 44, 494, '1', '11456', 0),
(24898, 'Xã Phúc Thọ', 44, 494, '0', NULL, 0),
(24901, 'Xã Đông Thanh', 44, 494, '0', NULL, 0),
(24904, 'Xã Gia Lâm', 44, 494, '1', '11462', 0),
(24907, 'Xã Tân Thanh', 44, 494, '0', NULL, 0),
(24910, 'Xã Tân Văn', 44, 494, '1', '5260', 0),
(24913, 'Xã Hoài Đức', 44, 494, '0', NULL, 0),
(24916, 'Xã Tân Hà', 44, 494, '1', '11459', 0),
(24919, 'Xã Liên Hà', 44, 494, '0', NULL, 0),
(24922, 'Xã Đan Phượng', 44, 494, '1', '11460', 0),
(24925, 'Xã Nam Hà', 44, 494, '1', '11461', 0),
(24928, 'Thị trấn D\'Ran', 44, 492, '1', '11446', 0),
(24931, 'Thị trấn Thạnh Mỹ', 44, 492, '1', '11445', 0),
(24934, 'Xã Lạc Xuân', 44, 492, '1', '11449', 0),
(24937, 'Xã Đạ Ròn', 44, 492, '1', '11447', 0),
(24940, 'Xã Lạc Lâm', 44, 492, '1', '5271', 0),
(24943, 'Xã Ka Đô', 44, 492, '1', '11448', 0),
(24946, 'Xã Quảng Lập', 44, 492, '1', '11450', 0),
(24949, 'Xã Ka Đơn', 44, 492, '0', NULL, 0),
(24952, 'Xã Tu Tra', 44, 492, '1', '11451', 0),
(24955, 'Xã Pró', 44, 492, '0', NULL, 0),
(24958, 'Thị trấn Liên Nghĩa', 44, 493, '1', '5283', 0),
(24961, 'Xã Hiệp An', 44, 493, '1', '5279', 0),
(24964, 'Xã Liên Hiệp', 44, 493, '1', '5281', 0),
(24967, 'Xã Hiệp Thạnh', 44, 493, '1', '5280', 0),
(24970, 'Xã Bình Thạnh', 44, 493, '1', '5282', 0),
(24973, 'Xã N\'Thol Hạ', 44, 493, '0', NULL, 0),
(24976, 'Xã Tân Hội', 44, 493, '1', '5286', 0),
(24979, 'Xã Tân Thành', 44, 493, '1', '5289', 0),
(24982, 'Xã Phú Hội', 44, 493, '1', '5285', 0),
(24985, 'Xã Ninh Gia', 44, 493, '1', '5287', 0),
(24988, 'Xã Tà Năng', 44, 493, '1', '5284', 0),
(24989, 'Xã Đa Quyn', 44, 493, '1', '5291', 0),
(24991, 'Xã Tà Hine', 44, 493, '1', '5290', 0),
(24994, 'Xã Đà Loan', 44, 493, '1', '11703', 0),
(24997, 'Xã Ninh Loan', 44, 493, '1', '5292', 0),
(25000, 'Thị trấn Di Linh', 44, 496, '1', '5241', 0),
(25003, 'Xã Đinh Trang Thượng', 44, 496, '1', '5242', 0),
(25006, 'Xã Tân Thượng', 44, 496, '1', '5243', 0),
(25007, 'Xã Tân Lâm', 44, 496, '1', '5258', 0),
(25009, 'Xã Tân Châu', 44, 496, '1', '5244', 0),
(25012, 'Xã Tân Nghĩa', 44, 496, '1', '11620', 0),
(25015, 'Xã Gia Hiệp', 44, 496, '1', '5245', 0),
(25018, 'Xã Đinh Lạc', 44, 496, '1', '5246', 0),
(25021, 'Xã Tam Bố', 44, 496, '1', '5247', 0),
(25024, 'Xã Đinh Trang Hòa', 44, 496, '1', '5248', 0),
(25027, 'Xã Liên Đầm', 44, 496, '1', '5250', 0),
(25030, 'Xã Gung Ré', 44, 496, '1', '5249', 0),
(25033, 'Xã Bảo Thuận', 44, 496, '1', '5251', 0),
(25036, 'Xã Hòa Ninh', 44, 496, '1', '5252', 0),
(25039, 'Xã Hòa Trung', 44, 496, '1', '5253', 0),
(25042, 'Xã Hòa Nam', 44, 496, '1', '5254', 0),
(25045, 'Xã Hòa Bắc', 44, 496, '1', '5255', 0),
(25048, 'Xã Sơn Điền', 44, 496, '1', '5256', 0),
(25051, 'Xã Gia Bắc', 44, 496, '1', '5257', 0),
(25054, 'Thị trấn Lộc Thắng', 44, 495, '1', '11468', 0),
(25057, 'Xã Lộc Bảo', 44, 495, '1', '11474', 0),
(25060, 'Xã Lộc Lâm', 44, 495, '0', NULL, 0),
(25063, 'Xã Lộc Phú', 44, 495, '1', '11471', 0),
(25066, 'Xã Lộc Bắc', 44, 495, '1', '11473', 0),
(25069, 'Xã B\' Lá', 44, 495, '0', NULL, 0),
(25072, 'Xã Lộc Ngãi', 44, 495, '1', '11469', 0),
(25075, 'Xã Lộc Quảng', 44, 495, '0', NULL, 0),
(25078, 'Xã Lộc Tân', 44, 495, '0', NULL, 0),
(25081, 'Xã Lộc Đức', 44, 495, '1', '11470', 0),
(25084, 'Xã Lộc An', 44, 495, '1', '11475', 0),
(25087, 'Xã Tân Lạc', 44, 495, '1', '11480', 0),
(25090, 'Xã Lộc Thành', 44, 495, '1', '11477', 0),
(25093, 'Xã Lộc Nam', 44, 495, '1', '11478', 0),
(25096, 'Thị trấn Đạ M\'ri', 44, 497, '0', NULL, 0),
(25099, 'Thị trấn Ma Đa Guôi', 44, 497, '0', NULL, 0),
(25102, 'Xã Đạ M\'ri', 44, 497, '0', NULL, 0),
(25105, 'Xã Hà Lâm', 44, 497, '1', '5273', 0),
(25108, 'Xã Đạ Tồn', 44, 497, '0', NULL, 0),
(25111, 'Xã Đạ Oai', 44, 497, '0', NULL, 0),
(25114, 'Xã Đạ Ploa', 44, 497, '0', NULL, 0),
(25117, 'Xã Ma Đa Guôi', 44, 497, '0', NULL, 0),
(25120, 'Xã Đoàn Kết', 44, 497, '1', '5276', 0),
(25123, 'Xã Phước Lộc', 44, 497, '1', '5275', 0),
(25126, 'Thị trấn Đạ Tẻh', 44, 498, '1', '5278', 0),
(25129, 'Xã An Nhơn', 44, 498, '1', '11440', 0),
(25132, 'Xã Quốc Oai', 44, 498, '1', '11435', 0),
(25135, 'Xã Mỹ Đức', 44, 498, '1', '11436', 0),
(25138, 'Xã Quảng Trị', 44, 498, '1', '11437', 0),
(25141, 'Xã Đạ Lây', 44, 498, '1', '11439', 0),
(25144, 'Xã Hương Lâm', 44, 498, '1', '11438', 0),
(25147, 'Xã Triệu Hải', 44, 498, '1', '11443', 0),
(25150, 'Xã Hà Đông', 44, 498, '1', '11442', 0),
(25153, 'Xã Đạ Kho', 44, 498, '1', '11444', 0),
(25156, 'Xã Đạ Pal', 44, 498, '0', NULL, 0),
(25159, 'Thị trấn Cát Tiên', 44, 499, '1', '11467', 0),
(25162, 'Xã Tiên Hoàng', 44, 499, '0', NULL, 0),
(25165, 'Xã Phước Cát 2', 44, 499, '1', '5239', 0),
(25168, 'Xã Gia Viễn', 44, 499, '1', '5237', 0),
(25171, 'Xã Nam Ninh', 44, 499, '1', '11464', 0),
(25174, 'Xã Mỹ Lâm', 44, 499, '1', '5238', 0),
(25177, 'Xã Tư Nghĩa', 44, 499, '1', '5240', 0),
(25180, 'Xã Phước Cát 1', 44, 499, '1', '11465', 0),
(25183, 'Xã Đức Phổ', 44, 499, '1', '5236', 0),
(25189, 'Xã Quảng Ngãi', 44, 499, '0', NULL, 0),
(25192, 'Xã Đồng Nai Thượng', 44, 499, '0', NULL, 0),
(25195, 'Phường Tân Phú', 45, 678, '1', '928', 0),
(25198, 'Phường Tân Đồng', 45, 678, '1', '930', 0),
(25201, 'Phường Tân Bình', 45, 678, '1', '926', 0),
(25204, 'Phường Tân Xuân', 45, 678, '1', '931', 0),
(25205, 'Phường Tân Thiện', 45, 678, '1', '929', 0),
(25207, 'Xã Tân Thành', 45, 678, '1', '932', 0),
(25210, 'Xã Tiến Thành', 45, 678, '1', '933', 0),
(25213, 'Xã Tiến Hưng', 45, 678, '1', '927', 0),
(25216, 'Phường Thác Mơ', 45, 507, '1', '920', 0),
(25217, 'Phường Long Thủy', 45, 507, '1', '921', 0),
(25219, 'Phường Phước Bình', 45, 507, '1', '919', 0),
(25220, 'Phường Long Phước', 45, 507, '1', '918', 0),
(25222, 'Xã Bù Gia Mập', 45, 724, '1', '826', 0),
(25225, 'Xã Đak Ơ', 45, 724, '1', '825', 0),
(25228, 'Xã Đức Hạnh', 45, 724, '1', '828', 0),
(25229, 'Xã Phú Văn', 45, 724, '1', '829', 0),
(25231, 'Xã Đa Kia', 45, 724, '0', NULL, 0),
(25232, 'Xã Phước Minh', 45, 724, '1', '831', 0),
(25234, 'Xã Bình Thắng', 45, 724, '1', '827', 0),
(25237, 'Phường Sơn Giang', 45, 507, '1', '922', 0),
(25240, 'Xã Long Bình', 45, 727, '0', NULL, 0),
(25243, 'Xã Bình Tân', 45, 727, '0', NULL, 0),
(25244, 'Xã Bình Sơn', 45, 727, '0', NULL, 0),
(25245, 'Xã Long Giang', 45, 507, '1', '923', 0),
(25246, 'Xã Long Hưng', 45, 727, '0', NULL, 0),
(25249, 'Xã Phước Tín', 45, 507, '1', '924', 0),
(25250, 'Xã Phước Tân', 45, 727, '0', NULL, 0),
(25252, 'Xã Bù Nho', 45, 727, '0', NULL, 0),
(25255, 'Xã Long Hà', 45, 727, '0', NULL, 0),
(25258, 'Xã Long Tân', 45, 727, '0', NULL, 0),
(25261, 'Xã Phú Trung', 45, 727, '0', NULL, 0),
(25264, 'Xã Phú Riềng', 45, 727, '0', NULL, 0),
(25267, 'Xã Phú Nghĩa', 45, 724, '1', '830', 0),
(25270, 'Thị trấn Lộc Ninh', 45, 508, '1', '884', 0),
(25273, 'Xã Lộc Hòa', 45, 508, '1', '896', 0),
(25276, 'Xã Lộc An', 45, 508, '1', '897', 0),
(25279, 'Xã Lộc Tấn', 45, 508, '1', '886', 0),
(25280, 'Xã Lộc Thạnh', 45, 508, '1', '895', 0),
(25282, 'Xã Lộc Hiệp', 45, 508, '1', '892', 0),
(25285, 'Xã Lộc Thiện', 45, 508, '1', '885', 0),
(25288, 'Xã Lộc Thuận', 45, 508, '1', '899', 0),
(25291, 'Xã Lộc Quang', 45, 508, '1', '887', 0),
(25292, 'Xã Lộc Phú', 45, 508, '1', '889', 0),
(25294, 'Xã Lộc Thành', 45, 508, '0', NULL, 0),
(25297, 'Xã Lộc Thái', 45, 508, '1', '891', 0),
(25300, 'Xã Lộc Điền', 45, 508, '1', '888', 0),
(25303, 'Xã Lộc Hưng', 45, 508, '1', '893', 0),
(25305, 'Xã Lộc Thịnh', 45, 508, '1', '890', 0),
(25306, 'Xã Lộc Khánh', 45, 508, '1', '894', 0),
(25308, 'Thị trấn Thanh Bình', 45, 723, '1', '854', 0),
(25309, 'Xã Hưng Phước', 45, 723, '1', '858', 0),
(25310, 'Xã Phước Thiện', 45, 723, '1', '859', 0),
(25312, 'Xã Thiện Hưng', 45, 723, '1', '857', 0),
(25315, 'Xã Thanh Hòa', 45, 723, '1', '860', 0),
(25318, 'Xã Tân Thành', 45, 723, '1', '856', 0),
(25320, 'Phường Hưng Chiến', 45, 510, '1', '913', 0),
(25321, 'Xã Tân Tiến', 45, 723, '1', '855', 0),
(25324, 'Phường An Lộc', 45, 510, '1', '912', 0),
(25325, 'Phường Phú Thịnh', 45, 510, '1', '914', 0),
(25326, 'Phường Phú Đức', 45, 510, '1', '915', 0),
(25327, 'Xã Thanh An', 45, 726, '1', '871', 0),
(25330, 'Xã An Khương', 45, 726, '1', '877', 0),
(25333, 'Xã Thanh Lương', 45, 510, '1', '911', 0),
(25336, 'Xã Thanh Phú', 45, 510, '1', '916', 0),
(25339, 'Xã An Phú', 45, 726, '1', '882', 0),
(25342, 'Xã Tân Lợi', 45, 726, '1', '872', 0),
(25345, 'Xã Tân Hưng', 45, 726, '1', '873', 0),
(25348, 'Xã Minh Đức', 45, 726, '1', '880', 0),
(25349, 'Xã Minh Tâm', 45, 726, '1', '881', 0),
(25351, 'Xã Phước An', 45, 726, '1', '874', 0),
(25354, 'Xã Thanh Bình', 45, 726, '1', '875', 0),
(25357, 'Xã Tân Khai', 45, 726, '1', '876', 0),
(25360, 'Xã Đồng Nơ', 45, 726, '1', '878', 0),
(25361, 'Xã Tân Hiệp', 45, 726, '1', '879', 0),
(25363, 'Thị trấn Tân Phú', 45, 506, '1', '900', 0),
(25366, 'Xã Thuận Lợi', 45, 506, '1', '905', 0),
(25369, 'Xã Đồng Tâm', 45, 506, '1', '910', 0),
(25372, 'Xã Tân Phước', 45, 506, '1', '906', 0),
(25375, 'Xã Tân Hưng', 45, 506, '0', NULL, 0),
(25378, 'Xã Tân Lợi', 45, 506, '1', '907', 0),
(25381, 'Xã Tân Lập', 45, 506, '1', '909', 0),
(25384, 'Xã Tân Hòa', 45, 506, '1', '908', 0),
(25387, 'Xã Thuận Phú', 45, 506, '1', '904', 0),
(25390, 'Xã Đồng Tiến', 45, 506, '1', '902', 0),
(25393, 'Xã Tân Tiến', 45, 506, '1', '901', 0),
(25396, 'Thị trấn Đức Phong', 45, 509, '1', '840', 0),
(25398, 'Xã Đường 10', 45, 509, '0', NULL, 0),
(25399, 'Xã Đak Nhau', 45, 509, '0', NULL, 0),
(25400, 'Xã Phú Sơn', 45, 509, '1', '849', 0),
(25402, 'Xã Thọ Sơn', 45, 509, '1', '848', 0),
(25404, 'Xã Bình Minh', 45, 509, '1', '853', 0),
(25405, 'Xã Bom Bo', 45, 509, '1', '841', 0),
(25408, 'Xã Minh Hưng', 45, 509, '1', '839', 0),
(25411, 'Xã Đoàn Kết', 45, 509, '1', '846', 0),
(25414, 'Xã Đồng Nai', 45, 509, '1', '847', 0),
(25417, 'Xã Đức Liễu', 45, 509, '1', '838', 0),
(25420, 'Xã Thống Nhất', 45, 509, '1', '843', 0),
(25423, 'Xã Nghĩa Trung', 45, 509, '1', '844', 0),
(25424, 'Xã Nghĩa Bình', 45, 509, '1', '850', 0),
(25426, 'Xã Đăng Hà', 45, 509, '1', '845', 0),
(25429, 'Xã Phước Sơn', 45, 509, '1', '842', 0),
(25432, 'Thị trấn Chơn Thành', 45, 725, '1', '861', 0),
(25433, 'Xã Thành Tâm', 45, 725, '1', '866', 0),
(25435, 'Xã Minh Lập', 45, 725, '1', '862', 0),
(25438, 'Xã Tân Quan', 45, 726, '0', NULL, 0),
(25439, 'Xã Quang Minh', 45, 725, '1', '869', 0),
(25441, 'Xã Minh Hưng', 45, 725, '1', '868', 0),
(25444, 'Xã Minh Long', 45, 725, '1', '867', 0),
(25447, 'Xã Minh Thành', 45, 725, '1', '865', 0),
(25450, 'Xã Nha Bích', 45, 725, '1', '864', 0),
(25453, 'Xã Minh Thắng', 45, 725, '1', '863', 0),
(25456, 'Phường 1', 46, 512, '1', '9899', 0),
(25459, 'Phường 3', 46, 512, '1', '9901', 0),
(25462, 'Phường 4', 46, 512, '1', '9902', 0),
(25465, 'Phường Hiệp Ninh', 46, 512, '1', '9908', 0),
(25468, 'Phường 2', 46, 512, '1', '9900', 0),
(25471, 'Xã Thạnh Tân', 46, 512, '1', '9907', 0),
(25474, 'Xã Tân Bình', 46, 512, '1', '9906', 0),
(25477, 'Xã Bình Minh', 46, 512, '1', '9903', 0),
(25480, 'Phường Ninh Sơn', 46, 512, '0', NULL, 0),
(25483, 'Phường Ninh Thạnh', 46, 512, '0', NULL, 0),
(25486, 'Thị trấn Tân Biên', 46, 513, '1', '9877', 0),
(25489, 'Xã Tân Lập', 46, 513, '1', '9881', 0),
(25492, 'Xã Thạnh Bắc', 46, 513, '1', '9883', 0),
(25495, 'Xã Tân Bình', 46, 513, '1', '9880', 0),
(25498, 'Xã Thạnh Bình', 46, 513, '1', '9884', 0),
(25501, 'Xã Thạnh Tây', 46, 513, '1', '9885', 0),
(25504, 'Xã Hòa Hiệp', 46, 513, '1', '9878', 0),
(25507, 'Xã Tân Phong', 46, 513, '1', '9882', 0),
(25510, 'Xã Mỏ Công', 46, 513, '1', '9879', 0),
(25513, 'Xã Trà Vong', 46, 513, '1', '9886', 0),
(25516, 'Thị trấn Tân Châu', 46, 514, '1', '9887', 0),
(25519, 'Xã Tân Hà', 46, 514, '1', '9890', 0),
(25522, 'Xã Tân Đông', 46, 514, '1', '9889', 0),
(25525, 'Xã Tân Hội', 46, 514, '1', '9893', 0),
(25528, 'Xã Tân Hòa', 46, 514, '1', '9892', 0),
(25531, 'Xã Suối Ngô', 46, 514, '1', '9898', 0),
(25534, 'Xã Suối Dây', 46, 514, '1', '9888', 0),
(25537, 'Xã Tân Hiệp', 46, 514, '1', '9891', 0),
(25540, 'Xã Thạnh Đông', 46, 514, '1', '9897', 0),
(25543, 'Xã Tân Thành', 46, 514, '1', '9896', 0),
(25546, 'Xã Tân Phú', 46, 514, '1', '9895', 0),
(25549, 'Xã Tân Hưng', 46, 514, '1', '9894', 0),
(25552, 'Thị trấn Dương Minh Châu', 46, 515, '1', '9838', 0),
(25555, 'Xã Suối Đá', 46, 515, '1', '9846', 0),
(25558, 'Xã Phan', 46, 515, '1', '9844', 0),
(25561, 'Xã Phước Ninh', 46, 515, '0', NULL, 0),
(25564, 'Xã Phước Minh', 46, 515, '1', '9845', 0),
(25567, 'Xã Bàu Năng', 46, 515, '1', '9839', 0),
(25570, 'Xã Chà Là', 46, 515, '1', '9842', 0),
(25573, 'Xã Cầu Khởi', 46, 515, '1', '9841', 0),
(25576, 'Xã Bến Củi', 46, 515, '1', '9840', 0),
(25579, 'Xã Lộc Ninh', 46, 515, '1', '9843', 0),
(25582, 'Xã Truông Mít', 46, 515, '1', '9847', 0),
(25585, 'Thị trấn Châu Thành', 46, 516, '1', '11399', 0),
(25588, 'Xã Hảo Đước', 46, 516, '1', '11400', 0),
(25591, 'Xã Phước Vinh', 46, 516, '0', NULL, 0),
(25594, 'Xã Đồng Khởi', 46, 516, '1', '11401', 0),
(25597, 'Xã Thái Bình', 46, 516, '1', '11406', 0),
(25600, 'Xã An Cơ', 46, 516, '1', '11411', 0),
(25603, 'Xã Biên Giới', 46, 516, '1', '11402', 0),
(25606, 'Xã Hòa Thạnh', 46, 516, '1', '11403', 0),
(25609, 'Xã Trí Bình', 46, 516, '1', '11405', 0),
(25612, 'Xã Hòa Hội', 46, 516, '1', '11404', 0),
(25615, 'Xã An Bình', 46, 516, '1', '11412', 0),
(25618, 'Xã Thanh Điền', 46, 516, '1', '11409', 0),
(25621, 'Xã Thành Long', 46, 516, '1', '11407', 0),
(25624, 'Xã Ninh Điền', 46, 516, '1', '11408', 0),
(25627, 'Xã Long Vĩnh', 46, 516, '1', '11410', 0),
(25630, 'Thị trấn Hòa Thành', 46, 517, '1', '9856', 0),
(25633, 'Xã Hiệp Tân', 46, 517, '1', '9857', 0),
(25636, 'Xã Long Thành Bắc', 46, 517, '1', '9858', 0),
(25639, 'Xã Trường Hòa', 46, 517, '1', '9862', 0),
(25642, 'Xã Trường Đông', 46, 517, '1', '9861', 0),
(25645, 'Xã Long Thành Trung', 46, 517, '1', '9860', 0),
(25648, 'Xã Trường Tây', 46, 517, '1', '9863', 0),
(25651, 'Xã Long Thành Nam', 46, 517, '1', '9859', 0),
(25654, 'Thị trấn Gò Dầu', 46, 519, '1', '9848', 0),
(25657, 'Xã Thạnh Đức', 46, 519, '1', '9854', 0),
(25660, 'Xã Cẩm Giang', 46, 519, '1', '9850', 0),
(25663, 'Xã Hiệp Thạnh', 46, 519, '1', '9851', 0),
(25666, 'Xã Bàu Đồn', 46, 519, '1', '9849', 0),
(25669, 'Xã Phước Thạnh', 46, 519, '1', '9853', 0),
(25672, 'Xã Phước Đông', 46, 519, '1', '9852', 0),
(25675, 'Xã Phước Trạch', 46, 519, '0', NULL, 0),
(25678, 'Xã Thanh Phước', 46, 519, '1', '9855', 0),
(25681, 'Thị trấn Bến Cầu', 46, 518, '1', '9815', 0),
(25684, 'Xã Long Chữ', 46, 518, '1', '9817', 0),
(25687, 'Xã Long Phước', 46, 518, '1', '9820', 0),
(25690, 'Xã Long Giang', 46, 518, '1', '9818', 0),
(25693, 'Xã Tiên Thuận', 46, 518, '1', '9822', 0),
(25696, 'Xã Long Khánh', 46, 518, '1', '9819', 0),
(25699, 'Xã Lợi Thuận', 46, 518, '1', '9816', 0),
(25702, 'Xã Long Thuận', 46, 518, '1', '9821', 0),
(25705, 'Xã An Thạnh', 46, 518, '1', '9823', 0),
(25708, 'Thị trấn Trảng Bàng', 46, 520, '1', '9866', 0),
(25711, 'Xã Đôn Thuận', 46, 520, '1', '9869', 0),
(25714, 'Xã Hưng Thuận', 46, 520, '1', '9872', 0),
(25717, 'Xã Lộc Hưng', 46, 520, '1', '9873', 0),
(25720, 'Xã Gia Lộc', 46, 520, '1', '9871', 0),
(25723, 'Xã Gia Bình', 46, 520, '1', '9870', 0),
(25726, 'Xã Phước Lưu', 46, 520, '1', '9875', 0),
(25729, 'Xã Bình Thạnh', 46, 520, '1', '9868', 0),
(25732, 'Xã An Tịnh', 46, 520, '1', '9867', 0),
(25735, 'Xã An Hòa', 46, 520, '1', '9876', 0),
(25738, 'Xã Phước Chỉ', 46, 520, '1', '9874', 0),
(25741, 'Phường Hiệp Thành', 47, 522, '1', '807', 0),
(25744, 'Phường Phú Lợi', 47, 522, '1', '808', 0),
(25747, 'Phường Phú Cường', 47, 522, '1', '809', 0),
(25750, 'Phường Phú Hòa', 47, 522, '1', '810', 0),
(25753, 'Phường Phú Thọ', 47, 522, '1', '811', 0),
(25756, 'Phường Chánh Nghĩa', 47, 522, '1', '812', 0),
(25759, 'Phường Định Hoà', 47, 522, '1', '815', 0),
(25760, 'Phường Hoà Phú', 47, 522, '1', '819', 0),
(25762, 'Phường Phú Mỹ', 47, 522, '1', '813', 0),
(25763, 'Phường Phú Tân', 47, 522, '1', '818', 0),
(25765, 'Phường Tân An', 47, 522, '0', NULL, 0),
(25768, 'Phường Hiệp An', 47, 522, '0', NULL, 0),
(25771, 'Phường Tương Bình Hiệp', 47, 522, '0', NULL, 0),
(25774, 'Phường Chánh Mỹ', 47, 522, '0', NULL, 0),
(25777, 'Thị trấn Dầu Tiếng', 47, 720, '1', '745', 0),
(25780, 'Xã Minh Hoà', 47, 720, '1', '746', 0),
(25783, 'Xã Minh Thạnh', 47, 720, '1', '747', 0),
(25786, 'Xã Minh Tân', 47, 720, '1', '748', 0),
(25789, 'Xã Định An', 47, 720, '1', '749', 0),
(25792, 'Xã Long Hoà', 47, 720, '1', '750', 0),
(25795, 'Xã Định Thành', 47, 720, '1', '751', 0),
(25798, 'Xã Định Hiệp', 47, 720, '1', '752', 0),
(25801, 'Xã An Lập', 47, 720, '1', '753', 0),
(25804, 'Xã Long Tân', 47, 720, '1', '754', 0),
(25807, 'Xã Thanh An', 47, 720, '1', '755', 0),
(25810, 'Xã Thanh Tuyền', 47, 720, '1', '756', 0),
(25813, 'Phường Mỹ Phước', 47, 523, '0', NULL, 0),
(25816, 'Xã Trừ Văn Thố', 47, 719, '0', NULL, 0),
(25819, 'Xã Cây Trường II', 47, 719, '0', NULL, 0),
(25822, 'Xã Lai Uyên', 47, 719, '1', '11697', 0),
(25825, 'Xã Tân Hưng', 47, 719, '0', NULL, 0),
(25828, 'Xã Long Nguyên', 47, 719, '0', NULL, 0),
(25831, 'Xã Hưng Hòa', 47, 719, '0', NULL, 0),
(25834, 'Xã Lai Hưng', 47, 719, '0', NULL, 0),
(25837, 'Phường Chánh Phú Hòa', 47, 523, '0', NULL, 0),
(25840, 'Xã An Điền', 47, 523, '1', '739', 0),
(25843, 'Xã An Tây', 47, 523, '1', '740', 0),
(25846, 'Phường Thới Hòa', 47, 523, '0', NULL, 0),
(25849, 'Phường Hòa Lợi', 47, 523, '0', NULL, 0),
(25852, 'Phường Tân Định', 47, 523, '0', NULL, 0),
(25855, 'Xã Phú An', 47, 523, '1', '744', 0),
(25858, 'Thị trấn Phước Vĩnh', 47, 721, '1', '757', 0),
(25861, 'Xã An Linh', 47, 721, '1', '758', 0),
(25864, 'Xã Phước Sang', 47, 721, '1', '759', 0),
(25865, 'Xã An Thái', 47, 721, '1', '760', 0),
(25867, 'Xã An Long', 47, 721, '1', '761', 0),
(25870, 'Xã An Bình', 47, 721, '1', '762', 0),
(25873, 'Xã Tân Hiệp', 47, 721, '1', '763', 0),
(25876, 'Xã Tam Lập', 47, 721, '1', '764', 0),
(25879, 'Xã Tân Long', 47, 721, '1', '765', 0),
(25882, 'Xã Vĩnh Hoà', 47, 721, '1', '766', 0),
(25885, 'Xã Phước Hoà', 47, 721, '1', '767', 0),
(25888, 'Phường Uyên Hưng', 47, 524, '1', '11221', 0),
(25891, 'Phường Tân Phước Khánh', 47, 524, '1', '11223', 0),
(25894, 'Xã Tân Định', 47, 722, '0', NULL, 0),
(25897, 'Xã Bình Mỹ', 47, 722, '1', '11582', 0),
(25900, 'Xã Tân Bình', 47, 722, '0', NULL, 0),
(25903, 'Xã Tân Lập', 47, 722, '0', NULL, 0),
(25906, 'Xã Tân Thành', 47, 722, '0', NULL, 0),
(25907, 'Xã Đất Cuốc', 47, 722, '1', '11630', 0),
(25908, 'Xã Hiếu Liêm', 47, 722, '0', NULL, 0),
(25909, 'Xã Lạc An', 47, 722, '0', NULL, 0),
(25912, 'Xã Vĩnh Tân', 47, 524, '1', '11231', 0),
(25915, 'Xã Hội Nghĩa', 47, 524, '1', '11227', 0),
(25918, 'Xã Tân Mỹ', 47, 722, '0', NULL, 0),
(25920, 'Phường Tân Hiệp', 47, 524, '1', '11222', 0),
(25921, 'Phường Khánh Bình', 47, 524, '1', '11220', 0),
(25924, 'Xã Phú Chánh', 47, 524, '1', '11228', 0),
(25927, 'Xã Thường Tân', 47, 722, '0', NULL, 0),
(25930, 'Xã Bạch Đằng', 47, 524, '1', '11226', 0),
(25933, 'Xã Tân Vĩnh Hiệp', 47, 524, '1', '11229', 0),
(25936, 'Phường Thạnh Phước', 47, 524, '1', '11225', 0),
(25937, 'Xã Thạnh Hội', 47, 524, '1', '11230', 0),
(25939, 'Phường Thái Hòa', 47, 524, '1', '11224', 0),
(25942, 'Phường Dĩ An', 47, 681, '0', NULL, 0),
(25945, 'Phường Tân Bình', 47, 681, '1', '793', 0),
(25948, 'Phường Tân Đông Hiệp', 47, 681, '1', '792', 0),
(25951, 'Phường Bình An', 47, 681, '1', '794', 0),
(25954, 'Phường Bình Thắng', 47, 681, '1', '795', 0),
(25957, 'Phường Đông Hòa', 47, 681, '1', '796', 0),
(25960, 'Phường An Bình', 47, 681, '1', '791', 0),
(25963, 'Phường An Thạnh', 47, 525, '0', NULL, 0),
(25966, 'Phường Lái Thiêu', 47, 525, '0', NULL, 0),
(25969, 'Phường Bình Chuẩn', 47, 525, '1', '798', 0),
(25972, 'Phường Thuận Giao', 47, 525, '1', '799', 0),
(25975, 'Phường An Phú', 47, 525, '1', '800', 0),
(25978, 'Phường Hưng Định', 47, 525, '0', NULL, 0),
(25981, 'Xã An Sơn', 47, 525, '1', '804', 0),
(25984, 'Phường Bình Nhâm', 47, 525, '0', NULL, 0),
(25987, 'Phường Bình Hòa', 47, 525, '1', '797', 0),
(25990, 'Phường Vĩnh Phú', 47, 525, '1', '803', 0),
(25993, 'Phường Trảng Dài', 48, 527, '1', '10766', 0),
(25996, 'Phường Tân Phong', 48, 527, '1', '10761', 0),
(25999, 'Phường Tân Biên', 48, 527, '1', '10755', 0),
(26002, 'Phường Hố Nai', 48, 527, '1', '10746', 0),
(26005, 'Phường Tân Hòa', 48, 527, '1', '10758', 0),
(26008, 'Phường Tân Hiệp', 48, 527, '1', '10757', 0),
(26011, 'Phường Bửu Long', 48, 527, '1', '10744', 0),
(26014, 'Phường Tân Tiến', 48, 527, '1', '10762', 0),
(26017, 'Phường Tam Hiệp', 48, 527, '1', '10753', 0),
(26020, 'Phường Long Bình', 48, 527, '1', '10750', 0),
(26023, 'Phường Quang Vinh', 48, 527, '1', '10751', 0),
(26026, 'Phường Tân Mai', 48, 527, '1', '10759', 0),
(26029, 'Phường Thống Nhất', 48, 527, '1', '10765', 0),
(26032, 'Phường Trung Dũng', 48, 527, '1', '10767', 0),
(26035, 'Phường Tam Hòa', 48, 527, '1', '10754', 0),
(26038, 'Phường Hòa Bình', 48, 527, '1', '10749', 0),
(26041, 'Phường Quyết Thắng', 48, 527, '1', '10752', 0),
(26044, 'Phường Thanh Bình', 48, 527, '1', '10764', 0),
(26047, 'Phường Bình Đa', 48, 527, '1', '10742', 0),
(26050, 'Phường An Bình', 48, 527, '1', '10741', 0),
(26053, 'Phường Bửu Hòa', 48, 527, '1', '10743', 0),
(26056, 'Phường Long Bình Tân', 48, 527, '1', '10768', 0),
(26059, 'Phường Tân Vạn', 48, 527, '1', '10763', 0),
(26062, 'Xã Tân Hạnh', 48, 527, '1', '10756', 0),
(26065, 'Xã Hiệp Hòa', 48, 527, '1', '10745', 0),
(26068, 'Xã Hóa An', 48, 527, '1', '10748', 0),
(26071, 'Phường Xuân Trung', 48, 532, '1', '10792', 0),
(26074, 'Phường Xuân Thanh', 48, 532, '1', '10791', 0),
(26077, 'Phường Xuân Bình', 48, 532, '1', '10786', 0),
(26080, 'Phường Xuân An', 48, 532, '1', '10785', 0),
(26083, 'Phường Xuân Hoà', 48, 532, '1', '10787', 0),
(26086, 'Phường Phú Bình', 48, 532, '1', '10782', 0),
(26089, 'Xã Bình Lộc', 48, 532, '1', '10779', 0),
(26092, 'Xã Bảo Quang', 48, 532, '1', '10775', 0),
(26095, 'Xã Suối Tre', 48, 532, '1', '10783', 0),
(26098, 'Xã Bảo Vinh', 48, 532, '1', '10776', 0),
(26101, 'Xã Xuân Lập', 48, 532, '1', '10788', 0),
(26104, 'Xã Bàu Sen', 48, 532, '1', '10777', 0),
(26107, 'Xã Bàu Trâm', 48, 532, '1', '10778', 0),
(26110, 'Xã Xuân Tân', 48, 532, '1', '10790', 0),
(26113, 'Xã Hàng Gòn', 48, 532, '1', '10780', 0),
(26116, 'Thị trấn Tân Phú', 48, 528, '1', '10674', 0),
(26119, 'Xã Dak Lua', 48, 528, '1', '10675', 0),
(26122, 'Xã Nam Cát Tiên', 48, 528, '1', '10676', 0),
(26125, 'Xã Phú An', 48, 528, '1', '10678', 0),
(26128, 'Xã Núi Tượng', 48, 528, '1', '10677', 0),
(26131, 'Xã Tà Lài', 48, 528, '1', '10688', 0),
(26134, 'Xã Phú Lập', 48, 528, '1', '10681', 0),
(26137, 'Xã Phú Sơn', 48, 528, '1', '10683', 0),
(26140, 'Xã Phú Thịnh', 48, 528, '1', '10685', 0),
(26143, 'Xã Thanh Sơn', 48, 528, '1', '10689', 0),
(26146, 'Xã Phú Trung', 48, 528, '1', '10686', 0),
(26149, 'Xã Phú Xuân', 48, 528, '1', '10687', 0),
(26152, 'Xã Phú Lộc', 48, 528, '1', '10682', 0),
(26155, 'Xã Phú Lâm', 48, 528, '1', '11520', 0),
(26158, 'Xã Phú Bình', 48, 528, '1', '10679', 0),
(26161, 'Xã Phú Thanh', 48, 528, '1', '10684', 0),
(26164, 'Xã Trà Cổ', 48, 528, '1', '10690', 0),
(26167, 'Xã Phú Điền', 48, 528, '1', '10680', 0),
(26170, 'Thị trấn Vĩnh An', 48, 530, '1', '10696', 0),
(26173, 'Xã Phú Lý', 48, 530, '1', '10704', 0),
(26176, 'Xã Trị An', 48, 530, '1', '10699', 0),
(26179, 'Xã Tân An', 48, 530, '1', '10698', 0),
(26182, 'Xã Vĩnh Tân', 48, 530, '1', '10701', 0),
(26185, 'Xã Bình Lợi', 48, 530, '1', '10692', 0),
(26188, 'Xã Thạnh Phú', 48, 530, '1', '10694', 0),
(26191, 'Xã Thiện Tân', 48, 530, '1', '10695', 0),
(26194, 'Xã Tân Bình', 48, 530, '1', '10693', 0),
(26197, 'Xã Bình Hòa', 48, 530, '1', '10691', 0),
(26200, 'Xã Mã Đà', 48, 530, '1', '10703', 0),
(26203, 'Xã Hiếu Liêm', 48, 530, '1', '10702', 0),
(26206, 'Thị trấn Định Quán', 48, 529, '0', NULL, 0),
(26209, 'Xã Thanh Sơn', 48, 529, '0', NULL, 0),
(26212, 'Xã Phú Tân', 48, 529, '0', NULL, 0),
(26215, 'Xã Phú Vinh', 48, 529, '0', NULL, 0),
(26218, 'Xã Phú Lợi', 48, 529, '0', NULL, 0),
(26221, 'Xã Phú Hòa', 48, 529, '0', NULL, 0),
(26224, 'Xã Ngọc Định', 48, 529, '0', NULL, 0),
(26227, 'Xã La Ngà', 48, 529, '0', NULL, 0),
(26230, 'Xã Gia Canh', 48, 529, '0', NULL, 0),
(26233, 'Xã Phú Ngọc', 48, 529, '0', NULL, 0),
(26236, 'Xã Phú Cường', 48, 529, '0', NULL, 0),
(26239, 'Xã Túc Trưng', 48, 529, '0', NULL, 0),
(26242, 'Xã Phú Túc', 48, 529, '0', NULL, 0),
(26245, 'Xã Suối Nho', 48, 529, '0', NULL, 0),
(26248, 'Thị trấn Trảng Bom', 48, 694, '1', '10657', 0),
(26251, 'Xã Thanh Bình', 48, 694, '1', '10669', 0),
(26254, 'Xã Cây Gáo', 48, 694, '1', '10661', 0),
(26257, 'Xã Bàu Hàm', 48, 694, '0', NULL, 0),
(26260, 'Xã Sông Thao', 48, 694, '1', '10666', 0),
(26263, 'Xã Sông Trầu', 48, 694, '1', '10667', 0),
(26266, 'Xã Đông Hoà', 48, 694, '1', '10662', 0),
(26269, 'Xã Bắc Sơn', 48, 694, '1', '10671', 0),
(26272, 'Xã Hố Nai 3', 48, 694, '1', '10673', 0),
(26275, 'Xã Tây Hoà', 48, 694, '1', '10668', 0),
(26278, 'Xã Bình Minh', 48, 694, '1', '10660', 0),
(26281, 'Xã Trung Hoà', 48, 694, '1', '10670', 0),
(26284, 'Xã Đồi 61', 48, 694, '1', '10672', 0),
(26287, 'Xã Hưng Thịnh', 48, 694, '1', '10664', 0),
(26290, 'Xã Quảng Tiến', 48, 694, '1', '10665', 0),
(26293, 'Xã Giang Điền', 48, 694, '1', '10663', 0),
(26296, 'Xã An Viễn', 48, 694, '1', '10658', 0),
(26299, 'Xã Gia Tân 1', 48, 531, '1', '10649', 0),
(26302, 'Xã Gia Tân 2', 48, 531, '1', '10650', 0),
(26305, 'Xã Gia Tân 3', 48, 531, '1', '10651', 0),
(26308, 'Xã Gia Kiệm', 48, 531, '0', NULL, 0),
(26311, 'Xã Quang Trung', 48, 531, '1', '10654', 0),
(26314, 'Xã Bàu Hàm 2', 48, 531, '1', '11581', 0),
(26317, 'Xã Hưng Lộc', 48, 531, '1', '10652', 0),
(26320, 'Xã Lộ 25', 48, 531, '1', '10653', 0),
(26323, 'Xã Xuân Thiện', 48, 531, '1', '10656', 0),
(26326, 'Xã Xuân Thạnh', 48, 531, '1', '10655', 0),
(26329, 'Xã Sông Nhạn', 48, 744, '1', '10611', 0),
(26332, 'Xã Xuân Quế', 48, 744, '1', '10620', 0),
(26335, 'Xã Nhân Nghĩa', 48, 744, '1', '10608', 0),
(26338, 'Xã Xuân Đường', 48, 744, '1', '10618', 0),
(26341, 'Xã Long Giao', 48, 744, '0', NULL, 0),
(26344, 'Xã Xuân Mỹ', 48, 744, '1', '10619', 0),
(26347, 'Xã Thừa Đức', 48, 744, '1', '10614', 0),
(26350, 'Xã Bảo Bình', 48, 744, '1', '10612', 0),
(26353, 'Xã Xuân Bảo', 48, 744, '1', '10616', 0),
(26356, 'Xã Xuân Tây', 48, 744, '1', '10621', 0),
(26359, 'Xã Xuân Đông', 48, 744, '1', '10617', 0),
(26362, 'Xã Sông Ray', 48, 744, '1', '10613', 0),
(26365, 'Xã Lâm San', 48, 744, '1', '10609', 0),
(26368, 'Thị trấn Long Thành', 48, 534, '1', '10623', 0),
(26371, 'Xã An Hoà', 48, 527, '1', '10769', 0),
(26374, 'Xã Tam Phước', 48, 527, '1', '10772', 0),
(26377, 'Xã Phước Tân', 48, 527, '1', '10771', 0),
(26380, 'Xã Long Hưng', 48, 527, '1', '10770', 0),
(26383, 'Xã An Phước', 48, 534, '1', '10624', 0),
(26386, 'Xã Bình An', 48, 534, '1', '10625', 0),
(26389, 'Xã Long Đức', 48, 534, '1', '10629', 0),
(26392, 'Xã Lộc An', 48, 534, '1', '10628', 0),
(26395, 'Xã Bình Sơn', 48, 534, '1', '10626', 0),
(26398, 'Xã Tam An', 48, 534, '1', '10631', 0),
(26401, 'Xã Cẩm Đường', 48, 534, '1', '10627', 0),
(26404, 'Xã Long An', 48, 534, '1', '10622', 0),
(26407, 'Xã Suối Trầu', 48, 534, '1', '10630', 0),
(26410, 'Xã Bàu Cạn', 48, 534, '1', '11133', 0),
(26413, 'Xã Long Phước', 48, 534, '1', '11134', 0),
(26416, 'Xã Phước Bình', 48, 534, '1', '11135', 0),
(26419, 'Xã Tân Hiệp', 48, 534, '1', '11137', 0),
(26422, 'Xã Phước Thái', 48, 534, '1', '11136', 0),
(26425, 'Thị trấn Gia Ray', 48, 533, '1', '10708', 0),
(26428, 'Xã Xuân Bắc', 48, 533, '1', '10712', 0),
(26431, 'Xã Suối Cao', 48, 533, '1', '10717', 0),
(26434, 'Xã Xuân Thành', 48, 533, '1', '10723', 0),
(26437, 'Xã Xuân Thọ', 48, 533, '1', '10724', 0),
(26440, 'Xã Xuân Trường', 48, 533, '1', '10726', 0),
(26443, 'Xã Xuân Hòa', 48, 533, '1', '10721', 0),
(26446, 'Xã Xuân Hưng', 48, 533, '1', '10722', 0),
(26449, 'Xã Xuân Tâm', 48, 533, '1', '10715', 0),
(26452, 'Xã Suối Cát', 48, 533, '1', '10711', 0),
(26455, 'Xã Xuân Hiệp', 48, 533, '1', '10720', 0),
(26458, 'Xã Xuân Phú', 48, 533, '1', '10714', 0),
(26461, 'Xã Xuân Định', 48, 533, '1', '10713', 0),
(26464, 'Xã Bảo Hoà', 48, 533, '1', '10710', 0),
(26467, 'Xã Lang Minh', 48, 533, '1', '10716', 0),
(26470, 'Xã Phước Thiền', 48, 535, '1', '10644', 0),
(26473, 'Xã Long Tân', 48, 535, '1', '10636', 0),
(26476, 'Xã Đại Phước', 48, 535, '1', '10635', 0),
(26479, 'Xã Hiệp Phước', 48, 535, '1', '10643', 0),
(26482, 'Xã Phú Hữu', 48, 535, '1', '10639', 0),
(26485, 'Xã Phú Hội', 48, 535, '1', '10638', 0),
(26488, 'Xã Phú Thạnh', 48, 535, '1', '10640', 0),
(26491, 'Xã Phú Đông', 48, 535, '1', '10637', 0),
(26494, 'Xã Long Thọ', 48, 535, '1', '10645', 0),
(26497, 'Xã Vĩnh Thanh', 48, 535, '1', '10642', 0),
(26500, 'Xã Phước Khánh', 48, 535, '1', '10641', 0),
(26503, 'Xã Phước An', 48, 535, '1', '10646', 0),
(26506, 'Phường 1', 49, 547, '1', '11183', 0),
(26508, 'Phường Thắng Tam', 49, 547, '1', '11191', 0),
(26509, 'Phường 2', 49, 547, '1', '11192', 0),
(26512, 'Phường 3', 49, 547, '1', '11184', 0),
(26515, 'Phường 4', 49, 547, '1', '11185', 0),
(26518, 'Phường 5', 49, 547, '1', '11186', 0),
(26521, 'Phường Thắng Nhì', 49, 547, '0', NULL, 0),
(26524, 'Phường 7', 49, 547, '1', '11188', 0),
(26526, 'Phường Nguyễn An Ninh', 49, 547, '1', '11190', 0),
(26527, 'Phường 8', 49, 547, '1', '11189', 0),
(26530, 'Phường 9', 49, 547, '1', '11178', 0),
(26533, 'Phường Thắng Nhất', 49, 547, '1', '11179', 0),
(26535, 'Phường Rạch Dừa', 49, 547, '1', '11177', 0),
(26536, 'Phường 10', 49, 547, '1', '11182', 0),
(26539, 'Phường 11', 49, 547, '1', '11180', 0),
(26542, 'Phường 12', 49, 547, '1', '11181', 0),
(26545, 'Xã Long Sơn', 49, 547, '1', '11665', 0),
(26548, 'Phường Phước Hưng', 49, 548, '1', '11198', 0),
(26551, 'Phường Phước Hiệp', 49, 548, '1', '11197', 0),
(26554, 'Phường Phước Nguyên', 49, 548, '1', '11193', 0),
(26557, 'Phường Long Toàn', 49, 548, '1', '11196', 0),
(26558, 'Phường Long Tâm', 49, 548, '1', '11202', 0),
(26560, 'Phường Phước Trung', 49, 548, '1', '11199', 0),
(26563, 'Phường Long Hương', 49, 548, '1', '11195', 0),
(26566, 'Phường Kim Dinh', 49, 548, '1', '11194', 0),
(26567, 'Xã Tân Hưng', 49, 548, '1', '11201', 0),
(26569, 'Xã Long Phước', 49, 548, '1', '11200', 0),
(26572, 'Xã Hoà Long', 49, 548, '0', NULL, 0),
(26574, 'Xã Bàu Chinh', 49, 549, '1', '11122', 0),
(26575, 'Thị trấn Ngãi Giao', 49, 549, '0', NULL, 0),
(26578, 'Xã Bình Ba', 49, 549, '1', '11123', 0),
(26581, 'Xã Suối Nghệ', 49, 549, '1', '11124', 0),
(26584, 'Xã Xuân Sơn', 49, 549, '1', '11127', 0),
(26587, 'Xã Sơn Bình', 49, 549, '1', '11128', 0),
(26590, 'Xã Bình Giã', 49, 549, '1', '11126', 0),
(26593, 'Xã Bình Trung', 49, 549, '1', '11125', 0),
(26596, 'Xã Xà Bang', 49, 549, '1', '11119', 0),
(26599, 'Xã Cù Bị', 49, 549, '1', '11118', 0),
(26602, 'Xã Láng Lớn', 49, 549, '1', '11121', 0),
(26605, 'Xã Quảng Thành', 49, 549, '1', '11120', 0),
(26608, 'Xã Kim Long', 49, 549, '0', NULL, 0),
(26611, 'Xã Suối Rao', 49, 549, '1', '11129', 0),
(26614, 'Xã Đá Bạc', 49, 549, '1', '11130', 0),
(26617, 'Xã Nghĩa Thành', 49, 549, '1', '11131', 0),
(26620, 'Thị trấn Phước Bửu', 49, 550, '0', NULL, 0),
(26623, 'Xã Phước Thuận', 49, 550, '1', '11156', 0),
(26626, 'Xã Phước Tân', 49, 550, '1', '11157', 0),
(26629, 'Xã Xuyên Mộc', 49, 550, '1', '11158', 0),
(26632, 'Xã Bông Trang', 49, 550, '1', '11159', 0),
(26635, 'Xã Tân Lâm', 49, 550, '1', '11166', 0),
(26638, 'Xã Bàu Lâm', 49, 550, '1', '11160', 0),
(26641, 'Xã Hòa Bình', 49, 550, '0', NULL, 0),
(26644, 'Xã Hòa Hưng', 49, 550, '1', '11162', 0),
(26647, 'Xã Hòa Hiệp', 49, 550, '1', '11163', 0),
(26650, 'Xã Hòa Hội', 49, 550, '1', '11164', 0),
(26653, 'Xã Bưng Riềng', 49, 550, '1', '11165', 0),
(26656, 'Xã Bình Châu', 49, 550, '1', '11167', 0),
(26659, 'Thị trấn Long Điền', 49, 692, '1', '11143', 0),
(26662, 'Thị trấn Long Hải', 49, 692, '1', '11144', 0),
(26665, 'Xã An Ngãi', 49, 692, '1', '11138', 0),
(26668, 'Xã Tam Phước', 49, 692, '1', '11139', 0),
(26671, 'Xã An Nhứt', 49, 692, '1', '11140', 0),
(26674, 'Xã Phước Tỉnh', 49, 692, '1', '11142', 0),
(26677, 'Xã Phước Hưng', 49, 692, '1', '11141', 0),
(26680, 'Thị trấn Đất Đỏ', 49, 693, '1', '11176', 0),
(26683, 'Xã Phước Long Thọ', 49, 693, '1', '11168', 0),
(26686, 'Xã Phước Hội', 49, 693, '1', '11172', 0),
(26689, 'Xã Long Mỹ', 49, 693, '1', '11173', 0),
(26692, 'Thị trấn Phước Hải', 49, 693, '1', '11175', 0),
(26695, 'Xã Long Tân', 49, 693, '1', '11170', 0),
(26698, 'Xã Láng Dài', 49, 693, '1', '11171', 0),
(26701, 'Xã Lộc An', 49, 693, '1', '11174', 0),
(26704, 'Thị trấn Phú Mỹ', 49, 551, '1', '11250', 0),
(26707, 'Xã Tân Hoà', 49, 551, '0', NULL, 0),
(26710, 'Xã Tân Hải', 49, 551, '0', NULL, 0),
(26713, 'Xã Phước Hoà', 49, 551, '0', NULL, 0),
(26716, 'Xã Tân Phước', 49, 551, '0', NULL, 0),
(26719, 'Xã Mỹ Xuân', 49, 551, '0', NULL, 0),
(26722, 'Xã Sông Xoài', 49, 551, '0', NULL, 0),
(26725, 'Xã Hắc Dịch', 49, 551, '0', NULL, 0),
(26728, 'Xã Châu Pha', 49, 551, '0', NULL, 0),
(26731, 'Xã Tóc Tiên', 49, 551, '0', NULL, 0),
(26734, 'Phường Tân Định', 50, 466, '1', '4151', 0),
(26737, 'Phường Đa Kao', 50, 466, '1', '4152', 0),
(26740, 'Phường Bến Nghé', 50, 466, '1', '4154', 0),
(26743, 'Phường Bến Thành', 50, 466, '1', '4153', 0),
(26746, 'Phường Nguyễn Thái Bình', 50, 466, '1', '4155', 0),
(26749, 'Phường Phạm Ngũ Lão', 50, 466, '1', '4158', 0),
(26752, 'Phường Cầu Ông Lãnh', 50, 466, '1', '4157', 0),
(26755, 'Phường Cô Giang', 50, 466, '1', '4160', 0),
(26758, 'Phường Nguyễn Cư Trinh', 50, 466, '1', '4156', 0),
(26761, 'Phường Cầu Kho', 50, 466, '1', '4159', 0),
(26764, 'Phường Thạnh Xuân', 50, 477, '1', '4198', 0),
(26767, 'Phường Thạnh Lộc', 50, 477, '1', '4200', 0),
(26770, 'Phường Hiệp Thành', 50, 477, '1', '4197', 0),
(26773, 'Phường Thới An', 50, 477, '1', '4199', 0),
(26776, 'Phường Tân Chánh Hiệp', 50, 477, '1', '4196', 0),
(26779, 'Phường An Phú Đông', 50, 477, '1', '4201', 0),
(26782, 'Phường Tân Thới Hiệp', 50, 477, '1', '4202', 0),
(26785, 'Phường Trung Mỹ Tây', 50, 477, '1', '4194', 0),
(26787, 'Phường Tân Hưng Thuận', 50, 477, '1', '4195', 0),
(26788, 'Phường Đông Hưng Thuận', 50, 477, '1', '4193', 0),
(26791, 'Phường Tân Thới Nhất', 50, 477, '1', '4192', 0),
(26794, 'Phường Linh Xuân', 50, 482, '1', '4377', 0),
(26797, 'Phường Bình Chiểu', 50, 482, '1', '4372', 0),
(26800, 'Phường Linh Trung', 50, 482, '1', '4378', 0),
(26803, 'Phường Tam Bình', 50, 482, '1', '4376', 0),
(26806, 'Phường Tam Phú', 50, 482, '1', '4371', 0),
(26809, 'Phường Hiệp Bình Phước', 50, 482, '1', '4374', 0),
(26812, 'Phường Hiệp Bình Chánh', 50, 482, '1', '4382', 0),
(26815, 'Phường Linh Chiểu', 50, 482, '1', '4373', 0),
(26818, 'Phường Linh Tây', 50, 482, '1', '4379', 0),
(26821, 'Phường Linh Đông', 50, 482, '1', '4375', 0),
(26824, 'Phường Bình Thọ', 50, 482, '1', '4381', 0),
(26827, 'Phường Trường Thọ', 50, 482, '1', '4380', 0),
(26830, 'Phường Long Bình', 50, 474, '1', '4307', 0),
(26833, 'Phường Long Thạnh Mỹ', 50, 474, '1', '4306', 0),
(26836, 'Phường Tân Phú', 50, 474, '1', '4308', 0),
(26839, 'Phường Hiệp Phú', 50, 474, '1', '4298', 0),
(26842, 'Phường Tăng Nhơn Phú A', 50, 474, '1', '4309', 0),
(26845, 'Phường Tăng Nhơn Phú B', 50, 474, '1', '4310', 0),
(26848, 'Phường Phước Long B', 50, 474, '1', '4300', 0),
(26851, 'Phường Phước Long A', 50, 474, '1', '4299', 0),
(26854, 'Phường Trường Thạnh', 50, 474, '1', '4305', 0),
(26857, 'Phường Long Phước', 50, 474, '1', '4304', 0),
(26860, 'Phường Long Trường', 50, 474, '1', '4303', 0),
(26863, 'Phường Phước Bình', 50, 474, '1', '4301', 0),
(26866, 'Phường Phú Hữu', 50, 474, '1', '4302', 0),
(26869, 'Phường 15', 50, 478, '1', '4354', 0),
(26872, 'Phường 13', 50, 478, '1', '4352', 0),
(26875, 'Phường 17', 50, 478, '1', '4356', 0),
(26876, 'Phường 6', 50, 478, '1', '4345', 0),
(26878, 'Phường 16', 50, 478, '1', '4355', 0),
(26881, 'Phường 12', 50, 478, '1', '4351', 0),
(26882, 'Phường 14', 50, 478, '1', '4353', 0),
(26884, 'Phường 10', 50, 478, '1', '4349', 0),
(26887, 'Phường 05', 50, 478, '1', '4344', 0),
(26890, 'Phường 07', 50, 478, '1', '4346', 0),
(26893, 'Phường 04', 50, 478, '1', '4343', 0),
(26896, 'Phường 01', 50, 478, '1', '4341', 0),
(26897, 'Phường 9', 50, 478, '1', '4348', 0),
(26898, 'Phường 8', 50, 478, '1', '4347', 0),
(26899, 'Phường 11', 50, 478, '1', '4350', 0),
(26902, 'Phường 03', 50, 478, '1', '4342', 0),
(26905, 'Phường 13', 50, 480, '1', '4320', 0),
(26908, 'Phường 11', 50, 480, '1', '4318', 0),
(26911, 'Phường 27', 50, 480, '1', '4326', 0),
(26914, 'Phường 26', 50, 480, '1', '4324', 0),
(26917, 'Phường 12', 50, 480, '1', '4319', 0),
(26920, 'Phường 25', 50, 480, '1', '4325', 0),
(26923, 'Phường 05', 50, 480, '1', '4315', 0),
(26926, 'Phường 07', 50, 480, '1', '4317', 0),
(26929, 'Phường 24', 50, 480, '1', '4323', 0),
(26932, 'Phường 06', 50, 480, '1', '4316', 0),
(26935, 'Phường 14', 50, 480, '1', '4321', 0),
(26938, 'Phường 15', 50, 480, '1', '4322', 0),
(26941, 'Phường 02', 50, 480, '1', '4329', 0),
(26944, 'Phường 01', 50, 480, '1', '4328', 0),
(26947, 'Phường 03', 50, 480, '1', '4330', 0),
(26950, 'Phường 17', 50, 480, '1', '4311', 0),
(26953, 'Phường 21', 50, 480, '1', '4313', 0),
(26956, 'Phường 22', 50, 480, '1', '4314', 0),
(26959, 'Phường 19', 50, 480, '1', '4312', 0),
(26962, 'Phường 28', 50, 480, '1', '4327', 0),
(26965, 'Phường 02', 50, 479, '1', '4393', 0),
(26968, 'Phường 04', 50, 479, '1', '4394', 0),
(26971, 'Phường 12', 50, 479, '1', '4390', 0),
(26974, 'Phường 13', 50, 479, '1', '4391', 0),
(26977, 'Phường 01', 50, 479, '1', '4383', 0),
(26980, 'Phường 03', 50, 479, '1', '11568', 0),
(26983, 'Phường 11', 50, 479, '1', '4389', 0),
(26986, 'Phường 07', 50, 479, '1', '4385', 0),
(26989, 'Phường 05', 50, 479, '1', '4395', 0),
(26992, 'Phường 10', 50, 479, '1', '4388', 0),
(26995, 'Phường 06', 50, 479, '1', '4384', 0),
(26998, 'Phường 08', 50, 479, '1', '4386', 0),
(27001, 'Phường 09', 50, 479, '1', '4387', 0),
(27004, 'Phường 14', 50, 479, '1', '4392', 0),
(27007, 'Phường 15', 50, 479, '1', '4396', 0),
(27010, 'Phường Tân Sơn Nhì', 50, 680, '1', '4397', 0),
(27013, 'Phường Tây Thạnh', 50, 680, '1', '4399', 0),
(27016, 'Phường Sơn Kỳ', 50, 680, '1', '4405', 0),
(27019, 'Phường Tân Quý', 50, 680, '1', '4398', 0),
(27022, 'Phường Tân Thành', 50, 680, '1', '4404', 0),
(27025, 'Phường Phú Thọ Hòa', 50, 680, '1', '4406', 0),
(27028, 'Phường Phú Thạnh', 50, 680, '1', '4403', 0),
(27031, 'Phường Phú Trung', 50, 680, '1', '4402', 0),
(27034, 'Phường Hòa Thạnh', 50, 680, '1', '4401', 0),
(27037, 'Phường Hiệp Tân', 50, 680, '1', '4400', 0),
(27040, 'Phường Tân Thới Hòa', 50, 680, '1', '4407', 0),
(27043, 'Phường 04', 50, 481, '1', '4360', 0),
(27046, 'Phường 05', 50, 481, '1', '4361', 0),
(27049, 'Phường 09', 50, 481, '1', '4364', 0),
(27052, 'Phường 07', 50, 481, '1', '4362', 0),
(27055, 'Phường 03', 50, 481, '1', '4359', 0),
(27058, 'Phường 01', 50, 481, '1', '4357', 0),
(27061, 'Phường 02', 50, 481, '1', '4358', 0),
(27064, 'Phường 08', 50, 481, '1', '4363', 0),
(27067, 'Phường 15', 50, 481, '1', '4370', 0),
(27070, 'Phường 10', 50, 481, '1', '4365', 0),
(27073, 'Phường 11', 50, 481, '1', '4366', 0),
(27076, 'Phường 17', 50, 481, '1', '11565', 0),
(27079, 'Phường 14', 50, 481, '1', '4369', 0),
(27082, 'Phường 12', 50, 481, '1', '4367', 0),
(27085, 'Phường 13', 50, 481, '1', '4368', 0),
(27088, 'Phường Thảo Điền', 50, 467, '1', '4203', 0),
(27091, 'Phường An Phú', 50, 467, '1', '4204', 0),
(27094, 'Phường Bình An', 50, 467, '1', '4205', 0),
(27097, 'Phường Bình Trưng Đông', 50, 467, '1', '4209', 0),
(27100, 'Phường Bình Trưng Tây', 50, 467, '1', '4213', 0),
(27103, 'Phường Bình Khánh', 50, 467, '1', '4206', 0),
(27106, 'Phường An Khánh', 50, 467, '1', '4207', 0),
(27109, 'Phường Cát Lái', 50, 467, '1', '4212', 0),
(27112, 'Phường Thạnh Mỹ Lợi', 50, 467, '1', '4211', 0),
(27115, 'Phường An Lợi Đông', 50, 467, '1', '4208', 0),
(27118, 'Phường Thủ Thiêm', 50, 467, '1', '4210', 0),
(27121, 'Phường 08', 50, 468, '1', '4221', 0),
(27124, 'Phường 07', 50, 468, '1', '4220', 0),
(27127, 'Phường 14', 50, 468, '1', '4227', 0),
(27130, 'Phường 12', 50, 468, '1', '4225', 0),
(27133, 'Phường 11', 50, 468, '1', '4224', 0),
(27136, 'Phường 13', 50, 468, '1', '4226', 0),
(27139, 'Phường 06', 50, 468, '1', '4219', 0),
(27142, 'Phường 09', 50, 468, '1', '4222', 0),
(27145, 'Phường 10', 50, 468, '1', '4223', 0),
(27148, 'Phường 04', 50, 468, '1', '4217', 0),
(27151, 'Phường 05', 50, 468, '1', '4218', 0),
(27154, 'Phường 03', 50, 468, '1', '4216', 0),
(27157, 'Phường 02', 50, 468, '1', '4215', 0),
(27160, 'Phường 01', 50, 468, '1', '4214', 0),
(27163, 'Phường 15', 50, 475, '1', '4175', 0),
(27166, 'Phường 13', 50, 475, '1', '4173', 0),
(27169, 'Phường 14', 50, 475, '1', '4174', 0),
(27172, 'Phường 12', 50, 475, '1', '4172', 0),
(27175, 'Phường 11', 50, 475, '1', '4171', 0),
(27178, 'Phường 10', 50, 475, '1', '4170', 0),
(27181, 'Phường 09', 50, 475, '1', '4169', 0),
(27184, 'Phường 01', 50, 475, '1', '4161', 0),
(27187, 'Phường 08', 50, 475, '1', '4168', 0),
(27190, 'Phường 02', 50, 475, '1', '4162', 0),
(27193, 'Phường 04', 50, 475, '1', '4164', 0),
(27196, 'Phường 07', 50, 475, '1', '4167', 0),
(27199, 'Phường 05', 50, 475, '1', '4165', 0),
(27202, 'Phường 06', 50, 475, '1', '4166', 0),
(27205, 'Phường 03', 50, 475, '1', '4163', 0),
(27208, 'Phường 15', 50, 476, '1', '4191', 0),
(27211, 'Phường 05', 50, 476, '1', '4180', 0),
(27214, 'Phường 14', 50, 476, '1', '4189', 0),
(27217, 'Phường 11', 50, 476, '1', '4186', 0),
(27220, 'Phường 03', 50, 476, '1', '4178', 0),
(27223, 'Phường 10', 50, 476, '1', '4185', 0),
(27226, 'Phường 13', 50, 476, '1', '4188', 0),
(27229, 'Phường 08', 50, 476, '1', '4183', 0),
(27232, 'Phường 09', 50, 476, '1', '4184', 0),
(27235, 'Phường 12', 50, 476, '1', '4187', 0),
(27238, 'Phường 07', 50, 476, '1', '4182', 0),
(27241, 'Phường 06', 50, 476, '1', '4181', 0),
(27244, 'Phường 04', 50, 476, '1', '4179', 0),
(27247, 'Phường 01', 50, 476, '1', '4176', 0),
(27250, 'Phường 02', 50, 476, '1', '4177', 0),
(27253, 'Phường 16', 50, 476, '1', '4190', 0),
(27256, 'Phường 12', 50, 469, '1', '4237', 0),
(27259, 'Phường 13', 50, 469, '1', '4238', 0),
(27262, 'Phường 09', 50, 469, '1', '4234', 0),
(27265, 'Phường 06', 50, 469, '1', '4233', 0),
(27268, 'Phường 08', 50, 469, '1', '4235', 0),
(27271, 'Phường 10', 50, 469, '1', '4236', 0),
(27274, 'Phường 05', 50, 469, '1', '4232', 0),
(27277, 'Phường 18', 50, 469, '1', '4242', 0),
(27280, 'Phường 14', 50, 469, '1', '4239', 0),
(27283, 'Phường 04', 50, 469, '1', '4231', 0),
(27286, 'Phường 03', 50, 469, '1', '4230', 0),
(27289, 'Phường 16', 50, 469, '1', '4241', 0),
(27292, 'Phường 02', 50, 469, '1', '4229', 0),
(27295, 'Phường 15', 50, 469, '1', '4240', 0),
(27298, 'Phường 01', 50, 469, '1', '4228', 0),
(27301, 'Phường 04', 50, 470, '1', '4246', 0),
(27304, 'Phường 09', 50, 470, '1', '4251', 0),
(27307, 'Phường 03', 50, 470, '1', '4245', 0),
(27310, 'Phường 12', 50, 470, '1', '4254', 0),
(27313, 'Phường 02', 50, 470, '1', '4244', 0),
(27316, 'Phường 08', 50, 470, '1', '4250', 0),
(27319, 'Phường 15', 50, 470, '1', '4257', 0),
(27322, 'Phường 07', 50, 470, '1', '4249', 0),
(27325, 'Phường 01', 50, 470, '1', '4243', 0),
(27328, 'Phường 11', 50, 470, '1', '4253', 0),
(27331, 'Phường 14', 50, 470, '1', '4256', 0),
(27334, 'Phường 05', 50, 470, '1', '4247', 0),
(27337, 'Phường 06', 50, 470, '1', '4248', 0),
(27340, 'Phường 10', 50, 470, '1', '4252', 0),
(27343, 'Phường 13', 50, 470, '1', '4255', 0),
(27346, 'Phường 14', 50, 471, '1', '4271', 0),
(27349, 'Phường 13', 50, 471, '1', '4270', 0),
(27352, 'Phường 09', 50, 471, '1', '4266', 0),
(27355, 'Phường 06', 50, 471, '1', '4263', 0),
(27358, 'Phường 12', 50, 471, '1', '4269', 0),
(27361, 'Phường 05', 50, 471, '1', '4262', 0),
(27364, 'Phường 11', 50, 471, '1', '4268', 0),
(27367, 'Phường 02', 50, 471, '1', '4259', 0),
(27370, 'Phường 01', 50, 471, '1', '4258', 0),
(27373, 'Phường 04', 50, 471, '1', '4261', 0),
(27376, 'Phường 08', 50, 471, '1', '4265', 0),
(27379, 'Phường 03', 50, 471, '1', '4260', 0),
(27382, 'Phường 07', 50, 471, '1', '4264', 0),
(27385, 'Phường 10', 50, 471, '1', '4267', 0),
(27388, 'Phường 08', 50, 473, '1', '4289', 0),
(27391, 'Phường 02', 50, 473, '1', '4283', 0),
(27394, 'Phường 01', 50, 473, '1', '4282', 0),
(27397, 'Phường 03', 50, 473, '1', '4284', 0),
(27400, 'Phường 11', 50, 473, '1', '4292', 0),
(27403, 'Phường 09', 50, 473, '1', '4290', 0),
(27406, 'Phường 10', 50, 473, '1', '4291', 0),
(27409, 'Phường 04', 50, 473, '1', '4285', 0),
(27412, 'Phường 13', 50, 473, '1', '4294', 0),
(27415, 'Phường 12', 50, 473, '1', '4293', 0),
(27418, 'Phường 05', 50, 473, '1', '4286', 0),
(27421, 'Phường 14', 50, 473, '1', '4295', 0),
(27424, 'Phường 06', 50, 473, '1', '4287', 0),
(27427, 'Phường 15', 50, 473, '1', '4296', 0),
(27430, 'Phường 16', 50, 473, '1', '4297', 0),
(27433, 'Phường 07', 50, 473, '1', '4288', 0),
(27436, 'Phường Bình Hưng Hòa', 50, 679, '1', '4335', 0),
(27439, 'Phường Bình Hưng Hoà A', 50, 679, '1', '4336', 0),
(27442, 'Phường Bình Hưng Hoà B', 50, 679, '1', '4337', 0),
(27445, 'Phường Bình Trị Đông', 50, 679, '1', '4332', 0),
(27448, 'Phường Bình Trị Đông A', 50, 679, '1', '4333', 0),
(27451, 'Phường Bình Trị Đông B', 50, 679, '1', '4334', 0),
(27454, 'Phường Tân Tạo', 50, 679, '1', '4338', 0),
(27457, 'Phường Tân Tạo A', 50, 679, '1', '4339', 0),
(27460, 'Phường  An Lạc', 50, 679, '1', '4331', 0),
(27463, 'Phường An Lạc A', 50, 679, '1', '4340', 0),
(27466, 'Phường Tân Thuận Đông', 50, 472, '1', '4277', 0),
(27469, 'Phường Tân Thuận Tây', 50, 472, '1', '4278', 0),
(27472, 'Phường Tân Kiểng', 50, 472, '1', '4275', 0),
(27475, 'Phường Tân Hưng', 50, 472, '1', '4274', 0),
(27478, 'Phường Bình Thuận', 50, 472, '1', '4280', 0),
(27481, 'Phường Tân Quy', 50, 472, '1', '4276', 0),
(27484, 'Phường Phú Thuận', 50, 472, '1', '4279', 0),
(27487, 'Phường Tân Phú', 50, 472, '1', '4273', 0),
(27490, 'Phường Tân Phong', 50, 472, '1', '4272', 0),
(27493, 'Phường Phú Mỹ', 50, 472, '1', '4281', 0),
(27496, 'Thị trấn Củ Chi', 50, 483, '1', '4117', 0),
(27499, 'Xã Phú Mỹ Hưng', 50, 483, '0', NULL, 0),
(27502, 'Xã An Phú', 50, 483, '1', '11577', 0),
(27505, 'Xã Trung Lập Thượng', 50, 483, '0', NULL, 0),
(27508, 'Xã An Nhơn Tây', 50, 483, '0', NULL, 0),
(27511, 'Xã Nhuận Đức', 50, 483, '1', '4125', 0),
(27514, 'Xã Phạm Văn Cội', 50, 483, '1', '4124', 0),
(27517, 'Xã Phú Hòa Đông', 50, 483, '1', '4130', 0),
(27520, 'Xã Trung Lập Hạ', 50, 483, '1', '4123', 0),
(27523, 'Xã Trung An', 50, 483, '1', '4129', 0),
(27526, 'Xã Phước Thạnh', 50, 483, '1', '4131', 0),
(27529, 'Xã Phước Hiệp', 50, 483, '1', '4132', 0),
(27532, 'Xã Tân An Hội', 50, 483, '1', '4121', 0),
(27535, 'Xã Phước Vĩnh An', 50, 483, '1', '4120', 0),
(27538, 'Xã Thái Mỹ', 50, 483, '1', '11579', 0),
(27541, 'Xã Tân Thạnh Tây', 50, 483, '1', '4127', 0),
(27544, 'Xã Hòa Phú', 50, 483, '1', '4128', 0),
(27547, 'Xã Tân Thạnh Đông', 50, 483, '1', '4126', 0);
INSERT INTO `wards` (`WardId`, `WardName`, `ProvinceId`, `DistrictId`, `ShipChungSupport`, `ShipChungWardCode`, `DisplayOrder`) VALUES
(27550, 'Xã Bình Mỹ', 50, 483, '1', '11628', 0),
(27553, 'Xã Tân Phú Trung', 50, 483, '1', '4118', 0),
(27556, 'Xã Tân Thông Hội', 50, 483, '1', '4119', 0),
(27559, 'Thị trấn Hóc Môn', 50, 484, '1', '4144', 0),
(27562, 'Xã Tân Hiệp', 50, 484, '1', '4139', 0),
(27565, 'Xã Nhị Bình', 50, 484, '1', '4133', 0),
(27568, 'Xã Đông Thạnh', 50, 484, '1', '4138', 0),
(27571, 'Xã Tân Thới Nhì', 50, 484, '1', '4143', 0),
(27574, 'Xã Thới Tam Thôn', 50, 484, '1', '4140', 0),
(27577, 'Xã Xuân Thới Sơn', 50, 484, '1', '4136', 0),
(27580, 'Xã Tân Xuân', 50, 484, '1', '4142', 0),
(27583, 'Xã Xuân Thới Đông', 50, 484, '1', '4134', 0),
(27586, 'Xã Trung Chánh', 50, 484, '1', '4141', 0),
(27589, 'Xã Xuân Thới Thượng', 50, 484, '1', '4135', 0),
(27592, 'Xã Bà Điểm', 50, 484, '1', '4137', 0),
(27595, 'Thị trấn Tân Túc', 50, 485, '1', '11696', 0),
(27598, 'Xã Phạm Văn Hai', 50, 485, '1', '4109', 0),
(27601, 'Xã Vĩnh Lộc A', 50, 485, '1', '4094', 0),
(27604, 'Xã Vĩnh Lộc B', 50, 485, '1', '4095', 0),
(27607, 'Xã Bình Lợi', 50, 485, '1', '4105', 0),
(27610, 'Xã Lê Minh Xuân', 50, 485, '1', '4096', 0),
(27613, 'Xã Tân Nhựt', 50, 485, '1', '4100', 0),
(27616, 'Xã Tân Kiên', 50, 485, '1', '4097', 0),
(27619, 'Xã Bình Hưng', 50, 485, '1', '4104', 0),
(27622, 'Xã Phong Phú', 50, 485, '1', '4108', 0),
(27625, 'Xã An Phú Tây', 50, 485, '1', '4101', 0),
(27628, 'Xã Hưng Long', 50, 485, '1', '4107', 0),
(27631, 'Xã Đa Phước', 50, 485, '1', '4106', 0),
(27634, 'Xã Tân Quý Tây', 50, 485, '1', '4102', 0),
(27637, 'Xã Bình Chánh', 50, 485, '1', '4099', 0),
(27640, 'Xã Quy Đức', 50, 485, '1', '4103', 0),
(27643, 'Thị trấn Nhà Bè', 50, 486, '1', '4147', 0),
(27646, 'Xã Phước Kiển', 50, 486, '0', NULL, 0),
(27649, 'Xã Phước Lộc', 50, 486, '1', '4150', 0),
(27652, 'Xã Nhơn Đức', 50, 486, '1', '4145', 0),
(27655, 'Xã Phú Xuân', 50, 486, '1', '4148', 0),
(27658, 'Xã Long Thới', 50, 486, '1', '4146', 0),
(27661, 'Xã Hiệp Phước', 50, 486, '0', NULL, 0),
(27664, 'Thị trấn Cần Thạnh', 50, 487, '1', '4110', 0),
(27667, 'Xã Bình Khánh', 50, 487, '1', '4111', 0),
(27670, 'Xã Tam Thôn Hiệp', 50, 487, '1', '4114', 0),
(27673, 'Xã An Thới Đông', 50, 487, '1', '4112', 0),
(27676, 'Xã Thạnh An', 50, 487, '1', '4116', 0),
(27679, 'Xã Long Hòa', 50, 487, '1', '4115', 0),
(27682, 'Xã Lý Nhơn', 50, 487, '1', '4113', 0),
(27685, 'Phường 5', 51, 555, '1', '5077', 0),
(27688, 'Phường 2', 51, 555, '1', '5074', 0),
(27691, 'Phường 4', 51, 555, '1', '5076', 0),
(27692, 'Phường Tân Khánh', 51, 555, '1', '5081', 0),
(27694, 'Phường 1', 51, 555, '1', '5073', 0),
(27697, 'Phường 3', 51, 555, '1', '5075', 0),
(27698, 'Phường 7', 51, 555, '1', '5079', 0),
(27700, 'Phường 6', 51, 555, '1', '5078', 0),
(27703, 'Xã Hướng Thọ Phú', 51, 555, '1', '5084', 0),
(27706, 'Xã Nhơn Thạnh Trung', 51, 555, '1', '5085', 0),
(27709, 'Xã Lợi Bình Nhơn', 51, 555, '1', '5083', 0),
(27712, 'Xã Bình Tâm', 51, 555, '1', '5082', 0),
(27715, 'Phường Khánh Hậu', 51, 555, '1', '5080', 0),
(27718, 'Xã An Vĩnh Ngãi', 51, 555, '1', '5086', 0),
(27721, 'Thị trấn Tân Hưng', 51, 556, '1', '5000', 0),
(27724, 'Xã Hưng Hà', 51, 556, '1', '5001', 0),
(27727, 'Xã Hưng Điền B', 51, 556, '1', '5006', 0),
(27730, 'Xã Hưng Điền', 51, 556, '1', '5004', 0),
(27733, 'Xã Thạnh Hưng', 51, 556, '1', '5003', 0),
(27736, 'Xã Hưng Thạnh', 51, 556, '1', '5002', 0),
(27739, 'Xã Vĩnh Thạnh', 51, 556, '1', '5005', 0),
(27742, 'Xã Vĩnh Châu B', 51, 556, '1', '5008', 0),
(27745, 'Xã Vĩnh Lợi', 51, 556, '1', '5007', 0),
(27748, 'Xã Vĩnh Đại', 51, 556, '1', '5010', 0),
(27751, 'Xã Vĩnh Châu A', 51, 556, '1', '5009', 0),
(27754, 'Xã Vĩnh Bửu', 51, 556, '0', NULL, 0),
(27757, 'Thị trấn Vĩnh Hưng', 51, 557, '1', '5035', 0),
(27760, 'Xã Hưng Điền A', 51, 557, '1', '5036', 0),
(27763, 'Xã Khánh Hưng', 51, 557, '1', '5037', 0),
(27766, 'Xã Thái Trị', 51, 557, '1', '5039', 0),
(27769, 'Xã Vĩnh Trị', 51, 557, '1', '5038', 0),
(27772, 'Xã Thái Bình Trung', 51, 557, '1', '5040', 0),
(27775, 'Xã Vĩnh Bình', 51, 557, '1', '5044', 0),
(27778, 'Xã Vĩnh Thuận', 51, 557, '1', '5043', 0),
(27781, 'Xã Tuyên Bình', 51, 557, '1', '5041', 0),
(27784, 'Xã Tuyên Bình Tây', 51, 557, '1', '5042', 0),
(27787, 'Phường 1', 51, 771, '0', NULL, 0),
(27788, 'Phường 2', 51, 771, '0', NULL, 0),
(27790, 'Xã Thạnh Trị', 51, 771, '0', NULL, 0),
(27793, 'Xã Bình Hiệp', 51, 771, '0', NULL, 0),
(27796, 'Xã Bình Hòa Tây', 51, 558, '1', '4970', 0),
(27799, 'Xã Bình Tân', 51, 771, '0', NULL, 0),
(27802, 'Xã Bình Thạnh', 51, 558, '1', '4972', 0),
(27805, 'Xã Tuyên Thạnh', 51, 771, '0', NULL, 0),
(27806, 'Phường 3', 51, 771, '0', NULL, 0),
(27808, 'Xã Bình Hòa Trung', 51, 558, '1', '4971', 0),
(27811, 'Xã Bình Hòa Đông', 51, 558, '1', '4976', 0),
(27814, 'Xã Bình Phong Thạnh', 51, 558, '1', '4973', 0),
(27817, 'Xã Thạnh Hưng', 51, 771, '0', NULL, 0),
(27820, 'Xã Tân Lập', 51, 558, '1', '4974', 0),
(27823, 'Xã Tân Thành', 51, 558, '1', '4975', 0),
(27826, 'Thị trấn Tân Thạnh', 51, 559, '1', '5011', 0),
(27829, 'Xã Bắc Hòa', 51, 559, '1', '5014', 0),
(27832, 'Xã Hậu Thạnh Tây', 51, 559, '1', '5012', 0),
(27835, 'Xã Nhơn Hòa Lập', 51, 559, '1', '5015', 0),
(27838, 'Xã Tân Lập', 51, 559, '1', '5016', 0),
(27841, 'Xã Hậu Thạnh Đông', 51, 559, '1', '5013', 0),
(27844, 'Xã Nhơn Hoà', 51, 559, '1', '5022', 0),
(27847, 'Xã Kiến Bình', 51, 559, '1', '5023', 0),
(27850, 'Xã Tân Thành', 51, 559, '1', '5017', 0),
(27853, 'Xã Tân Bình', 51, 559, '1', '5021', 0),
(27856, 'Xã Tân Ninh', 51, 559, '1', '5018', 0),
(27859, 'Xã Nhơn Ninh', 51, 559, '1', '5019', 0),
(27862, 'Xã Tân Hòa', 51, 559, '1', '5020', 0),
(27865, 'Thị trấn Thạnh Hóa', 51, 560, '1', '4977', 0),
(27868, 'Xã Tân Hiệp', 51, 560, '1', '4978', 0),
(27871, 'Xã Thuận Bình', 51, 560, '1', '4979', 0),
(27874, 'Xã Thạnh Phước', 51, 560, '1', '4980', 0),
(27877, 'Xã Thạnh Phú', 51, 560, '1', '4981', 0),
(27880, 'Xã Thuận Nghĩa Hòa', 51, 560, '1', '4982', 0),
(27883, 'Xã Thủy Đông', 51, 560, '1', '4983', 0),
(27886, 'Xã Thủy Tây', 51, 560, '1', '4984', 0),
(27889, 'Xã Tân Tây', 51, 560, '1', '4985', 0),
(27892, 'Xã Tân Đông', 51, 560, '1', '4986', 0),
(27895, 'Xã Thạnh An', 51, 560, '1', '4987', 0),
(27898, 'Thị trấn Đông Thành', 51, 561, '1', '5045', 0),
(27901, 'Xã Mỹ Quý Đông', 51, 561, '1', '5046', 0),
(27904, 'Xã Mỹ Thạnh Bắc', 51, 561, '1', '5048', 0),
(27907, 'Xã Mỹ Quý Tây', 51, 561, '1', '5047', 0),
(27910, 'Xã Mỹ Thạnh Tây', 51, 561, '1', '5054', 0),
(27913, 'Xã Mỹ Thạnh Đông', 51, 561, '1', '5053', 0),
(27916, 'Xã Bình Thành', 51, 561, '1', '5049', 0),
(27919, 'Xã Bình Hòa Bắc', 51, 561, '1', '5052', 0),
(27922, 'Xã Bình Hòa Hưng', 51, 561, '1', '5050', 0),
(27925, 'Xã Bình Hòa Nam', 51, 561, '1', '5051', 0),
(27928, 'Xã Mỹ Bình', 51, 561, '1', '5055', 0),
(27931, 'Thị trấn Hậu Nghĩa', 51, 562, '1', '5060', 0),
(27934, 'Thị trấn Hiệp Hòa', 51, 562, '1', '5061', 0),
(27937, 'Thị trấn Đức Hòa', 51, 562, '1', '5056', 0),
(27940, 'Xã Lộc Giang', 51, 562, '1', '5062', 0),
(27943, 'Xã An Ninh Đông', 51, 562, '1', '5064', 0),
(27946, 'Xã An Ninh Tây', 51, 562, '1', '5063', 0),
(27949, 'Xã Tân Mỹ', 51, 562, '1', '5065', 0),
(27952, 'Xã Hiệp Hòa', 51, 562, '0', NULL, 0),
(27955, 'Xã Đức Lập Thượng', 51, 562, '1', '5066', 0),
(27958, 'Xã Đức Lập Hạ', 51, 562, '1', '5067', 0),
(27961, 'Xã Tân Phú', 51, 562, '0', NULL, 0),
(27964, 'Xã Mỹ Hạnh Bắc', 51, 562, '1', '5058', 0),
(27967, 'Xã Đức Hòa Thượng', 51, 562, '1', '5072', 0),
(27970, 'Xã Hòa Khánh Tây', 51, 562, '1', '5068', 0),
(27973, 'Xã Hòa Khánh Đông', 51, 562, '1', '5069', 0),
(27976, 'Xã Mỹ Hạnh Nam', 51, 562, '1', '5059', 0),
(27979, 'Xã Hòa Khánh Nam', 51, 562, '1', '5070', 0),
(27982, 'Xã Đức Hòa Đông', 51, 562, '0', NULL, 0),
(27985, 'Xã Đức Hòa Hạ', 51, 562, '1', '5057', 0),
(27988, 'Xã Hựu Thạnh', 51, 562, '1', '5071', 0),
(27991, 'Thị trấn Bến Lức', 51, 563, '1', '4917', 0),
(27994, 'Xã Thạnh Lợi', 51, 563, '1', '4909', 0),
(27997, 'Xã Lương Bình', 51, 563, '1', '4908', 0),
(28000, 'Xã Thạnh Hòa', 51, 563, '1', '4911', 0),
(28003, 'Xã Lương Hòa', 51, 563, '1', '4907', 0),
(28006, 'Xã Tân Hòa', 51, 563, '1', '4912', 0),
(28009, 'Xã Tân Bửu', 51, 563, '1', '4910', 0),
(28012, 'Xã An Thạnh', 51, 563, '1', '4916', 0),
(28015, 'Xã Bình Đức', 51, 563, '1', '4913', 0),
(28018, 'Xã Mỹ Yên', 51, 563, '1', '4915', 0),
(28021, 'Xã Thanh Phú', 51, 563, '1', '4914', 0),
(28024, 'Xã Long Hiệp', 51, 563, '1', '4906', 0),
(28027, 'Xã Thạnh Đức', 51, 563, '1', '4905', 0),
(28030, 'Xã Phước Lợi', 51, 563, '0', NULL, 0),
(28033, 'Xã Nhựt Chánh', 51, 563, '1', '4904', 0),
(28036, 'Thị trấn Thủ Thừa', 51, 564, '1', '4988', 0),
(28039, 'Xã Long Thạnh', 51, 564, '1', '4989', 0),
(28042, 'Xã Tân Thành', 51, 564, '1', '4991', 0),
(28045, 'Xã Long Thuận', 51, 564, '1', '4990', 0),
(28048, 'Xã Mỹ Lạc', 51, 564, '1', '4992', 0),
(28051, 'Xã Mỹ Thạnh', 51, 564, '1', '4993', 0),
(28054, 'Xã Bình An', 51, 564, '1', '4994', 0),
(28057, 'Xã Nhị Thành', 51, 564, '1', '4998', 0),
(28060, 'Xã Mỹ An', 51, 564, '1', '4995', 0),
(28063, 'Xã Bình Thạnh', 51, 564, '1', '4997', 0),
(28066, 'Xã Mỹ Phú', 51, 564, '1', '4996', 0),
(28069, 'Xã Long Thành', 51, 564, '0', NULL, 0),
(28072, 'Xã Tân Lập', 51, 564, '1', '4999', 0),
(28075, 'Thị trấn Tân Trụ', 51, 566, '1', '5024', 0),
(28078, 'Xã Mỹ Bình', 51, 566, '1', '5025', 0),
(28081, 'Xã An Nhựt Tân', 51, 566, '1', '5027', 0),
(28084, 'Xã Quê Mỹ Thạnh', 51, 566, '1', '5026', 0),
(28087, 'Xã Lạc Tấn', 51, 566, '1', '5028', 0),
(28090, 'Xã Bình Trinh Đông', 51, 566, '1', '5031', 0),
(28093, 'Xã Tân Phước Tây', 51, 566, '1', '5032', 0),
(28096, 'Xã Bình Lãng', 51, 566, '1', '5029', 0),
(28099, 'Xã Bình Tịnh', 51, 566, '1', '5030', 0),
(28102, 'Xã Đức Tân', 51, 566, '1', '5033', 0),
(28105, 'Xã Nhựt Ninh', 51, 566, '1', '5034', 0),
(28108, 'Thị trấn Cần Đước', 51, 567, '1', '4948', 0),
(28111, 'Xã Long Trạch', 51, 567, '1', '4961', 0),
(28114, 'Xã Long Khê', 51, 567, '1', '4949', 0),
(28117, 'Xã Long Định', 51, 567, '1', '4963', 0),
(28120, 'Xã Phước Vân', 51, 567, '1', '4962', 0),
(28123, 'Xã Long Hòa', 51, 567, '1', '4959', 0),
(28126, 'Xã Long Cang', 51, 567, '1', '4960', 0),
(28129, 'Xã Long Sơn', 51, 567, '1', '4958', 0),
(28132, 'Xã Tân Trạch', 51, 567, '1', '4957', 0),
(28135, 'Xã Mỹ Lệ', 51, 567, '0', NULL, 0),
(28138, 'Xã Tân Lân', 51, 567, '1', '4955', 0),
(28141, 'Xã Phước Tuy', 51, 567, '1', '4956', 0),
(28144, 'Xã Long Hựu Đông', 51, 567, '1', '4950', 0),
(28147, 'Xã Tân Ân', 51, 567, '1', '4954', 0),
(28150, 'Xã Phước Đông', 51, 567, '1', '4952', 0),
(28153, 'Xã Long Hựu Tây', 51, 567, '1', '4951', 0),
(28156, 'Xã Tân Chánh', 51, 567, '1', '4953', 0),
(28159, 'Thị trấn Cần Giuộc', 51, 568, '0', NULL, 0),
(28162, 'Xã Phước Lý', 51, 568, '1', '4933', 0),
(28165, 'Xã Long Thượng', 51, 568, '1', '4932', 0),
(28168, 'Xã Long Hậu', 51, 568, '1', '4937', 0),
(28171, 'Xã Tân Kim', 51, 568, '1', '4936', 0),
(28174, 'Xã Phước Hậu', 51, 568, '1', '4934', 0),
(28177, 'Xã Mỹ Lộc', 51, 568, '1', '4935', 0),
(28180, 'Xã Phước Lại', 51, 568, '1', '4939', 0),
(28183, 'Xã Phước Lâm', 51, 568, '1', '4938', 0),
(28186, 'Xã Trường Bình', 51, 568, '1', '4940', 0),
(28189, 'Xã Thuận Thành', 51, 568, '1', '4941', 0),
(28192, 'Xã Phước Vĩnh Tây', 51, 568, '1', '4943', 0),
(28195, 'Xã Phước Vĩnh Đông', 51, 568, '1', '4944', 0),
(28198, 'Xã Long An', 51, 568, '1', '4942', 0),
(28201, 'Xã Long Phụng', 51, 568, '1', '4945', 0),
(28204, 'Xã Đông Thạnh', 51, 568, '1', '4947', 0),
(28207, 'Xã Tân Tập', 51, 568, '0', NULL, 0),
(28210, 'Thị trấn Tầm Vu', 51, 565, '1', '11481', 0),
(28213, 'Xã Bình Quới', 51, 565, '1', '11483', 0),
(28216, 'Xã Hòa Phú', 51, 565, '1', '11482', 0),
(28219, 'Xã Phú Ngãi Trị', 51, 565, '1', '11485', 0),
(28222, 'Xã Vĩnh Công', 51, 565, '1', '11484', 0),
(28225, 'Xã Thuận Mỹ', 51, 565, '1', '11493', 0),
(28228, 'Xã Hiệp Thạnh', 51, 565, '1', '11486', 0),
(28231, 'Xã Phước Tân Hưng', 51, 565, '1', '11487', 0),
(28234, 'Xã Thanh Phú Long', 51, 565, '1', '11491', 0),
(28237, 'Xã Dương Xuân Hội', 51, 565, '1', '11488', 0),
(28240, 'Xã An Lục Long', 51, 565, '1', '11490', 0),
(28243, 'Xã Long Trì', 51, 565, '1', '11489', 0),
(28246, 'Xã Thanh Vĩnh Đông', 51, 565, '1', '11492', 0),
(28249, 'Phường 5', 52, 594, '1', '9539', 0),
(28252, 'Phường 4', 52, 594, '1', '9538', 0),
(28255, 'Phường 7', 52, 594, '1', '9541', 0),
(28258, 'Phường 3', 52, 594, '1', '9537', 0),
(28261, 'Phường 1', 52, 594, '0', NULL, 0),
(28264, 'Phường 2', 52, 594, '1', '9536', 0),
(28267, 'Phường 8', 52, 594, '1', '9542', 0),
(28270, 'Phường 6', 52, 594, '1', '9540', 0),
(28273, 'Phường 9', 52, 594, '1', '9543', 0),
(28276, 'Phường 10', 52, 594, '1', '9544', 0),
(28279, 'Phường Tân Long', 52, 594, '1', '9545', 0),
(28282, 'Xã Đạo Thạnh', 52, 594, '1', '9548', 0),
(28285, 'Xã Trung An', 52, 594, '1', '9549', 0),
(28288, 'Xã Mỹ Phong', 52, 594, '1', '9547', 0),
(28291, 'Xã Tân Mỹ Chánh', 52, 594, '1', '9546', 0),
(28294, 'Phường 3', 52, 595, '1', '9553', 0),
(28297, 'Phường 2', 52, 595, '1', '9552', 0),
(28300, 'Phường 4', 52, 595, '1', '9554', 0),
(28303, 'Phường 1', 52, 595, '1', '9551', 0),
(28306, 'Phường 5', 52, 595, '1', '9555', 0),
(28309, 'Xã Long Hưng', 52, 595, '1', '9559', 0),
(28312, 'Xã Long Thuận', 52, 595, '1', '9557', 0),
(28315, 'Xã Long Chánh', 52, 595, '1', '9556', 0),
(28318, 'Xã Long Hòa', 52, 595, '1', '9558', 0),
(28321, 'Thị trấn Mỹ Phước', 52, 596, '1', '9522', 0),
(28324, 'Xã Tân Hòa Đông', 52, 596, '0', NULL, 0),
(28327, 'Xã Thạnh Tân', 52, 596, '1', '9533', 0),
(28330, 'Xã Thạnh Mỹ', 52, 596, '1', '9532', 0),
(28333, 'Xã Thạnh Hoà', 52, 596, '1', '9531', 0),
(28336, 'Xã Phú Mỹ', 52, 596, '1', '9523', 0),
(28339, 'Xã Tân Hòa Thành', 52, 596, '1', '9528', 0),
(28342, 'Xã Hưng Thạnh', 52, 596, '1', '9525', 0),
(28345, 'Xã Tân Lập 1', 52, 596, '1', '9529', 0),
(28348, 'Xã Tân Hòa Tây', 52, 596, '1', '9527', 0),
(28351, 'Xã Mỹ Phước', 52, 596, '1', '9524', 0),
(28354, 'Xã Tân Lập 2', 52, 596, '1', '9530', 0),
(28357, 'Xã Phước Lập', 52, 596, '1', '9526', 0),
(28360, 'Thị trấn Cái Bè', 52, 600, '1', '9458', 0),
(28363, 'Xã Hậu Mỹ Bắc B', 52, 600, '1', '9463', 0),
(28366, 'Xã Hậu Mỹ Bắc A', 52, 600, '1', '9474', 0),
(28369, 'Xã Mỹ Trung', 52, 600, '1', '9472', 0),
(28372, 'Xã Hậu Mỹ Trinh', 52, 600, '1', '9464', 0),
(28375, 'Xã Hậu Mỹ Phú', 52, 600, '1', '9478', 0),
(28378, 'Xã Mỹ Tân', 52, 600, '1', '9471', 0),
(28381, 'Xã Mỹ Lợi B', 52, 600, '1', '9482', 0),
(28384, 'Xã Thiện Trung', 52, 600, '1', '9480', 0),
(28387, 'Xã Mỹ Hội', 52, 600, '1', '9467', 0),
(28390, 'Xã An Cư', 52, 600, '1', '9477', 0),
(28393, 'Xã Hậu Thành', 52, 600, '1', '9465', 0),
(28396, 'Xã Mỹ Lợi A', 52, 600, '1', '9469', 0),
(28399, 'Xã Hòa Khánh', 52, 600, '1', '9460', 0),
(28402, 'Xã Thiện Trí', 52, 600, '1', '9479', 0),
(28405, 'Xã Mỹ Đức Đông', 52, 600, '1', '9468', 0),
(28408, 'Xã Mỹ Đức Tây', 52, 600, '1', '9473', 0),
(28411, 'Xã Đông Hòa Hiệp', 52, 600, '1', '9476', 0),
(28414, 'Xã An Thái Đông', 52, 600, '1', '9475', 0),
(28417, 'Xã Tân Hưng', 52, 600, '1', '9481', 0),
(28420, 'Xã Mỹ Lương', 52, 600, '1', '9470', 0),
(28423, 'Xã Tân Thanh', 52, 600, '1', '9461', 0),
(28426, 'Xã An Thái Trung', 52, 600, '1', '9462', 0),
(28429, 'Xã An Hữu', 52, 600, '1', '9459', 0),
(28432, 'Xã Hòa Hưng', 52, 600, '1', '9466', 0),
(28435, 'Phường 1', 52, 815, '1', '11571', 0),
(28436, 'Phường 2', 52, 815, '1', '11572', 0),
(28437, 'Phường 3', 52, 815, '1', '11573', 0),
(28438, 'Xã Thạnh Lộc', 52, 598, '1', '9393', 0),
(28439, 'Phường 4', 52, 815, '1', '11574', 0),
(28440, 'Phường 5', 52, 815, '1', '11575', 0),
(28441, 'Xã Mỹ Thành Bắc', 52, 598, '1', '9412', 0),
(28444, 'Xã Phú Cường', 52, 598, '1', '9411', 0),
(28447, 'Xã Mỹ Phước Tây', 52, 815, '1', '9389', 0),
(28450, 'Xã Mỹ Hạnh Đông', 52, 815, '1', '9398', 0),
(28453, 'Xã Mỹ Hạnh Trung', 52, 815, '1', '9399', 0),
(28456, 'Xã Mỹ Thành Nam', 52, 598, '1', '9410', 0),
(28459, 'Xã Tân Phú', 52, 815, '1', '9405', 0),
(28462, 'Xã Tân Bình', 52, 815, '1', '9402', 0),
(28465, 'Xã Phú Nhuận', 52, 598, '1', '9409', 0),
(28468, 'Xã Tân Hội', 52, 815, '1', '9407', 0),
(28471, 'Xã Bình Phú', 52, 598, '1', '9387', 0),
(28474, 'Phường Nhị Mỹ', 52, 815, '0', NULL, 0),
(28477, 'Xã Nhị Quý', 52, 815, '1', '9390', 0),
(28480, 'Xã Thanh Hòa', 52, 815, '1', '9403', 0),
(28483, 'Xã Phú Quý', 52, 815, '1', '9413', 0),
(28486, 'Xã Long Khánh', 52, 815, '1', '9396', 0),
(28489, 'Xã Cẩm Sơn', 52, 598, '1', '9394', 0),
(28492, 'Xã Phú An', 52, 598, '1', '9408', 0),
(28495, 'Xã Mỹ Long', 52, 598, '1', '9400', 0),
(28498, 'Xã Long Tiên', 52, 598, '1', '9397', 0),
(28501, 'Xã Hiệp Đức', 52, 598, '1', '9404', 0),
(28504, 'Xã Long Trung', 52, 598, '1', '9401', 0),
(28507, 'Xã Hội Xuân', 52, 598, '1', '9395', 0),
(28510, 'Xã Tân Phong', 52, 598, '1', '9392', 0),
(28513, 'Xã Tam Bình', 52, 598, '1', '9391', 0),
(28516, 'Xã Ngũ Hiệp', 52, 598, '1', '9388', 0),
(28519, 'Thị trấn Tân Hiệp', 52, 597, '1', '11698', 0),
(28522, 'Xã Tân Hội Đông', 52, 597, '0', NULL, 0),
(28525, 'Xã Tân Hương', 52, 597, '0', NULL, 0),
(28528, 'Xã Tân Lý Đông', 52, 597, '0', NULL, 0),
(28531, 'Xã Tân Lý Tây', 52, 597, '0', NULL, 0),
(28534, 'Xã Thân Cửu Nghĩa', 52, 597, '0', NULL, 0),
(28537, 'Xã Tam Hiệp', 52, 597, '0', NULL, 0),
(28540, 'Xã Điềm Hy', 52, 597, '0', NULL, 0),
(28543, 'Xã Nhị Bình', 52, 597, '0', NULL, 0),
(28546, 'Xã Dưỡng Điềm', 46, 516, '0', NULL, 0),
(28549, 'Xã Đông Hòa', 52, 597, '0', NULL, 0),
(28552, 'Xã Long Định', 52, 597, '0', NULL, 0),
(28555, 'Xã Hữu Đạo', 52, 597, '0', NULL, 0),
(28558, 'Xã Long An', 52, 597, '0', NULL, 0),
(28561, 'Xã Long Hưng', 52, 597, '0', NULL, 0),
(28564, 'Xã Bình Trưng', 52, 597, '0', NULL, 0),
(28567, 'Xã Phước Thạnh', 52, 594, '1', '9550', 0),
(28570, 'Xã Thạnh Phú', 52, 597, '0', NULL, 0),
(28573, 'Xã Bàn Long', 52, 597, '0', NULL, 0),
(28576, 'Xã Vĩnh Kim', 52, 597, '0', NULL, 0),
(28579, 'Xã Bình Đức', 52, 597, '0', NULL, 0),
(28582, 'Xã Song Thuận', 52, 597, '0', NULL, 0),
(28585, 'Xã Kim Sơn', 52, 597, '0', NULL, 0),
(28588, 'Xã Phú Phong', 52, 597, '0', NULL, 0),
(28591, 'Xã Thới Sơn', 52, 594, '0', NULL, 0),
(28594, 'Thị trấn Chợ Gạo', 52, 599, '1', '9438', 0),
(28597, 'Xã Trung Hòa', 52, 599, '1', '9453', 0),
(28600, 'Xã Hòa Tịnh', 52, 599, '1', '9457', 0),
(28603, 'Xã Mỹ Tịnh An', 52, 599, '1', '9454', 0),
(28606, 'Xã Tân Bình Thạnh', 52, 599, '1', '9451', 0),
(28609, 'Xã Phú Kiết', 52, 599, '1', '9448', 0),
(28612, 'Xã Lương Hòa Lạc', 52, 599, '1', '9456', 0),
(28615, 'Xã Thanh Bình', 52, 599, '1', '9441', 0),
(28618, 'Xã Quơn Long', 52, 599, '1', '9449', 0),
(28621, 'Xã Bình Phục Nhứt', 52, 599, '1', '9440', 0),
(28624, 'Xã Đăng Hưng Phước', 52, 599, '1', '9443', 0),
(28627, 'Xã Tân Thuận Bình', 52, 599, '1', '9452', 0),
(28630, 'Xã Song Bình', 52, 599, '1', '9450', 0),
(28633, 'Xã Bình Phan', 52, 599, '1', '9445', 0),
(28636, 'Xã Long Bình Điền', 52, 599, '1', '9455', 0),
(28639, 'Xã An Thạnh Thủy', 52, 599, '1', '9444', 0),
(28642, 'Xã Xuân Đông', 52, 599, '1', '9442', 0),
(28645, 'Xã Hòa Định', 52, 599, '1', '9446', 0),
(28648, 'Xã Bình Ninh', 52, 599, '1', '9447', 0),
(28651, 'Thị trấn Vĩnh Bình', 52, 601, '1', '9483', 0),
(28654, 'Xã Đồng Sơn', 52, 601, '1', '9484', 0),
(28657, 'Xã Bình Phú', 52, 601, '1', '9488', 0),
(28660, 'Xã Đồng Thạnh', 52, 601, '1', '9490', 0),
(28663, 'Xã Thành Công', 52, 601, '1', '9500', 0),
(28666, 'Xã Bình Nhì', 52, 601, '1', '9497', 0),
(28669, 'Xã Yên Luông', 52, 601, '1', '9496', 0),
(28672, 'Xã Thạnh Trị', 52, 601, '1', '9494', 0),
(28675, 'Xã Thạnh Nhựt', 52, 601, '1', '9486', 0),
(28678, 'Xã Long Vĩnh', 52, 601, '1', '9491', 0),
(28681, 'Xã Bình Tân', 52, 601, '1', '9489', 0),
(28684, 'Xã Vĩnh Hựu', 52, 601, '1', '9495', 0),
(28687, 'Xã Long Bình', 52, 601, '1', '9485', 0),
(28690, 'Xã Tân Thới', 52, 796, '1', '9518', 0),
(28693, 'Xã Tân Phú', 52, 796, '1', '9519', 0),
(28696, 'Xã Phú Thạnh', 52, 796, '1', '9521', 0),
(28699, 'Xã Tân Thạnh', 52, 796, '1', '9520', 0),
(28702, 'Thị trấn Tân Hòa', 52, 602, '1', '9501', 0),
(28705, 'Xã Tăng Hoà', 52, 602, '0', NULL, 0),
(28708, 'Xã Bình Đông', 52, 595, '1', '9561', 0),
(28711, 'Xã Tân Phước', 52, 602, '1', '9505', 0),
(28714, 'Xã Gia Thuận', 52, 602, '1', '9509', 0),
(28717, 'Xã Bình Xuân', 52, 595, '1', '9562', 0),
(28720, 'Thị trấn Vàm Láng', 52, 602, '0', NULL, 0),
(28723, 'Xã Tân Tây', 52, 602, '1', '9502', 0),
(28726, 'Xã Kiểng Phước', 52, 602, '1', '9508', 0),
(28729, 'Xã Tân Trung', 52, 595, '1', '9560', 0),
(28732, 'Xã Tân Đông', 52, 602, '1', '9512', 0),
(28735, 'Xã Bình Ân', 52, 602, '1', '9506', 0),
(28738, 'Xã Tân Điền', 52, 602, '1', '9510', 0),
(28741, 'Xã Bình Nghị', 52, 602, '1', '9507', 0),
(28744, 'Xã Phước Trung', 52, 602, '1', '9513', 0),
(28747, 'Xã Tân Thành', 52, 602, '1', '9511', 0),
(28750, 'Xã Phú Đông', 52, 796, '1', '9516', 0),
(28753, 'Xã Phú Tân', 52, 796, '1', '9517', 0),
(28756, 'Phường Phú Khương', 53, 612, '1', '1935', 0),
(28757, 'Phường Phú Tân', 53, 612, '1', '1944', 0),
(28759, 'Phường 8', 53, 612, '1', '1943', 0),
(28762, 'Phường 6', 53, 612, '1', '1941', 0),
(28765, 'Phường 4', 53, 612, '1', '1939', 0),
(28768, 'Phường 5', 53, 612, '1', '1940', 0),
(28771, 'Phường 1', 53, 612, '1', '1936', 0),
(28774, 'Phường 3', 53, 612, '1', '1938', 0),
(28777, 'Phường 2', 53, 612, '1', '1937', 0),
(28780, 'Phường 7', 53, 612, '1', '1942', 0),
(28783, 'Xã Sơn Đông', 53, 612, '1', '1932', 0),
(28786, 'Xã Phú Hưng', 53, 612, '1', '1934', 0),
(28789, 'Xã Bình Phú', 53, 612, '1', '1931', 0),
(28792, 'Xã Mỹ Thạnh An', 53, 612, '1', '1933', 0),
(28795, 'Xã Nhơn Thạnh', 53, 612, '1', '1945', 0),
(28798, 'Xã Phú Nhuận', 53, 612, '1', '11632', 0),
(28801, 'Thị trấn Châu Thành', 53, 613, '1', '11311', 0),
(28804, 'Xã Tân Thạch', 53, 613, '1', '11309', 0),
(28807, 'Xã Qưới Sơn', 53, 613, '1', '11320', 0),
(28810, 'Xã An Khánh', 53, 613, '1', '11301', 0),
(28813, 'Xã Giao Long', 53, 613, '1', '11313', 0),
(28816, 'Xã Giao Hòa', 53, 613, '1', '11323', 0),
(28819, 'Xã Phú Túc', 53, 613, '1', '11302', 0),
(28822, 'Xã Phú Đức', 53, 613, '1', '11304', 0),
(28825, 'Xã Phú An Hòa', 53, 613, '1', '11321', 0),
(28828, 'Xã An Phước', 53, 613, '1', '11310', 0),
(28831, 'Xã Tam Phước', 53, 613, '1', '11306', 0),
(28834, 'Xã Thành Triệu', 53, 613, '1', '11303', 0),
(28837, 'Xã Tường Đa', 53, 613, '1', '11305', 0),
(28840, 'Xã Tân Phú', 53, 613, '1', '11314', 0),
(28843, 'Xã Quới Thành', 53, 613, '1', '11317', 0),
(28846, 'Xã Phước Thạnh', 53, 613, '1', '11307', 0),
(28849, 'Xã An Hóa', 53, 613, '1', '11322', 0),
(28852, 'Xã Tiên Long', 53, 613, '1', '11315', 0),
(28855, 'Xã An Hiệp', 53, 613, '1', '11312', 0),
(28858, 'Xã Hữu Định', 53, 613, '1', '11308', 0),
(28861, 'Xã Tiên Thủy', 53, 613, '1', '11316', 0),
(28864, 'Xã Sơn Hòa', 53, 613, '1', '11318', 0),
(28867, 'Xã Mỹ Thành', 53, 612, '0', NULL, 0),
(28870, 'Thị trấn Chợ Lách', 53, 614, '1', '1849', 0),
(28873, 'Xã Phú Phụng', 53, 614, '1', '1850', 0),
(28876, 'Xã Sơn Định', 53, 614, '1', '1852', 0),
(28879, 'Xã Vĩnh Bình', 53, 614, '1', '1851', 0),
(28882, 'Xã Hòa Nghĩa', 53, 614, '1', '1853', 0),
(28885, 'Xã Long Thới', 53, 614, '1', '1855', 0),
(28888, 'Xã Phú Sơn', 53, 614, '1', '1857', 0),
(28889, 'Xã Phú Mỹ', 53, 615, '0', NULL, 0),
(28891, 'Xã Tân Thiềng', 53, 614, '1', '1854', 0),
(28894, 'Xã Vĩnh Thành', 53, 614, '1', '1856', 0),
(28897, 'Xã Vĩnh Hòa', 53, 614, '1', '1858', 0),
(28900, 'Xã Hưng Khánh Trung B', 53, 614, '0', NULL, 0),
(28901, 'Xã Hưng Khánh Trung A', 53, 615, '1', '1891', 0),
(28903, 'Thị trấn Mỏ Cày', 53, 802, '0', NULL, 0),
(28906, 'Xã Thanh Tân', 53, 615, '1', '1894', 0),
(28909, 'Xã Thạnh Ngãi', 53, 615, '1', '1885', 0),
(28912, 'Xã Tân Phú Tây', 53, 615, '1', '1886', 0),
(28915, 'Xã Phước Mỹ Trung', 53, 615, '1', '1887', 0),
(28918, 'Xã Tân Thành Bình', 53, 615, '1', '1892', 0),
(28921, 'Xã Thành An', 53, 615, '1', '1890', 0),
(28924, 'Xã Hòa Lộc', 53, 615, '1', '1884', 0),
(28927, 'Xã Tân Thanh Tây', 53, 615, '1', '1893', 0),
(28930, 'Xã Định Thủy', 53, 802, '1', '1903', 0),
(28933, 'Xã Tân Bình', 53, 615, '1', '1889', 0),
(28936, 'Xã Nhuận Phú Tân', 53, 615, '1', '1882', 0),
(28939, 'Xã Đa Phước Hội', 53, 802, '1', '1904', 0),
(28940, 'Xã Tân Hội', 53, 802, '1', '1911', 0),
(28942, 'Xã Phước Hiệp', 53, 802, '1', '1902', 0),
(28945, 'Xã Bình Khánh Đông', 53, 802, '1', '1899', 0),
(28948, 'Xã Khánh Thạnh Tân', 53, 615, '1', '1883', 0),
(28951, 'Xã An Thạnh', 53, 802, '1', '1905', 0),
(28954, 'Xã Bình Khánh Tây', 53, 802, '1', '1907', 0),
(28957, 'Xã An Định', 53, 802, '1', '1901', 0),
(28960, 'Xã Thành Thới B', 53, 802, '1', '1906', 0),
(28963, 'Xã Tân Trung', 53, 802, '1', '1910', 0),
(28966, 'Xã An Thới', 53, 802, '1', '1908', 0),
(28969, 'Xã Thành Thới A', 53, 802, '1', '1898', 0),
(28972, 'Xã Minh Đức', 53, 802, '1', '1896', 0),
(28975, 'Xã Ngãi Đăng', 53, 802, '1', '1895', 0),
(28978, 'Xã Cẩm Sơn', 53, 802, '1', '1900', 0),
(28981, 'Xã Hương Mỹ', 53, 802, '1', '1909', 0),
(28984, 'Thị trấn Giồng Trôm', 53, 616, '1', '1860', 0),
(28987, 'Xã Phong Nẫm', 53, 616, '1', '1861', 0),
(28990, 'Xã Phong Mỹ', 53, 616, '1', '1862', 0),
(28993, 'Xã Mỹ Thạnh', 53, 616, '1', '1863', 0),
(28996, 'Xã Châu Hòa', 53, 616, '1', '1872', 0),
(28999, 'Xã Lương Hòa', 53, 616, '1', '1870', 0),
(29002, 'Xã Lương Quới', 53, 616, '1', '1871', 0),
(29005, 'Xã Lương Phú', 53, 616, '1', '1864', 0),
(29008, 'Xã Châu Bình', 53, 616, '1', '1873', 0),
(29011, 'Xã Thuận Điền', 53, 616, '1', '1865', 0),
(29014, 'Xã Sơn Phú', 53, 616, '1', '1866', 0),
(29017, 'Xã Bình Hoà', 53, 616, '1', '1874', 0),
(29020, 'Xã Phước Long', 53, 616, '1', '1867', 0),
(29023, 'Xã Hưng Phong', 53, 616, '1', '1869', 0),
(29026, 'Xã Long Mỹ', 53, 616, '1', '1868', 0),
(29029, 'Xã Tân Hào', 53, 616, '1', '1877', 0),
(29032, 'Xã Bình Thành', 53, 616, '1', '1875', 0),
(29035, 'Xã Tân Thanh', 53, 616, '1', '1876', 0),
(29038, 'Xã Tân Lợi Thạnh', 53, 616, '0', NULL, 0),
(29041, 'Xã Thạnh Phú Đông', 53, 616, '1', '1879', 0),
(29044, 'Xã Hưng Nhượng', 53, 616, '1', '1881', 0),
(29047, 'Xã Hưng Lễ', 53, 616, '1', '1880', 0),
(29050, 'Thị trấn Bình Đại', 53, 617, '1', '1807', 0),
(29053, 'Xã Tam Hiệp', 53, 617, '1', '1808', 0),
(29056, 'Xã Long Định', 53, 617, '1', '1809', 0),
(29059, 'Xã Long Hòa', 53, 617, '1', '1810', 0),
(29062, 'Xã Phú Thuận', 53, 617, '1', '1811', 0),
(29065, 'Xã Vang Quới Tây', 53, 617, '1', '1813', 0),
(29068, 'Xã Vang Quới Đông', 53, 617, '1', '1814', 0),
(29071, 'Xã Châu Hưng', 53, 617, '1', '1812', 0),
(29074, 'Xã Phú Vang', 53, 617, '1', '1816', 0),
(29077, 'Xã Lộc Thuận', 53, 617, '1', '1817', 0),
(29080, 'Xã Định Trung', 53, 617, '1', '1818', 0),
(29083, 'Xã Thới Lai', 53, 617, '1', '1815', 0),
(29086, 'Xã Bình Thới', 53, 617, '1', '1820', 0),
(29089, 'Xã Phú Long', 53, 617, '1', '1819', 0),
(29092, 'Xã Bình Thắng', 53, 617, '1', '1823', 0),
(29095, 'Xã Thạnh Trị', 53, 617, '1', '1821', 0),
(29098, 'Xã Đại Hòa Lộc', 53, 617, '1', '1822', 0),
(29101, 'Xã Thừa Đức', 53, 617, '1', '1825', 0),
(29104, 'Xã Thạnh Phước', 53, 617, '1', '1824', 0),
(29107, 'Xã Thới Thuận', 53, 617, '1', '1826', 0),
(29110, 'Thị trấn Ba Tri', 53, 618, '0', NULL, 0),
(29113, 'Xã Tân Mỹ', 53, 618, '1', '1806', 0),
(29116, 'Xã Mỹ Hòa', 53, 618, '1', '1785', 0),
(29119, 'Xã Tân Xuân', 53, 618, '1', '1784', 0),
(29122, 'Xã Mỹ Chánh', 53, 618, '1', '1786', 0),
(29125, 'Xã Bảo Thạnh', 53, 618, '1', '1798', 0),
(29128, 'Xã An Phú Trung', 53, 618, '1', '1789', 0),
(29131, 'Xã Mỹ Thạnh', 53, 618, '1', '1788', 0),
(29134, 'Xã Mỹ Nhơn', 53, 618, '1', '1787', 0),
(29137, 'Xã Phước Tuy', 53, 618, '1', '1797', 0),
(29140, 'Xã Phú Ngãi', 53, 618, '1', '1796', 0),
(29143, 'Xã An Ngãi Trung', 53, 618, '0', NULL, 0),
(29146, 'Xã Phú Lễ', 53, 618, '1', '1795', 0),
(29149, 'Xã An Bình Tây', 53, 618, '1', '1794', 0),
(29152, 'Xã Bảo Thuận', 53, 618, '1', '1799', 0),
(29155, 'Xã Tân Hưng', 53, 618, '1', '1791', 0),
(29158, 'Xã An Ngãi Tây', 53, 618, '1', '1792', 0),
(29161, 'Xã An Hiệp', 53, 618, '1', '1793', 0),
(29164, 'Xã Vĩnh Hòa', 53, 618, '1', '1801', 0),
(29167, 'Xã Tân Thủy', 53, 618, '1', '1800', 0),
(29170, 'Xã Vĩnh An', 53, 618, '1', '1802', 0),
(29173, 'Xã An Đức', 53, 618, '1', '1803', 0),
(29176, 'Xã An Hòa Tây', 53, 618, '1', '1804', 0),
(29179, 'Xã An Thủy', 53, 618, '1', '1805', 0),
(29182, 'Thị trấn Thạnh Phú', 53, 619, '1', '1913', 0),
(29185, 'Xã Phú Khánh', 53, 619, '1', '1914', 0),
(29188, 'Xã Đại Điền', 53, 619, '1', '1915', 0),
(29191, 'Xã Quới Điền', 53, 619, '1', '1918', 0),
(29194, 'Xã Tân Phong', 53, 619, '1', '1916', 0),
(29197, 'Xã Mỹ Hưng', 53, 619, '1', '1919', 0),
(29200, 'Xã An Thạnh', 53, 619, '1', '1922', 0),
(29203, 'Xã Thới Thạnh', 53, 619, '1', '1917', 0),
(29206, 'Xã Hòa Lợi', 53, 619, '1', '1920', 0),
(29209, 'Xã An Điền', 53, 619, '1', '1923', 0),
(29212, 'Xã Bình Thạnh', 53, 619, '1', '1921', 0),
(29215, 'Xã An Thuận', 53, 619, '1', '1924', 0),
(29218, 'Xã An Quy', 53, 619, '0', NULL, 0),
(29221, 'Xã Thạnh Hải', 53, 619, '1', '1928', 0),
(29224, 'Xã An Nhơn', 53, 619, '1', '1926', 0),
(29227, 'Xã Giao Thạnh', 53, 619, '1', '1927', 0),
(29230, 'Xã Thạnh Phong', 53, 619, '1', '1929', 0),
(29233, 'Xã Mỹ An', 53, 619, '1', '1930', 0),
(29236, 'Phường 4', 54, 644, '1', '9652', 0),
(29239, 'Phường 1', 54, 644, '1', '9649', 0),
(29242, 'Phường 3', 54, 644, '1', '9651', 0),
(29245, 'Phường 2', 54, 644, '1', '9650', 0),
(29248, 'Phường 5', 54, 644, '1', '9653', 0),
(29251, 'Phường 6', 54, 644, '1', '9654', 0),
(29254, 'Phường 7', 54, 644, '1', '9655', 0),
(29257, 'Phường 8', 54, 644, '1', '9656', 0),
(29260, 'Phường 9', 54, 644, '1', '9657', 0),
(29263, 'Xã Long Đức', 54, 644, '1', '9658', 0),
(29266, 'Thị trấn Càng Long', 54, 645, '0', NULL, 0),
(29269, 'Xã Mỹ Cẩm', 54, 645, '1', '9587', 0),
(29272, 'Xã An Trường A', 54, 645, '1', '9583', 0),
(29275, 'Xã An Trường', 54, 645, '1', '9580', 0),
(29278, 'Xã Huyền Hội', 54, 645, '1', '9577', 0),
(29281, 'Xã Tân An', 54, 645, '1', '9578', 0),
(29284, 'Xã Tân Bình', 54, 645, '1', '9579', 0),
(29287, 'Xã Bình Phú', 54, 645, '1', '9576', 0),
(29290, 'Xã Phương Thạnh', 54, 645, '1', '9575', 0),
(29293, 'Xã Đại Phúc', 54, 645, '1', '9584', 0),
(29296, 'Xã Đại Phước', 54, 645, '1', '9585', 0),
(29299, 'Xã Nhị Long Phú', 54, 645, '1', '9586', 0),
(29302, 'Xã Nhị Long', 54, 645, '1', '9581', 0),
(29305, 'Xã Đức Mỹ', 54, 645, '0', NULL, 0),
(29308, 'Thị trấn Cầu Kè', 54, 647, '0', NULL, 0),
(29311, 'Xã Hòa Ân', 54, 647, '1', '9591', 0),
(29314, 'Xã Châu Điền', 54, 647, '1', '9590', 0),
(29317, 'Xã An Phú Tân', 54, 647, '1', '9597', 0),
(29320, 'Xã Hoà Tân', 54, 647, '1', '9593', 0),
(29323, 'Xã Ninh Thới', 54, 647, '1', '9589', 0),
(29326, 'Xã Phong Phú', 54, 647, '1', '9588', 0),
(29329, 'Xã Phong Thạnh', 54, 647, '1', '9598', 0),
(29332, 'Xã Tam Ngãi', 54, 647, '1', '9592', 0),
(29335, 'Xã Thông Hòa', 54, 647, '1', '9595', 0),
(29338, 'Xã Thạnh Phú', 54, 647, '1', '9596', 0),
(29341, 'Thị trấn Tiểu Cần', 54, 648, '0', NULL, 0),
(29344, 'Thị trấn Cầu Quan', 54, 648, '0', NULL, 0),
(29347, 'Xã Phú Cần', 54, 648, '1', '9627', 0),
(29350, 'Xã Hiếu Tử', 54, 648, '1', '9622', 0),
(29353, 'Xã Hiếu Trung', 54, 648, '1', '9623', 0),
(29356, 'Xã Long Thới', 54, 648, '1', '9632', 0),
(29359, 'Xã Hùng Hòa', 54, 648, '1', '9624', 0),
(29362, 'Xã Tân Hùng', 54, 648, '1', '9626', 0),
(29365, 'Xã Tập Ngãi', 54, 648, '1', '9630', 0),
(29368, 'Xã Ngãi Hùng', 54, 648, '1', '9625', 0),
(29371, 'Xã Tân Hòa', 54, 648, '1', '9631', 0),
(29374, 'Thị trấn Châu Thành', 54, 646, '0', NULL, 0),
(29377, 'Xã Đa Lộc', 54, 646, '1', '11417', 0),
(29380, 'Xã Mỹ Chánh', 54, 646, '1', '11416', 0),
(29383, 'Xã Thanh Mỹ', 54, 646, '1', '11415', 0),
(29386, 'Xã Lương Hoà A', 54, 646, '0', NULL, 0),
(29389, 'Xã Lương Hòa', 54, 646, '0', NULL, 0),
(29392, 'Xã Song Lộc', 54, 646, '1', '11414', 0),
(29395, 'Xã Nguyệt Hóa', 54, 646, '1', '11421', 0),
(29398, 'Xã Hòa Thuận', 54, 646, '1', '11418', 0),
(29401, 'Xã Hòa Lợi', 54, 646, '1', '11419', 0),
(29404, 'Xã Phước Hảo', 54, 646, '1', '11420', 0),
(29407, 'Xã Hưng Mỹ', 54, 646, '0', NULL, 0),
(29410, 'Xã Hòa Minh', 54, 646, '1', '11424', 0),
(29413, 'Xã Long Hòa', 54, 646, '1', '11423', 0),
(29416, 'Thị trấn Cầu Ngang', 54, 649, '0', NULL, 0),
(29419, 'Thị trấn Mỹ Long', 54, 649, '1', '9608', 0),
(29422, 'Xã Mỹ Long Bắc', 54, 649, '0', NULL, 0),
(29425, 'Xã Mỹ Long Nam', 54, 649, '0', NULL, 0),
(29428, 'Xã Mỹ Hòa', 54, 649, '1', '9601', 0),
(29431, 'Xã Vĩnh Kim', 54, 649, '1', '9600', 0),
(29434, 'Xã Kim Hòa', 54, 649, '1', '9599', 0),
(29437, 'Xã Hiệp Hòa', 54, 649, '1', '9604', 0),
(29440, 'Xã Thuận Hòa', 54, 649, '1', '9602', 0),
(29443, 'Xã Long Sơn', 54, 649, '1', '9603', 0),
(29446, 'Xã Nhị Trường', 54, 649, '1', '9609', 0),
(29449, 'Xã Trường Thọ', 54, 649, '1', '9610', 0),
(29452, 'Xã Hiệp Mỹ Đông', 54, 649, '0', NULL, 0),
(29455, 'Xã Hiệp Mỹ Tây', 54, 649, '1', '9605', 0),
(29458, 'Xã Thạnh Hòa Sơn', 54, 649, '1', '9606', 0),
(29461, 'Thị trấn Trà Cú', 54, 650, '0', NULL, 0),
(29462, 'Thị trấn Định An', 54, 650, '0', NULL, 0),
(29464, 'Xã Phước Hưng', 54, 650, '1', '9639', 0),
(29467, 'Xã Tập Sơn', 54, 650, '1', '9633', 0),
(29470, 'Xã Tân Sơn', 54, 650, '1', '9648', 0),
(29473, 'Xã An Quảng Hữu', 54, 650, '1', '9643', 0),
(29476, 'Xã Lưu Nghiệp Anh', 54, 650, '1', '9638', 0),
(29479, 'Xã Ngãi Xuyên', 54, 650, '1', '9637', 0),
(29482, 'Xã Kim Sơn', 54, 650, '1', '9647', 0),
(29485, 'Xã Thanh Sơn', 54, 650, '1', '9634', 0),
(29488, 'Xã Hàm Giang', 54, 650, '1', '9640', 0),
(29489, 'Xã Hàm Tân', 54, 650, '1', '9641', 0),
(29491, 'Xã Đại An', 54, 650, '1', '11588', 0),
(29494, 'Xã Định An', 54, 650, '0', NULL, 0),
(29497, 'Xã Đôn Xuân', 54, 651, '0', NULL, 0),
(29500, 'Xã Đôn Châu', 54, 651, '0', NULL, 0),
(29503, 'Xã Ngọc Biên', 54, 650, '1', '9645', 0),
(29506, 'Xã Long Hiệp', 54, 650, '1', '9646', 0),
(29509, 'Xã Tân Hiệp', 54, 650, '1', '9644', 0),
(29512, 'Phường 1', 54, 651, '0', NULL, 0),
(29513, 'Thị trấn Long Thành', 54, 651, '0', NULL, 0),
(29515, 'Xã Long Toàn', 54, 651, '1', '9612', 0),
(29516, 'Phường 2', 54, 651, '0', NULL, 0),
(29518, 'Xã Long Hữu', 54, 651, '1', '9611', 0),
(29521, 'Xã Long Khánh', 54, 651, '1', '9613', 0),
(29524, 'Xã Dân Thành', 54, 651, '1', '9616', 0),
(29527, 'Xã Trường Long Hòa', 54, 651, '1', '9617', 0),
(29530, 'Xã Ngũ Lạc', 54, 651, '1', '9614', 0),
(29533, 'Xã Long Vĩnh', 54, 651, '1', '9619', 0),
(29536, 'Xã Đông Hải', 54, 651, '1', '9621', 0),
(29539, 'Xã Hiệp Thạnh', 54, 651, '1', '9620', 0),
(29542, 'Phường 9', 55, 604, '1', '10011', 0),
(29545, 'Phường 5', 55, 604, '1', '10009', 0),
(29548, 'Phường 1', 55, 604, '1', '10005', 0),
(29551, 'Phường 2', 55, 604, '1', '10006', 0),
(29554, 'Phường 4', 55, 604, '1', '10008', 0),
(29557, 'Phường 3', 55, 604, '1', '10007', 0),
(29560, 'Phường 8', 55, 604, '1', '10010', 0),
(29563, 'Xã Tân Ngãi', 55, 604, '1', '10013', 0),
(29566, 'Xã Tân Hòa', 55, 604, '1', '10014', 0),
(29569, 'Xã Tân Hội', 55, 604, '1', '10015', 0),
(29572, 'Xã Trường An', 55, 604, '1', '10012', 0),
(29575, 'Thị trấn Long Hồ', 55, 605, '0', NULL, 0),
(29578, 'Xã Đồng Phú', 55, 605, '1', '9929', 0),
(29581, 'Xã Bình Hòa Phước', 55, 605, '1', '9931', 0),
(29584, 'Xã Hòa Ninh', 55, 605, '1', '9930', 0),
(29587, 'Xã An Bình', 55, 605, '1', '9932', 0),
(29590, 'Xã Thanh Đức', 55, 605, '1', '9942', 0),
(29593, 'Xã Tân Hạnh', 55, 605, '1', '9939', 0),
(29596, 'Xã Phước Hậu', 55, 605, '1', '9933', 0),
(29599, 'Xã Long Phước', 55, 605, '1', '9941', 0),
(29602, 'Xã Phú Đức', 55, 605, '1', '9943', 0),
(29605, 'Xã Lộc Hòa', 55, 605, '1', '9940', 0),
(29608, 'Xã Long An', 55, 605, '1', '9936', 0),
(29611, 'Xã Phú Quới', 55, 605, '1', '9935', 0),
(29614, 'Xã Thạnh Quới', 55, 605, '1', '9934', 0),
(29617, 'Xã Hòa Phú', 55, 605, '1', '9938', 0),
(29620, 'Thị trấn Cái Nhum', 55, 606, '0', NULL, 0),
(29623, 'Xã Mỹ An', 55, 606, '1', '9950', 0),
(29626, 'Xã Mỹ Phước', 55, 606, '1', '9951', 0),
(29629, 'Xã An Phước', 55, 606, '1', '9946', 0),
(29632, 'Xã Nhơn Phú', 55, 606, '1', '9952', 0),
(29635, 'Xã Long Mỹ', 55, 606, '0', NULL, 0),
(29638, 'Xã Hòa Tịnh', 55, 606, '0', NULL, 0),
(29641, 'Xã Chánh Hội', 55, 606, '1', '9949', 0),
(29644, 'Xã Bình Phước', 55, 606, '1', '9948', 0),
(29647, 'Xã Chánh An', 55, 606, '1', '9947', 0),
(29650, 'Xã Tân An Hội', 55, 606, '1', '9953', 0),
(29653, 'Xã Tân Long', 55, 606, '0', NULL, 0),
(29656, 'Xã Tân Long Hội', 55, 606, '1', '9954', 0),
(29659, 'Thị trấn Vũng Liêm', 55, 610, '0', NULL, 0),
(29662, 'Xã Tân Quới Trung', 55, 610, '1', '9992', 0),
(29665, 'Xã Quới Thiện', 55, 610, '1', '9993', 0),
(29668, 'Xã Quới An', 55, 610, '1', '9986', 0),
(29671, 'Xã Trung Chánh', 55, 610, '1', '9994', 0),
(29674, 'Xã Tân An Luông', 55, 610, '1', '9991', 0),
(29677, 'Xã Thanh Bình', 55, 610, '1', '9996', 0),
(29680, 'Xã Trung Thành Tây', 55, 610, '1', '9987', 0),
(29683, 'Xã Trung Hiệp', 55, 610, '1', '9995', 0),
(29686, 'Xã Hiếu Phụng', 55, 610, '1', '9990', 0),
(29689, 'Xã Trung Thành Đông', 55, 610, '1', '9997', 0),
(29692, 'Xã Trung Thành', 55, 610, '1', '9988', 0),
(29695, 'Xã Trung Hiếu', 55, 610, '1', '9989', 0),
(29698, 'Xã Trung Ngãi', 55, 610, '1', '9998', 0),
(29701, 'Xã Hiếu Thuận', 55, 610, '1', '10000', 0),
(29704, 'Xã Trung Nghĩa', 55, 610, '1', '9999', 0),
(29707, 'Xã Trung An', 55, 610, '1', '10002', 0),
(29710, 'Xã Hiếu Nhơn', 55, 610, '1', '10001', 0),
(29713, 'Xã Hiếu Thành', 55, 610, '1', '10003', 0),
(29716, 'Xã Hiếu Nghĩa', 55, 610, '1', '10004', 0),
(29719, 'Thị trấn Tam Bình', 55, 608, '0', NULL, 0),
(29722, 'Xã Tân Lộc', 55, 608, '1', '9963', 0),
(29725, 'Xã Phú Thịnh', 55, 608, '1', '9959', 0),
(29728, 'Xã Hậu Lộc', 55, 608, '0', NULL, 0),
(29731, 'Xã Hòa Thạnh', 55, 608, '1', '9966', 0),
(29734, 'Xã Hoà Lộc', 55, 608, '1', '9968', 0),
(29737, 'Xã Phú Lộc', 55, 608, '1', '9970', 0),
(29740, 'Xã Song Phú', 55, 608, '1', '9958', 0),
(29743, 'Xã Hòa Hiệp', 55, 608, '1', '9967', 0),
(29746, 'Xã Mỹ Lộc', 55, 608, '1', '9969', 0),
(29749, 'Xã Tân Phú', 55, 608, '0', NULL, 0),
(29752, 'Xã Long Phú', 55, 608, '1', '9964', 0),
(29755, 'Xã Mỹ Thạnh Trung', 55, 608, '1', '9960', 0),
(29758, 'Xã Tường Lộc', 55, 608, '1', '9965', 0),
(29761, 'Xã Loan Mỹ', 55, 608, '1', '9961', 0),
(29764, 'Xã Ngãi Tứ', 55, 608, '1', '9962', 0),
(29767, 'Xã Bình Ninh', 55, 608, '1', '9957', 0),
(29770, 'Phường Cái Vồn', 55, 607, '0', NULL, 0),
(29771, 'Phường Thành Phước', 55, 607, '0', NULL, 0),
(29773, 'Xã Tân Hưng', 55, 798, '1', '9918', 0),
(29776, 'Xã Tân Thành', 55, 798, '1', '9919', 0),
(29779, 'Xã Thành Trung', 55, 798, '1', '9924', 0),
(29782, 'Xã Tân An Thạnh', 55, 798, '1', '9922', 0),
(29785, 'Xã Tân Lược', 55, 798, '1', '9920', 0),
(29788, 'Xã Nguyễn Văn Thảnh', 55, 798, '1', '9927', 0),
(29791, 'Xã Thành Đông', 55, 798, '1', '9923', 0),
(29794, 'Xã Mỹ Thuận', 55, 798, '1', '9928', 0),
(29797, 'Xã Tân Bình', 55, 798, '1', '9921', 0),
(29800, 'Xã Thành Lợi', 55, 798, '1', '9925', 0),
(29803, 'Xã Tân Quới', 55, 798, '1', '9926', 0),
(29806, 'Xã Thuận An', 55, 607, '1', '9912', 0),
(29809, 'Xã Đông Thạnh', 55, 607, '1', '9914', 0),
(29812, 'Xã Đông Bình', 55, 607, '1', '9911', 0),
(29813, 'Phường Đông Thuận', 55, 607, '0', NULL, 0),
(29815, 'Xã Mỹ Hòa', 55, 607, '1', '9913', 0),
(29818, 'Xã Đông Thành', 55, 607, '0', NULL, 0),
(29821, 'Thị trấn Trà Ôn', 55, 609, '0', NULL, 0),
(29824, 'Xã Xuân Hiệp', 55, 609, '1', '9972', 0),
(29827, 'Xã Nhơn Bình', 55, 609, '1', '9973', 0),
(29830, 'Xã Hòa Bình', 55, 609, '1', '9974', 0),
(29833, 'Xã Thới Hòa', 55, 609, '1', '9983', 0),
(29836, 'Xã Trà Côn', 55, 609, '1', '9984', 0),
(29839, 'Xã Tân Mỹ', 55, 609, '1', '9978', 0),
(29842, 'Xã Hựu Thành', 55, 609, '1', '9975', 0),
(29845, 'Xã Vĩnh Xuân', 55, 609, '1', '9976', 0),
(29848, 'Xã Thuận Thới', 55, 609, '1', '9977', 0),
(29851, 'Xã Phú Thành', 55, 609, '1', '9981', 0),
(29854, 'Xã Thiện Mỹ', 55, 609, '1', '9979', 0),
(29857, 'Xã Lục Sỹ Thành', 55, 609, '0', NULL, 0),
(29860, 'Xã Tích Thiện', 55, 609, '1', '9980', 0),
(29863, 'Phường 11', 56, 570, '1', '10905', 0),
(29866, 'Phường 1', 56, 570, '1', '10906', 0),
(29869, 'Phường 2', 56, 570, '1', '10907', 0),
(29872, 'Phường 4', 56, 570, '1', '10909', 0),
(29875, 'Phường 3', 56, 570, '1', '10908', 0),
(29878, 'Phường 6', 56, 570, '1', '10910', 0),
(29881, 'Xã Mỹ Ngãi', 56, 570, '1', '10913', 0),
(29884, 'Xã Mỹ Tân', 56, 570, '1', '10914', 0),
(29887, 'Xã Mỹ Trà', 56, 570, '1', '10915', 0),
(29888, 'Phường Mỹ Phú', 56, 570, '1', '10911', 0),
(29890, 'Xã Tân Thuận Tây', 56, 570, '1', '10916', 0),
(29892, 'Phường Hoà Thuận', 56, 570, '1', '10912', 0),
(29893, 'Xã Hòa An', 56, 570, '1', '10918', 0),
(29896, 'Xã Tân Thuận Đông', 56, 570, '1', '10917', 0),
(29899, 'Xã Tịnh Thới', 56, 570, '1', '10919', 0),
(29902, 'Phường 3', 56, 571, '1', '10922', 0),
(29905, 'Phường 1', 56, 571, '1', '10920', 0),
(29908, 'Phường 4', 56, 571, '1', '10923', 0),
(29911, 'Phường 2', 56, 571, '1', '10921', 0),
(29914, 'Xã Tân Khánh Đông', 56, 571, '1', '10926', 0),
(29917, 'Phường Tân Quy Đông', 56, 571, '1', '10924', 0),
(29919, 'Phường An Hoà', 56, 571, '1', '10925', 0),
(29920, 'Xã Tân Quy Tây', 56, 571, '1', '10927', 0),
(29923, 'Xã Tân Phú Đông', 56, 571, '1', '10928', 0),
(29926, 'Thị trấn Sa Rài', 56, 572, '0', NULL, 0),
(29929, 'Xã Tân Hộ Cơ', 56, 572, '0', NULL, 0),
(29932, 'Xã Thông Bình', 56, 572, '1', '10898', 0),
(29935, 'Xã Bình Phú', 56, 572, '1', '10899', 0),
(29938, 'Xã Tân Thành A', 56, 572, '1', '10900', 0),
(29941, 'Xã Tân Thành B', 56, 572, '1', '10901', 0),
(29944, 'Xã Tân Phước', 56, 572, '1', '10902', 0),
(29947, 'Xã Tân Công Chí', 56, 572, '1', '10903', 0),
(29950, 'Xã An Phước', 56, 572, '1', '10904', 0),
(29954, 'Phường An Lộc', 56, 808, '0', NULL, 0),
(29955, 'Phường An Thạnh', 56, 808, '0', NULL, 0),
(29956, 'Xã Thường Phước 1', 56, 573, '1', '10821', 0),
(29959, 'Xã Bình Thạnh', 56, 808, '0', NULL, 0),
(29962, 'Xã Thường Thới Hậu A', 56, 573, '1', '10823', 0),
(29965, 'Xã Tân Hội', 56, 808, '0', NULL, 0),
(29968, 'Xã Thường Thới Hậu B', 56, 573, '1', '10825', 0),
(29971, 'Xã Thường Thới Tiền', 56, 573, '1', '10826', 0),
(29974, 'Xã Thường Phước 2', 56, 573, '1', '10827', 0),
(29977, 'Xã Thường Lạc', 56, 573, '1', '10828', 0),
(29978, 'Phường An Lạc', 56, 808, '0', NULL, 0),
(29980, 'Xã Long Khánh A', 56, 573, '1', '10829', 0),
(29983, 'Xã Long Khánh B', 56, 573, '1', '10830', 0),
(29986, 'Xã An Bình B', 56, 808, '0', NULL, 0),
(29989, 'Xã An Bình A', 56, 808, '0', NULL, 0),
(29992, 'Xã Long Thuận', 56, 573, '1', '10833', 0),
(29995, 'Xã Phú Thuận B', 56, 573, '1', '10834', 0),
(29998, 'Xã Phú Thuận A', 56, 573, '1', '10835', 0),
(30001, 'Thị trấn Tràm Chim', 56, 574, '1', '11324', 0),
(30004, 'Xã Hoà Bình', 56, 574, '1', '11327', 0),
(30007, 'Xã Tân Công Sính', 56, 574, '1', '11335', 0),
(30010, 'Xã Phú Hiệp', 56, 574, '1', '11330', 0),
(30013, 'Xã Phú Đức', 56, 574, '1', '11329', 0),
(30016, 'Xã Phú Thành B', 56, 574, '1', '11333', 0),
(30019, 'Xã An Hòa', 56, 574, '1', '11325', 0),
(30022, 'Xã An Long', 56, 574, '1', '11326', 0),
(30025, 'Xã Phú Cường', 56, 574, '1', '11328', 0),
(30028, 'Xã Phú Ninh', 56, 574, '1', '11331', 0),
(30031, 'Xã Phú Thọ', 56, 574, '1', '11334', 0),
(30034, 'Xã Phú Thành A', 56, 574, '1', '11332', 0),
(30037, 'Thị trấn Mỹ An', 56, 576, '0', NULL, 0),
(30040, 'Xã Thạnh Lợi', 56, 576, '1', '10883', 0),
(30043, 'Xã Hưng Thạnh', 56, 576, '1', '10884', 0),
(30046, 'Xã Trường Xuân', 56, 576, '1', '10885', 0),
(30049, 'Xã Tân Kiều', 56, 576, '1', '10886', 0),
(30052, 'Xã Mỹ Hòa', 56, 576, '1', '10887', 0),
(30055, 'Xã Mỹ Quý', 56, 576, '1', '10888', 0),
(30058, 'Xã Mỹ Đông', 56, 576, '1', '10889', 0),
(30061, 'Xã Đốc Binh Kiều', 56, 576, '1', '10890', 0),
(30064, 'Xã Mỹ An', 56, 576, '1', '10895', 0),
(30067, 'Xã Phú Điền', 56, 576, '1', '10892', 0),
(30070, 'Xã Láng Biển', 56, 576, '1', '10893', 0),
(30073, 'Xã Thanh Mỹ', 56, 576, '1', '10894', 0),
(30076, 'Thị trấn Mỹ Thọ', 56, 577, '0', NULL, 0),
(30079, 'Xã Gáo Giồng', 56, 577, '1', '10794', 0),
(30082, 'Xã Phương Thịnh', 56, 577, '1', '10795', 0),
(30085, 'Xã Ba Sao', 56, 577, '1', '10796', 0),
(30088, 'Xã Phong Mỹ', 56, 577, '1', '10797', 0),
(30091, 'Xã Tân Nghĩa', 56, 577, '1', '10798', 0),
(30094, 'Xã Phương Trà', 56, 577, '1', '10799', 0),
(30097, 'Xã Nhị Mỹ', 56, 577, '1', '10800', 0),
(30100, 'Xã Mỹ Thọ', 56, 577, '1', '10801', 0),
(30103, 'Xã Tân Hội Trung', 56, 577, '1', '10802', 0),
(30106, 'Xã An Bình', 56, 577, '1', '10803', 0),
(30109, 'Xã Mỹ Hội', 56, 577, '1', '10804', 0),
(30112, 'Xã Mỹ Hiệp', 56, 577, '1', '10805', 0),
(30115, 'Xã Mỹ Long', 56, 577, '1', '10806', 0),
(30118, 'Xã Bình Hàng Trung', 56, 577, '1', '10807', 0),
(30121, 'Xã Mỹ Xương', 56, 577, '1', '10808', 0),
(30124, 'Xã Bình Hàng Tây', 56, 577, '1', '10809', 0),
(30127, 'Xã Bình Thạnh', 56, 577, '1', '10810', 0),
(30130, 'Thị trấn Thanh Bình', 56, 575, '0', NULL, 0),
(30133, 'Xã Tân Quới', 56, 575, '1', '10873', 0),
(30136, 'Xã Tân Hòa', 56, 575, '1', '10874', 0),
(30139, 'Xã An Phong', 56, 575, '0', NULL, 0),
(30142, 'Xã Phú Lợi', 56, 575, '1', '10875', 0),
(30145, 'Xã Tân Mỹ', 56, 575, '1', '10876', 0),
(30148, 'Xã Bình Tấn', 56, 575, '1', '10877', 0),
(30151, 'Xã Tân Huề', 56, 575, '1', '10878', 0),
(30154, 'Xã Tân Bình', 56, 575, '1', '10879', 0),
(30157, 'Xã Tân Thạnh', 56, 575, '1', '10880', 0),
(30160, 'Xã Tân Phú', 56, 575, '0', NULL, 0),
(30163, 'Xã Bình Thành', 56, 575, '1', '11522', 0),
(30166, 'Xã Tân Long', 56, 575, '1', '10882', 0),
(30169, 'Thị trấn Lấp Vò', 56, 578, '0', NULL, 0),
(30172, 'Xã Mỹ An Hưng A', 56, 578, '1', '10849', 0),
(30175, 'Xã Tân Mỹ', 56, 578, '1', '10851', 0),
(30178, 'Xã Mỹ An Hưng B', 56, 578, '1', '10850', 0),
(30181, 'Xã Tân  Khánh Trung', 56, 578, '0', NULL, 0),
(30184, 'Xã Long Hưng A', 56, 578, '1', '10853', 0),
(30187, 'Xã Vĩnh Thạnh', 56, 578, '1', '10855', 0),
(30190, 'Xã Long Hưng B', 56, 578, '1', '10854', 0),
(30193, 'Xã Bình Thành', 56, 578, '1', '10856', 0),
(30196, 'Xã Định An', 56, 578, '1', '10857', 0),
(30199, 'Xã Định Yên', 56, 578, '1', '10858', 0),
(30202, 'Xã Hội An Đông', 56, 578, '0', NULL, 0),
(30205, 'Xã Bình Thạnh Trung', 56, 578, '1', '10860', 0),
(30208, 'Thị trấn Lai Vung', 56, 579, '0', NULL, 0),
(30211, 'Xã Tân Dương', 56, 579, '1', '10837', 0),
(30214, 'Xã Hòa Thành', 56, 579, '1', '10838', 0),
(30217, 'Xã Long Hậu', 56, 579, '1', '10839', 0),
(30220, 'Xã Tân Phước', 56, 579, '1', '10840', 0),
(30223, 'Xã Hòa Long', 56, 579, '1', '10841', 0),
(30226, 'Xã Tân Thành', 56, 579, '1', '10842', 0),
(30229, 'Xã Long Thắng', 56, 579, '1', '10843', 0),
(30232, 'Xã Vĩnh Thới', 56, 579, '1', '10844', 0),
(30235, 'Xã Tân Hòa', 56, 579, '1', '10845', 0),
(30238, 'Xã Định Hòa', 56, 579, '1', '10846', 0),
(30241, 'Xã Phong Hòa', 56, 579, '1', '10847', 0),
(30244, 'Thị trấn Cái Tàu Hạ', 56, 580, '1', '11336', 0),
(30247, 'Xã An Hiệp', 56, 580, '1', '11337', 0),
(30250, 'Xã An Nhơn', 56, 580, '1', '11339', 0),
(30253, 'Xã Tân Nhuận Đông', 56, 580, '1', '11345', 0),
(30256, 'Xã Tân Bình', 56, 580, '1', '11344', 0),
(30259, 'Xã Tân Phú Trung', 56, 580, '1', '11347', 0),
(30262, 'Xã Phú Long', 56, 580, '1', '11343', 0),
(30265, 'Xã An Phú Thuận', 56, 580, '1', '11340', 0),
(30268, 'Xã Phú Hựu', 56, 580, '1', '11342', 0),
(30271, 'Xã An Khánh', 56, 580, '1', '11338', 0),
(30274, 'Xã Tân Phú', 56, 580, '1', '11346', 0),
(30277, 'Xã Hòa Tân', 56, 580, '1', '11341', 0),
(30280, 'Phường Mỹ Bình', 57, 582, '1', '698', 0),
(30283, 'Phường Mỹ Long', 57, 582, '1', '697', 0),
(30285, 'Phường Đông Xuyên', 57, 582, '1', '704', 0),
(30286, 'Phường Mỹ Xuyên', 57, 582, '1', '705', 0),
(30289, 'Phường Bình Đức', 57, 582, '1', '707', 0),
(30292, 'Phường Bình Khánh', 57, 582, '1', '706', 0),
(30295, 'Phường Mỹ Phước', 57, 582, '1', '699', 0),
(30298, 'Phường Mỹ Quý', 57, 582, '1', '700', 0),
(30301, 'Phường Mỹ Thới', 57, 582, '1', '701', 0),
(30304, 'Phường Mỹ Thạnh', 57, 582, '1', '702', 0),
(30307, 'Phường Mỹ Hòa', 57, 582, '1', '703', 0),
(30310, 'Xã Mỹ Khánh', 57, 582, '1', '708', 0),
(30313, 'Xã Mỹ Hoà Hưng', 57, 582, '1', '709', 0),
(30316, 'Phường Châu Phú B', 57, 583, '1', '711', 0),
(30319, 'Phường Châu Phú A', 57, 583, '1', '710', 0),
(30322, 'Phường Vĩnh Mỹ', 57, 583, '1', '712', 0),
(30325, 'Phường Núi Sam', 57, 583, '1', '713', 0),
(30328, 'Phường Vĩnh Ngươn', 57, 583, '0', NULL, 0),
(30331, 'Xã Vĩnh Tế', 57, 583, '1', '715', 0),
(30334, 'Xã Vĩnh Châu', 57, 583, '1', '716', 0),
(30337, 'Thị trấn An Phú', 57, 584, '1', '575', 0),
(30340, 'Xã Khánh An', 57, 584, '1', '577', 0),
(30341, 'Thị Trấn Long Bình', 57, 584, '1', '576', 0),
(30343, 'Xã Khánh Bình', 57, 584, '1', '578', 0),
(30346, 'Xã Quốc Thái', 57, 584, '1', '579', 0),
(30349, 'Xã Nhơn Hội', 57, 584, '1', '580', 0),
(30352, 'Xã Phú Hữu', 57, 584, '1', '581', 0),
(30355, 'Xã Phú Hội', 57, 584, '1', '582', 0),
(30358, 'Xã Phước Hưng', 57, 584, '1', '583', 0),
(30361, 'Xã Vĩnh Lộc', 57, 584, '1', '584', 0),
(30364, 'Xã Vĩnh Hậu', 57, 584, '1', '585', 0),
(30367, 'Xã Vĩnh Trường', 57, 584, '1', '586', 0),
(30370, 'Xã Vĩnh Hội Đông', 57, 584, '1', '587', 0),
(30373, 'Xã Đa Phước', 57, 584, '1', '588', 0),
(30376, 'Phường Long Thạnh', 57, 585, '1', '11210', 0),
(30377, 'Phường Long Hưng', 57, 585, '1', '11207', 0),
(30378, 'Phường Long Châu', 57, 585, '1', '11206', 0),
(30379, 'Xã Phú Lộc', 57, 585, '1', '11214', 0),
(30382, 'Xã Vĩnh Xương', 57, 585, '1', '11219', 0),
(30385, 'Xã Vĩnh Hòa', 57, 585, '1', '11218', 0),
(30387, 'Xã Tân Thạnh', 57, 585, '1', '11217', 0),
(30388, 'Xã Tân An', 57, 585, '1', '11216', 0),
(30391, 'Xã Long An', 57, 585, '1', '11213', 0),
(30394, 'Phường Long Phú', 57, 585, '1', '11208', 0),
(30397, 'Xã Châu Phong', 57, 585, '1', '11211', 0),
(30400, 'Xã Phú Vĩnh', 57, 585, '1', '11215', 0),
(30403, 'Xã Lê Chánh', 57, 585, '1', '11212', 0),
(30406, 'Thị trấn Phú Mỹ', 57, 586, '1', '633', 0),
(30409, 'Thị trấn Chợ Vàm', 57, 586, '1', '634', 0),
(30412, 'Phường Long Sơn', 57, 585, '1', '11209', 0),
(30415, 'Xã Long Hoà', 57, 586, '1', '646', 0),
(30418, 'Xã Phú Long', 57, 586, '1', '635', 0),
(30421, 'Xã Phú Lâm', 57, 586, '1', '636', 0),
(30424, 'Xã Phú Hiệp', 57, 586, '1', '647', 0),
(30427, 'Xã Phú Thạnh', 57, 586, '1', '648', 0),
(30430, 'Xã Hoà Lạc', 57, 586, '1', '650', 0),
(30433, 'Xã Phú Thành', 57, 586, '0', NULL, 0),
(30436, 'Xã Phú An', 57, 586, '1', '638', 0),
(30439, 'Xã Phú Xuân', 57, 586, '1', '639', 0),
(30442, 'Xã Hiệp Xương', 57, 586, '1', '640', 0),
(30445, 'Xã Phú Bình', 57, 586, '1', '641', 0),
(30448, 'Xã Phú Thọ', 57, 586, '1', '649', 0),
(30451, 'Xã Phú Hưng', 57, 586, '1', '642', 0),
(30454, 'Xã Bình Thạnh Đông', 57, 586, '1', '643', 0),
(30457, 'Xã Tân Hòa', 57, 586, '1', '644', 0),
(30460, 'Xã Tân Trung', 57, 586, '1', '645', 0),
(30463, 'Thị trấn Cái Dầu', 57, 587, '0', NULL, 0),
(30466, 'Xã Khánh Hòa', 57, 587, '1', '590', 0),
(30469, 'Xã Mỹ Đức', 57, 587, '1', '598', 0),
(30472, 'Xã Mỹ Phú', 57, 587, '1', '591', 0),
(30475, 'Xã Ô Long Vỹ', 57, 587, '1', '592', 0),
(30478, 'Xã Vĩnh Thạnh Trung', 57, 587, '1', '593', 0),
(30481, 'Xã Thạnh Mỹ Tây', 57, 587, '1', '594', 0),
(30484, 'Xã Bình Long', 57, 587, '1', '595', 0),
(30487, 'Xã Bình Mỹ', 57, 587, '1', '596', 0),
(30490, 'Xã Bình Thủy', 57, 587, '1', '597', 0),
(30493, 'Xã Đào Hữu Cảnh', 57, 587, '1', '599', 0),
(30496, 'Xã Bình Phú', 57, 587, '1', '601', 0),
(30499, 'Xã Bình Chánh', 57, 587, '1', '600', 0),
(30502, 'Thị trấn Nhà Bàng', 57, 588, '0', NULL, 0),
(30505, 'Thị trấn Chi Lăng', 57, 588, '1', '684', 0),
(30508, 'Xã Núi Voi', 57, 588, '1', '686', 0),
(30511, 'Xã Nhơn Hưng', 57, 588, '1', '687', 0),
(30514, 'Xã An Phú', 57, 588, '1', '688', 0),
(30517, 'Xã Thới Sơn', 57, 588, '1', '689', 0),
(30520, 'Thị trấn Tịnh Biên', 57, 588, '1', '685', 0),
(30523, 'Xã Văn Giáo', 57, 588, '1', '690', 0),
(30526, 'Xã An Cư', 57, 588, '1', '691', 0),
(30529, 'Xã An Nông', 57, 588, '1', '696', 0),
(30532, 'Xã Vĩnh Trung', 57, 588, '1', '692', 0),
(30535, 'Xã Tân Lợi', 57, 588, '1', '693', 0),
(30538, 'Xã An Hảo', 57, 588, '1', '694', 0),
(30541, 'Xã Tân Lập', 57, 588, '1', '695', 0),
(30544, 'Thị trấn Tri Tôn', 57, 589, '1', '668', 0),
(30547, 'Thị trấn Ba Chúc', 57, 589, '1', '669', 0),
(30550, 'Xã Lạc Quới', 57, 589, '1', '670', 0),
(30553, 'Xã Lê Trì', 57, 589, '1', '671', 0),
(30556, 'Xã Vĩnh Gia', 57, 589, '1', '672', 0),
(30559, 'Xã Vĩnh Phước', 57, 589, '1', '673', 0),
(30562, 'Xã Châu Lăng', 57, 589, '1', '674', 0);
INSERT INTO `wards` (`WardId`, `WardName`, `ProvinceId`, `DistrictId`, `ShipChungSupport`, `ShipChungWardCode`, `DisplayOrder`) VALUES
(30565, 'Xã Lương Phi', 57, 589, '1', '675', 0),
(30568, 'Xã Lương An Trà', 57, 589, '1', '676', 0),
(30571, 'Xã Tà Đảnh', 57, 589, '1', '677', 0),
(30574, 'Xã Núi Tô', 57, 589, '1', '678', 0),
(30577, 'Xã An Tức', 57, 589, '1', '679', 0),
(30580, 'Xã Cô Tô', 57, 589, '1', '680', 0),
(30583, 'Xã Tân Tuyến', 57, 589, '1', '681', 0),
(30586, 'Xã Ô Lâm', 57, 589, '1', '682', 0),
(30589, 'Thị trấn An Châu', 57, 591, '1', '11699', 0),
(30592, 'Xã An Hòa', 57, 591, '0', NULL, 0),
(30595, 'Xã Cần Đăng', 57, 591, '0', NULL, 0),
(30598, 'Xã Vĩnh Hanh', 57, 591, '0', NULL, 0),
(30601, 'Xã Bình Thạnh', 57, 591, '0', NULL, 0),
(30604, 'Xã Vĩnh Bình', 57, 591, '0', NULL, 0),
(30607, 'Xã Bình Hòa', 57, 591, '0', NULL, 0),
(30610, 'Xã Vĩnh An', 57, 591, '0', NULL, 0),
(30613, 'Xã Hòa Bình Thạnh', 57, 591, '0', NULL, 0),
(30616, 'Xã Vĩnh Lợi', 57, 591, '0', NULL, 0),
(30619, 'Xã Vĩnh Nhuận', 57, 591, '0', NULL, 0),
(30622, 'Xã Tân Phú', 57, 591, '0', NULL, 0),
(30625, 'Xã Vĩnh Thành', 57, 591, '0', NULL, 0),
(30628, 'Thị trấn Chợ Mới', 57, 590, '0', NULL, 0),
(30631, 'Thị trấn Mỹ Luông', 57, 590, '0', NULL, 0),
(30634, 'Xã Kiến An', 57, 590, '0', NULL, 0),
(30637, 'Xã Mỹ Hội Đông', 57, 590, '0', NULL, 0),
(30640, 'Xã Long Điền A', 57, 590, '0', NULL, 0),
(30643, 'Xã Tấn Mỹ', 57, 590, '0', NULL, 0),
(30646, 'Xã Long Điền B', 57, 590, '0', NULL, 0),
(30649, 'Xã Kiến Thành', 57, 590, '0', NULL, 0),
(30652, 'Xã Mỹ Hiệp', 57, 590, '0', NULL, 0),
(30655, 'Xã Mỹ An', 57, 590, '0', NULL, 0),
(30658, 'Xã Nhơn Mỹ', 57, 590, '0', NULL, 0),
(30661, 'Xã Long Giang', 57, 590, '0', NULL, 0),
(30664, 'Xã Long Kiến', 57, 590, '0', NULL, 0),
(30667, 'Xã Bình Phước Xuân', 57, 590, '0', NULL, 0),
(30670, 'Xã An Thạnh Trung', 57, 590, '0', NULL, 0),
(30673, 'Xã Hội An', 57, 590, '0', NULL, 0),
(30676, 'Xã Hòa Bình', 57, 590, '0', NULL, 0),
(30679, 'Xã Hòa An', 57, 590, '0', NULL, 0),
(30682, 'Thị trấn Núi Sập', 57, 592, '1', '651', 0),
(30685, 'Thị trấn Phú Hoà', 57, 592, '1', '652', 0),
(30688, 'Thị Trấn Óc Eo', 57, 592, '1', '653', 0),
(30691, 'Xã Tây Phú', 57, 592, '1', '654', 0),
(30692, 'Xã An Bình', 57, 592, '1', '667', 0),
(30694, 'Xã Vĩnh Phú', 57, 592, '1', '666', 0),
(30697, 'Xã Vĩnh Trạch', 57, 592, '1', '655', 0),
(30700, 'Xã Phú Thuận', 57, 592, '1', '656', 0),
(30703, 'Xã Vĩnh Chánh', 57, 592, '1', '657', 0),
(30706, 'Xã Định Mỹ', 57, 592, '1', '658', 0),
(30709, 'Xã Định Thành', 57, 592, '1', '659', 0),
(30712, 'Xã Mỹ Phú Đông', 57, 592, '1', '660', 0),
(30715, 'Xã Vọng Đông', 57, 592, '1', '661', 0),
(30718, 'Xã Vĩnh Khánh', 57, 592, '1', '662', 0),
(30721, 'Xã Thoại Giang', 57, 592, '1', '663', 0),
(30724, 'Xã Bình Thành', 57, 592, '1', '664', 0),
(30727, 'Xã Vọng Thê', 57, 592, '1', '665', 0),
(30730, 'Phường Vĩnh Thanh Vân', 58, 621, '1', '4696', 0),
(30733, 'Phường Vĩnh Thanh', 58, 621, '1', '4695', 0),
(30736, 'Phường Vĩnh Quang', 58, 621, '1', '4699', 0),
(30739, 'Phường Vĩnh Hiệp', 58, 621, '1', '4705', 0),
(30742, 'Phường Vĩnh Bảo', 58, 621, '1', '4697', 0),
(30745, 'Phường Vĩnh Lạc', 58, 621, '1', '4703', 0),
(30748, 'Phường An Hòa', 58, 621, '1', '4698', 0),
(30751, 'Phường An Bình', 58, 621, '1', '4701', 0),
(30754, 'Phường Rạch Sỏi', 58, 621, '1', '4700', 0),
(30757, 'Phường Vĩnh Lợi', 58, 621, '1', '4702', 0),
(30760, 'Phường Vĩnh Thông', 58, 621, '1', '4704', 0),
(30763, 'Xã Phi Thông', 58, 621, '1', '4706', 0),
(30766, 'Phường Tô Châu', 58, 633, '1', '4707', 0),
(30769, 'Phường Đông Hồ', 58, 633, '1', '4710', 0),
(30772, 'Phường Bình San', 58, 633, '1', '4709', 0),
(30775, 'Phường Pháo Đài', 58, 633, '1', '4708', 0),
(30778, 'Xã Mỹ Đức', 58, 633, '1', '4711', 0),
(30781, 'Xã Tiên Hải', 58, 633, '1', '4712', 0),
(30784, 'Xã Thuận Yên', 58, 633, '1', '4713', 0),
(30787, 'Thị trấn Kiên Lương', 58, 763, '0', NULL, 0),
(30790, 'Xã Kiên Bình', 58, 763, '1', '4653', 0),
(30791, 'Xã Vĩnh Phú', 58, 762, '1', '4556', 0),
(30793, 'Xã Vĩnh Điều', 58, 762, '1', '4555', 0),
(30796, 'Xã Tân Khánh Hòa', 58, 762, '1', '4554', 0),
(30797, 'Xã Phú Lợi', 58, 762, '1', '4553', 0),
(30799, 'Xã Phú Mỹ', 58, 762, '1', '4552', 0),
(30802, 'Xã Hòa Điền', 58, 763, '1', '4652', 0),
(30805, 'Xã Dương Hòa', 58, 763, '1', '4651', 0),
(30808, 'Xã Bình An', 58, 763, '1', '4658', 0),
(30809, 'Xã Bình Trị', 58, 763, '1', '4650', 0),
(30811, 'Xã Sơn Hải', 58, 763, '1', '4657', 0),
(30814, 'Xã Hòn Nghệ', 58, 763, '1', '4656', 0),
(30817, 'Thị trấn Hòn Đất', 58, 623, '0', NULL, 0),
(30820, 'Thị trấn Sóc Sơn', 58, 623, '0', NULL, 0),
(30823, 'Xã Bình Sơn', 58, 623, '1', '4633', 0),
(30826, 'Xã Bình Giang', 58, 623, '1', '4623', 0),
(30828, 'Xã Mỹ Thái', 58, 623, '1', '4627', 0),
(30829, 'Xã Nam Thái Sơn', 58, 623, '1', '4632', 0),
(30832, 'Xã Mỹ Hiệp Sơn', 58, 623, '1', '4625', 0),
(30835, 'Xã Sơn Kiên', 58, 623, '1', '4630', 0),
(30836, 'Xã Sơn Bình', 58, 623, '1', '4629', 0),
(30838, 'Xã Mỹ Thuận', 58, 623, '1', '4628', 0),
(30840, 'Xã Lình Huỳnh', 58, 623, '1', '4624', 0),
(30841, 'Xã Thổ Sơn', 58, 623, '1', '4631', 0),
(30844, 'Xã Mỹ Lâm', 58, 623, '0', NULL, 0),
(30847, 'Xã Mỹ Phước', 58, 623, '1', '4626', 0),
(30850, 'Thị trấn Tân Hiệp', 58, 624, '0', NULL, 0),
(30853, 'Xã Tân Hội', 58, 624, '1', '4675', 0),
(30856, 'Xã Tân Thành', 58, 624, '1', '4674', 0),
(30859, 'Xã Tân Hiệp B', 58, 624, '1', '4672', 0),
(30860, 'Xã Tân Hoà', 58, 624, '0', NULL, 0),
(30862, 'Xã Thạnh Đông B', 58, 624, '1', '4679', 0),
(30865, 'Xã Thạnh Đông', 58, 624, '1', '4677', 0),
(30868, 'Xã Tân Hiệp A', 58, 624, '1', '4671', 0),
(30871, 'Xã Tân An', 58, 624, '1', '4673', 0),
(30874, 'Xã Thạnh Đông A', 58, 624, '1', '4678', 0),
(30877, 'Xã Thạnh Trị', 58, 624, '1', '4676', 0),
(30880, 'Thị trấn Minh Lương', 58, 625, '1', '11261', 0),
(30883, 'Xã Mong Thọ A', 58, 625, '1', '11266', 0),
(30886, 'Xã Mong Thọ B', 58, 625, '1', '11260', 0),
(30887, 'Xã Mong Thọ', 58, 625, '1', '11269', 0),
(30889, 'Xã Giục Tượng', 58, 625, '1', '11268', 0),
(30892, 'Xã Vĩnh Hòa Hiệp', 58, 625, '1', '11264', 0),
(30893, 'Xã Vĩnh Hoà Phú', 58, 625, '1', '11270', 0),
(30895, 'Xã Minh Hòa', 58, 625, '1', '11263', 0),
(30898, 'Xã Bình An', 58, 625, '1', '11262', 0),
(30901, 'Xã Thạnh Lộc', 58, 625, '1', '11267', 0),
(30904, 'Thị Trấn Giồng Riềng', 58, 626, '0', NULL, 0),
(30907, 'Xã Thạnh Hưng', 58, 626, '1', '4604', 0),
(30910, 'Xã Thạnh Phước', 58, 626, '1', '4605', 0),
(30913, 'Xã Thạnh Lộc', 58, 626, '1', '4603', 0),
(30916, 'Xã Thạnh Hòa', 58, 626, '1', '4602', 0),
(30917, 'Xã Thạnh Bình', 58, 626, '1', '4608', 0),
(30919, 'Xã Bàn Thạch', 58, 626, '1', '4600', 0),
(30922, 'Xã Bàn Tân Định', 58, 626, '1', '4607', 0),
(30925, 'Xã Ngọc Thành', 58, 626, '1', '4595', 0),
(30928, 'Xã Ngọc Chúc', 58, 626, '1', '4593', 0),
(30931, 'Xã Ngọc Thuận', 58, 626, '1', '4594', 0),
(30934, 'Xã Hòa Hưng', 58, 626, '1', '4596', 0),
(30937, 'Xã Hoà Lợi', 58, 626, '1', '4601', 0),
(30940, 'Xã Hoà An', 58, 626, '1', '4597', 0),
(30943, 'Xã Long Thạnh', 58, 626, '1', '4591', 0),
(30946, 'Xã Vĩnh Thạnh', 58, 626, '1', '4598', 0),
(30947, 'Xã Vĩnh Phú', 58, 626, '1', '4599', 0),
(30949, 'Xã  Hòa Thuận', 58, 626, '0', NULL, 0),
(30950, 'Xã Ngọc Hoà', 58, 626, '1', '4606', 0),
(30952, 'Thị trấn Gò Quao', 58, 627, '0', NULL, 0),
(30955, 'Xã Vĩnh Hòa Hưng Bắc', 58, 627, '1', '4612', 0),
(30958, 'Xã Định Hòa', 58, 627, '1', '4616', 0),
(30961, 'Xã Thới Quản', 58, 627, '1', '4619', 0),
(30964, 'Xã Định An', 58, 627, '1', '4610', 0),
(30967, 'Xã Thủy Liễu', 58, 627, '1', '4611', 0),
(30970, 'Xã Vĩnh Hòa Hưng Nam', 58, 627, '1', '4613', 0),
(30973, 'Xã Vĩnh Phước A', 58, 627, '1', '4614', 0),
(30976, 'Xã Vĩnh Phước B', 58, 627, '1', '4615', 0),
(30979, 'Xã Vĩnh Tuy', 58, 627, '1', '4617', 0),
(30982, 'Xã Vĩnh Thắng', 58, 627, '1', '4618', 0),
(30985, 'Thị trấn Thứ Ba', 58, 628, '0', NULL, 0),
(30988, 'Xã Tây Yên', 58, 628, '1', '4560', 0),
(30991, 'Xã Tây Yên A', 58, 628, '1', '4565', 0),
(30994, 'Xã Nam Yên', 58, 628, '1', '4563', 0),
(30997, 'Xã Hưng Yên', 58, 628, '1', '4561', 0),
(31000, 'Xã Nam Thái', 58, 628, '1', '4558', 0),
(31003, 'Xã Nam Thái A', 58, 628, '1', '4559', 0),
(31006, 'Xã Đông Thái', 58, 628, '1', '4564', 0),
(31009, 'Xã Đông Yên', 58, 628, '1', '4562', 0),
(31012, 'Xã Thạnh Yên', 58, 764, '1', '4680', 0),
(31015, 'Xã Thạnh Yên A', 58, 764, '1', '4681', 0),
(31018, 'Thị trấn Thứ Mười Một', 58, 629, '0', NULL, 0),
(31021, 'Xã Thuận Hoà', 58, 629, '1', '4570', 0),
(31024, 'Xã Đông Hòa', 58, 629, '1', '4574', 0),
(31027, 'Xã An Minh Bắc', 58, 764, '1', '4682', 0),
(31030, 'Xã Đông Thạnh', 58, 629, '1', '4568', 0),
(31031, 'Xã Tân Thạnh', 58, 629, '1', '4569', 0),
(31033, 'Xã Đông Hưng', 58, 629, '1', '4572', 0),
(31036, 'Xã Đông Hưng A', 58, 629, '1', '4573', 0),
(31039, 'Xã Đông Hưng B', 58, 629, '1', '4578', 0),
(31042, 'Xã Vân Khánh', 58, 629, '1', '4577', 0),
(31045, 'Xã Vân Khánh Đông', 58, 629, '1', '4571', 0),
(31048, 'Xã Vân Khánh Tây', 58, 629, '1', '4576', 0),
(31051, 'Thị trấn Vĩnh Thuận', 58, 630, '0', NULL, 0),
(31054, 'Xã Vĩnh Hòa', 58, 764, '1', '4684', 0),
(31057, 'Xã Hoà Chánh', 58, 764, '1', '4685', 0),
(31060, 'Xã Vĩnh Bình Bắc', 58, 630, '1', '4686', 0),
(31063, 'Xã Vĩnh Bình Nam', 58, 630, '1', '4687', 0),
(31064, 'Xã Bình Minh', 58, 630, '0', NULL, 0),
(31066, 'Xã Minh Thuận', 58, 764, '1', '4683', 0),
(31069, 'Xã Vĩnh Thuận', 58, 630, '1', '4694', 0),
(31072, 'Xã Tân Thuận', 58, 630, '1', '4689', 0),
(31074, 'Xã Phong Đông', 58, 630, '0', NULL, 0),
(31075, 'Xã Vĩnh Phong', 58, 630, '1', '4690', 0),
(31078, 'Thị trấn Dương Đông', 58, 631, '0', NULL, 0),
(31081, 'Thị trấn An Thới', 58, 631, '0', NULL, 0),
(31084, 'Xã Cửa Cạn', 58, 631, '1', '4662', 0),
(31087, 'Xã Gành Dầu', 58, 631, '1', '4663', 0),
(31090, 'Xã Cửa Dương', 58, 631, '1', '4664', 0),
(31093, 'Xã Hàm Ninh', 58, 631, '1', '4667', 0),
(31096, 'Xã Dương Tơ', 58, 631, '1', '4661', 0),
(31099, 'Xã Hòn Thơm', 58, 631, '1', '4666', 0),
(31102, 'Xã Bãi Thơm', 58, 631, '1', '4665', 0),
(31105, 'Xã Thổ Châu', 58, 631, '1', '4668', 0),
(31108, 'Xã Hòn Tre', 58, 632, '1', '4634', 0),
(31111, 'Xã Lại Sơn', 58, 632, '1', '4635', 0),
(31114, 'Xã An Sơn', 58, 632, '1', '4636', 0),
(31115, 'Xã Nam Du', 58, 632, '0', NULL, 0),
(31117, 'Phường Cái Khế', 59, 682, '1', '2296', 0),
(31120, 'Phường An Hòa', 59, 682, '1', '2308', 0),
(31123, 'Phường Thới Bình', 59, 682, '1', '2297', 0),
(31126, 'Phường An Nghiệp', 59, 682, '1', '2298', 0),
(31129, 'Phường An Cư', 59, 682, '1', '2299', 0),
(31132, 'Phường An Hội', 59, 682, '1', '2300', 0),
(31135, 'Phường Tân An', 59, 682, '1', '2301', 0),
(31138, 'Phường An Lạc', 59, 682, '1', '2302', 0),
(31141, 'Phường An Phú', 59, 682, '1', '2303', 0),
(31144, 'Phường Xuân Khánh', 59, 682, '1', '2304', 0),
(31147, 'Phường Hưng Lợi', 59, 682, '1', '2305', 0),
(31149, 'Phường An Khánh', 59, 682, '1', '2307', 0),
(31150, 'Phường An Bình', 59, 682, '1', '2306', 0),
(31153, 'Phường Châu Văn Liêm', 59, 638, '1', '2317', 0),
(31154, 'Phường Thới Hòa', 59, 638, '0', NULL, 0),
(31156, 'Phường Thới Long', 59, 638, '0', NULL, 0),
(31157, 'Phường Long Hưng', 59, 638, '0', NULL, 0),
(31159, 'Phường Thới An', 59, 638, '0', NULL, 0),
(31162, 'Phường Phước Thới', 59, 638, '1', '2318', 0),
(31165, 'Phường Trường Lạc', 59, 638, '0', NULL, 0),
(31168, 'Phường Bình Thủy', 59, 683, '1', '2283', 0),
(31169, 'Phường Trà An', 59, 683, '1', '2285', 0),
(31171, 'Phường Trà Nóc', 59, 683, '1', '2281', 0),
(31174, 'Phường Thới An Đông', 59, 683, '1', '2287', 0),
(31177, 'Phường An Thới', 59, 683, '1', '2282', 0),
(31178, 'Phường Bùi Hữu Nghĩa', 59, 683, '1', '2286', 0),
(31180, 'Phường Long Hòa', 59, 683, '1', '2284', 0),
(31183, 'Phường Long Tuyền', 59, 683, '1', '2288', 0),
(31186, 'Phường Lê Bình', 59, 684, '1', '2293', 0),
(31189, 'Phường Hưng Phú', 59, 684, '1', '2292', 0),
(31192, 'Phường Hưng Thạnh', 59, 684, '1', '2295', 0),
(31195, 'Phường Ba Láng', 59, 684, '1', '2291', 0),
(31198, 'Phường Thường Thạnh', 59, 684, '1', '2294', 0),
(31201, 'Phường Phú Thứ', 59, 684, '1', '2289', 0),
(31204, 'Phường Tân Phú', 59, 684, '1', '2290', 0),
(31207, 'Phường Thốt Nốt', 59, 637, '1', '2315', 0),
(31210, 'Phường Thới Thuận', 59, 637, '1', '2314', 0),
(31211, 'Xã Vĩnh Bình', 59, 715, '0', NULL, 0),
(31212, 'Phường Thuận An', 59, 637, '1', '2309', 0),
(31213, 'Phường Tân Lộc', 59, 637, '1', '2313', 0),
(31216, 'Phường Trung Nhứt', 59, 637, '1', '2311', 0),
(31217, 'Phường Thạnh Hoà', 59, 637, '1', '2310', 0),
(31219, 'Phường Trung Kiên', 59, 637, '1', '2312', 0),
(31222, 'Xã Trung An', 59, 713, '1', '2249', 0),
(31225, 'Xã Trung Thạnh', 59, 713, '1', '2250', 0),
(31227, 'Phường Tân Hưng', 59, 637, '1', '2316', 0),
(31228, 'Phường Thuận Hưng', 59, 637, '0', NULL, 0),
(31231, 'Thị trấn Thanh An', 59, 715, '0', NULL, 0),
(31232, 'Thị trấn Vĩnh Thạnh', 59, 715, '0', NULL, 0),
(31234, 'Xã Thạnh Mỹ', 59, 715, '0', NULL, 0),
(31237, 'Xã Vĩnh Trinh', 59, 715, '0', NULL, 0),
(31240, 'Xã Thạnh An', 59, 715, '0', NULL, 0),
(31241, 'Xã Thạnh Tiến', 59, 715, '0', NULL, 0),
(31243, 'Xã Thạnh Thắng', 59, 715, '0', NULL, 0),
(31244, 'Xã Thạnh Lợi', 59, 715, '0', NULL, 0),
(31246, 'Xã Thạnh Qưới', 59, 715, '0', NULL, 0),
(31249, 'Xã Thạnh Phú', 59, 713, '1', '2244', 0),
(31252, 'Xã Thạnh Lộc', 59, 715, '0', NULL, 0),
(31255, 'Xã Trung Hưng', 59, 713, '1', '2243', 0),
(31258, 'Thị trấn Thới Lai', 59, 714, '1', '2267', 0),
(31261, 'Thị trấn Cờ Đỏ', 59, 713, '1', '2251', 0),
(31264, 'Xã Thới Hưng', 59, 713, '1', '2245', 0),
(31267, 'Xã Thới Thạnh', 59, 714, '1', '2258', 0),
(31268, 'Xã Tân Thạnh', 59, 714, '1', '2259', 0),
(31270, 'Xã Xuân Thắng', 59, 714, '1', '2265', 0),
(31273, 'Xã Đông Hiệp', 59, 713, '1', '2246', 0),
(31274, 'Xã Đông Thắng', 59, 713, '1', '2242', 0),
(31276, 'Xã Thới Đông', 59, 713, '1', '2247', 0),
(31277, 'Xã Thới Xuân', 59, 713, '1', '2248', 0),
(31279, 'Xã Đông Bình', 59, 714, '1', '2270', 0),
(31282, 'Xã Đông Thuận', 59, 714, '1', '2268', 0),
(31285, 'Xã Thới Tân', 59, 714, '1', '2266', 0),
(31286, 'Xã Trường Thắng', 59, 714, '1', '2264', 0),
(31288, 'Xã Định Môn', 59, 714, '1', '2269', 0),
(31291, 'Xã Trường Thành', 59, 714, '1', '2260', 0),
(31294, 'Xã Trường Xuân', 59, 714, '1', '2262', 0),
(31297, 'Xã Trường Xuân A', 59, 714, '1', '2261', 0),
(31298, 'Xã Trường Xuân B', 59, 714, '1', '2263', 0),
(31299, 'Thị trấn Phong Điền', 59, 712, '0', NULL, 0),
(31300, 'Xã Nhơn Ái', 59, 712, '0', NULL, 0),
(31303, 'Xã Giai Xuân', 59, 712, '0', NULL, 0),
(31306, 'Xã Tân Thới', 59, 712, '0', NULL, 0),
(31309, 'Xã Trường Long', 59, 712, '0', NULL, 0),
(31312, 'Xã Mỹ Khánh', 59, 712, '0', NULL, 0),
(31315, 'Xã Nhơn Nghĩa', 59, 712, '0', NULL, 0),
(31318, 'Phường I', 60, 636, '0', NULL, 0),
(31321, 'Phường III', 60, 636, '0', NULL, 0),
(31324, 'Phường IV', 60, 636, '0', NULL, 0),
(31327, 'Phường V', 60, 636, '0', NULL, 0),
(31330, 'Phường VII', 60, 636, '0', NULL, 0),
(31333, 'Xã Vị Tân', 60, 636, '1', '4092', 0),
(31336, 'Xã Hoả Lựu', 60, 636, '1', '4089', 0),
(31338, 'Xã Tân Tiến', 60, 636, '1', '4090', 0),
(31339, 'Xã Hoả Tiến', 60, 636, '1', '4091', 0),
(31340, 'Phường Ngã Bảy', 60, 753, '0', NULL, 0),
(31341, 'Phường Lái Hiếu', 60, 753, '0', NULL, 0),
(31342, 'Thị trấn Một Ngàn', 60, 755, '1', '11650', 0),
(31343, 'Phường Hiệp Thành', 60, 753, '0', NULL, 0),
(31344, 'Xã Hiệp Lợi', 60, 753, '0', NULL, 0),
(31345, 'Xã Tân Hoà', 60, 755, '1', '11641', 0),
(31346, 'Thị trấn Bảy Ngàn', 60, 755, '1', '11645', 0),
(31348, 'Xã Trường Long Tây', 60, 755, '1', '11642', 0),
(31351, 'Xã Trường Long A', 60, 755, '1', '11643', 0),
(31357, 'Xã Nhơn Nghĩa A', 60, 755, '1', '11644', 0),
(31359, 'Thị trấn Rạch Gòi', 60, 755, '1', '11646', 0),
(31360, 'Xã Thạnh Xuân', 60, 755, '1', '11640', 0),
(31362, 'Thị trấn Cái Tắc', 60, 755, '1', '11649', 0),
(31363, 'Xã Tân Phú Thạnh', 60, 755, '1', '11647', 0),
(31366, 'Thị Trấn Ngã Sáu', 60, 754, '1', '11659', 0),
(31369, 'Xã Đông Thạnh', 60, 754, '1', '11658', 0),
(31372, 'Xã Phú An', 60, 754, '1', '11656', 0),
(31375, 'Xã Đông Phú', 60, 754, '1', '11657', 0),
(31378, 'Xã Phú Hữu', 60, 754, '1', '11653', 0),
(31379, 'Xã Phú Tân', 60, 754, '1', '11654', 0),
(31381, 'Thị trấn Mái Dầm', 60, 754, '1', '11660', 0),
(31384, 'Xã Đông Phước', 60, 754, '1', '11651', 0),
(31387, 'Xã Đông Phước A', 60, 754, '1', '11652', 0),
(31393, 'Thị trấn Kinh Cùng', 60, 757, '0', NULL, 0),
(31396, 'Thị trấn Cây Dương', 60, 757, '0', NULL, 0),
(31399, 'Xã Tân Bình', 60, 757, '0', NULL, 0),
(31402, 'Xã Bình Thành', 60, 757, '0', NULL, 0),
(31405, 'Xã Thạnh Hòa', 60, 757, '0', NULL, 0),
(31408, 'Xã Long Thạnh', 60, 757, '0', NULL, 0),
(31411, 'Xã Đại Thành', 60, 753, '0', NULL, 0),
(31414, 'Xã Tân Thành', 60, 753, '0', NULL, 0),
(31417, 'Xã Phụng Hiệp', 60, 757, '0', NULL, 0),
(31420, 'Xã Hòa Mỹ', 60, 757, '0', NULL, 0),
(31423, 'Xã Hòa An', 60, 757, '0', NULL, 0),
(31426, 'Xã Phương Bình', 60, 757, '0', NULL, 0),
(31429, 'Xã Hiệp Hưng', 60, 757, '0', NULL, 0),
(31432, 'Xã Tân Phước Hưng', 60, 757, '0', NULL, 0),
(31433, 'Thị trấn Búng Tàu', 60, 757, '0', NULL, 0),
(31435, 'Xã Phương Phú', 60, 757, '0', NULL, 0),
(31438, 'Xã Tân Long', 60, 757, '0', NULL, 0),
(31441, 'Thị trấn Nàng Mau', 60, 641, '0', NULL, 0),
(31444, 'Xã Vị Trung', 60, 641, '1', '4073', 0),
(31447, 'Xã Vị Thuỷ', 60, 641, '1', '4069', 0),
(31450, 'Xã Vị Thắng', 60, 641, '1', '4072', 0),
(31453, 'Xã Vĩnh Thuận Tây', 60, 641, '1', '4070', 0),
(31456, 'Xã Vĩnh Trung', 60, 641, '1', '4075', 0),
(31459, 'Xã Vĩnh Tường', 60, 641, '1', '4074', 0),
(31462, 'Xã Vị Đông', 60, 641, '1', '4071', 0),
(31465, 'Xã Vị Thanh', 60, 641, '1', '4076', 0),
(31468, 'Xã Vị Bình', 60, 641, '1', '4077', 0),
(31471, 'Phường Thuận An', 60, 752, '0', NULL, 0),
(31472, 'Phường Trà Lồng', 60, 752, '0', NULL, 0),
(31473, 'Phường Bình Thạnh', 60, 752, '0', NULL, 0),
(31474, 'Xã Long Bình', 60, 752, '0', NULL, 0),
(31475, 'Phường Vĩnh Tường', 60, 752, '0', NULL, 0),
(31477, 'Xã Long Trị', 60, 752, '0', NULL, 0),
(31478, 'Xã Long Trị A', 60, 752, '0', NULL, 0),
(31480, 'Xã Long Phú', 60, 752, '0', NULL, 0),
(31481, 'Xã Tân Phú', 60, 752, '0', NULL, 0),
(31483, 'Xã Thuận Hưng', 60, 756, '1', '4051', 0),
(31484, 'Xã Thuận Hòa', 60, 756, '1', '4050', 0),
(31486, 'Xã Vĩnh Thuận Đông', 60, 756, '1', '4049', 0),
(31489, 'Xã Vĩnh Viễn', 60, 756, '1', '4044', 0),
(31490, 'Xã Vĩnh Viễn A', 60, 756, '1', '4053', 0),
(31492, 'Xã Lương Tâm', 60, 756, '1', '4046', 0),
(31493, 'Xã Lương Nghĩa', 60, 756, '1', '4052', 0),
(31495, 'Xã Xà Phiên', 60, 756, '1', '4045', 0),
(31498, 'Phường 5', 61, 653, '1', '7909', 0),
(31501, 'Phường 7', 61, 653, '1', '7903', 0),
(31504, 'Phường 8', 61, 653, '1', '7904', 0),
(31507, 'Phường 6', 61, 653, '1', '7910', 0),
(31510, 'Phường 2', 61, 653, '1', '7906', 0),
(31513, 'Phường 1', 61, 653, '1', '7902', 0),
(31516, 'Phường 4', 61, 653, '1', '7908', 0),
(31519, 'Phường 3', 61, 653, '1', '7907', 0),
(31522, 'Phường 9', 61, 653, '1', '7905', 0),
(31525, 'Phường 10', 61, 653, '1', '7911', 0),
(31528, 'Thị trấn Kế Sách', 61, 654, '1', '7828', 0),
(31531, 'Thị trấn An Lạc Thôn', 61, 654, '0', NULL, 0),
(31534, 'Xã Xuân Hòa', 61, 654, '1', '7818', 0),
(31537, 'Xã Phong Nẫm', 61, 654, '1', '7831', 0),
(31540, 'Xã An Lạc Tây', 61, 654, '1', '7822', 0),
(31543, 'Xã Trinh Phú', 61, 654, '1', '7821', 0),
(31546, 'Xã Ba Trinh', 61, 654, '1', '7820', 0),
(31549, 'Xã Thới An Hội', 61, 654, '1', '7823', 0),
(31552, 'Xã Nhơn Mỹ', 61, 654, '1', '7827', 0),
(31555, 'Xã Kế Thành', 61, 654, '1', '7826', 0),
(31558, 'Xã Kế An', 61, 654, '1', '7825', 0),
(31561, 'Xã Đại Hải', 61, 654, '1', '7824', 0),
(31564, 'Xã An Mỹ', 61, 654, '1', '7830', 0),
(31567, 'Thị trấn Huỳnh Hữu Nghĩa', 61, 656, '1', '7847', 0),
(31569, 'Thị trấn Châu Thành', 61, 791, '1', '1837', 0),
(31570, 'Xã Hồ Đắc Kiện', 61, 791, '1', '11670', 0),
(31573, 'Xã Phú Tâm', 61, 791, '1', '7806', 0),
(31576, 'Xã Thuận Hòa', 61, 791, '1', '7807', 0),
(31579, 'Xã Long Hưng', 61, 656, '1', '7858', 0),
(31582, 'Xã Phú Tân', 61, 791, '1', '4021', 0),
(31585, 'Xã Thiện Mỹ', 61, 791, '1', '7809', 0),
(31588, 'Xã Hưng Phú', 61, 656, '1', '7854', 0),
(31591, 'Xã Mỹ Hương', 61, 656, '1', '7848', 0),
(31594, 'Xã An Hiệp', 61, 791, '1', '1838', 0),
(31597, 'Xã Mỹ Tú', 61, 656, '1', '7856', 0),
(31600, 'Xã An Ninh', 61, 791, '1', '11537', 0),
(31603, 'Xã Mỹ Phước', 61, 656, '1', '7855', 0),
(31606, 'Xã Thuận Hưng', 61, 656, '1', '7852', 0),
(31609, 'Xã Mỹ Thuận', 61, 656, '1', '7851', 0),
(31612, 'Xã Phú Mỹ', 61, 656, '1', '7859', 0),
(31615, 'Thị trấn Cù Lao Dung', 61, 792, '1', '7812', 0),
(31618, 'Xã An Thạnh 1', 61, 792, '0', NULL, 0),
(31621, 'Xã An Thạnh Tây', 61, 792, '1', '7811', 0),
(31624, 'Xã An Thạnh Đông', 61, 792, '1', '7813', 0),
(31627, 'Xã Đại Ân 1', 61, 792, '0', NULL, 0),
(31630, 'Xã An Thạnh 2', 61, 792, '0', NULL, 0),
(31633, 'Xã An Thạnh 3', 61, 792, '0', NULL, 0),
(31636, 'Xã An Thạnh Nam', 61, 792, '1', '7817', 0),
(31639, 'Thị trấn Long Phú', 61, 655, '0', NULL, 0),
(31642, 'Xã Song Phụng', 61, 655, '0', NULL, 0),
(31645, 'Thị trấn Đại Ngãi', 61, 655, '0', NULL, 0),
(31648, 'Xã Hậu Thạnh', 61, 655, '1', '7840', 0),
(31651, 'Xã Long Đức', 61, 655, '1', '7842', 0),
(31654, 'Xã Trường Khánh', 61, 655, '1', '7839', 0),
(31657, 'Xã Phú Hữu', 61, 655, '1', '7845', 0),
(31660, 'Xã Tân Hưng', 61, 655, '1', '7843', 0),
(31663, 'Xã Châu Khánh', 61, 655, '1', '7835', 0),
(31666, 'Xã Tân Thạnh', 61, 655, '1', '7833', 0),
(31669, 'Xã Long Phú', 61, 655, '1', '7834', 0),
(31672, 'Xã Đại Ân  2', 61, 790, '0', NULL, 0),
(31673, 'Thị trấn Trần Đề', 61, 790, '0', NULL, 0),
(31675, 'Xã Liêu Tú', 61, 790, '0', NULL, 0),
(31678, 'Xã Lịch Hội Thượng', 61, 790, '0', NULL, 0),
(31679, 'Thị trấn Lịch Hội Thượng', 61, 790, '0', NULL, 0),
(31681, 'Xã Trung Bình', 61, 790, '0', NULL, 0),
(31684, 'Thị trấn Mỹ Xuyên', 61, 657, '1', '7861', 0),
(31687, 'Xã Tài Văn', 61, 790, '0', NULL, 0),
(31690, 'Xã Đại Tâm', 61, 657, '1', '7873', 0),
(31693, 'Xã Tham Đôn', 61, 657, '1', '7860', 0),
(31696, 'Xã Viên An', 61, 790, '0', NULL, 0),
(31699, 'Xã Thạnh Thới An', 61, 790, '0', NULL, 0),
(31702, 'Xã Thạnh Thới Thuận', 61, 790, '0', NULL, 0),
(31705, 'Xã Viên Bình', 61, 790, '0', NULL, 0),
(31708, 'Xã Thạnh Phú', 61, 657, '1', '7869', 0),
(31711, 'Xã Ngọc Đông', 61, 657, '1', '7862', 0),
(31714, 'Xã Thạnh Quới', 61, 657, '1', '7872', 0),
(31717, 'Xã Hòa Tú 1', 61, 657, '0', NULL, 0),
(31720, 'Xã Gia Hòa 1', 61, 657, '0', NULL, 0),
(31723, 'Xã Ngọc Tố', 61, 657, '1', '7871', 0),
(31726, 'Xã Gia Hòa 2', 61, 657, '0', NULL, 0),
(31729, 'Xã Hòa Tú II', 61, 657, '1', '7870', 0),
(31732, 'Phường 1', 61, 789, '0', NULL, 0),
(31735, 'Phường 2', 61, 789, '0', NULL, 0),
(31738, 'Xã Vĩnh Quới', 61, 789, '1', '7880', 0),
(31741, 'Xã Tân Long', 61, 789, '1', '7882', 0),
(31744, 'Xã Long Bình', 61, 789, '1', '7876', 0),
(31747, 'Phường 3', 61, 789, '0', NULL, 0),
(31750, 'Xã Mỹ Bình', 61, 789, '1', '7877', 0),
(31753, 'Xã Mỹ Quới', 61, 789, '1', '7878', 0),
(31756, 'Thị trấn Phú Lộc', 61, 658, '1', '7888', 0),
(31757, 'Thị trấn Hưng Lợi', 61, 658, '0', NULL, 0),
(31759, 'Xã Lâm Tân', 61, 658, '1', '7886', 0),
(31762, 'Xã Thạnh Tân', 61, 658, '1', '7883', 0),
(31765, 'Xã Lâm Kiết', 61, 658, '1', '7889', 0),
(31768, 'Xã Tuân Tức', 61, 658, '1', '7885', 0),
(31771, 'Xã Vĩnh Thành', 61, 658, '1', '7884', 0),
(31774, 'Xã Thạnh Trị', 61, 658, '1', '7890', 0),
(31777, 'Xã Vĩnh Lợi', 61, 658, '1', '7891', 0),
(31780, 'Xã Châu Hưng', 61, 658, '1', '7887', 0),
(31783, 'Phường 1', 61, 659, '0', NULL, 0),
(31786, 'Xã Hòa Đông', 61, 659, '1', '7899', 0),
(31789, 'Phường Khánh Hòa', 61, 659, '0', NULL, 0),
(31792, 'Xã Vĩnh Hiệp', 61, 659, '1', '7894', 0),
(31795, 'Xã Vĩnh Hải', 61, 659, '1', '7898', 0),
(31798, 'Xã Lạc Hòa', 61, 659, '1', '7897', 0),
(31801, 'Phường 2', 61, 659, '0', NULL, 0),
(31804, 'Phường Vĩnh Phước', 61, 659, '0', NULL, 0),
(31807, 'Xã Vĩnh Tân', 61, 659, '1', '7895', 0),
(31810, 'Xã Lai Hòa', 61, 659, '1', '7901', 0),
(31813, 'Phường 2', 62, 661, '1', '1285', 0),
(31816, 'Phường 3', 62, 661, '1', '1286', 0),
(31819, 'Phường 5', 62, 661, '1', '1287', 0),
(31822, 'Phường 7', 62, 661, '1', '1282', 0),
(31825, 'Phường 1', 62, 661, '1', '1283', 0),
(31828, 'Phường 8', 62, 661, '1', '1284', 0),
(31831, 'Phường Nhà Mát', 62, 661, '1', '1288', 0),
(31834, 'Xã Vĩnh Trạch', 62, 661, '1', '1290', 0),
(31837, 'Xã Vĩnh Trạch Đông', 62, 661, '1', '1291', 0),
(31840, 'Xã Hiệp Thành', 62, 661, '1', '1289', 0),
(31843, 'Thị trấn Ngan Dừa', 62, 662, '0', NULL, 0),
(31846, 'Xã Ninh Quới', 62, 662, '1', '1248', 0),
(31849, 'Xã Ninh Quới A', 62, 662, '1', '1250', 0),
(31852, 'Xã Ninh Hòa', 62, 662, '1', '1251', 0),
(31855, 'Xã Lộc Ninh', 62, 662, '1', '1249', 0),
(31858, 'Xã Vĩnh Lộc', 62, 662, '1', '1246', 0),
(31861, 'Xã Vĩnh Lộc A', 62, 662, '1', '1252', 0),
(31863, 'Xã Ninh Thạnh Lợi A', 62, 662, '1', '1253', 0),
(31864, 'Xã Ninh Thạnh Lợi', 62, 662, '1', '1247', 0),
(31867, 'Thị trấn Phước Long', 62, 696, '1', '11242', 0),
(31870, 'Xã Vĩnh Phú Đông', 62, 696, '0', NULL, 0),
(31873, 'Xã Vĩnh Phú Tây', 62, 696, '0', NULL, 0),
(31876, 'Xã Phước Long', 62, 696, '0', NULL, 0),
(31879, 'Xã Hưng Phú', 62, 696, '0', NULL, 0),
(31882, 'Xã Vĩnh Thanh', 62, 696, '0', NULL, 0),
(31885, 'Xã Phong Thạnh Tây A', 62, 696, '0', NULL, 0),
(31888, 'Xã Phong Thạnh Tây B', 62, 696, '0', NULL, 0),
(31891, 'Thị trấn Hòa Bình', 62, 697, '0', NULL, 0),
(31894, 'Xã Vĩnh Hưng', 62, 663, '1', '1267', 0),
(31897, 'Xã Vĩnh Hưng A', 62, 663, '1', '1268', 0),
(31900, 'Thị trấn Châu Hưng', 62, 663, '1', '1270', 0),
(31903, 'Xã Châu Hưng A', 62, 663, '1', '1263', 0),
(31906, 'Xã Hưng Thành', 62, 663, '1', '1264', 0),
(31909, 'Xã Hưng Hội', 62, 663, '1', '1265', 0),
(31912, 'Xã Châu Thới', 62, 663, '1', '1266', 0),
(31915, 'Xã Minh Diệu', 62, 697, '1', '1237', 0),
(31918, 'Xã Vĩnh Bình', 62, 697, '1', '1238', 0),
(31921, 'Xã Long Thạnh', 62, 663, '1', '1269', 0),
(31924, 'Xã Vĩnh Mỹ B', 62, 697, '1', '1240', 0),
(31927, 'Xã Vĩnh Hậu', 62, 697, '1', '1242', 0),
(31930, 'Xã Vĩnh Hậu A', 62, 697, '1', '1243', 0),
(31933, 'Xã Vĩnh Mỹ A', 62, 697, '1', '1239', 0),
(31936, 'Xã Vĩnh Thịnh', 62, 697, '1', '1241', 0),
(31942, 'Phường 1', 62, 664, '0', NULL, 0),
(31945, 'Phường Hộ Phòng', 62, 664, '0', NULL, 0),
(31948, 'Xã Phong Thạnh Đông', 62, 664, '1', '1228', 0),
(31951, 'Phường Láng Tròn', 62, 664, '0', NULL, 0),
(31954, 'Xã Phong Tân', 62, 664, '1', '1229', 0),
(31957, 'Xã Tân Phong', 62, 664, '1', '1235', 0),
(31960, 'Xã Phong Thạnh', 62, 664, '1', '1227', 0),
(31963, 'Xã Phong Thạnh A', 62, 664, '1', '1236', 0),
(31966, 'Xã Phong Thạnh Tây', 62, 664, '1', '1231', 0),
(31969, 'Xã Tân Thạnh', 62, 664, '1', '1230', 0),
(31972, 'Thị trấn Gành Hào', 62, 695, '0', NULL, 0),
(31975, 'Xã Long Điền Đông', 62, 695, '1', '1272', 0),
(31978, 'Xã Long Điền Đông A', 62, 695, '1', '1273', 0),
(31981, 'Xã Long Điền', 62, 695, '1', '1274', 0),
(31984, 'Xã Long Điền Tây', 62, 695, '1', '1275', 0),
(31985, 'Xã Điền Hải', 62, 695, '1', '1276', 0),
(31987, 'Xã An Trạch', 62, 695, '1', '1277', 0),
(31988, 'Xã An Trạch A', 62, 695, '1', '1278', 0),
(31990, 'Xã An Phúc', 62, 695, '1', '1279', 0),
(31993, 'Xã Định Thành', 62, 695, '1', '1280', 0),
(31996, 'Xã Định Thành A', 62, 695, '1', '1281', 0),
(31999, 'Phường 9', 63, 666, '1', '2234', 0),
(32002, 'Phường 4', 63, 666, '1', '2229', 0),
(32005, 'Phường 1', 63, 666, '1', '2227', 0),
(32008, 'Phường 5', 63, 666, '1', '2230', 0),
(32011, 'Phường 2', 63, 666, '1', '2228', 0),
(32014, 'Phường 8', 63, 666, '1', '2233', 0),
(32017, 'Phường 6', 63, 666, '1', '2231', 0),
(32020, 'Phường 7', 63, 666, '1', '2232', 0),
(32022, 'Phường Tân Xuyên', 63, 666, '1', '2235', 0),
(32023, 'Xã An Xuyên', 63, 666, '0', NULL, 0),
(32025, 'Phường Tân Thành', 63, 666, '1', '2236', 0),
(32026, 'Xã Tân Thành', 63, 666, '0', NULL, 0),
(32029, 'Xã Tắc Vân', 63, 666, '1', '2238', 0),
(32032, 'Xã Lý Văn Lâm', 63, 666, '0', NULL, 0),
(32035, 'Xã Định Bình', 63, 666, '1', '2239', 0),
(32038, 'Xã Hòa Thành', 63, 666, '1', '2240', 0),
(32041, 'Xã Hòa Tân', 63, 666, '1', '2241', 0),
(32044, 'Thị trấn U Minh', 63, 668, '0', NULL, 0),
(32047, 'Xã Khánh Hòa', 63, 668, '1', '2206', 0),
(32048, 'Xã Khánh Thuận', 63, 668, '0', NULL, 0),
(32050, 'Xã Khánh Tiến', 63, 668, '1', '2205', 0),
(32053, 'Xã Nguyễn Phích', 63, 668, '1', '2209', 0),
(32056, 'Xã Khánh Lâm', 63, 668, '1', '2208', 0),
(32059, 'Xã Khánh An', 63, 668, '1', '2204', 0),
(32062, 'Xã Khánh Hội', 63, 668, '1', '2207', 0),
(32065, 'Thị trấn Thới Bình', 63, 667, '0', NULL, 0),
(32068, 'Xã Biển Bạch', 63, 667, '1', '2179', 0),
(32069, 'Xã Tân Bằng', 63, 667, '1', '2181', 0),
(32071, 'Xã Trí Phải', 63, 667, '1', '2183', 0),
(32072, 'Xã Trí Lực', 63, 667, '1', '2182', 0),
(32074, 'Xã Biển Bạch Đông', 63, 667, '1', '2180', 0),
(32077, 'Xã Thới Bình', 63, 667, '1', '2185', 0),
(32080, 'Xã Tân Phú', 63, 667, '1', '2184', 0),
(32083, 'Xã Tân Lộc Bắc', 63, 667, '1', '2187', 0),
(32086, 'Xã Tân Lộc', 63, 667, '1', '2186', 0),
(32089, 'Xã Tân Lộc Đông', 63, 667, '1', '2188', 0),
(32092, 'Xã Hồ Thị Kỷ', 63, 667, '1', '2189', 0),
(32095, 'Thị trấn Trần Văn Thời', 63, 669, '0', NULL, 0),
(32098, 'Thị trấn Sông Đốc', 63, 669, '0', NULL, 0),
(32101, 'Xã Khánh Bình Tây Bắc', 63, 669, '1', '2191', 0),
(32104, 'Xã Khánh Bình Tây', 63, 669, '1', '2192', 0),
(32107, 'Xã Trần Hợi', 63, 669, '1', '2198', 0),
(32108, 'Xã Khánh Lộc', 63, 669, '1', '2195', 0),
(32110, 'Xã Khánh Bình', 63, 669, '1', '2197', 0),
(32113, 'Xã Khánh Hưng', 63, 669, '1', '2194', 0),
(32116, 'Xã Khánh Bình Đông', 63, 669, '1', '2196', 0),
(32119, 'Xã Khánh Hải', 63, 669, '1', '2193', 0),
(32122, 'Xã Lợi An', 63, 669, '1', '2201', 0),
(32124, 'Xã Phong Điền', 63, 669, '1', '2203', 0),
(32125, 'Xã Phong Lạc', 63, 669, '1', '2202', 0),
(32128, 'Thị trấn Cái Nước', 63, 670, '0', NULL, 0),
(32130, 'Xã Thạnh Phú', 63, 670, '1', '2153', 0),
(32131, 'Xã Lương Thế Trân', 63, 670, '0', NULL, 0),
(32134, 'Xã Phú Hưng', 63, 670, '1', '2152', 0),
(32137, 'Xã Tân Hưng', 63, 670, '1', '2146', 0),
(32140, 'Xã Hưng Mỹ', 63, 670, '1', '2147', 0),
(32141, 'Xã Hoà Mỹ', 63, 670, '1', '2151', 0),
(32142, 'Xã Đông Hưng', 63, 670, '1', '2155', 0),
(32143, 'Xã Đông Thới', 63, 670, '1', '2148', 0),
(32146, 'Xã Tân Hưng Đông', 63, 670, '1', '2149', 0),
(32149, 'Xã Trần Thới', 63, 670, '1', '2150', 0),
(32152, 'Thị trấn Đầm Dơi', 63, 671, '0', NULL, 0),
(32155, 'Xã Tạ An Khương', 63, 671, '1', '2211', 0),
(32158, 'Xã Tạ An Khương  Đông', 63, 671, '0', NULL, 0),
(32161, 'Xã Trần Phán', 63, 671, '1', '2216', 0),
(32162, 'Xã Tân Trung', 63, 671, '1', '2226', 0),
(32164, 'Xã Tân Đức', 63, 671, '1', '2214', 0),
(32167, 'Xã Tân Thuận', 63, 671, '1', '2215', 0),
(32170, 'Xã Tạ An Khương  Nam', 63, 671, '0', NULL, 0),
(32173, 'Xã Tân Duyệt', 63, 671, '1', '2217', 0),
(32174, 'Xã Tân Dân', 63, 671, '1', '2218', 0),
(32176, 'Xã Tân Tiến', 63, 671, '1', '2219', 0),
(32179, 'Xã Quách Phẩm Bắc', 63, 671, '1', '2220', 0),
(32182, 'Xã Quách Phẩm', 63, 671, '1', '2221', 0),
(32185, 'Xã Thanh Tùng', 63, 671, '1', '2223', 0),
(32186, 'Xã Ngọc Chánh', 63, 671, '1', '2222', 0),
(32188, 'Xã Nguyễn Huân', 63, 671, '1', '2224', 0),
(32191, 'Thị Trấn Năm Căn', 63, 729, '0', NULL, 0),
(32194, 'Xã Hàm Rồng', 63, 729, '1', '2164', 0),
(32197, 'Xã Hiệp Tùng', 63, 729, '1', '2166', 0),
(32200, 'Xã Đất Mới', 63, 729, '1', '2163', 0),
(32201, 'Xã Lâm Hải', 63, 729, '1', '2162', 0),
(32203, 'Xã Hàng Vịnh', 63, 729, '1', '2165', 0),
(32206, 'Xã Tam Giang', 63, 729, '1', '2167', 0),
(32209, 'Xã Tam Giang Đông', 63, 729, '1', '2168', 0),
(32212, 'Thị trấn Cái Đôi Vàm', 63, 730, '1', '11300', 0),
(32214, 'Xã Phú Thuận', 63, 730, '1', '11299', 0),
(32215, 'Xã Phú Mỹ', 63, 730, '1', '11298', 0),
(32218, 'Xã Phú Tân', 63, 730, '1', '11297', 0),
(32221, 'Xã Tân Hải', 63, 730, '1', '11296', 0),
(32224, 'Xã Việt Thắng', 63, 730, '1', '11294', 0),
(32227, 'Xã Tân Hưng Tây', 63, 730, '1', '11295', 0),
(32228, 'Xã Rạch Chèo', 63, 730, '1', '11293', 0),
(32230, 'Xã Việt Khái', 63, 730, '0', NULL, 0),
(32233, 'Xã Tam Giang Tây', 63, 672, '1', '2161', 0),
(32236, 'Xã Tân Ân Tây', 63, 672, '1', '2160', 0),
(32239, 'Xã Viên An Đông', 63, 672, '1', '2158', 0),
(32242, 'Xã Viên An', 63, 672, '1', '2157', 0),
(32244, 'Thị trấn Rạch Gốc', 63, 672, '0', NULL, 0),
(32245, 'Xã Tân Ân', 63, 672, '1', '2159', 0),
(32248, 'Xã Đất Mũi', 63, 672, '1', '2156', 0),
(32249, 'Huyện Từ Liêm', 1, 12, '0', NULL, 0),
(32250, 'Huyện An Hải', 20, 21, '0', NULL, 0),
(32251, 'Huyện Bạch Long Vĩ', 20, 27, '0', NULL, 0),
(32252, 'Huyện Mỹ Văn', 21, 76, '0', NULL, 0),
(32253, 'Huyện Châu Giang', 21, 78, '0', NULL, 0),
(32254, 'Huyện Quảng Hoà', 3, 140, '0', NULL, 0),
(32255, 'Thị xã Cam Đường', 6, 145, '0', NULL, 0),
(32256, 'Huyện Than Uyên', 6, 152, '0', NULL, 0),
(32257, 'Huyện Phong Châu', 16, 207, '0', NULL, 0),
(32258, 'Huyện Sông Thao', 16, 209, '0', NULL, 0),
(32259, 'Huyện Tam Thanh', 16, 211, '0', NULL, 0),
(32260, 'Huyện Quảng Hà', 14, 231, '0', NULL, 0),
(32261, 'Huyện Yên Hưng', 14, 238, '0', NULL, 0),
(32262, 'Thị xã Điện Biên Phủ', 8, 240, '0', NULL, 0),
(32263, 'Huyện Mường Lay', 8, 245, '0', NULL, 0),
(32264, 'Huyện Tủa Chùa', 8, 246, '0', NULL, 0),
(32265, 'Huyện Tuần Giáo', 8, 247, '0', NULL, 0),
(32266, 'Huyện Điện Biên', 8, 248, '0', NULL, 0),
(32267, 'Huyện Điện Biên Đông', 8, 249, '0', NULL, 0),
(32268, 'Huyện Đảo Hoàng Sa', 32, 366, '0', NULL, 0),
(32269, 'Huyện Hiên', 33, 370, '0', NULL, 0),
(32270, 'Huyện Giằng', 33, 374, '0', NULL, 0),
(32271, 'Huyện An Lão', 35, 398, '0', NULL, 0),
(32272, 'Huyện Long Đất', 49, 552, '0', NULL, 0),
(32273, 'Huyện Côn Đảo', 49, 553, '0', NULL, 0),
(32276, 'Huyện Châu Thành', 59, 639, '0', NULL, 0),
(32277, 'Huyện Phụng Hiệp', 59, 640, '0', NULL, 0),
(32278, 'Huyện Long Mỹ', 59, 642, '0', NULL, 0),
(32279, 'Thị trấn Phú Mỹ', 49, 691, '0', NULL, 0),
(32280, 'Huyện Cồn Cỏ', 30, 788, '0', NULL, 0),
(32281, 'Huyện Tân Bình', 46, 795, '0', NULL, 0);

--
-- Indexes for dumped tables
--

--
-- Indexes for table `actionlogs`
--
ALTER TABLE `actionlogs`
  ADD PRIMARY KEY (`ActionLogId`);

--
-- Indexes for table `actions`
--
ALTER TABLE `actions`
  ADD PRIMARY KEY (`ActionId`);

--
-- Indexes for table `articles`
--
ALTER TABLE `articles`
  ADD PRIMARY KEY (`ArticleId`);

--
-- Indexes for table `banks`
--
ALTER TABLE `banks`
  ADD PRIMARY KEY (`BankId`);

--
-- Indexes for table `banktypes`
--
ALTER TABLE `banktypes`
  ADD PRIMARY KEY (`BankTypeId`);

--
-- Indexes for table `cancelreasons`
--
ALTER TABLE `cancelreasons`
  ADD PRIMARY KEY (`CancelReasonId`);

--
-- Indexes for table `categories`
--
ALTER TABLE `categories`
  ADD PRIMARY KEY (`CategoryId`);

--
-- Indexes for table `categoryitems`
--
ALTER TABLE `categoryitems`
  ADD PRIMARY KEY (`CategoryItemId`);

--
-- Indexes for table `changestatusreasons`
--
ALTER TABLE `changestatusreasons`
  ADD PRIMARY KEY (`ChangeStatusReasonId`);

--
-- Indexes for table `chatstaffs`
--
ALTER TABLE `chatstaffs`
  ADD PRIMARY KEY (`ChatStaffId`);

--
-- Indexes for table `comments`
--
ALTER TABLE `comments`
  ADD PRIMARY KEY (`CommentId`);

--
-- Indexes for table `configs`
--
ALTER TABLE `configs`
  ADD PRIMARY KEY (`ConfigId`);

--
-- Indexes for table `consultcomments`
--
ALTER TABLE `consultcomments`
  ADD PRIMARY KEY (`ConsultCommentId`);

--
-- Indexes for table `consultproducts`
--
ALTER TABLE `consultproducts`
  ADD PRIMARY KEY (`ConsultProductId`);

--
-- Indexes for table `consultsells`
--
ALTER TABLE `consultsells`
  ADD PRIMARY KEY (`ConsultSellId`);

--
-- Indexes for table `contacts`
--
ALTER TABLE `contacts`
  ADD PRIMARY KEY (`ContactId`);

--
-- Indexes for table `contributorproducttypes`
--
ALTER TABLE `contributorproducttypes`
  ADD PRIMARY KEY (`ContributorProductTypeId`);

--
-- Indexes for table `contributors`
--
ALTER TABLE `contributors`
  ADD PRIMARY KEY (`ContributorId`);

--
-- Indexes for table `countries`
--
ALTER TABLE `countries`
  ADD PRIMARY KEY (`CountryId`);

--
-- Indexes for table `customeraddress`
--
ALTER TABLE `customeraddress`
  ADD PRIMARY KEY (`CustomerAddressId`);

--
-- Indexes for table `customercomments`
--
ALTER TABLE `customercomments`
  ADD PRIMARY KEY (`CustomerCommentId`);

--
-- Indexes for table `customerconsults`
--
ALTER TABLE `customerconsults`
  ADD PRIMARY KEY (`CustomerConsultId`);

--
-- Indexes for table `customerconsultusers`
--
ALTER TABLE `customerconsultusers`
  ADD PRIMARY KEY (`CustomerConsultUserId`);

--
-- Indexes for table `customergroupcustomers`
--
ALTER TABLE `customergroupcustomers`
  ADD PRIMARY KEY (`CustomerGroupCustomerId`);

--
-- Indexes for table `customergroups`
--
ALTER TABLE `customergroups`
  ADD PRIMARY KEY (`CustomerGroupId`);

--
-- Indexes for table `customers`
--
ALTER TABLE `customers`
  ADD PRIMARY KEY (`CustomerId`);

--
-- Indexes for table `deliverysmsstatus`
--
ALTER TABLE `deliverysmsstatus`
  ADD PRIMARY KEY (`DeliverySMSStatusId`);

--
-- Indexes for table `districts`
--
ALTER TABLE `districts`
  ADD PRIMARY KEY (`DistrictId`);

--
-- Indexes for table `familytransactions`
--
ALTER TABLE `familytransactions`
  ADD PRIMARY KEY (`FamilyTransactionId`);

--
-- Indexes for table `files`
--
ALTER TABLE `files`
  ADD PRIMARY KEY (`FileId`);

--
-- Indexes for table `filters`
--
ALTER TABLE `filters`
  ADD PRIMARY KEY (`FilterId`);

--
-- Indexes for table `funds`
--
ALTER TABLE `funds`
  ADD PRIMARY KEY (`FundId`);

--
-- Indexes for table `groupactions`
--
ALTER TABLE `groupactions`
  ADD PRIMARY KEY (`GroupActionId`);

--
-- Indexes for table `groups`
--
ALTER TABLE `groups`
  ADD PRIMARY KEY (`GroupId`);

--
-- Indexes for table `guaranteecomments`
--
ALTER TABLE `guaranteecomments`
  ADD PRIMARY KEY (`GuaranteeCommentId`);

--
-- Indexes for table `guaranteeimagegroups`
--
ALTER TABLE `guaranteeimagegroups`
  ADD PRIMARY KEY (`GuaranteeImageGroupId`);

--
-- Indexes for table `guaranteeimages`
--
ALTER TABLE `guaranteeimages`
  ADD PRIMARY KEY (`GuaranteeImageId`);

--
-- Indexes for table `guaranteeproducts`
--
ALTER TABLE `guaranteeproducts`
  ADD PRIMARY KEY (`GuaranteeProductId`);

--
-- Indexes for table `guarantees`
--
ALTER TABLE `guarantees`
  ADD PRIMARY KEY (`GuaranteeId`);

--
-- Indexes for table `guaranteesolutions`
--
ALTER TABLE `guaranteesolutions`
  ADD PRIMARY KEY (`GuaranteeSolutionId`);

--
-- Indexes for table `guaranteesteps`
--
ALTER TABLE `guaranteesteps`
  ADD PRIMARY KEY (`GuaranteeStepId`);

--
-- Indexes for table `importproducterrors`
--
ALTER TABLE `importproducterrors`
  ADD PRIMARY KEY (`ImportProductErrorId`);

--
-- Indexes for table `importproducts`
--
ALTER TABLE `importproducts`
  ADD PRIMARY KEY (`ImportProductId`);

--
-- Indexes for table `imports`
--
ALTER TABLE `imports`
  ADD PRIMARY KEY (`ImportId`);

--
-- Indexes for table `importservices`
--
ALTER TABLE `importservices`
  ADD PRIMARY KEY (`ImportServiceId`);

--
-- Indexes for table `incomingsms`
--
ALTER TABLE `incomingsms`
  ADD PRIMARY KEY (`IncomingSmsId`);

--
-- Indexes for table `inventories`
--
ALTER TABLE `inventories`
  ADD PRIMARY KEY (`InventoryId`);

--
-- Indexes for table `itemfiles`
--
ALTER TABLE `itemfiles`
  ADD PRIMARY KEY (`ItemFileId`);

--
-- Indexes for table `itemmetadatas`
--
ALTER TABLE `itemmetadatas`
  ADD PRIMARY KEY (`ItemMetadataId`);

--
-- Indexes for table `itemtags`
--
ALTER TABLE `itemtags`
  ADD PRIMARY KEY (`ItemTagId`);

--
-- Indexes for table `logins`
--
ALTER TABLE `logins`
  ADD PRIMARY KEY (`LoginId`);

--
-- Indexes for table `manufacturers`
--
ALTER TABLE `manufacturers`
  ADD PRIMARY KEY (`ManufacturerId`);

--
-- Indexes for table `moneyphones`
--
ALTER TABLE `moneyphones`
  ADD PRIMARY KEY (`MoneyPhoneId`);

--
-- Indexes for table `moneysources`
--
ALTER TABLE `moneysources`
  ADD PRIMARY KEY (`MoneySourceId`);

--
-- Indexes for table `ordercomments`
--
ALTER TABLE `ordercomments`
  ADD PRIMARY KEY (`OrderCommentId`);

--
-- Indexes for table `orderproducts`
--
ALTER TABLE `orderproducts`
  ADD PRIMARY KEY (`OrderProductId`),
  ADD KEY `orderproducts_orders` (`OrderId`),
  ADD KEY `orderproducts_products` (`ProductId`);

--
-- Indexes for table `orderpromotions`
--
ALTER TABLE `orderpromotions`
  ADD PRIMARY KEY (`OrderPromotionId`);

--
-- Indexes for table `orderreasons`
--
ALTER TABLE `orderreasons`
  ADD PRIMARY KEY (`OrderReasonId`);

--
-- Indexes for table `orders`
--
ALTER TABLE `orders`
  ADD PRIMARY KEY (`OrderId`);

--
-- Indexes for table `orderservices`
--
ALTER TABLE `orderservices`
  ADD PRIMARY KEY (`OrderServiceId`);

--
-- Indexes for table `ordertypes`
--
ALTER TABLE `ordertypes`
  ADD PRIMARY KEY (`OrderTypeId`);

--
-- Indexes for table `otherservices`
--
ALTER TABLE `otherservices`
  ADD PRIMARY KEY (`OtherServiceId`);

--
-- Indexes for table `parts`
--
ALTER TABLE `parts`
  ADD PRIMARY KEY (`PartId`);

--
-- Indexes for table `paymenttypes`
--
ALTER TABLE `paymenttypes`
  ADD PRIMARY KEY (`PaymentTypeId`);

--
-- Indexes for table `pendingstatus`
--
ALTER TABLE `pendingstatus`
  ADD PRIMARY KEY (`PendingStatusId`);

--
-- Indexes for table `positions`
--
ALTER TABLE `positions`
  ADD PRIMARY KEY (`PositionId`);

--
-- Indexes for table `pricechangelogs`
--
ALTER TABLE `pricechangelogs`
  ADD PRIMARY KEY (`PriceChangeLogId`);

--
-- Indexes for table `pricechanges`
--
ALTER TABLE `pricechanges`
  ADD PRIMARY KEY (`PriceChangeId`);

--
-- Indexes for table `productaccessories`
--
ALTER TABLE `productaccessories`
  ADD PRIMARY KEY (`ProductAccessoryId`);

--
-- Indexes for table `productaccessorystatus`
--
ALTER TABLE `productaccessorystatus`
  ADD PRIMARY KEY (`ProductAccessoryStatusId`);

--
-- Indexes for table `productchilds`
--
ALTER TABLE `productchilds`
  ADD PRIMARY KEY (`ProductChildId`);

--
-- Indexes for table `productformalstatus`
--
ALTER TABLE `productformalstatus`
  ADD PRIMARY KEY (`ProductFormalStatusId`);

--
-- Indexes for table `productoptions`
--
ALTER TABLE `productoptions`
  ADD PRIMARY KEY (`ProductOptionId`);

--
-- Indexes for table `productprices`
--
ALTER TABLE `productprices`
  ADD PRIMARY KEY (`ProductPriceId`);

--
-- Indexes for table `productprintcomments`
--
ALTER TABLE `productprintcomments`
  ADD PRIMARY KEY (`ProductPrintsCommentId`);

--
-- Indexes for table `productprintproducts`
--
ALTER TABLE `productprintproducts`
  ADD PRIMARY KEY (`ProductPrintProductId`);

--
-- Indexes for table `productprints`
--
ALTER TABLE `productprints`
  ADD PRIMARY KEY (`ProductPrintId`);

--
-- Indexes for table `productquantity`
--
ALTER TABLE `productquantity`
  ADD PRIMARY KEY (`ProductQuantityId`);

--
-- Indexes for table `products`
--
ALTER TABLE `products`
  ADD PRIMARY KEY (`ProductId`),
  ADD KEY `products_producttypes` (`ProductTypeId`);

--
-- Indexes for table `producttypes`
--
ALTER TABLE `producttypes`
  ADD PRIMARY KEY (`ProductTypeId`);

--
-- Indexes for table `productunits`
--
ALTER TABLE `productunits`
  ADD PRIMARY KEY (`ProductUnitId`);

--
-- Indexes for table `productusagestatus`
--
ALTER TABLE `productusagestatus`
  ADD PRIMARY KEY (`ProductUsageStatusId`);

--
-- Indexes for table `promotions`
--
ALTER TABLE `promotions`
  ADD PRIMARY KEY (`PromotionId`);

--
-- Indexes for table `promotiontypes`
--
ALTER TABLE `promotiontypes`
  ADD PRIMARY KEY (`PromotionTypeId`);

--
-- Indexes for table `provinces`
--
ALTER TABLE `provinces`
  ADD PRIMARY KEY (`ProvinceId`);

--
-- Indexes for table `receipttypes`
--
ALTER TABLE `receipttypes`
  ADD PRIMARY KEY (`ReceiptTypeId`);

--
-- Indexes for table `remindcomments`
--
ALTER TABLE `remindcomments`
  ADD PRIMARY KEY (`RemindCommentId`);

--
-- Indexes for table `reminds`
--
ALTER TABLE `reminds`
  ADD PRIMARY KEY (`RemindId`);

--
-- Indexes for table `returngoodproducts`
--
ALTER TABLE `returngoodproducts`
  ADD PRIMARY KEY (`ReturnGoodProductId`);

--
-- Indexes for table `returngoods`
--
ALTER TABLE `returngoods`
  ADD PRIMARY KEY (`ReturnGoodId`);

--
-- Indexes for table `roleactions`
--
ALTER TABLE `roleactions`
  ADD PRIMARY KEY (`RoleActionId`),
  ADD KEY `roleactions_actioms` (`ActionId`);

--
-- Indexes for table `roles`
--
ALTER TABLE `roles`
  ADD PRIMARY KEY (`RoleId`);

--
-- Indexes for table `scanbarcodes`
--
ALTER TABLE `scanbarcodes`
  ADD PRIMARY KEY (`ScanBarCodeId`);

--
-- Indexes for table `scanproducts`
--
ALTER TABLE `scanproducts`
  ADD PRIMARY KEY (`ScanProductId`);

--
-- Indexes for table `sendsmsstatus`
--
ALTER TABLE `sendsmsstatus`
  ADD PRIMARY KEY (`SendSMSStatusId`);

--
-- Indexes for table `sliders`
--
ALTER TABLE `sliders`
  ADD PRIMARY KEY (`SliderId`);

--
-- Indexes for table `smscampaigns`
--
ALTER TABLE `smscampaigns`
  ADD PRIMARY KEY (`SMSCampaignId`);

--
-- Indexes for table `smslogs`
--
ALTER TABLE `smslogs`
  ADD PRIMARY KEY (`SMSLogId`);

--
-- Indexes for table `storecirculationcomments`
--
ALTER TABLE `storecirculationcomments`
  ADD PRIMARY KEY (`StoreCirculationCommentId`);

--
-- Indexes for table `storecirculationproducts`
--
ALTER TABLE `storecirculationproducts`
  ADD PRIMARY KEY (`StoreCirculationProductId`);

--
-- Indexes for table `storecirculations`
--
ALTER TABLE `storecirculations`
  ADD PRIMARY KEY (`StoreCirculationId`);

--
-- Indexes for table `storecirculationtransportcomments`
--
ALTER TABLE `storecirculationtransportcomments`
  ADD PRIMARY KEY (`StoreCirculationTransportCommentId`);

--
-- Indexes for table `storecirculationtransports`
--
ALTER TABLE `storecirculationtransports`
  ADD PRIMARY KEY (`StoreCirculationTransportId`);

--
-- Indexes for table `storefunds`
--
ALTER TABLE `storefunds`
  ADD PRIMARY KEY (`StoreFundId`);

--
-- Indexes for table `stores`
--
ALTER TABLE `stores`
  ADD PRIMARY KEY (`StoreId`);

--
-- Indexes for table `storeusers`
--
ALTER TABLE `storeusers`
  ADD PRIMARY KEY (`StoreUserId`);

--
-- Indexes for table `suppliercontacts`
--
ALTER TABLE `suppliercontacts`
  ADD PRIMARY KEY (`SupplierContactId`);

--
-- Indexes for table `suppliers`
--
ALTER TABLE `suppliers`
  ADD PRIMARY KEY (`SupplierId`);

--
-- Indexes for table `tablelogs`
--
ALTER TABLE `tablelogs`
  ADD PRIMARY KEY (`TableLogId`);

--
-- Indexes for table `tags`
--
ALTER TABLE `tags`
  ADD PRIMARY KEY (`TagId`);

--
-- Indexes for table `transactionbusiness`
--
ALTER TABLE `transactionbusiness`
  ADD PRIMARY KEY (`TransactionBusinessId`);

--
-- Indexes for table `transactionbusinessitems`
--
ALTER TABLE `transactionbusinessitems`
  ADD PRIMARY KEY (`TransactionBusinessItemId`);

--
-- Indexes for table `transactioninternals`
--
ALTER TABLE `transactioninternals`
  ADD PRIMARY KEY (`TransactionInternalId`);

--
-- Indexes for table `transactionkinds`
--
ALTER TABLE `transactionkinds`
  ADD PRIMARY KEY (`TransactionKindId`);

--
-- Indexes for table `transactionreasons`
--
ALTER TABLE `transactionreasons`
  ADD PRIMARY KEY (`TransactionReasonId`);

--
-- Indexes for table `transactions`
--
ALTER TABLE `transactions`
  ADD PRIMARY KEY (`TransactionId`);

--
-- Indexes for table `transportcaretypes`
--
ALTER TABLE `transportcaretypes`
  ADD PRIMARY KEY (`TransportCareTypeId`);

--
-- Indexes for table `transportcomments`
--
ALTER TABLE `transportcomments`
  ADD PRIMARY KEY (`TransportCommentId`);

--
-- Indexes for table `transportercontacts`
--
ALTER TABLE `transportercontacts`
  ADD PRIMARY KEY (`TransporterContactId`);

--
-- Indexes for table `transporters`
--
ALTER TABLE `transporters`
  ADD PRIMARY KEY (`TransporterId`);

--
-- Indexes for table `transporterstores`
--
ALTER TABLE `transporterstores`
  ADD PRIMARY KEY (`TransporterStoresId`);

--
-- Indexes for table `transportimages`
--
ALTER TABLE `transportimages`
  ADD PRIMARY KEY (`TransportImageId`);

--
-- Indexes for table `transportreasons`
--
ALTER TABLE `transportreasons`
  ADD PRIMARY KEY (`TransportReasonId`);

--
-- Indexes for table `transports`
--
ALTER TABLE `transports`
  ADD PRIMARY KEY (`TransportId`);

--
-- Indexes for table `transportstatuslogs`
--
ALTER TABLE `transportstatuslogs`
  ADD PRIMARY KEY (`TransportStatusLogId`);

--
-- Indexes for table `transporttypes`
--
ALTER TABLE `transporttypes`
  ADD PRIMARY KEY (`TransportTypeId`);

--
-- Indexes for table `usagestatus`
--
ALTER TABLE `usagestatus`
  ADD PRIMARY KEY (`UsageStatusId`);

--
-- Indexes for table `usergroups`
--
ALTER TABLE `usergroups`
  ADD PRIMARY KEY (`UserGroupId`);

--
-- Indexes for table `userlevels`
--
ALTER TABLE `userlevels`
  ADD PRIMARY KEY (`UserLevelId`);

--
-- Indexes for table `userparts`
--
ALTER TABLE `userparts`
  ADD PRIMARY KEY (`UserPartId`),
  ADD KEY `usergroups_users` (`UserId`),
  ADD KEY `usergroups_groups` (`RoleId`);

--
-- Indexes for table `userproducttypes`
--
ALTER TABLE `userproducttypes`
  ADD PRIMARY KEY (`UserProductTypeId`),
  ADD KEY `userproducttypes_users` (`UserId`),
  ADD KEY `userproducttypes_producttypes` (`ProductTypeId`);

--
-- Indexes for table `users`
--
ALTER TABLE `users`
  ADD PRIMARY KEY (`UserId`),
  ADD KEY `users_provinces` (`ProvinceId`);

--
-- Indexes for table `userstaffs`
--
ALTER TABLE `userstaffs`
  ADD PRIMARY KEY (`UserStaffId`);

--
-- Indexes for table `usertimekeepingregisters`
--
ALTER TABLE `usertimekeepingregisters`
  ADD PRIMARY KEY (`UserTimeKeepingRegisterId`);

--
-- Indexes for table `usertimekeepings`
--
ALTER TABLE `usertimekeepings`
  ADD PRIMARY KEY (`UserTimeKeepingId`);

--
-- Indexes for table `variantoptions`
--
ALTER TABLE `variantoptions`
  ADD PRIMARY KEY (`VariantOptionId`);

--
-- Indexes for table `variants`
--
ALTER TABLE `variants`
  ADD PRIMARY KEY (`VariantId`);

--
-- Indexes for table `wards`
--
ALTER TABLE `wards`
  ADD PRIMARY KEY (`WardId`);

--
-- AUTO_INCREMENT for dumped tables
--

--
-- AUTO_INCREMENT for table `actionlogs`
--
ALTER TABLE `actionlogs`
  MODIFY `ActionLogId` int(11) NOT NULL AUTO_INCREMENT;

--
-- AUTO_INCREMENT for table `actions`
--
ALTER TABLE `actions`
  MODIFY `ActionId` smallint(6) NOT NULL AUTO_INCREMENT, AUTO_INCREMENT=186;

--
-- AUTO_INCREMENT for table `articles`
--
ALTER TABLE `articles`
  MODIFY `ArticleId` int(11) NOT NULL AUTO_INCREMENT, AUTO_INCREMENT=5;

--
-- AUTO_INCREMENT for table `banks`
--
ALTER TABLE `banks`
  MODIFY `BankId` smallint(6) NOT NULL AUTO_INCREMENT, AUTO_INCREMENT=4;

--
-- AUTO_INCREMENT for table `banktypes`
--
ALTER TABLE `banktypes`
  MODIFY `BankTypeId` smallint(6) NOT NULL AUTO_INCREMENT;

--
-- AUTO_INCREMENT for table `cancelreasons`
--
ALTER TABLE `cancelreasons`
  MODIFY `CancelReasonId` smallint(6) NOT NULL AUTO_INCREMENT, AUTO_INCREMENT=4;

--
-- AUTO_INCREMENT for table `categories`
--
ALTER TABLE `categories`
  MODIFY `CategoryId` smallint(6) NOT NULL AUTO_INCREMENT, AUTO_INCREMENT=18;

--
-- AUTO_INCREMENT for table `categoryitems`
--
ALTER TABLE `categoryitems`
  MODIFY `CategoryItemId` int(11) NOT NULL AUTO_INCREMENT;

--
-- AUTO_INCREMENT for table `changestatusreasons`
--
ALTER TABLE `changestatusreasons`
  MODIFY `ChangeStatusReasonId` smallint(6) NOT NULL AUTO_INCREMENT, AUTO_INCREMENT=4;

--
-- AUTO_INCREMENT for table `chatstaffs`
--
ALTER TABLE `chatstaffs`
  MODIFY `ChatStaffId` int(11) NOT NULL AUTO_INCREMENT, AUTO_INCREMENT=69;

--
-- AUTO_INCREMENT for table `comments`
--
ALTER TABLE `comments`
  MODIFY `CommentId` int(11) NOT NULL AUTO_INCREMENT;

--
-- AUTO_INCREMENT for table `consultcomments`
--
ALTER TABLE `consultcomments`
  MODIFY `ConsultCommentId` int(11) NOT NULL AUTO_INCREMENT, AUTO_INCREMENT=20;

--
-- AUTO_INCREMENT for table `consultproducts`
--
ALTER TABLE `consultproducts`
  MODIFY `ConsultProductId` int(11) NOT NULL AUTO_INCREMENT, AUTO_INCREMENT=15;

--
-- AUTO_INCREMENT for table `consultsells`
--
ALTER TABLE `consultsells`
  MODIFY `ConsultSellId` int(11) NOT NULL AUTO_INCREMENT, AUTO_INCREMENT=10;

--
-- AUTO_INCREMENT for table `contacts`
--
ALTER TABLE `contacts`
  MODIFY `ContactId` int(11) NOT NULL AUTO_INCREMENT;

--
-- AUTO_INCREMENT for table `contributorproducttypes`
--
ALTER TABLE `contributorproducttypes`
  MODIFY `ContributorProductTypeId` int(11) NOT NULL AUTO_INCREMENT;

--
-- AUTO_INCREMENT for table `contributors`
--
ALTER TABLE `contributors`
  MODIFY `ContributorId` smallint(6) NOT NULL AUTO_INCREMENT;

--
-- AUTO_INCREMENT for table `customeraddress`
--
ALTER TABLE `customeraddress`
  MODIFY `CustomerAddressId` int(11) NOT NULL AUTO_INCREMENT, AUTO_INCREMENT=32;

--
-- AUTO_INCREMENT for table `customercomments`
--
ALTER TABLE `customercomments`
  MODIFY `CustomerCommentId` int(11) NOT NULL AUTO_INCREMENT, AUTO_INCREMENT=5;

--
-- AUTO_INCREMENT for table `customerconsults`
--
ALTER TABLE `customerconsults`
  MODIFY `CustomerConsultId` int(11) NOT NULL AUTO_INCREMENT, AUTO_INCREMENT=16;

--
-- AUTO_INCREMENT for table `customerconsultusers`
--
ALTER TABLE `customerconsultusers`
  MODIFY `CustomerConsultUserId` int(11) NOT NULL AUTO_INCREMENT, AUTO_INCREMENT=22;

--
-- AUTO_INCREMENT for table `customergroupcustomers`
--
ALTER TABLE `customergroupcustomers`
  MODIFY `CustomerGroupCustomerId` int(11) NOT NULL AUTO_INCREMENT;

--
-- AUTO_INCREMENT for table `customergroups`
--
ALTER TABLE `customergroups`
  MODIFY `CustomerGroupId` smallint(6) NOT NULL AUTO_INCREMENT, AUTO_INCREMENT=7;

--
-- AUTO_INCREMENT for table `customers`
--
ALTER TABLE `customers`
  MODIFY `CustomerId` int(11) NOT NULL AUTO_INCREMENT;

--
-- AUTO_INCREMENT for table `deliverysmsstatus`
--
ALTER TABLE `deliverysmsstatus`
  MODIFY `DeliverySMSStatusId` int(11) NOT NULL AUTO_INCREMENT;

--
-- AUTO_INCREMENT for table `familytransactions`
--
ALTER TABLE `familytransactions`
  MODIFY `FamilyTransactionId` int(11) NOT NULL AUTO_INCREMENT, AUTO_INCREMENT=13;

--
-- AUTO_INCREMENT for table `files`
--
ALTER TABLE `files`
  MODIFY `FileId` int(11) NOT NULL AUTO_INCREMENT, AUTO_INCREMENT=2;

--
-- AUTO_INCREMENT for table `filters`
--
ALTER TABLE `filters`
  MODIFY `FilterId` int(11) NOT NULL AUTO_INCREMENT, AUTO_INCREMENT=52;

--
-- AUTO_INCREMENT for table `funds`
--
ALTER TABLE `funds`
  MODIFY `FundId` smallint(6) NOT NULL AUTO_INCREMENT, AUTO_INCREMENT=3;

--
-- AUTO_INCREMENT for table `groupactions`
--
ALTER TABLE `groupactions`
  MODIFY `GroupActionId` int(11) NOT NULL AUTO_INCREMENT;

--
-- AUTO_INCREMENT for table `groups`
--
ALTER TABLE `groups`
  MODIFY `GroupId` smallint(6) NOT NULL AUTO_INCREMENT, AUTO_INCREMENT=26;

--
-- AUTO_INCREMENT for table `guaranteecomments`
--
ALTER TABLE `guaranteecomments`
  MODIFY `GuaranteeCommentId` int(11) NOT NULL AUTO_INCREMENT, AUTO_INCREMENT=2;

--
-- AUTO_INCREMENT for table `guaranteeimagegroups`
--
ALTER TABLE `guaranteeimagegroups`
  MODIFY `GuaranteeImageGroupId` smallint(6) NOT NULL AUTO_INCREMENT, AUTO_INCREMENT=3;

--
-- AUTO_INCREMENT for table `guaranteeimages`
--
ALTER TABLE `guaranteeimages`
  MODIFY `GuaranteeImageId` int(11) NOT NULL AUTO_INCREMENT;

--
-- AUTO_INCREMENT for table `guaranteeproducts`
--
ALTER TABLE `guaranteeproducts`
  MODIFY `GuaranteeProductId` int(11) NOT NULL AUTO_INCREMENT, AUTO_INCREMENT=3;

--
-- AUTO_INCREMENT for table `guarantees`
--
ALTER TABLE `guarantees`
  MODIFY `GuaranteeId` int(11) NOT NULL AUTO_INCREMENT, AUTO_INCREMENT=8;

--
-- AUTO_INCREMENT for table `guaranteesolutions`
--
ALTER TABLE `guaranteesolutions`
  MODIFY `GuaranteeSolutionId` smallint(6) NOT NULL AUTO_INCREMENT, AUTO_INCREMENT=6;

--
-- AUTO_INCREMENT for table `guaranteesteps`
--
ALTER TABLE `guaranteesteps`
  MODIFY `GuaranteeStepId` int(11) NOT NULL AUTO_INCREMENT;

--
-- AUTO_INCREMENT for table `importproducterrors`
--
ALTER TABLE `importproducterrors`
  MODIFY `ImportProductErrorId` int(11) NOT NULL AUTO_INCREMENT, AUTO_INCREMENT=3;

--
-- AUTO_INCREMENT for table `importproducts`
--
ALTER TABLE `importproducts`
  MODIFY `ImportProductId` int(11) NOT NULL AUTO_INCREMENT;

--
-- AUTO_INCREMENT for table `imports`
--
ALTER TABLE `imports`
  MODIFY `ImportId` int(11) NOT NULL AUTO_INCREMENT;

--
-- AUTO_INCREMENT for table `importservices`
--
ALTER TABLE `importservices`
  MODIFY `ImportServiceId` int(11) NOT NULL AUTO_INCREMENT;

--
-- AUTO_INCREMENT for table `incomingsms`
--
ALTER TABLE `incomingsms`
  MODIFY `IncomingSmsId` int(11) NOT NULL AUTO_INCREMENT;

--
-- AUTO_INCREMENT for table `inventories`
--
ALTER TABLE `inventories`
  MODIFY `InventoryId` int(11) NOT NULL AUTO_INCREMENT;

--
-- AUTO_INCREMENT for table `itemfiles`
--
ALTER TABLE `itemfiles`
  MODIFY `ItemFileId` int(11) NOT NULL AUTO_INCREMENT, AUTO_INCREMENT=7;

--
-- AUTO_INCREMENT for table `itemmetadatas`
--
ALTER TABLE `itemmetadatas`
  MODIFY `ItemMetadataId` int(11) NOT NULL AUTO_INCREMENT, AUTO_INCREMENT=86;

--
-- AUTO_INCREMENT for table `itemtags`
--
ALTER TABLE `itemtags`
  MODIFY `ItemTagId` int(11) NOT NULL AUTO_INCREMENT;

--
-- AUTO_INCREMENT for table `logins`
--
ALTER TABLE `logins`
  MODIFY `LoginId` int(11) NOT NULL AUTO_INCREMENT;

--
-- AUTO_INCREMENT for table `manufacturers`
--
ALTER TABLE `manufacturers`
  MODIFY `ManufacturerId` smallint(6) NOT NULL AUTO_INCREMENT;

--
-- AUTO_INCREMENT for table `moneyphones`
--
ALTER TABLE `moneyphones`
  MODIFY `MoneyPhoneId` smallint(6) NOT NULL AUTO_INCREMENT, AUTO_INCREMENT=5;

--
-- AUTO_INCREMENT for table `moneysources`
--
ALTER TABLE `moneysources`
  MODIFY `MoneySourceId` smallint(6) NOT NULL AUTO_INCREMENT;

--
-- AUTO_INCREMENT for table `ordercomments`
--
ALTER TABLE `ordercomments`
  MODIFY `OrderCommentId` int(11) NOT NULL AUTO_INCREMENT;

--
-- AUTO_INCREMENT for table `orderproducts`
--
ALTER TABLE `orderproducts`
  MODIFY `OrderProductId` int(11) NOT NULL AUTO_INCREMENT;

--
-- AUTO_INCREMENT for table `orderpromotions`
--
ALTER TABLE `orderpromotions`
  MODIFY `OrderPromotionId` int(11) NOT NULL AUTO_INCREMENT;

--
-- AUTO_INCREMENT for table `orderreasons`
--
ALTER TABLE `orderreasons`
  MODIFY `OrderReasonId` smallint(6) NOT NULL AUTO_INCREMENT, AUTO_INCREMENT=9;

--
-- AUTO_INCREMENT for table `orders`
--
ALTER TABLE `orders`
  MODIFY `OrderId` int(11) NOT NULL AUTO_INCREMENT;

--
-- AUTO_INCREMENT for table `orderservices`
--
ALTER TABLE `orderservices`
  MODIFY `OrderServiceId` int(11) NOT NULL AUTO_INCREMENT, AUTO_INCREMENT=42;

--
-- AUTO_INCREMENT for table `ordertypes`
--
ALTER TABLE `ordertypes`
  MODIFY `OrderTypeId` smallint(6) NOT NULL AUTO_INCREMENT, AUTO_INCREMENT=11;

--
-- AUTO_INCREMENT for table `otherservices`
--
ALTER TABLE `otherservices`
  MODIFY `OtherServiceId` smallint(6) NOT NULL AUTO_INCREMENT, AUTO_INCREMENT=5;

--
-- AUTO_INCREMENT for table `parts`
--
ALTER TABLE `parts`
  MODIFY `PartId` smallint(6) NOT NULL AUTO_INCREMENT, AUTO_INCREMENT=22;

--
-- AUTO_INCREMENT for table `paymenttypes`
--
ALTER TABLE `paymenttypes`
  MODIFY `PaymentTypeId` smallint(6) NOT NULL AUTO_INCREMENT, AUTO_INCREMENT=4;

--
-- AUTO_INCREMENT for table `pendingstatus`
--
ALTER TABLE `pendingstatus`
  MODIFY `PendingStatusId` smallint(6) NOT NULL AUTO_INCREMENT, AUTO_INCREMENT=4;

--
-- AUTO_INCREMENT for table `positions`
--
ALTER TABLE `positions`
  MODIFY `PositionId` smallint(6) NOT NULL AUTO_INCREMENT;

--
-- AUTO_INCREMENT for table `pricechangelogs`
--
ALTER TABLE `pricechangelogs`
  MODIFY `PriceChangeLogId` int(11) NOT NULL AUTO_INCREMENT;

--
-- AUTO_INCREMENT for table `pricechanges`
--
ALTER TABLE `pricechanges`
  MODIFY `PriceChangeId` int(11) NOT NULL AUTO_INCREMENT, AUTO_INCREMENT=69;

--
-- AUTO_INCREMENT for table `productaccessories`
--
ALTER TABLE `productaccessories`
  MODIFY `ProductAccessoryId` int(11) NOT NULL AUTO_INCREMENT;

--
-- AUTO_INCREMENT for table `productaccessorystatus`
--
ALTER TABLE `productaccessorystatus`
  MODIFY `ProductAccessoryStatusId` smallint(6) NOT NULL AUTO_INCREMENT, AUTO_INCREMENT=3;

--
-- AUTO_INCREMENT for table `productchilds`
--
ALTER TABLE `productchilds`
  MODIFY `ProductChildId` int(11) NOT NULL AUTO_INCREMENT, AUTO_INCREMENT=206;

--
-- AUTO_INCREMENT for table `productformalstatus`
--
ALTER TABLE `productformalstatus`
  MODIFY `ProductFormalStatusId` smallint(6) NOT NULL AUTO_INCREMENT, AUTO_INCREMENT=4;

--
-- AUTO_INCREMENT for table `productoptions`
--
ALTER TABLE `productoptions`
  MODIFY `ProductOptionId` int(11) NOT NULL AUTO_INCREMENT;

--
-- AUTO_INCREMENT for table `productprices`
--
ALTER TABLE `productprices`
  MODIFY `ProductPriceId` int(11) NOT NULL AUTO_INCREMENT;

--
-- AUTO_INCREMENT for table `productprintcomments`
--
ALTER TABLE `productprintcomments`
  MODIFY `ProductPrintsCommentId` int(11) NOT NULL AUTO_INCREMENT;

--
-- AUTO_INCREMENT for table `productprintproducts`
--
ALTER TABLE `productprintproducts`
  MODIFY `ProductPrintProductId` int(11) NOT NULL AUTO_INCREMENT, AUTO_INCREMENT=93;

--
-- AUTO_INCREMENT for table `productprints`
--
ALTER TABLE `productprints`
  MODIFY `ProductPrintId` int(11) NOT NULL AUTO_INCREMENT, AUTO_INCREMENT=11;

--
-- AUTO_INCREMENT for table `productquantity`
--
ALTER TABLE `productquantity`
  MODIFY `ProductQuantityId` int(11) NOT NULL AUTO_INCREMENT, AUTO_INCREMENT=315;

--
-- AUTO_INCREMENT for table `products`
--
ALTER TABLE `products`
  MODIFY `ProductId` int(11) NOT NULL AUTO_INCREMENT, AUTO_INCREMENT=227;

--
-- AUTO_INCREMENT for table `producttypes`
--
ALTER TABLE `producttypes`
  MODIFY `ProductTypeId` smallint(6) NOT NULL AUTO_INCREMENT, AUTO_INCREMENT=4;

--
-- AUTO_INCREMENT for table `productunits`
--
ALTER TABLE `productunits`
  MODIFY `ProductUnitId` smallint(6) NOT NULL AUTO_INCREMENT, AUTO_INCREMENT=2;

--
-- AUTO_INCREMENT for table `productusagestatus`
--
ALTER TABLE `productusagestatus`
  MODIFY `ProductUsageStatusId` smallint(6) NOT NULL AUTO_INCREMENT, AUTO_INCREMENT=3;

--
-- AUTO_INCREMENT for table `promotions`
--
ALTER TABLE `promotions`
  MODIFY `PromotionId` int(11) NOT NULL AUTO_INCREMENT, AUTO_INCREMENT=2;

--
-- AUTO_INCREMENT for table `promotiontypes`
--
ALTER TABLE `promotiontypes`
  MODIFY `PromotionTypeId` smallint(6) NOT NULL AUTO_INCREMENT;

--
-- AUTO_INCREMENT for table `provinces`
--
ALTER TABLE `provinces`
  MODIFY `ProvinceId` tinyint(4) NOT NULL AUTO_INCREMENT, AUTO_INCREMENT=64;

--
-- AUTO_INCREMENT for table `receipttypes`
--
ALTER TABLE `receipttypes`
  MODIFY `ReceiptTypeId` smallint(6) NOT NULL AUTO_INCREMENT, AUTO_INCREMENT=4;

--
-- AUTO_INCREMENT for table `remindcomments`
--
ALTER TABLE `remindcomments`
  MODIFY `RemindCommentId` int(11) NOT NULL AUTO_INCREMENT, AUTO_INCREMENT=19;

--
-- AUTO_INCREMENT for table `reminds`
--
ALTER TABLE `reminds`
  MODIFY `RemindId` int(11) NOT NULL AUTO_INCREMENT, AUTO_INCREMENT=51;

--
-- AUTO_INCREMENT for table `returngoodproducts`
--
ALTER TABLE `returngoodproducts`
  MODIFY `ReturnGoodProductId` int(11) NOT NULL AUTO_INCREMENT, AUTO_INCREMENT=7;

--
-- AUTO_INCREMENT for table `returngoods`
--
ALTER TABLE `returngoods`
  MODIFY `ReturnGoodId` int(11) NOT NULL AUTO_INCREMENT, AUTO_INCREMENT=3;

--
-- AUTO_INCREMENT for table `roleactions`
--
ALTER TABLE `roleactions`
  MODIFY `RoleActionId` int(11) NOT NULL AUTO_INCREMENT, AUTO_INCREMENT=113;

--
-- AUTO_INCREMENT for table `roles`
--
ALTER TABLE `roles`
  MODIFY `RoleId` smallint(6) NOT NULL AUTO_INCREMENT, AUTO_INCREMENT=20;

--
-- AUTO_INCREMENT for table `scanbarcodes`
--
ALTER TABLE `scanbarcodes`
  MODIFY `ScanBarCodeId` int(11) NOT NULL AUTO_INCREMENT;

--
-- AUTO_INCREMENT for table `scanproducts`
--
ALTER TABLE `scanproducts`
  MODIFY `ScanProductId` int(11) NOT NULL AUTO_INCREMENT;

--
-- AUTO_INCREMENT for table `sendsmsstatus`
--
ALTER TABLE `sendsmsstatus`
  MODIFY `SendSMSStatusId` int(11) NOT NULL AUTO_INCREMENT;

--
-- AUTO_INCREMENT for table `sliders`
--
ALTER TABLE `sliders`
  MODIFY `SliderId` smallint(6) NOT NULL AUTO_INCREMENT;

--
-- AUTO_INCREMENT for table `smscampaigns`
--
ALTER TABLE `smscampaigns`
  MODIFY `SMSCampaignId` int(11) NOT NULL AUTO_INCREMENT;

--
-- AUTO_INCREMENT for table `smslogs`
--
ALTER TABLE `smslogs`
  MODIFY `SMSLogId` int(11) NOT NULL AUTO_INCREMENT;

--
-- AUTO_INCREMENT for table `storecirculationcomments`
--
ALTER TABLE `storecirculationcomments`
  MODIFY `StoreCirculationCommentId` int(11) NOT NULL AUTO_INCREMENT, AUTO_INCREMENT=4;

--
-- AUTO_INCREMENT for table `storecirculationproducts`
--
ALTER TABLE `storecirculationproducts`
  MODIFY `StoreCirculationProductId` int(11) NOT NULL AUTO_INCREMENT, AUTO_INCREMENT=151;

--
-- AUTO_INCREMENT for table `storecirculations`
--
ALTER TABLE `storecirculations`
  MODIFY `StoreCirculationId` int(11) NOT NULL AUTO_INCREMENT, AUTO_INCREMENT=39;

--
-- AUTO_INCREMENT for table `storecirculationtransportcomments`
--
ALTER TABLE `storecirculationtransportcomments`
  MODIFY `StoreCirculationTransportCommentId` int(11) NOT NULL AUTO_INCREMENT, AUTO_INCREMENT=2;

--
-- AUTO_INCREMENT for table `storecirculationtransports`
--
ALTER TABLE `storecirculationtransports`
  MODIFY `StoreCirculationTransportId` int(11) NOT NULL AUTO_INCREMENT, AUTO_INCREMENT=25;

--
-- AUTO_INCREMENT for table `storefunds`
--
ALTER TABLE `storefunds`
  MODIFY `StoreFundId` int(11) NOT NULL AUTO_INCREMENT, AUTO_INCREMENT=7;

--
-- AUTO_INCREMENT for table `stores`
--
ALTER TABLE `stores`
  MODIFY `StoreId` smallint(6) NOT NULL AUTO_INCREMENT, AUTO_INCREMENT=11;

--
-- AUTO_INCREMENT for table `storeusers`
--
ALTER TABLE `storeusers`
  MODIFY `StoreUserId` int(11) NOT NULL AUTO_INCREMENT, AUTO_INCREMENT=189;

--
-- AUTO_INCREMENT for table `suppliercontacts`
--
ALTER TABLE `suppliercontacts`
  MODIFY `SupplierContactId` int(11) NOT NULL AUTO_INCREMENT, AUTO_INCREMENT=3;

--
-- AUTO_INCREMENT for table `suppliers`
--
ALTER TABLE `suppliers`
  MODIFY `SupplierId` smallint(6) NOT NULL AUTO_INCREMENT, AUTO_INCREMENT=2;

--
-- AUTO_INCREMENT for table `tablelogs`
--
ALTER TABLE `tablelogs`
  MODIFY `TableLogId` int(11) NOT NULL AUTO_INCREMENT, AUTO_INCREMENT=3;

--
-- AUTO_INCREMENT for table `tags`
--
ALTER TABLE `tags`
  MODIFY `TagId` int(11) NOT NULL AUTO_INCREMENT, AUTO_INCREMENT=12;

--
-- AUTO_INCREMENT for table `transactionbusiness`
--
ALTER TABLE `transactionbusiness`
  MODIFY `TransactionBusinessId` int(11) NOT NULL AUTO_INCREMENT, AUTO_INCREMENT=2;

--
-- AUTO_INCREMENT for table `transactionbusinessitems`
--
ALTER TABLE `transactionbusinessitems`
  MODIFY `TransactionBusinessItemId` int(11) NOT NULL AUTO_INCREMENT, AUTO_INCREMENT=6;

--
-- AUTO_INCREMENT for table `transactioninternals`
--
ALTER TABLE `transactioninternals`
  MODIFY `TransactionInternalId` int(11) NOT NULL AUTO_INCREMENT, AUTO_INCREMENT=20;

--
-- AUTO_INCREMENT for table `transactionkinds`
--
ALTER TABLE `transactionkinds`
  MODIFY `TransactionKindId` smallint(6) NOT NULL AUTO_INCREMENT, AUTO_INCREMENT=122;

--
-- AUTO_INCREMENT for table `transactionreasons`
--
ALTER TABLE `transactionreasons`
  MODIFY `TransactionReasonId` smallint(6) NOT NULL AUTO_INCREMENT, AUTO_INCREMENT=6;

--
-- AUTO_INCREMENT for table `transactions`
--
ALTER TABLE `transactions`
  MODIFY `TransactionId` int(11) NOT NULL AUTO_INCREMENT, AUTO_INCREMENT=417;

--
-- AUTO_INCREMENT for table `transportcaretypes`
--
ALTER TABLE `transportcaretypes`
  MODIFY `TransportCareTypeId` smallint(6) NOT NULL AUTO_INCREMENT, AUTO_INCREMENT=3;

--
-- AUTO_INCREMENT for table `transportcomments`
--
ALTER TABLE `transportcomments`
  MODIFY `TransportCommentId` int(11) NOT NULL AUTO_INCREMENT, AUTO_INCREMENT=25;

--
-- AUTO_INCREMENT for table `transportercontacts`
--
ALTER TABLE `transportercontacts`
  MODIFY `TransporterContactId` int(11) NOT NULL AUTO_INCREMENT, AUTO_INCREMENT=16;

--
-- AUTO_INCREMENT for table `transporters`
--
ALTER TABLE `transporters`
  MODIFY `TransporterId` smallint(6) NOT NULL AUTO_INCREMENT, AUTO_INCREMENT=9;

--
-- AUTO_INCREMENT for table `transporterstores`
--
ALTER TABLE `transporterstores`
  MODIFY `TransporterStoresId` int(11) NOT NULL AUTO_INCREMENT, AUTO_INCREMENT=33;

--
-- AUTO_INCREMENT for table `transportimages`
--
ALTER TABLE `transportimages`
  MODIFY `TransportImageId` int(11) NOT NULL AUTO_INCREMENT, AUTO_INCREMENT=3;

--
-- AUTO_INCREMENT for table `transportreasons`
--
ALTER TABLE `transportreasons`
  MODIFY `TransportReasonId` smallint(6) NOT NULL AUTO_INCREMENT, AUTO_INCREMENT=3;

--
-- AUTO_INCREMENT for table `transports`
--
ALTER TABLE `transports`
  MODIFY `TransportId` int(11) NOT NULL AUTO_INCREMENT;

--
-- AUTO_INCREMENT for table `transportstatuslogs`
--
ALTER TABLE `transportstatuslogs`
  MODIFY `TransportStatusLogId` int(11) NOT NULL AUTO_INCREMENT;

--
-- AUTO_INCREMENT for table `transporttypes`
--
ALTER TABLE `transporttypes`
  MODIFY `TransportTypeId` smallint(6) NOT NULL AUTO_INCREMENT, AUTO_INCREMENT=5;

--
-- AUTO_INCREMENT for table `usagestatus`
--
ALTER TABLE `usagestatus`
  MODIFY `UsageStatusId` smallint(6) NOT NULL AUTO_INCREMENT, AUTO_INCREMENT=10;

--
-- AUTO_INCREMENT for table `usergroups`
--
ALTER TABLE `usergroups`
  MODIFY `UserGroupId` int(11) NOT NULL AUTO_INCREMENT, AUTO_INCREMENT=339;

--
-- AUTO_INCREMENT for table `userlevels`
--
ALTER TABLE `userlevels`
  MODIFY `UserLevelId` smallint(6) NOT NULL AUTO_INCREMENT;

--
-- AUTO_INCREMENT for table `userparts`
--
ALTER TABLE `userparts`
  MODIFY `UserPartId` int(11) NOT NULL AUTO_INCREMENT, AUTO_INCREMENT=8;

--
-- AUTO_INCREMENT for table `userproducttypes`
--
ALTER TABLE `userproducttypes`
  MODIFY `UserProductTypeId` int(11) NOT NULL AUTO_INCREMENT;

--
-- AUTO_INCREMENT for table `users`
--
ALTER TABLE `users`
  MODIFY `UserId` int(11) NOT NULL AUTO_INCREMENT, AUTO_INCREMENT=29;

--
-- AUTO_INCREMENT for table `userstaffs`
--
ALTER TABLE `userstaffs`
  MODIFY `UserStaffId` int(11) NOT NULL AUTO_INCREMENT;

--
-- AUTO_INCREMENT for table `usertimekeepingregisters`
--
ALTER TABLE `usertimekeepingregisters`
  MODIFY `UserTimeKeepingRegisterId` int(11) NOT NULL AUTO_INCREMENT, AUTO_INCREMENT=55;

--
-- AUTO_INCREMENT for table `usertimekeepings`
--
ALTER TABLE `usertimekeepings`
  MODIFY `UserTimeKeepingId` int(11) NOT NULL AUTO_INCREMENT, AUTO_INCREMENT=17;

--
-- AUTO_INCREMENT for table `variantoptions`
--
ALTER TABLE `variantoptions`
  MODIFY `VariantOptionId` int(11) NOT NULL AUTO_INCREMENT;

--
-- AUTO_INCREMENT for table `variants`
--
ALTER TABLE `variants`
  MODIFY `VariantId` smallint(6) NOT NULL AUTO_INCREMENT, AUTO_INCREMENT=5;
COMMIT;

/*!40101 SET CHARACTER_SET_CLIENT=@OLD_CHARACTER_SET_CLIENT */;
/*!40101 SET CHARACTER_SET_RESULTS=@OLD_CHARACTER_SET_RESULTS */;
/*!40101 SET COLLATION_CONNECTION=@OLD_COLLATION_CONNECTION */;
